transaction_id,customer_id,amount,transaction_date,status
TXN0004112,CRM003884,2454.45,2022-09-03,completed
TXN0007685,CRM008441,1353.66,2023-11-26,pending
TXN0007507,CRM000562,995.55,2022-03-11,pending
TXN0003237,CRM001226,678.94,2023-08-03,pending
TXN0000771,CRM004946,105.5,2022-10-28,pending
TXN0004165,CRM003411,428.07,2022-04-24,completed
TXN0004897,CRM003605,96.5,2023-09-16,completed
TXN0006600,CRM003221,484.43,2022-08-25,completed
TXN0003931,CRM009090,382.69,2024-01-28,completed
TXN0000390,CRM006015,11.5,2022-01-05,completed
TXN0006334,CRM003509,20.88,2023-10-22,completed
TXN0001745,CRM008318,88.44,2022-08-08,completed
TXN0011147,CRM003549,263.98,2023-01-05,completed
TXN0006940,CRM010021,268.46,2023-08-31,completed
TXN0001478,CRM010365,554.22,2023-07-07,completed
TXN0005488,CRM002574,78.16,2023-02-13,completed
TXN0007614,CRM001308,340.45,2024-02-15,completed
TXN0001468,CRM005508,551.2,2024-05-01,completed
TXN0008888,CRM007712,608.89,2022-05-03,completed
TXN0008644,CRM003403,845.02,2022-04-22,completed
TXN0001690,CRM003699,474.65,2024-06-26,pending
TXN0000768,CRM000571,761.8,2024-06-15,completed
TXN0001156,CRM007272,53.36,2024-05-19,pending
TXN0004323,CRM000684,209.99,2023-07-28,completed
TXN0004933,CRM006852,249.76,2024-01-24,completed
TXN0000722,CRM005618,163.25,2022-10-11,completed
TXN0008728,CRM003550,1097.44,2023-01-18,completed
TXN0003831,CRM007638,498.16,2024-03-20,pending
TXN0007213,CRM007889,98.59,2024-05-12,completed
TXN0007748,CRM009140,189.37,2022-04-21,completed
TXN0003864,CRM001635,1205.4,2022-02-23,pending
TXN0006021,CRM004954,298.93,2023-04-25,pending
TXN0003472,GHOST00032,236.36,2024-04-02,completed
TXN0010762,CRM002672,817.91,2024-04-04,completed
TXN0005352,CRM007060,3202.66,2023-10-21,refunded
TXN0003797,CRM001450,31.4,2024-03-30,completed
TXN0004501,CRM008230,67.14,2023-01-14,completed
TXN0007100,CRM007473,1908.98,2022-05-26,completed
TXN0003330,CRM003921,150.6,2022-08-04,pending
TXN0011102,CRM001555,2544.5,2024-06-02,completed
TXN0008753,CRM003797,593.51,2022-09-14,completed
TXN0005812,CRM002585,397.91,2022-08-14,completed
TXN0009798,CRM006985,255.75,2023-09-19,completed
TXN0005463,CRM009076,203.17,2022-11-04,completed
TXN0006075,CRM009965,1144.81,2022-05-07,completed
TXN0008561,CRM002988,899.22,2023-11-15,completed
TXN0004062,CRM002333,33.05,2022-05-13,failed
TXN0009416,CRM006012,303.66,2023-03-04,completed
TXN0008039,CRM009118,36.69,2024-01-06,completed
TXN0005026,CRM009569,2128.51,2022-10-27,completed
TXN0000442,CRM000799,385.23,2023-06-15,completed
TXN0005984,CRM000643,72.97,2024-02-24,completed
TXN0010649,CRM000375,22731.18,2022-02-17,completed
TXN0000074,CRM002613,82.91,2024-01-03,completed
TXN0005060,CRM002447,185.21,2023-11-30,completed
TXN0005438,CRM004329,163.65,2023-01-29,completed
TXN0002692,CRM006777,1186.59,2023-06-18,completed
TXN0011920,GHOST00880,199.27,2023-04-08,refunded
TXN0007935,CRM010126,150.29,2023-12-08,refunded
TXN0006406,CRM007980,767.99,2023-12-08,completed
TXN0000407,CRM002663,559.43,2023-01-14,failed
TXN0008410,CRM006427,84.76,2022-06-29,failed
TXN0009011,CRM004175,1102.08,2024-06-25,failed
TXN0006484,CRM007381,133.55,2022-11-12,pending
TXN0010276,GHOST00139,55.62,2022-10-15,completed
TXN0005419,CRM004907,204.0,2023-05-18,completed
TXN0006566,CRM005316,321.08,2023-11-07,pending
TXN0006013,CRM010392,43.05,2022-06-21,completed
TXN0008011,CRM001116,73.23,2022-03-16,completed
TXN0008744,GHOST00929,220.85,2022-11-15,completed
TXN0006474,CRM002689,314.52,2023-10-12,completed
TXN0008357,CRM004799,79.61,2023-01-04,pending
TXN0002321,GHOST00262,2479.75,2023-01-22,completed
TXN0002588,CRM001258,512.08,2024-01-18,completed
TXN0009978,CRM007740,707.35,2023-08-15,completed
TXN0006685,CRM009519,279.07,2022-06-21,completed
TXN0005938,CRM000702,1933.03,2024-02-18,completed
TXN0004840,CRM007843,370.23,2023-09-25,completed
TXN0008463,CRM008912,194.69,2023-12-08,completed
TXN0007932,CRM007081,708.83,2023-05-16,completed
TXN0002071,CRM005608,104.05,2023-01-09,completed
TXN0005860,GHOST00284,917.44,2022-02-10,completed
TXN0004343,CRM002674,129.91,2023-10-11,completed
TXN0005999,CRM002547,193.15,2022-06-28,completed
TXN0003566,CRM009853,103.42,2023-11-05,refunded
TXN0004714,CRM003114,139.98,2022-11-13,pending
TXN0010028,CRM003304,268.95,2023-08-22,pending
TXN0000021,CRM008847,170.95,2022-06-11,pending
TXN0011133,CRM006535,155.95,2023-06-13,completed
TXN0009660,CRM002646,54.67,2022-11-08,completed
TXN0011428,CRM004321,438.68,2022-03-01,completed
TXN0008620,CRM001115,233.63,2022-06-05,completed
TXN0003934,CRM000770,291.51,2023-10-10,pending
TXN0006251,CRM007753,43.28,2022-01-09,completed
TXN0003346,CRM005322,346.27,2023-01-22,completed
TXN0004164,CRM002151,748.86,2023-06-02,completed
TXN0003882,CRM010006,292.56,2022-12-27,completed
TXN0005879,CRM009205,786.1,2023-04-29,completed
TXN0006231,CRM001380,940.68,2023-12-03,completed
TXN0004201,CRM001820,161.58,2022-03-07,completed
TXN0005322,CRM003885,78.87,2023-02-28,refunded
TXN0001631,CRM006982,626.42,2022-07-08,completed
TXN0000694,CRM001309,316.89,2024-03-04,failed
TXN0011222,CRM002186,464.69,2023-11-08,completed
TXN0008507,CRM002622,429.35,2022-08-24,completed
TXN0008307,CRM008395,258.1,2022-09-08,completed
TXN0005486,CRM003123,1211.11,2024-05-23,completed
TXN0005315,GHOST00521,554.94,2022-10-26,completed
TXN0005635,CRM000797,981.86,2023-07-12,completed
TXN0006432,CRM001047,1402.14,2023-10-25,completed
TXN0007272,CRM002501,72.37,2022-04-03,completed
TXN0002493,GHOST00762,22.17,2022-07-07,failed
TXN0002031,CRM003248,333.05,2023-04-09,completed
TXN0007146,CRM008939,76.75,2023-09-30,completed
TXN0007044,CRM005339,919.96,2023-09-22,completed
TXN0001843,CRM008206,1013.29,2022-01-14,completed
TXN0011956,CRM002624,563.52,2023-05-22,completed
TXN0005669,CRM003045,115.21,2022-10-31,completed
TXN0001614,CRM002372,264.05,2022-07-24,completed
TXN0006613,CRM003545,1538.75,2023-06-14,completed
TXN0002648,CRM000722,75.12,2022-02-14,completed
TXN0006909,GHOST00438,1255.78,2023-04-21,pending
TXN0009425,CRM005666,189.46,2024-02-07,refunded
TXN0011838,CRM008465,962.27,2023-02-16,completed
TXN0011211,CRM008167,481.42,2023-01-12,completed
TXN0000550,CRM002048,46.35,2024-04-10,pending
TXN0004146,CRM006184,3895.5,2022-03-05,completed
TXN0007676,CRM009139,99.4,2023-05-30,completed
TXN0009466,GHOST00450,100.25,2022-06-15,completed
TXN0003680,CRM001036,535.9,2023-11-28,completed
TXN0002589,CRM002235,790.16,2022-11-11,completed
TXN0008484,CRM006650,1139.5,2022-08-30,completed
TXN0004369,CRM007389,814.49,2022-03-06,completed
TXN0006496,CRM000572,69.46,2022-04-16,pending
TXN0007254,CRM003166,245.57,2022-12-19,completed
TXN0007377,CRM008642,184.99,2023-06-14,completed
TXN0008797,CRM001334,321.93,2023-03-17,completed
TXN0008238,CRM010320,572.1,2024-05-20,completed
TXN0003998,CRM008432,297.08,2022-04-27,completed
TXN0005655,CRM008281,296.46,2023-02-09,completed
TXN0010424,GHOST00953,22.53,2024-04-22,completed
TXN0011949,CRM002437,299.68,2023-10-03,completed
TXN0007639,CRM006718,146.85,2023-01-13,completed
TXN0003336,GHOST01078,276.35,2022-05-09,completed
TXN0001001,CRM007476,85.17,2024-02-04,completed
TXN0004828,GHOST00546,61.02,2022-07-11,completed
TXN0009515,CRM005156,287.02,2022-03-17,completed
TXN0004464,CRM003939,279.23,2023-07-20,refunded
TXN0000836,GHOST00164,271.51,2023-06-11,pending
TXN0001397,CRM005841,1126.77,2022-12-27,completed
TXN0009726,GHOST00668,1405.24,2022-02-08,failed
TXN0002545,CRM004682,48.16,2024-01-17,completed
TXN0011503,CRM005541,649.36,2023-07-28,completed
TXN0009075,CRM008277,500.95,2023-08-12,failed
TXN0005445,CRM008732,188.81,2023-05-04,completed
TXN0000207,CRM010032,370.93,2024-04-29,completed
TXN0011779,CRM006292,303.67,2023-07-14,refunded
TXN0004381,CRM000358,90.1,2022-02-18,completed
TXN0008072,CRM007641,58.04,2022-09-25,completed
TXN0004042,CRM009260,190.41,2024-03-01,completed
TXN0001899,CRM010299,417.35,2022-05-10,completed
TXN0008038,CRM001842,530.94,2022-06-11,completed
TXN0000966,CRM005851,520.33,2022-09-17,completed
TXN0000668,CRM002255,87.39,2022-07-02,completed
TXN0005393,CRM004714,88.29,2023-08-13,completed
TXN0007713,CRM004591,27.53,2022-07-11,completed
TXN0005174,CRM009198,295.6,2023-06-09,completed
TXN0010905,CRM004034,55.71,2022-03-23,pending
TXN0009051,CRM004447,534.04,2023-08-17,completed
TXN0000476,CRM008315,369.88,2022-01-15,completed
TXN0010924,GHOST00287,247.97,2022-06-24,completed
TXN0009573,CRM001028,212.56,2024-04-18,completed
TXN0000889,GHOST00147,38.98,2022-07-16,completed
TXN0003081,CRM003390,182.24,2022-07-17,completed
TXN0009621,CRM001546,39.58,2022-09-26,completed
TXN0003374,CRM008203,509.32,2022-08-14,completed
TXN0003300,CRM007301,154.79,2024-06-28,completed
TXN0002984,CRM004053,48.16,2022-06-27,failed
TXN0002476,CRM007142,265.79,2023-06-23,failed
TXN0005931,CRM007289,210.62,2023-06-04,completed
TXN0000314,CRM008591,459.69,2022-06-03,refunded
TXN0003418,CRM002348,544.19,2023-06-09,refunded
TXN0004681,CRM007707,221.29,2024-01-17,failed
TXN0010278,CRM010436,46.47,2022-08-08,failed
TXN0009897,CRM010237,124.33,2022-03-09,completed
TXN0004857,CRM000104,38.37,2024-03-20,completed
TXN0010483,CRM010420,19.69,2022-09-19,completed
TXN0008514,CRM003214,1575.82,2022-01-06,completed
TXN0011180,CRM006625,1153.24,2023-05-31,completed
TXN0003755,CRM009803,235.25,2023-11-24,completed
TXN0003010,CRM002670,77.51,2023-06-05,failed
TXN0010458,GHOST00293,44.5,2023-05-21,completed
TXN0002526,CRM004927,63.16,2022-02-03,completed
TXN0004764,CRM010151,442.69,2023-07-07,pending
TXN0005801,CRM007951,352.13,2023-12-13,pending
TXN0001067,CRM002078,478.58,2022-06-08,failed
TXN0007545,CRM004593,1461.24,2024-06-22,completed
TXN0008893,CRM006347,842.59,2022-09-12,completed
TXN0009517,CRM005047,392.42,2023-10-03,refunded
TXN0006104,CRM005175,468.4,2024-03-19,completed
TXN0005520,GHOST00469,211.82,2023-05-17,completed
TXN0000154,CRM007477,4630.75,2023-12-31,completed
TXN0009684,CRM009809,87.21,2022-10-16,completed
TXN0005435,GHOST00899,445.18,2024-02-11,completed
TXN0009242,CRM008700,162.9,2022-12-20,completed
TXN0002338,CRM003179,68.91,2022-04-20,failed
TXN0006931,CRM004521,113.64,2024-02-26,refunded
TXN0006861,CRM003997,784.91,2022-11-28,completed
TXN0000371,GHOST00843,873.5,2022-09-24,completed
TXN0006109,CRM000499,75.75,2023-10-19,failed
TXN0002569,CRM006697,124.91,2022-07-20,completed
TXN0008543,CRM007714,38.54,2022-11-27,completed
TXN0009892,CRM010373,270.05,2022-04-19,failed
TXN0006282,CRM007145,130.48,2023-09-08,completed
TXN0008097,CRM010462,,2023-10-31,completed
TXN0004377,CRM009328,1227.08,2023-08-30,completed
TXN0003079,CRM000357,497.06,2023-08-18,completed
TXN0005480,CRM006118,70.6,2024-02-21,completed
TXN0009371,CRM005649,62.95,2022-10-30,completed
TXN0001851,CRM004185,26.32,2022-08-02,completed
TXN0009409,CRM005880,310.24,2022-07-27,refunded
TXN0011235,CRM005068,137.44,2022-06-03,completed
TXN0003445,CRM009616,378.19,2023-11-22,completed
TXN0009563,CRM007142,45.77,2023-04-06,completed
TXN0011979,CRM003781,2052.45,2024-02-14,completed
TXN0000106,CRM007114,248.75,2024-02-07,completed
TXN0006585,CRM003121,3827.48,2023-12-24,completed
TXN0007489,CRM004503,203.86,2022-05-19,completed
TXN0006872,CRM002759,1744.05,2022-06-13,completed
TXN0009935,CRM001863,141.36,2023-03-09,completed
TXN0000498,CRM001889,288.14,2022-11-18,completed
TXN0005921,CRM002661,243.79,2022-12-11,failed
TXN0005421,CRM006340,736.79,2022-07-29,completed
TXN0003390,CRM000308,482.96,2022-07-14,completed
TXN0006321,CRM002322,377.04,2024-03-18,pending
TXN0007062,CRM009186,407.38,2024-02-23,completed
TXN0010692,CRM003559,401.74,2023-07-13,completed
TXN0006111,CRM004527,729.62,2023-08-16,completed
TXN0010780,CRM004581,4316.56,2024-01-16,completed
TXN0005307,CRM004454,935.38,2022-12-11,completed
TXN0005998,CRM001142,101.86,2023-01-20,completed
TXN0005251,GHOST00916,75.27,2022-11-24,completed
TXN0000103,CRM006773,168.37,2022-10-31,completed
TXN0011633,CRM008280,562.76,2022-10-25,completed
TXN0010236,CRM000017,198.05,2022-04-14,completed
TXN0000788,CRM000984,68.33,2023-10-16,pending
TXN0004177,GHOST00325,210.25,2024-03-23,refunded
TXN0010583,CRM008080,9.32,2022-12-06,completed
TXN0004856,CRM000593,481.0,2022-01-06,completed
TXN0005148,CRM009431,552.09,2023-04-06,failed
TXN0007754,CRM004770,397.94,2022-01-25,completed
TXN0006979,CRM001277,33.26,2022-10-12,completed
TXN0008009,CRM010013,95.64,2023-04-07,completed
TXN0001727,CRM003862,37.66,2024-03-19,completed
TXN0009111,CRM008523,351.28,2023-07-16,completed
TXN0010407,CRM005558,130.85,2024-03-28,completed
TXN0002937,CRM005810,1878.14,2022-09-25,completed
TXN0008720,CRM004856,74.3,2023-08-13,completed
TXN0008892,CRM004511,240.17,2022-10-26,completed
TXN0001563,CRM001362,34.13,2022-03-29,completed
TXN0011444,CRM001151,420.82,2023-04-07,completed
TXN0005126,CRM005887,241.92,2024-04-21,completed
TXN0005186,CRM001421,136.12,2023-02-26,pending
TXN0006133,CRM008164,107.69,2022-02-12,pending
TXN0005359,CRM006895,46.34,2022-10-11,completed
TXN0007496,CRM006132,,2022-08-04,refunded
TXN0010238,CRM001015,641.57,2023-02-24,completed
TXN0008482,CRM006976,151.93,2022-12-29,completed
TXN0010239,CRM005717,673.37,2022-02-24,completed
TXN0003760,CRM001475,453.54,2023-01-03,failed
TXN0000124,CRM001919,354.99,2023-12-05,completed
TXN0009378,CRM002785,,2022-11-15,pending
TXN0006548,CRM010428,543.86,2022-07-31,refunded
TXN0009055,CRM006343,158.29,2023-03-10,completed
TXN0002757,CRM006640,226.28,2022-03-19,completed
TXN0000384,CRM000685,199.27,2022-07-07,completed
TXN0005450,CRM002571,180.18,2023-11-20,completed
TXN0001547,GHOST01014,211.79,2024-06-07,completed
TXN0007056,CRM007733,1036.23,2022-04-07,completed
TXN0004412,CRM008711,263.21,2022-01-25,pending
TXN0008200,CRM000915,107.96,2024-04-05,completed
TXN0005774,CRM009393,488.01,2023-10-03,completed
TXN0000865,CRM008332,387.01,2023-02-06,completed
TXN0001789,CRM003366,279.0,2023-05-02,completed
TXN0010334,CRM000170,191.05,2023-05-02,failed
TXN0008110,CRM008685,57.71,2022-04-16,refunded
TXN0001359,GHOST00257,2662.18,2023-11-14,completed
TXN0008729,CRM003378,97.41,2023-07-23,completed
TXN0006595,CRM001358,122.44,2024-03-29,completed
TXN0003672,CRM008929,394.51,2022-01-30,failed
TXN0009481,CRM002365,1605.16,2023-10-05,completed
TXN0010105,CRM002706,78.6,2024-01-22,pending
TXN0003752,GHOST01061,579.21,2024-05-10,completed
TXN0003643,CRM006430,94.81,2023-08-20,refunded
TXN0008353,CRM009103,173.73,2022-11-20,pending
TXN0007517,GHOST00020,424.72,2023-10-20,completed
TXN0011164,CRM000640,358.33,2022-11-10,completed
TXN0002215,CRM008567,47.24,2023-12-23,failed
TXN0000773,CRM003890,214.38,2023-04-14,pending
TXN0010645,CRM003602,282.07,2024-03-31,completed
TXN0011239,CRM000106,160.77,2023-01-06,pending
TXN0011267,CRM006350,211.02,2023-05-10,completed
TXN0003580,CRM007250,63.35,2023-06-12,completed
TXN0009092,CRM009259,111.38,2022-08-05,completed
TXN0007085,CRM001133,2097.95,2024-05-18,completed
TXN0005469,CRM008425,198.8,2022-01-03,completed
TXN0008604,CRM005788,57.37,2022-08-01,pending
TXN0001483,CRM005860,116.26,2022-08-01,completed
TXN0001414,CRM008969,102.73,2022-08-26,pending
TXN0009729,CRM009376,4743.85,2023-09-23,completed
TXN0004240,CRM006043,1051.5,2023-06-06,failed
TXN0003427,CRM007333,190.48,2022-04-26,completed
TXN0009582,CRM002462,492.54,2022-10-12,completed
TXN0003279,CRM004982,303.88,2022-08-13,completed
TXN0002554,CRM009723,568.13,2022-12-08,completed
TXN0009846,CRM003216,763.81,2024-06-04,completed
TXN0004736,CRM004263,489.79,2022-04-15,completed
TXN0010477,CRM005592,1438.94,2023-03-09,completed
TXN0000534,CRM009357,252.45,2023-03-30,completed
TXN0000689,CRM000731,356.05,2023-10-03,completed
TXN0004932,CRM002077,1147.74,2024-01-28,completed
TXN0011325,CRM002790,768.22,2022-08-09,completed
TXN0001458,CRM002347,36.22,2023-05-09,failed
TXN0000050,CRM003284,215.41,2022-12-21,completed
TXN0010921,CRM007253,86.47,2022-09-23,completed
TXN0006779,GHOST00723,809.34,2022-08-18,completed
TXN0001177,CRM000749,231.35,2024-03-19,completed
TXN0009498,CRM006085,83.18,2023-08-06,completed
TXN0010335,CRM000994,109.64,2022-03-17,failed
TXN0011768,CRM010346,343.34,2023-06-04,completed
TXN0010364,CRM000716,194.41,2023-11-11,failed
TXN0010856,CRM002668,349.45,2022-12-13,completed
TXN0003891,CRM001727,85.39,2022-12-13,completed
TXN0011348,CRM007230,48.1,2023-01-19,completed
TXN0007917,CRM008603,535.79,2022-03-13,completed
TXN0011372,CRM001339,249.86,2022-10-17,completed
TXN0004005,CRM001216,1621.27,2022-05-24,refunded
TXN0007960,CRM000347,964.47,2022-01-20,completed
TXN0007847,CRM006677,406.55,2022-02-09,completed
TXN0000252,CRM002965,64.93,2022-05-03,completed
TXN0004314,CRM002914,1384.64,2023-02-04,completed
TXN0003545,CRM003627,217.26,2022-07-29,completed
TXN0011502,GHOST00092,2477.91,2023-03-26,completed
TXN0010574,CRM005646,153.35,2022-09-19,completed
TXN0007798,CRM000214,1235.94,2022-05-18,completed
TXN0009843,CRM006965,20.82,2022-09-16,completed
TXN0006949,GHOST01165,202.16,2022-08-20,completed
TXN0000943,GHOST00816,523.73,2022-09-28,failed
TXN0006278,CRM003139,161.31,2023-07-08,completed
TXN0007084,CRM001213,9432.37,2023-10-17,pending
TXN0001038,CRM000699,139.08,2024-03-11,completed
TXN0000396,GHOST00529,15.72,2023-09-09,completed
TXN0003187,CRM006128,100.03,2023-12-31,completed
TXN0007554,CRM010462,1403.67,2024-01-31,completed
TXN0005049,CRM004716,244.59,2023-06-01,completed
TXN0008667,CRM006254,38.88,2023-03-04,pending
TXN0006866,CRM004535,198.18,2022-09-30,completed
TXN0007509,CRM009792,726.69,2022-01-29,completed
TXN0009485,CRM006060,543.27,2022-11-10,completed
TXN0009514,CRM000474,33.06,2024-01-07,completed
TXN0009791,CRM010288,255.44,2024-04-29,completed
TXN0005705,CRM005176,143.0,2023-08-25,completed
TXN0008926,CRM008513,46.05,2023-12-08,completed
TXN0004752,CRM001071,473.06,2023-11-18,completed
TXN0007413,CRM002541,611.29,2023-09-26,failed
TXN0008059,CRM005945,256.87,2022-07-12,pending
TXN0008427,CRM005338,235.67,2023-10-05,completed
TXN0011346,CRM004158,194.4,2023-09-02,completed
TXN0011732,CRM003873,48.22,2022-09-26,completed
TXN0006580,GHOST00981,475.25,2023-04-26,completed
TXN0001429,CRM003321,833.89,2024-02-14,completed
TXN0007867,CRM004239,205.25,2022-06-03,completed
TXN0005798,GHOST01011,183.78,2022-12-23,completed
TXN0008813,CRM002398,80.13,2022-02-13,completed
TXN0005239,CRM008087,261.33,2023-07-07,pending
TXN0004650,GHOST00643,68.46,2022-06-06,completed
TXN0005671,CRM009842,324.07,2023-03-31,completed
TXN0003602,CRM006129,181.81,2022-03-30,completed
TXN0002164,CRM009851,1677.64,2023-05-29,completed
TXN0000502,CRM003357,106.51,2022-07-10,completed
TXN0002612,CRM009188,1749.44,2022-08-30,pending
TXN0010370,CRM001279,99.82,2024-04-25,completed
TXN0007238,CRM000150,322.36,2022-07-21,pending
TXN0008794,CRM005063,515.6,2023-01-01,completed
TXN0005012,CRM003477,107.31,2022-06-08,completed
TXN0001319,CRM006457,49.92,2022-12-09,completed
TXN0003561,CRM005285,69.29,2022-08-07,completed
TXN0008259,CRM001624,86.05,2023-09-06,completed
TXN0007118,CRM007987,236.96,2022-12-25,completed
TXN0003814,CRM002295,203.6,2023-09-09,pending
TXN0004775,CRM000593,109.22,2023-04-30,completed
TXN0003817,CRM002801,143.6,2024-02-15,completed
TXN0008848,CRM009054,66.34,2023-04-13,completed
TXN0011183,CRM003629,,2024-03-06,completed
TXN0001413,CRM010420,167.46,2023-07-06,completed
TXN0001682,CRM005293,790.81,2022-08-10,completed
TXN0009138,CRM006479,1158.61,2023-06-06,completed
TXN0007039,CRM006105,186.49,2023-06-22,completed
TXN0011208,CRM002480,103.44,2022-01-08,refunded
TXN0004485,CRM002311,63.81,2022-07-23,pending
TXN0004992,CRM004708,149.48,2023-06-17,completed
TXN0005781,CRM001256,1339.47,2023-01-05,completed
TXN0007414,CRM007696,502.07,2024-04-26,completed
TXN0000015,CRM007569,214.47,2023-11-07,completed
TXN0002147,CRM006967,233.22,2022-08-19,completed
TXN0011025,CRM007936,308.05,2024-03-20,completed
TXN0001418,CRM005548,27.78,2023-07-01,completed
TXN0001567,CRM008130,127.66,2022-11-21,completed
TXN0010788,CRM008112,397.98,2022-10-09,completed
TXN0008489,CRM006983,145.52,2023-06-26,pending
TXN0001213,CRM009793,473.31,2022-10-05,completed
TXN0009852,CRM008283,639.9,2022-04-13,completed
TXN0008232,GHOST00478,532.72,2024-02-07,pending
TXN0006551,CRM010379,78.47,2022-02-05,completed
TXN0006827,CRM000072,1072.9,2023-08-04,completed
TXN0005342,CRM008862,169.45,2023-02-27,completed
TXN0010006,CRM002473,442.88,2023-08-01,completed
TXN0004968,CRM003744,236.36,2023-06-12,completed
TXN0011793,GHOST01026,41.85,2022-02-15,completed
TXN0002025,CRM002381,28.27,2022-07-18,completed
TXN0010743,CRM004809,2679.94,2022-03-18,completed
TXN0006711,CRM008129,57.54,2023-02-06,completed
TXN0008287,CRM009946,79.82,2022-08-02,failed
TXN0011001,CRM005458,663.22,2023-12-18,completed
TXN0003861,CRM007454,11295.78,2022-02-15,completed
TXN0000883,CRM003548,570.76,2023-11-17,completed
TXN0006094,CRM007338,54.03,2023-01-29,completed
TXN0003299,CRM008389,107.42,2023-12-01,completed
TXN0004222,CRM003656,89.71,2023-11-20,failed
TXN0001721,CRM008124,478.36,2022-10-06,completed
TXN0010115,CRM005559,187.54,2023-12-10,completed
TXN0003167,CRM003439,362.03,2024-02-15,completed
TXN0003392,CRM006574,226.38,2024-05-23,completed
TXN0005030,CRM009854,245.54,2022-12-28,completed
TXN0009754,CRM000998,2320.56,2022-03-20,pending
TXN0006853,CRM002651,143.92,2022-10-29,completed
TXN0009068,CRM004920,245.15,2024-01-31,completed
TXN0007941,CRM007299,618.56,2022-06-04,completed
TXN0005554,CRM005265,227.58,2023-05-28,completed
TXN0003456,CRM002623,37.75,2023-02-11,completed
TXN0001924,CRM003708,1011.48,2022-07-13,pending
TXN0001826,CRM006835,45.28,2023-08-01,completed
TXN0008480,CRM003520,70.29,2023-05-15,completed
TXN0001442,GHOST00237,224.3,2023-02-03,completed
TXN0002388,CRM002824,42.89,2023-11-18,completed
TXN0003981,CRM007284,97.14,2022-12-01,pending
TXN0008246,CRM000286,112.6,2024-03-11,completed
TXN0006419,CRM005461,519.51,2023-11-19,completed
TXN0002681,CRM010454,833.88,2023-06-26,completed
TXN0000483,CRM008557,60.97,2022-08-30,completed
TXN0004010,CRM004758,208.51,2022-03-01,completed
TXN0008555,CRM007285,645.83,2022-09-29,pending
TXN0002691,CRM009956,200.08,2022-12-02,completed
TXN0004053,GHOST00959,409.12,2023-04-28,failed
TXN0000053,CRM000393,106.83,2022-03-30,completed
TXN0002510,CRM001184,1579.18,2023-01-27,completed
TXN0010134,CRM003790,127.66,2023-10-20,completed
TXN0001549,CRM006315,443.5,2023-11-29,completed
TXN0009876,CRM008114,351.82,2023-01-27,completed
TXN0009555,CRM000175,96.47,2022-11-27,completed
TXN0001034,CRM003290,1137.29,2024-01-11,completed
TXN0000099,CRM003202,100.1,2022-07-28,completed
TXN0001759,CRM004718,345.62,2023-12-26,pending
TXN0002894,CRM002489,110.88,2023-07-30,completed
TXN0001312,CRM002716,51.66,2022-09-27,completed
TXN0010069,CRM001275,585.27,2022-11-20,completed
TXN0010720,CRM003572,353.71,2022-12-25,pending
TXN0000437,CRM002742,405.6,2023-11-28,pending
TXN0003900,CRM004005,257.56,2022-12-07,completed
TXN0009519,GHOST00884,62.34,2022-04-06,completed
TXN0009734,CRM001778,214.83,2023-08-29,completed
TXN0010824,GHOST00642,1255.96,2023-11-21,completed
TXN0008385,CRM009608,231.25,2023-09-01,completed
TXN0004331,CRM000488,979.75,2023-04-25,completed
TXN0002447,CRM009563,27.56,2023-04-08,completed
TXN0004931,CRM000950,217.07,2022-11-09,completed
TXN0000225,CRM009546,1048.24,2022-09-16,pending
TXN0000221,CRM009067,252.89,2022-05-02,completed
TXN0001806,CRM003834,334.5,2023-04-09,pending
TXN0011670,CRM003837,98.85,2023-02-24,completed
TXN0003966,CRM000694,51.96,2023-07-12,completed
TXN0009104,CRM007651,462.11,2022-02-11,completed
TXN0002171,CRM003057,142.42,2023-02-08,completed
TXN0002181,CRM010456,182.59,2024-02-27,completed
TXN0000837,CRM008361,251.34,2023-07-15,completed
TXN0007427,CRM007751,351.18,2024-06-18,refunded
TXN0005067,CRM002958,76.37,2023-06-19,completed
TXN0000756,CRM001258,204.44,2023-03-06,completed
TXN0007385,CRM007872,38.22,2024-02-12,completed
TXN0000645,GHOST00227,78.06,2022-01-09,completed
TXN0006213,CRM008904,137.6,2022-02-06,refunded
TXN0011576,CRM002422,103.82,2022-01-11,completed
TXN0000572,CRM007617,912.82,2022-07-28,completed
TXN0011000,CRM000180,714.71,2023-02-06,refunded
TXN0002442,CRM001733,675.0,2023-07-13,completed
TXN0001699,CRM006590,703.46,2024-01-25,completed
TXN0001648,CRM006439,254.3,2022-07-10,completed
TXN0001481,CRM000820,169.3,2024-02-02,completed
TXN0009938,CRM010117,338.45,2022-06-14,completed
TXN0001504,CRM001043,218.55,2023-01-14,completed
TXN0004670,CRM004075,299.37,2022-04-12,completed
TXN0008694,CRM003730,364.54,2022-12-26,completed
TXN0010112,CRM008552,456.85,2023-06-12,completed
TXN0005685,CRM002102,38.79,2022-01-27,pending
TXN0001100,GHOST00128,13.41,2022-03-07,completed
TXN0010001,CRM006632,999.18,2024-01-06,completed
TXN0002101,CRM000621,385.63,2023-01-12,completed
TXN0011095,CRM006642,43.58,2022-06-14,pending
TXN0004147,CRM001013,1057.88,2022-10-18,pending
TXN0000368,CRM004556,271.82,2023-10-16,completed
TXN0008731,CRM004712,276.84,2023-01-13,completed
TXN0001662,CRM004231,103.76,2023-02-11,completed
TXN0002395,CRM000144,170.01,2023-08-30,completed
TXN0006044,CRM004223,185.1,2022-08-20,completed
TXN0002524,CRM009897,336.72,2023-08-11,completed
TXN0006633,CRM004629,253.67,2023-04-04,completed
TXN0001250,CRM005201,128.2,2023-12-19,completed
TXN0009581,CRM006229,30.57,2022-06-12,completed
TXN0003398,CRM006446,356.02,2022-06-09,completed
TXN0001256,CRM005957,167.99,2022-08-04,completed
TXN0007486,CRM009226,99.18,2022-04-29,completed
TXN0011507,CRM005981,564.05,2022-07-08,refunded
TXN0009969,CRM004656,228.09,2023-02-11,completed
TXN0010251,GHOST00562,195.81,2024-01-08,completed
TXN0004533,CRM006705,47.42,2023-12-24,completed
TXN0004811,CRM004782,1108.7,2024-06-11,completed
TXN0011350,CRM005153,285.92,2024-04-30,completed
TXN0006189,CRM002991,1108.81,2024-04-14,completed
TXN0009473,GHOST00002,348.47,2023-01-04,completed
TXN0000634,CRM002464,603.35,2022-09-21,completed
TXN0009514,CRM000474,33.06,2024-01-07,completed
TXN0006869,CRM010476,,2022-01-31,completed
TXN0003382,CRM001551,1709.96,2022-11-25,completed
TXN0001192,CRM008910,62.92,2022-07-14,completed
TXN0007884,GHOST00638,656.49,2022-07-11,completed
TXN0004380,CRM008463,690.81,2022-08-05,pending
TXN0002219,CRM001267,78.98,2022-05-28,completed
TXN0005106,CRM003483,396.64,2023-02-23,completed
TXN0000937,CRM010370,285.25,2022-06-08,completed
TXN0006673,CRM008565,544.56,2023-04-04,refunded
TXN0008651,CRM005192,177.4,2023-05-15,failed
TXN0005835,CRM008211,,2024-01-17,completed
TXN0007877,CRM007005,33.67,2022-08-17,completed
TXN0007155,CRM010348,850.76,2023-04-28,completed
TXN0004815,CRM005132,302.62,2022-11-01,completed
TXN0001530,CRM001812,189.63,2023-04-16,completed
TXN0002206,CRM001638,6.52,2024-01-05,completed
TXN0009118,CRM001372,668.76,2024-03-12,completed
TXN0010519,CRM008178,880.02,2023-12-09,completed
TXN0007525,GHOST00940,1436.73,2022-05-04,completed
TXN0007287,GHOST01050,77.2,2023-02-07,refunded
TXN0009303,CRM003730,80.5,2023-01-16,pending
TXN0007571,CRM003841,29.79,2023-02-22,pending
TXN0005056,CRM010268,806.95,2022-01-25,completed
TXN0010386,CRM001639,1000.03,2024-02-04,completed
TXN0004095,CRM007998,224.57,2023-09-09,completed
TXN0011013,CRM001717,50.85,2022-05-21,completed
TXN0009203,CRM007454,87.89,2023-11-14,completed
TXN0007893,CRM000400,3483.86,2023-05-06,completed
TXN0003495,CRM009010,175.55,2022-12-09,completed
TXN0004763,GHOST00603,22.88,2024-05-27,completed
TXN0007318,CRM002217,304.86,2024-03-01,failed
TXN0010606,GHOST01108,68.86,2022-02-14,failed
TXN0000112,CRM001365,610.19,2022-11-29,completed
TXN0002430,CRM001266,240.14,2022-09-24,completed
TXN0006953,CRM002668,157.56,2022-06-16,completed
TXN0005997,CRM010198,796.53,2023-07-14,completed
TXN0002407,CRM002312,218.74,2022-01-08,failed
TXN0008469,CRM006000,,2024-03-11,failed
TXN0002119,CRM008944,116.0,2024-02-28,completed
TXN0011137,CRM010194,33.94,2024-01-21,completed
TXN0000224,CRM005289,16.37,2022-08-16,completed
TXN0006680,CRM007551,483.6,2023-02-21,completed
TXN0008015,CRM009780,776.71,2022-11-06,pending
TXN0008250,GHOST01018,20.59,2022-06-17,pending
TXN0010845,CRM007722,,2023-01-20,completed
TXN0004532,GHOST00913,782.77,2023-10-26,pending
TXN0000526,CRM009778,48.93,2024-02-21,completed
TXN0002758,CRM003338,,2023-12-07,pending
TXN0002728,CRM009411,447.0,2022-05-14,completed
TXN0008654,GHOST00209,13.62,2023-05-30,completed
TXN0005137,CRM002664,52.94,2024-05-25,failed
TXN0000591,CRM007390,382.69,2023-08-09,completed
TXN0002459,CRM008883,725.6,2022-05-25,completed
TXN0000041,CRM006751,13.76,2023-10-16,completed
TXN0001994,CRM008366,501.69,2023-04-30,completed
TXN0002801,CRM001605,740.05,2023-05-10,completed
TXN0004910,CRM001994,9.53,2022-04-03,completed
TXN0003530,CRM010360,905.95,2024-03-03,refunded
TXN0010019,GHOST00006,304.85,2022-06-02,pending
TXN0005202,CRM001260,19308.06,2023-05-02,completed
TXN0009003,CRM004266,39.64,2022-09-26,completed
TXN0009727,CRM000543,75.51,2024-05-31,completed
TXN0009587,CRM007038,248.92,2022-07-12,completed
TXN0007669,CRM005522,2125.87,2022-05-18,completed
TXN0010303,GHOST00964,435.9,2024-02-25,completed
TXN0011177,CRM000127,145.36,2022-12-17,completed
TXN0002826,CRM007142,126.16,2024-05-26,completed
TXN0000357,CRM003573,236.37,2024-06-07,completed
TXN0005139,CRM008714,337.18,2023-10-25,completed
TXN0001071,CRM005151,1278.71,2024-06-19,completed
TXN0004209,CRM009405,112.78,2023-12-06,completed
TXN0003298,GHOST01005,73.66,2024-05-19,failed
TXN0007695,CRM004604,532.82,2022-08-18,refunded
TXN0008957,CRM003222,411.19,2022-12-07,completed
TXN0011860,CRM001475,919.06,2023-06-30,completed
TXN0002660,CRM009638,170.27,2024-02-21,completed
TXN0011172,CRM003385,457.39,2024-02-08,completed
TXN0004851,CRM000034,20.66,2024-03-30,completed
TXN0002925,GHOST00015,3754.33,2024-06-22,pending
TXN0002013,CRM010167,136.29,2022-04-18,completed
TXN0008841,CRM010402,92.37,2022-09-03,completed
TXN0008140,CRM006405,1304.92,2023-04-05,completed
TXN0005649,CRM004382,1557.62,2023-09-30,completed
TXN0003633,CRM008822,146.9,2023-04-19,completed
TXN0008519,CRM009251,428.85,2022-12-10,completed
TXN0006220,CRM002291,199.44,2022-03-22,completed
TXN0011795,CRM008031,390.59,2023-04-16,completed
TXN0007384,CRM001708,250.98,2022-03-15,completed
TXN0004596,CRM003666,58.1,2022-03-06,completed
TXN0003621,CRM003506,358.15,2024-02-20,completed
TXN0000184,CRM010446,261.9,2023-02-23,completed
TXN0003025,CRM000552,474.2,2023-03-30,completed
TXN0008473,CRM008688,71.52,2023-06-09,completed
TXN0002806,CRM008630,142.82,2022-03-05,completed
TXN0006205,CRM005945,231.32,2022-12-23,completed
TXN0009488,CRM000965,2497.88,2023-02-04,failed
TXN0010582,CRM003283,263.05,2023-08-28,refunded
TXN0010463,CRM000176,527.73,2023-12-31,completed
TXN0005854,CRM010366,279.19,2023-01-10,completed
TXN0000471,CRM006862,81.14,2023-02-12,completed
TXN0005088,CRM000350,316.32,2023-10-19,completed
TXN0004056,CRM000717,202.77,2022-12-22,completed
TXN0004538,GHOST00659,372.01,2022-11-11,completed
TXN0001943,CRM007646,367.7,2022-12-12,refunded
TXN0003925,CRM007523,210.91,2024-01-20,pending
TXN0008994,CRM005367,256.56,2023-06-23,completed
TXN0005091,CRM003613,368.08,2022-03-09,failed
TXN0009571,GHOST00872,81.63,2022-04-16,completed
TXN0007986,CRM001855,221.9,2022-03-12,completed
TXN0006682,CRM006534,70.28,2023-01-03,completed
TXN0008806,CRM008369,120.12,2022-06-01,completed
TXN0011489,CRM001023,36.22,2024-05-16,failed
TXN0002686,CRM000476,164.49,2022-10-26,completed
TXN0011508,CRM010035,336.5,2022-02-25,completed
TXN0009850,CRM000179,79.21,2023-04-15,completed
TXN0003537,CRM007735,1129.69,2024-03-28,completed
TXN0002980,CRM009461,133.03,2023-12-11,completed
TXN0005003,CRM000499,66.91,2022-07-01,refunded
TXN0011917,CRM006175,1074.73,2022-08-31,completed
TXN0008157,CRM001217,267.4,2024-02-02,completed
TXN0000313,CRM007825,103.11,2023-08-17,completed
TXN0007316,CRM010296,114.49,2023-09-25,completed
TXN0009394,CRM004641,1254.21,2023-09-29,completed
TXN0003585,CRM005795,477.65,2024-06-26,completed
TXN0010919,CRM008191,395.98,2022-08-21,pending
TXN0004219,CRM001943,30.14,2023-11-01,failed
TXN0000217,CRM000741,753.12,2023-01-08,completed
TXN0005636,CRM009592,575.23,2024-04-11,pending
TXN0006047,CRM006129,550.44,2024-01-17,completed
TXN0000672,CRM006765,1035.23,2023-04-18,completed
TXN0008061,CRM006555,81.0,2022-11-27,completed
TXN0007655,CRM003088,47.99,2023-09-28,completed
TXN0010341,CRM007162,137.94,2023-11-28,completed
TXN0006773,CRM010233,64.18,2023-01-21,completed
TXN0007494,CRM001170,66.32,2023-11-06,completed
TXN0008373,GHOST00105,113.12,2023-02-16,completed
TXN0009172,CRM001766,470.57,2022-08-24,completed
TXN0003030,CRM010470,911.8,2022-02-28,completed
TXN0004744,CRM007862,232.53,2022-04-13,completed
TXN0009962,CRM000945,126.75,2022-05-13,completed
TXN0007232,GHOST00853,67.23,2024-04-11,completed
TXN0003063,CRM002044,3204.86,2022-11-05,completed
TXN0008239,CRM009275,209.13,2024-04-02,refunded
TXN0006302,CRM002147,87.41,2023-07-07,pending
TXN0003957,CRM004481,254.7,2023-04-08,completed
TXN0004837,CRM001585,10734.52,2024-02-01,completed
TXN0006860,CRM006716,251.28,2022-05-27,completed
TXN0009492,CRM002072,,2023-11-06,completed
TXN0009620,CRM001366,325.33,2023-12-16,failed
TXN0006917,GHOST00906,435.59,2022-05-22,completed
TXN0000409,CRM006323,155.77,2022-04-13,completed
TXN0011849,CRM009135,113.94,2022-11-04,completed
TXN0001911,CRM000497,93.34,2023-08-31,completed
TXN0000331,GHOST00584,446.53,2022-04-11,completed
TXN0009283,CRM008775,1721.35,2022-07-02,completed
TXN0010429,CRM003859,489.14,2022-08-16,completed
TXN0002117,CRM006701,660.19,2024-01-07,completed
TXN0004671,CRM002780,1009.87,2022-09-19,completed
TXN0011902,CRM008516,518.54,2024-01-09,completed
TXN0005820,CRM000698,63.72,2023-09-06,completed
TXN0005935,CRM008501,52.85,2022-12-16,completed
TXN0003117,CRM003791,359.55,2022-04-24,completed
TXN0009180,CRM010400,206.7,2023-05-05,completed
TXN0001791,CRM006162,781.93,2023-01-17,completed
TXN0005031,CRM000149,458.37,2022-12-18,completed
TXN0007330,CRM005292,123.65,2024-03-30,completed
TXN0001778,GHOST00859,59.19,2022-12-11,completed
TXN0007976,CRM004240,362.67,2022-09-19,completed
TXN0002288,CRM002661,1978.99,2022-11-12,pending
TXN0002896,CRM004214,581.35,2023-02-16,completed
TXN0008499,CRM005691,119.53,2022-06-18,pending
TXN0003911,CRM008373,496.88,2023-09-20,completed
TXN0007631,CRM009371,46.79,2022-11-15,completed
TXN0007727,CRM007943,320.29,2023-08-23,completed
TXN0004213,CRM007131,140.95,2022-06-12,failed
TXN0008930,CRM001167,47.01,2023-11-25,completed
TXN0000488,CRM004782,104.03,2023-12-10,refunded
TXN0008537,CRM007426,67.53,2023-08-11,refunded
TXN0010876,GHOST00029,305.01,2024-03-25,completed
TXN0009805,CRM001814,682.3,2022-12-12,completed
TXN0007145,CRM006061,127.48,2023-11-24,completed
TXN0004721,CRM007188,156.4,2022-06-29,completed
TXN0005013,CRM002085,964.51,2024-02-10,pending
TXN0001298,GHOST00749,2338.72,2024-04-18,pending
TXN0002535,CRM006745,43.01,2023-05-20,failed
TXN0010375,CRM005109,49.47,2022-07-16,completed
TXN0009237,CRM005554,81.2,2023-12-08,completed
TXN0009297,GHOST00176,490.67,2023-06-23,completed
TXN0004631,CRM003232,358.35,2022-06-10,completed
TXN0002998,CRM000629,392.44,2023-10-01,completed
TXN0003684,CRM005160,946.99,2024-05-16,completed
TXN0000258,CRM004062,121.74,2022-12-05,refunded
TXN0003793,CRM007670,90.83,2023-11-10,completed
TXN0002303,CRM002084,158.63,2023-04-12,completed
TXN0005652,CRM004553,498.64,2022-05-02,completed
TXN0011118,CRM008456,644.3,2023-12-02,completed
TXN0002170,CRM007633,156.33,2024-04-06,pending
TXN0008931,CRM001415,533.43,2023-01-26,completed
TXN0010722,CRM002872,1375.15,2024-06-04,completed
TXN0001314,CRM000708,265.94,2022-06-20,refunded
TXN0008134,CRM000402,559.13,2024-04-23,completed
TXN0005043,CRM005619,54.7,2024-01-15,failed
TXN0005824,CRM005942,152.69,2023-02-22,pending
TXN0007532,CRM006572,263.71,2022-03-24,pending
TXN0011058,CRM007561,30.53,2024-04-19,completed
TXN0011909,GHOST00197,277.78,2023-12-30,completed
TXN0004523,CRM009964,208.96,2022-10-14,completed
TXN0002108,CRM001248,85.11,2022-02-16,completed
TXN0004986,CRM008217,60.97,2022-10-29,completed
TXN0009736,GHOST00153,1101.49,2022-12-04,pending
TXN0006708,CRM004952,182.77,2022-07-09,completed
TXN0006158,CRM008141,724.11,2022-04-30,completed
TXN0006989,CRM002849,147.02,2023-10-21,completed
TXN0003630,GHOST00556,22.91,2023-08-09,pending
TXN0008423,CRM001350,43.69,2022-01-30,pending
TXN0011684,CRM000176,292.44,2023-06-07,pending
TXN0010264,CRM007625,264.84,2022-06-10,refunded
TXN0005290,CRM009972,192.36,2023-09-20,completed
TXN0000876,GHOST00597,324.2,2024-02-15,completed
TXN0010347,GHOST00742,96.49,2024-05-23,completed
TXN0006065,CRM001123,738.63,2023-12-31,completed
TXN0003221,CRM000278,119.23,2022-06-21,completed
TXN0004148,CRM008906,124.25,2023-05-26,completed
TXN0003625,CRM002320,105.43,2024-01-01,pending
TXN0005103,CRM007572,1535.74,2022-03-15,completed
TXN0006198,GHOST00703,1129.23,2022-05-17,completed
TXN0009025,GHOST00186,911.14,2022-02-06,completed
TXN0009585,CRM003508,22.69,2024-05-19,completed
TXN0003034,CRM008508,404.1,2024-05-10,completed
TXN0011842,CRM004038,13.28,2023-10-18,completed
TXN0005305,GHOST00495,643.3,2024-04-08,completed
TXN0009263,CRM007828,836.34,2022-08-21,completed
TXN0005515,CRM004789,235.79,2024-04-05,completed
TXN0006764,CRM010232,288.15,2023-09-24,completed
TXN0004463,CRM001245,926.95,2022-11-26,completed
TXN0000255,CRM009025,413.71,2024-01-15,pending
TXN0009532,CRM003008,668.21,2024-01-16,failed
TXN0009708,CRM007038,141.44,2023-11-12,pending
TXN0009295,GHOST01119,616.4,2022-09-22,completed
TXN0008986,GHOST00729,1064.79,2023-02-10,completed
TXN0004024,GHOST00915,90.23,2022-02-01,completed
TXN0001246,CRM003366,244.93,2023-06-19,completed
TXN0000580,CRM000022,2036.08,2022-01-28,completed
TXN0011154,CRM008972,38.85,2023-09-15,pending
TXN0001803,CRM000469,135.31,2022-09-11,completed
TXN0003993,CRM000429,822.99,2022-07-19,pending
TXN0008754,CRM003828,388.8,2023-01-31,completed
TXN0007046,CRM001346,74.72,2023-09-13,completed
TXN0010252,CRM003495,77.78,2022-06-16,completed
TXN0006073,CRM003851,984.98,2023-06-18,completed
TXN0005695,CRM004344,215.29,2022-05-17,pending
TXN0003183,GHOST00081,793.88,2022-10-05,completed
TXN0004751,CRM008617,342.77,2023-10-19,completed
TXN0008494,GHOST00223,73.01,2022-10-28,refunded
TXN0009720,CRM003881,270.39,2023-02-12,completed
TXN0010339,CRM009408,805.63,2023-11-15,pending
TXN0007862,CRM006609,1209.93,2024-01-06,failed
TXN0003095,CRM009725,1175.58,2023-04-06,completed
TXN0009367,CRM009705,256.03,2024-02-17,completed
TXN0004236,CRM009618,398.33,2022-11-13,completed
TXN0000613,CRM002553,180.32,2022-04-06,refunded
TXN0007210,CRM000305,130.87,2022-10-30,completed
TXN0001706,GHOST00146,309.21,2023-05-22,completed
TXN0009469,CRM006535,36.87,2024-05-11,completed
TXN0004190,CRM001897,847.2,2024-06-10,pending
TXN0002558,CRM005884,605.85,2023-01-09,completed
TXN0000187,CRM008161,208.8,2022-03-03,pending
TXN0003750,CRM005858,214.55,2023-03-24,completed
TXN0004329,CRM002344,42.29,2024-03-23,pending
TXN0006305,GHOST00090,59.93,2023-08-15,completed
TXN0005571,CRM001188,310.34,2022-01-13,pending
TXN0010163,CRM004082,170.98,2023-05-21,completed
TXN0000035,CRM002347,2562.46,2023-03-30,pending
TXN0003323,CRM009473,994.04,2023-10-18,completed
TXN0006697,GHOST00182,167.9,2023-10-06,completed
TXN0003987,CRM004020,2720.68,2023-12-08,completed
TXN0009089,GHOST00718,406.94,2023-09-07,completed
TXN0006188,CRM009400,86.96,2023-03-28,completed
TXN0001042,CRM000760,268.35,2023-03-24,completed
TXN0009593,CRM002585,267.99,2022-10-12,completed
TXN0003508,CRM002351,15.62,2023-05-14,completed
TXN0004347,CRM000077,141.7,2022-07-11,completed
TXN0002082,CRM006347,163.76,2023-04-10,completed
TXN0001145,CRM006616,433.05,2024-01-27,failed
TXN0002190,GHOST00957,61.86,2022-03-26,completed
TXN0005661,GHOST01104,84.39,2024-02-24,completed
TXN0005708,CRM009168,300.22,2024-01-05,completed
TXN0010678,CRM000190,188.93,2023-09-30,completed
TXN0005154,GHOST01035,507.8,2023-11-09,completed
TXN0008476,GHOST00342,837.48,2022-02-17,completed
TXN0004741,CRM009893,191.03,2024-04-24,pending
TXN0008910,CRM002801,25.42,2023-02-19,completed
TXN0003314,CRM002790,19.56,2022-10-15,refunded
TXN0011783,CRM003185,83.98,2022-04-10,completed
TXN0008418,CRM002754,775.08,2024-01-17,completed
TXN0005528,CRM003424,417.35,2022-08-24,completed
TXN0000929,CRM009220,41.92,2022-12-20,failed
TXN0008501,CRM002691,82.92,2022-11-17,failed
TXN0011554,CRM003433,66.69,2024-03-27,completed
TXN0001111,CRM005554,126.6,2024-06-12,completed
TXN0010026,CRM009628,1133.81,2024-02-23,completed
TXN0000961,CRM001685,249.54,2023-04-09,pending
TXN0000956,GHOST00102,75.84,2023-11-05,completed
TXN0005601,CRM004429,228.17,2024-06-30,completed
TXN0007998,GHOST00592,204.72,2022-08-24,completed
TXN0005923,GHOST00162,78.44,2023-11-19,completed
TXN0003463,CRM007296,145.33,2023-10-18,completed
TXN0011737,CRM009287,236.51,2022-03-05,completed
TXN0008809,CRM008959,140.05,2023-04-16,pending
TXN0002762,CRM000497,1646.69,2022-01-23,completed
TXN0001472,CRM002523,752.09,2022-07-28,completed
TXN0005338,CRM009855,126.03,2023-03-18,completed
TXN0001552,GHOST00982,64.58,2022-05-04,failed
TXN0008614,GHOST00181,202.16,2022-04-12,completed
TXN0001582,CRM000262,284.42,2023-09-07,completed
TXN0004494,CRM004601,,2022-11-14,completed
TXN0001210,CRM000470,11158.36,2022-01-30,failed
TXN0009080,CRM009661,361.22,2023-10-15,completed
TXN0007137,GHOST00744,331.01,2022-01-29,pending
TXN0002187,CRM006948,125.14,2022-06-05,completed
TXN0007948,CRM002063,148.49,2022-06-19,completed
TXN0008508,CRM008613,111.62,2023-03-09,pending
TXN0005926,CRM010130,196.39,2023-05-27,completed
TXN0002083,CRM003312,89.79,2022-02-22,failed
TXN0000998,CRM000054,127.16,2023-05-15,completed
TXN0010461,CRM003651,358.39,2023-08-16,completed
TXN0004239,CRM004857,311.08,2022-01-07,refunded
TXN0008817,CRM009118,147.85,2022-09-19,completed
TXN0010189,CRM000297,140.63,2022-11-07,completed
TXN0003800,CRM007855,463.64,2024-02-23,failed
TXN0003676,CRM010393,189.1,2022-06-21,completed
TXN0005478,CRM003813,1354.32,2024-02-15,completed
TXN0009624,GHOST00512,1644.52,2023-04-12,completed
TXN0000421,CRM006597,608.62,2022-10-31,completed
TXN0003972,CRM001456,202.64,2022-04-30,completed
TXN0008669,CRM008104,77.66,2022-08-31,completed
TXN0006239,CRM005556,2727.31,2022-03-16,refunded
TXN0001718,CRM004530,2742.78,2022-01-03,completed
TXN0010566,CRM007307,605.41,2024-02-09,completed
TXN0011806,CRM010314,1142.32,2022-11-20,completed
TXN0007412,CRM005674,50.4,2022-06-11,completed
TXN0003100,CRM010050,1781.79,2024-06-25,completed
TXN0004841,CRM005459,69.82,2023-11-19,completed
TXN0007339,CRM007184,263.48,2022-02-05,completed
TXN0009325,CRM003216,237.02,2022-08-18,pending
TXN0003057,CRM010403,104.47,2024-05-21,completed
TXN0008612,CRM002597,409.84,2022-10-06,completed
TXN0010314,CRM002688,480.89,2022-03-11,pending
TXN0008609,CRM005153,1975.46,2022-08-17,pending
TXN0003828,CRM009237,113.65,2023-02-05,completed
TXN0002418,CRM005028,414.9,2022-12-11,completed
TXN0002955,CRM000862,52.35,2022-12-18,completed
TXN0003122,CRM007406,309.94,2022-12-08,completed
TXN0011447,CRM003853,588.84,2022-08-30,completed
TXN0010023,CRM009381,118.21,2023-04-02,refunded
TXN0004198,CRM009235,138.38,2023-10-28,completed
TXN0009017,CRM006914,420.3,2022-07-26,completed
TXN0002191,CRM006890,640.27,2022-01-01,failed
TXN0010594,CRM003501,1983.21,2022-02-08,pending
TXN0004311,CRM005285,444.45,2022-11-26,completed
TXN0001983,CRM007032,1701.19,2023-12-30,completed
TXN0007992,CRM001904,2859.52,2022-08-24,completed
TXN0003971,CRM002170,135.82,2024-03-12,completed
TXN0005903,CRM001278,234.88,2023-04-24,completed
TXN0009164,CRM003099,172.64,2022-04-21,completed
TXN0011754,CRM009465,309.18,2023-01-31,refunded
TXN0011733,CRM007509,192.23,2022-09-14,completed
TXN0009448,CRM001480,836.61,2024-03-19,failed
TXN0007047,CRM008745,52.64,2023-02-08,completed
TXN0003376,CRM001893,170.44,2023-10-21,completed
TXN0005591,CRM004433,56.15,2023-03-01,completed
TXN0002753,CRM005180,66.96,2022-10-09,completed
TXN0010362,CRM007731,1413.58,2022-08-25,completed
TXN0001669,CRM005715,106.23,2023-06-10,completed
TXN0000340,CRM002400,828.16,2024-01-12,failed
TXN0007625,CRM008891,509.05,2023-04-25,refunded
TXN0009217,CRM006806,676.11,2022-02-06,completed
TXN0009220,CRM007275,14.58,2022-04-25,completed
TXN0009905,CRM003672,38.87,2022-03-05,completed
TXN0010111,CRM005367,291.16,2023-08-27,completed
TXN0003892,CRM008887,94.79,2023-07-22,pending
TXN0011037,GHOST00594,98.69,2023-11-11,completed
TXN0003648,CRM006892,330.67,2023-08-21,completed
TXN0005292,CRM001521,1960.56,2024-06-15,completed
TXN0002458,CRM000410,381.62,2022-03-10,completed
TXN0005869,CRM001835,320.18,2024-01-17,completed
TXN0002661,CRM004911,211.31,2022-02-14,completed
TXN0008647,CRM009744,94.21,2023-08-25,completed
TXN0002250,CRM001399,56.44,2022-12-02,completed
TXN0011461,CRM005972,3625.74,2022-12-13,completed
TXN0003147,GHOST00043,44.63,2023-06-15,completed
TXN0001363,CRM010463,285.99,2024-06-05,completed
TXN0002488,CRM007681,1117.36,2023-12-23,completed
TXN0003378,CRM005364,501.27,2022-10-28,completed
TXN0001484,CRM003352,608.65,2022-07-07,completed
TXN0003851,CRM007592,32.67,2024-05-07,failed
TXN0006754,GHOST00232,148.49,2023-02-01,completed
TXN0009959,CRM001258,320.01,2022-07-05,completed
TXN0006273,CRM008634,725.8,2024-04-05,failed
TXN0009913,CRM003484,413.14,2023-09-21,failed
TXN0010324,CRM009166,232.23,2022-10-01,completed
TXN0000096,CRM002154,523.48,2023-09-09,completed
TXN0000044,CRM008695,119.78,2022-01-12,completed
TXN0002256,CRM003378,50.78,2023-04-21,failed
TXN0008500,CRM004583,820.95,2023-06-24,completed
TXN0011201,CRM001489,142.74,2023-01-21,completed
TXN0010874,CRM001472,302.73,2022-11-18,completed
TXN0002305,CRM006079,145.56,2024-02-17,completed
TXN0002544,CRM008694,113.2,2024-02-16,completed
TXN0005263,CRM008738,67.14,2022-08-22,failed
TXN0006002,CRM001747,311.65,2022-07-14,completed
TXN0011857,CRM005065,258.7,2024-05-20,completed
TXN0003997,CRM002156,,2024-02-13,completed
TXN0011585,CRM000513,,2022-10-24,pending
TXN0008684,CRM000303,19.64,2023-04-12,completed
TXN0002421,CRM001823,395.56,2024-05-30,completed
TXN0005416,CRM006145,779.63,2022-03-20,completed
TXN0008963,CRM005222,104.31,2023-12-25,pending
TXN0003364,CRM000096,,2023-08-14,refunded
TXN0007542,CRM007906,3338.35,2022-12-18,completed
TXN0001085,CRM008869,154.28,2022-04-29,completed
TXN0011041,CRM003048,652.34,2024-05-09,completed
TXN0008259,CRM001624,86.05,2023-09-06,completed
TXN0004200,CRM007940,123.38,2022-02-12,failed
TXN0007871,CRM004186,154.18,2024-06-29,completed
TXN0004921,CRM008419,103.43,2023-07-05,completed
TXN0008786,CRM009579,524.1,2022-07-03,failed
TXN0006169,CRM007756,280.27,2023-01-28,completed
TXN0007615,CRM009064,26.11,2023-11-20,completed
TXN0010967,CRM007536,39.35,2023-09-25,completed
TXN0003720,CRM000923,424.82,2022-05-04,completed
TXN0005741,CRM006108,310.41,2022-07-03,pending
TXN0008529,CRM010367,4112.09,2022-05-18,completed
TXN0007860,CRM007397,84.79,2022-08-18,completed
TXN0005022,CRM005716,945.17,2024-06-21,refunded
TXN0004249,CRM000780,165.01,2022-09-12,completed
TXN0009395,CRM000753,878.13,2022-09-20,completed
TXN0009595,CRM000157,796.39,2022-08-17,completed
TXN0008263,CRM004117,2787.92,2024-01-02,pending
TXN0002988,CRM006292,1068.57,2022-02-02,completed
TXN0000089,CRM001867,29.77,2022-12-26,completed
TXN0007842,CRM007587,693.37,2023-06-09,failed
TXN0008189,CRM004873,913.2,2024-03-10,completed
TXN0000140,GHOST00561,182.54,2022-02-27,completed
TXN0001244,CRM005829,2121.08,2023-08-28,completed
TXN0000448,CRM002400,54.0,2022-12-24,completed
TXN0007082,CRM009343,254.26,2023-02-02,completed
TXN0001201,CRM004977,181.26,2024-01-24,pending
TXN0007750,CRM007885,1877.51,2023-06-07,completed
TXN0000328,CRM002397,200.9,2023-08-16,completed
TXN0009872,CRM000099,4568.11,2023-09-20,completed
TXN0009633,CRM008541,77.89,2023-07-31,completed
TXN0004229,CRM002474,56.07,2022-08-31,completed
TXN0002150,CRM008964,170.08,2022-04-02,pending
TXN0010382,CRM000229,23.27,2022-06-27,completed
TXN0005066,CRM005908,49.26,2023-06-13,completed
TXN0001054,CRM007366,155.65,2023-04-20,completed
TXN0006621,GHOST00116,422.36,2022-07-23,completed
TXN0002380,CRM007272,186.5,2023-11-03,completed
TXN0011577,CRM005940,,2023-03-15,pending
TXN0008524,CRM009602,688.4,2022-04-05,refunded
TXN0004423,GHOST00736,244.78,2023-11-05,pending
TXN0007437,CRM005118,137.62,2022-02-13,completed
TXN0005887,CRM005795,2075.93,2022-04-09,completed
TXN0001726,CRM002843,140.75,2022-09-13,completed
TXN0002450,CRM000008,30.54,2024-05-07,pending
TXN0007667,CRM004895,363.26,2024-02-22,completed
TXN0005575,CRM007268,,2023-10-19,completed
TXN0005102,CRM008833,365.37,2024-06-23,completed
TXN0004983,CRM009926,45.07,2022-08-17,failed
TXN0005866,GHOST00274,333.48,2023-03-01,completed
TXN0008748,CRM003614,12.91,2023-02-16,completed
TXN0007721,CRM005878,786.47,2022-05-13,completed
TXN0006485,CRM005623,345.79,2022-02-10,completed
TXN0001655,GHOST00355,292.99,2024-02-20,pending
TXN0011841,CRM009515,1125.79,2023-06-22,completed
TXN0003687,GHOST00005,827.77,2023-08-03,completed
TXN0008945,CRM009263,1080.46,2022-12-31,completed
TXN0003622,CRM002201,9635.42,2023-04-24,refunded
TXN0007616,CRM005321,90.83,2024-02-11,completed
TXN0005628,CRM004859,,2023-02-18,completed
TXN0006005,CRM002532,300.68,2023-07-30,completed
TXN0001223,CRM006273,520.05,2023-07-09,failed
TXN0009236,GHOST00682,231.52,2022-11-28,completed
TXN0002283,CRM001932,345.9,2022-04-29,completed
TXN0010256,CRM009257,403.21,2022-04-05,completed
TXN0007513,CRM002107,93.86,2023-03-16,completed
TXN0002285,CRM007175,841.88,2023-04-18,completed
TXN0000987,CRM002323,116.84,2023-02-14,completed
TXN0001562,CRM009488,171.86,2023-01-20,completed
TXN0005880,CRM008698,16.52,2022-03-15,completed
TXN0004820,CRM001698,325.02,2023-12-28,completed
TXN0003762,GHOST00787,1100.43,2023-12-05,completed
TXN0009655,CRM004085,593.87,2022-02-24,completed
TXN0000480,CRM008938,1396.96,2024-05-17,completed
TXN0008456,CRM007404,234.58,2024-05-17,pending
TXN0000254,GHOST00609,187.92,2023-09-27,completed
TXN0010398,GHOST00674,2044.78,2023-11-16,completed
TXN0005040,GHOST00205,56.65,2022-06-19,completed
TXN0000896,CRM001392,73.45,2024-02-12,completed
TXN0003228,CRM008026,26.41,2022-07-09,completed
TXN0009317,CRM002677,1933.0,2024-03-05,completed
TXN0010204,CRM004749,9.04,2024-04-14,completed
TXN0003598,CRM005302,128.7,2022-01-04,failed
TXN0010796,GHOST00545,333.72,2023-09-26,completed
TXN0005707,CRM008869,293.44,2023-04-16,completed
TXN0005797,CRM002107,24.39,2022-09-25,completed
TXN0006375,CRM000621,426.79,2022-08-28,completed
TXN0007215,CRM005066,717.96,2023-12-07,completed
TXN0004216,CRM005431,224.79,2024-01-15,completed
TXN0001828,GHOST00985,91.56,2023-03-31,completed
TXN0009540,CRM006496,118.48,2023-07-20,pending
TXN0003207,CRM007301,400.48,2022-08-02,completed
TXN0004127,CRM001317,419.59,2023-12-03,completed
TXN0003083,CRM001521,631.53,2024-04-22,failed
TXN0009603,CRM003103,54.39,2022-10-08,completed
TXN0008871,CRM003232,632.58,2024-06-09,completed
TXN0006984,CRM003272,102.05,2024-02-04,pending
TXN0011050,CRM006755,286.96,2023-05-02,completed
TXN0005195,CRM000524,38.76,2023-01-16,completed
TXN0004595,CRM010198,,2023-09-19,completed
TXN0006704,CRM005843,341.48,2024-02-23,completed
TXN0001521,CRM002792,728.53,2022-06-28,completed
TXN0007335,CRM008664,306.01,2023-02-27,refunded
TXN0007583,CRM004820,36.47,2022-03-06,completed
TXN0008601,GHOST00793,339.29,2024-06-05,completed
TXN0007165,CRM003582,518.98,2023-09-05,pending
TXN0004570,CRM006173,530.41,2022-05-02,completed
TXN0002024,CRM000763,35.05,2023-05-02,completed
TXN0010915,CRM009935,558.48,2024-03-28,completed
TXN0006384,CRM010307,223.2,2023-04-05,completed
TXN0010809,CRM000881,827.4,2023-01-14,completed
TXN0004866,CRM003827,353.9,2022-08-25,completed
TXN0002312,CRM003388,40.63,2022-04-29,completed
TXN0011482,CRM003025,147.99,2022-08-23,completed
TXN0007390,CRM008241,289.47,2023-03-17,completed
TXN0005521,CRM010481,50.95,2023-04-09,completed
TXN0008142,CRM001659,594.51,2022-05-18,completed
TXN0004427,CRM002808,242.3,2022-01-15,completed
TXN0008333,CRM000573,,2022-11-12,completed
TXN0011557,GHOST00655,2841.05,2022-03-18,completed
TXN0002098,CRM003914,357.36,2023-07-07,failed
TXN0010048,CRM003783,751.05,2023-06-28,pending
TXN0009784,CRM005981,172.15,2024-01-20,completed
TXN0001174,CRM008153,566.29,2022-11-24,completed
TXN0000561,CRM008160,747.24,2022-11-05,completed
TXN0010244,CRM006944,215.25,2022-04-14,completed
TXN0005364,CRM005950,,2023-05-14,pending
TXN0009471,CRM001869,57.05,2023-08-30,completed
TXN0005382,CRM008059,103.26,2022-04-14,completed
TXN0009074,CRM008445,105.69,2024-01-09,refunded
TXN0005020,CRM004789,37.62,2022-09-02,completed
TXN0005077,CRM003208,77.04,2023-08-16,completed
TXN0001904,CRM005671,1002.93,2024-01-01,completed
TXN0011044,CRM005747,203.36,2023-06-01,completed
TXN0002636,CRM007504,305.07,2022-10-30,completed
TXN0005170,GHOST00973,2401.39,2022-09-23,completed
TXN0009194,CRM010491,1220.87,2023-01-12,completed
TXN0001485,CRM002386,,2022-07-10,pending
TXN0000757,CRM001943,46.58,2023-12-10,completed
TXN0008832,CRM008992,391.55,2023-04-12,completed
TXN0008366,CRM009194,578.22,2022-01-19,completed
TXN0004008,CRM003048,417.87,2022-08-04,refunded
TXN0009705,GHOST00239,571.67,2024-04-07,completed
TXN0008183,CRM002909,363.1,2023-06-17,completed
TXN0004578,CRM004227,126.91,2024-05-25,completed
TXN0002398,CRM008149,154.08,2022-12-23,completed
TXN0009579,CRM009498,1374.99,2022-08-08,completed
TXN0011396,CRM008881,18.52,2023-11-29,completed
TXN0000780,CRM002632,200.2,2022-03-25,completed
TXN0009644,GHOST00566,199.66,2023-03-26,completed
TXN0010604,CRM005077,32.0,2023-12-06,pending
TXN0006516,CRM009714,487.16,2023-01-09,completed
TXN0010235,CRM000708,1168.8,2022-04-18,completed
TXN0001542,CRM005033,65.75,2024-02-29,completed
TXN0004221,CRM000529,1118.03,2024-05-19,completed
TXN0009231,CRM009148,27.23,2022-04-24,completed
TXN0005035,CRM004435,44.82,2022-07-04,pending
TXN0001749,CRM008799,1203.91,2024-06-19,completed
TXN0004246,CRM009343,927.45,2022-09-14,completed
TXN0004244,CRM002078,476.63,2024-02-19,completed
TXN0004003,CRM007510,622.68,2023-11-07,completed
TXN0000931,CRM008779,75.19,2023-01-01,completed
TXN0007987,CRM003147,315.43,2023-12-25,completed
TXN0004403,GHOST00202,407.28,2022-11-14,refunded
TXN0009503,CRM002122,212.65,2022-05-05,completed
TXN0008273,CRM007660,148.13,2024-02-28,completed
TXN0010471,CRM005612,228.5,2023-04-17,completed
TXN0003205,CRM000944,31.14,2022-01-16,completed
TXN0002880,CRM003780,131.13,2022-12-22,completed
TXN0005220,CRM008067,44.09,2023-02-08,refunded
TXN0009755,CRM007688,31.27,2022-12-08,completed
TXN0009216,GHOST00640,244.53,2022-08-19,completed
TXN0006813,CRM006298,16.66,2023-03-13,pending
TXN0008322,CRM009190,814.51,2022-07-19,completed
TXN0001965,CRM003168,118.47,2022-07-25,completed
TXN0009849,CRM007894,269.32,2023-01-19,completed
TXN0009258,CRM000672,319.8,2024-03-21,completed
TXN0003109,CRM000547,,2022-05-14,completed
TXN0004627,CRM003313,160.62,2024-06-07,completed
TXN0009556,CRM000790,464.96,2024-01-08,completed
TXN0008536,CRM009072,,2023-07-02,completed
TXN0005541,CRM003239,482.37,2023-01-12,completed
TXN0006884,CRM010319,245.16,2023-12-17,completed
TXN0011352,CRM007101,62.0,2023-02-07,completed
TXN0007535,CRM002945,21.52,2022-04-22,completed
TXN0000731,CRM010214,223.37,2023-07-17,completed
TXN0006841,CRM010245,466.96,2023-02-21,completed
TXN0009507,CRM007433,141.74,2022-01-15,completed
TXN0004016,CRM004129,150.02,2022-08-25,completed
TXN0004731,CRM003552,82.34,2024-03-16,completed
TXN0001254,CRM000768,193.27,2023-07-07,completed
TXN0006418,CRM000176,150.4,2022-05-12,failed
TXN0004170,CRM001009,1855.09,2023-12-18,completed
TXN0000037,CRM001791,76.98,2023-09-30,completed
TXN0002040,CRM004668,160.46,2023-11-30,completed
TXN0003764,CRM007059,469.68,2023-09-06,completed
TXN0003789,CRM006315,3498.54,2023-05-30,completed
TXN0011368,CRM001733,83.03,2024-01-27,pending
TXN0004294,GHOST00508,946.17,2023-08-15,completed
TXN0004583,CRM005852,451.83,2022-06-05,completed
TXN0008092,CRM010285,72.16,2022-02-12,completed
TXN0000441,CRM006134,544.78,2024-03-13,pending
TXN0011821,CRM009231,1191.74,2022-03-07,failed
TXN0010569,CRM010315,186.39,2022-11-25,completed
TXN0010685,CRM003099,24.36,2023-11-02,failed
TXN0006911,CRM007724,596.62,2023-05-11,refunded
TXN0008838,CRM002898,815.35,2022-04-24,completed
TXN0006523,CRM007413,104.57,2022-09-15,completed
TXN0010964,CRM003298,636.2,2023-05-27,completed
TXN0006728,CRM000652,154.27,2022-10-23,completed
TXN0002410,CRM004828,615.5,2023-08-10,completed
TXN0003895,CRM000904,96.23,2023-04-11,completed
TXN0003501,GHOST00484,681.02,2024-06-25,completed
TXN0011374,CRM001348,263.97,2023-05-19,failed
TXN0003078,CRM007735,539.77,2023-08-15,completed
TXN0005001,CRM009338,91.68,2023-07-11,completed
TXN0006351,GHOST00874,1665.72,2023-06-30,completed
TXN0003695,CRM008913,558.06,2022-04-29,completed
TXN0000727,CRM000573,439.34,2023-01-04,pending
TXN0008163,CRM001870,101.3,2023-01-13,completed
TXN0006148,CRM008783,,2023-04-14,completed
TXN0002530,CRM006355,38.46,2023-01-25,refunded
TXN0006560,CRM001718,,2022-12-30,completed
TXN0006497,CRM001441,324.02,2022-06-12,completed
TXN0000629,CRM002720,,2022-02-27,completed
TXN0004928,CRM002228,24.97,2022-08-09,failed
TXN0001995,CRM001367,114.9,2023-08-28,completed
TXN0010646,CRM000963,,2022-08-10,completed
TXN0001673,GHOST00733,468.82,2022-04-10,completed
TXN0011029,CRM005194,262.3,2023-03-06,completed
TXN0010045,CRM005125,69.53,2022-06-20,completed
TXN0007218,GHOST00665,387.56,2023-11-15,refunded
TXN0000782,CRM004346,228.59,2022-08-29,completed
TXN0001449,CRM003708,40.02,2023-09-04,completed
TXN0009159,CRM001755,1342.23,2024-03-18,pending
TXN0002357,CRM004699,137.86,2024-06-12,completed
TXN0002383,CRM005357,3647.61,2022-03-11,completed
TXN0002208,CRM008181,1144.35,2024-04-24,failed
TXN0004108,CRM006107,153.34,2023-03-09,completed
TXN0000410,CRM007759,141.2,2022-12-23,completed
TXN0004129,CRM010407,73.31,2022-09-13,completed
TXN0000560,CRM001129,895.32,2023-05-21,completed
TXN0010070,CRM010007,564.42,2023-11-15,completed
TXN0004322,CRM004803,2305.46,2024-05-09,completed
TXN0003090,CRM009510,122.55,2022-01-22,completed
TXN0001755,CRM006438,1110.01,2024-06-04,failed
TXN0004012,GHOST00079,302.72,2024-02-13,completed
TXN0007016,CRM010182,865.09,2022-06-08,completed
TXN0006175,CRM002691,139.22,2023-01-24,completed
TXN0010617,CRM008214,1167.95,2022-05-29,refunded
TXN0006209,CRM001413,112.46,2022-06-11,completed
TXN0001725,GHOST00221,75.45,2022-12-25,completed
TXN0000378,CRM005013,227.51,2024-06-26,pending
TXN0008000,CRM005826,1896.22,2023-04-19,pending
TXN0002789,CRM005910,201.27,2022-03-11,completed
TXN0010724,CRM006243,2070.39,2023-01-07,completed
TXN0009306,CRM002867,572.79,2022-12-13,completed
TXN0011641,CRM001552,165.11,2022-10-28,completed
TXN0007375,CRM005621,128.87,2023-02-27,pending
TXN0000066,GHOST01081,1487.76,2023-04-26,completed
TXN0010481,CRM008019,163.15,2023-03-28,refunded
TXN0011926,CRM002067,1766.49,2022-06-24,completed
TXN0002043,GHOST00657,111.09,2023-02-11,completed
TXN0004956,GHOST00968,613.65,2023-07-26,completed
TXN0004979,CRM004126,1387.75,2023-05-12,refunded
TXN0003586,GHOST00924,2387.26,2024-04-25,completed
TXN0002989,CRM006431,45.24,2024-04-15,completed
TXN0002010,CRM000615,496.73,2023-02-19,completed
TXN0009064,CRM001933,87.04,2023-01-20,completed
TXN0005778,CRM003542,578.34,2024-06-22,completed
TXN0002835,CRM004048,53.62,2023-08-07,failed
TXN0007829,GHOST00534,341.76,2024-03-25,failed
TXN0000440,CRM008634,468.14,2024-02-15,failed
TXN0002737,CRM009293,1335.06,2024-05-28,refunded
TXN0003855,CRM000680,121.45,2023-05-25,completed
TXN0001885,CRM004339,140.39,2023-11-13,pending
TXN0008310,CRM001748,1003.0,2023-03-02,completed
TXN0007949,CRM006532,232.55,2023-03-04,completed
TXN0010455,CRM008929,2383.61,2022-08-01,completed
TXN0003146,CRM001010,67.04,2023-11-14,failed
TXN0011392,CRM000762,2853.03,2023-06-08,completed
TXN0000697,CRM006094,447.82,2023-08-09,pending
TXN0007562,GHOST00803,509.8,2023-01-02,completed
TXN0007717,CRM009823,84.37,2023-09-08,completed
TXN0005675,CRM008133,2729.76,2023-08-05,completed
TXN0006555,CRM007041,87.86,2024-02-01,completed
TXN0003773,CRM001212,409.08,2023-02-01,completed
TXN0006263,CRM001159,,2023-04-07,pending
TXN0005861,CRM002560,363.02,2023-09-07,completed
TXN0001392,CRM007557,163.4,2023-06-06,pending
TXN0005796,CRM006921,686.77,2022-12-08,completed
TXN0009171,GHOST00824,145.08,2023-09-03,pending
TXN0010259,CRM003965,499.47,2022-10-05,pending
TXN0003416,CRM002464,80.67,2022-07-09,completed
TXN0004454,CRM001196,181.31,2023-06-19,completed
TXN0001867,CRM006973,254.51,2022-10-20,completed
TXN0000764,CRM000430,14.25,2023-09-25,completed
TXN0000001,CRM001845,138.25,2023-07-27,completed
TXN0006444,CRM004862,344.32,2022-01-19,completed
TXN0001799,CRM007293,233.12,2023-01-10,completed
TXN0004541,CRM001133,108.14,2023-11-12,completed
TXN0004822,CRM003648,29.43,2024-06-15,completed
TXN0004544,CRM007575,29.96,2024-01-17,completed
TXN0003260,CRM001918,926.37,2022-12-11,refunded
TXN0011450,CRM005164,181.64,2023-05-04,pending
TXN0005876,CRM005665,29.53,2022-08-17,completed
TXN0008908,CRM010085,100.01,2023-07-26,pending
TXN0005135,CRM005200,273.97,2022-09-29,completed
TXN0003824,CRM005255,1626.87,2022-05-27,pending
TXN0007109,CRM002740,1188.6,2024-03-31,completed
TXN0006219,CRM005057,434.61,2022-08-06,completed
TXN0011207,CRM004907,,2022-05-21,refunded
TXN0007540,CRM000972,863.38,2023-02-03,completed
TXN0001771,CRM009043,108.76,2024-01-17,completed
TXN0002355,CRM007035,435.26,2023-04-10,completed
TXN0006927,CRM005650,63.83,2023-05-19,completed
TXN0007080,CRM006551,118.93,2022-08-16,completed
TXN0007125,CRM004512,332.76,2023-09-03,completed
TXN0011963,CRM009348,145.17,2022-05-18,completed
TXN0005843,CRM005960,1639.63,2022-07-21,pending
TXN0001387,CRM002317,115.46,2023-03-28,failed
TXN0006637,CRM009394,716.29,2022-08-07,completed
TXN0008591,CRM009357,397.52,2022-10-08,completed
TXN0010851,CRM004409,147.79,2024-02-25,failed
TXN0005978,CRM003945,,2022-11-05,completed
TXN0000223,CRM003437,48.08,2022-12-13,completed
TXN0008674,CRM004496,869.87,2023-10-09,pending
TXN0003356,GHOST00234,819.0,2023-06-04,failed
TXN0002045,CRM005926,51.41,2023-06-18,completed
TXN0000893,CRM007439,128.71,2024-01-15,refunded
TXN0006538,CRM005019,65.13,2023-02-13,completed
TXN0011808,CRM003087,654.21,2024-06-17,completed
TXN0000018,CRM006393,190.42,2023-08-20,completed
TXN0010642,CRM008066,397.42,2023-02-05,completed
TXN0003220,CRM006887,158.93,2022-09-20,completed
TXN0010213,CRM005263,771.71,2024-03-23,completed
TXN0009241,CRM007279,822.66,2022-02-20,completed
TXN0009265,CRM000385,64.79,2023-05-22,completed
TXN0011538,CRM006258,3381.26,2024-06-25,completed
TXN0008182,CRM002421,2217.26,2023-09-15,completed
TXN0009853,CRM008243,94.13,2023-12-14,completed
TXN0004970,CRM001955,281.55,2024-05-27,completed
TXN0003521,GHOST00133,,2023-03-20,completed
TXN0002483,CRM001055,1048.88,2022-12-22,completed
TXN0000820,CRM000155,2679.01,2022-05-23,refunded
TXN0004059,CRM005183,291.78,2022-03-24,failed
TXN0003448,CRM005958,668.47,2024-06-24,pending
TXN0007870,CRM008135,82.09,2022-03-02,completed
TXN0004377,CRM009328,1227.08,2023-08-30,completed
TXN0006556,CRM006526,39.58,2022-04-07,completed
TXN0007841,CRM005384,107.34,2022-03-20,completed
TXN0005852,CRM000352,405.05,2023-06-07,completed
TXN0011224,CRM006598,882.81,2022-03-26,completed
TXN0005379,CRM004596,423.47,2024-03-14,pending
TXN0005009,CRM002807,144.32,2023-06-22,completed
TXN0009426,CRM002021,812.59,2023-08-04,completed
TXN0011216,CRM005400,959.36,2024-02-29,completed
TXN0008906,CRM000858,64.52,2023-06-09,completed
TXN0007958,GHOST01032,150.51,2024-05-04,completed
TXN0000705,CRM005053,1763.38,2023-12-19,completed
TXN0003215,CRM001074,688.13,2022-04-16,completed
TXN0009527,CRM009339,86.43,2022-03-15,completed
TXN0005714,CRM006275,141.74,2023-05-29,completed
TXN0000597,CRM006506,318.33,2022-02-24,completed
TXN0011361,CRM005948,3183.77,2023-10-13,pending
TXN0006123,CRM009648,155.84,2022-08-18,failed
TXN0004466,CRM007721,850.52,2022-02-25,completed
TXN0010266,CRM000356,2433.77,2023-01-24,completed
TXN0005822,CRM005133,1673.29,2024-06-15,completed
TXN0004395,CRM006948,281.39,2024-06-27,completed
TXN0000785,CRM003056,286.06,2023-09-13,completed
TXN0006955,CRM006863,472.81,2022-01-20,completed
TXN0005458,CRM002990,58.54,2023-10-15,completed
TXN0004633,CRM002146,120.45,2022-01-10,pending
TXN0010071,GHOST00249,917.28,2022-06-22,completed
TXN0008261,CRM008109,237.91,2022-03-05,failed
TXN0007195,CRM001067,95.94,2023-01-16,completed
TXN0008443,CRM008416,358.94,2022-03-20,failed
TXN0003543,GHOST00011,18.32,2024-01-27,completed
TXN0010207,CRM007593,401.29,2023-07-12,refunded
TXN0004642,CRM003190,721.13,2024-02-13,completed
TXN0006611,CRM006270,376.62,2023-06-05,completed
TXN0011563,CRM005708,77.7,2024-02-25,completed
TXN0005181,CRM001941,58.44,2022-11-21,completed
TXN0009862,CRM004188,24.94,2024-03-11,completed
TXN0008940,CRM005303,143.63,2023-08-11,pending
TXN0008950,GHOST00000,315.96,2024-06-07,completed
TXN0005658,CRM010445,,2022-03-21,completed
TXN0006247,CRM006286,17.22,2023-12-03,pending
TXN0003194,CRM010086,1074.17,2022-11-01,completed
TXN0007644,CRM009214,251.81,2022-04-02,completed
TXN0004567,CRM001885,54.42,2024-03-07,completed
TXN0007900,CRM006090,1246.34,2022-01-02,completed
TXN0001452,CRM007002,300.49,2022-03-07,completed
TXN0001073,CRM003611,400.48,2024-03-27,completed
TXN0003870,CRM004961,130.57,2022-10-01,completed
TXN0007786,CRM000190,34.88,2024-01-05,completed
TXN0006589,CRM007443,124.12,2024-04-21,completed
TXN0000180,CRM008350,98.56,2023-07-20,completed
TXN0005674,CRM007563,681.12,2022-11-19,pending
TXN0000176,CRM010164,127.94,2022-07-26,completed
TXN0009042,CRM005285,898.89,2023-10-09,completed
TXN0010383,CRM002471,68.48,2023-04-19,refunded
TXN0004310,CRM005047,147.82,2022-02-17,pending
TXN0010647,GHOST00563,430.53,2023-01-24,failed
TXN0001309,CRM007239,60.78,2022-02-13,completed
TXN0008404,CRM007359,625.12,2022-04-11,completed
TXN0000990,CRM001079,93.43,2024-04-30,completed
TXN0002298,CRM005128,1017.67,2022-04-30,completed
TXN0006694,CRM003960,1345.45,2022-07-24,completed
TXN0008919,CRM002209,105.58,2022-11-04,completed
TXN0000912,CRM000783,100.47,2022-07-21,completed
TXN0002705,CRM001353,765.48,2023-04-24,pending
TXN0010957,CRM008720,62.48,2023-01-29,failed
TXN0000824,CRM006207,222.16,2022-11-18,refunded
TXN0005494,CRM000290,210.89,2024-05-25,completed
TXN0001463,CRM002934,196.23,2022-08-31,refunded
TXN0001679,CRM010011,42.3,2022-02-21,completed
TXN0005518,GHOST00056,40.73,2024-01-20,completed
TXN0005335,CRM004971,1128.02,2022-03-04,pending
TXN0009421,CRM004018,164.7,2023-11-16,completed
TXN0006285,CRM003523,213.03,2024-04-20,pending
TXN0011445,CRM000102,5258.15,2022-01-29,completed
TXN0003562,CRM004094,269.8,2024-02-11,pending
TXN0007817,CRM000344,1746.34,2022-12-23,completed
TXN0003189,CRM007952,387.76,2023-08-26,completed
TXN0001464,CRM001437,435.39,2024-06-17,completed
TXN0002046,CRM005188,517.4,2024-02-28,refunded
TXN0006622,CRM005080,71.64,2023-10-02,failed
TXN0001195,CRM009074,182.87,2022-10-03,completed
TXN0010243,CRM006070,1380.1,2024-01-28,completed
TXN0009818,CRM006692,122.01,2022-04-02,pending
TXN0004548,CRM004020,451.15,2023-10-04,completed
TXN0002462,CRM000970,410.71,2024-06-18,completed
TXN0005127,CRM000023,3090.35,2024-02-08,pending
TXN0008107,CRM004137,6154.19,2022-06-05,refunded
TXN0000606,CRM005268,30.31,2023-04-10,pending
TXN0004211,CRM007594,80.97,2022-01-08,completed
TXN0002149,CRM004263,131.14,2023-11-01,completed
TXN0010640,CRM001230,366.32,2022-04-24,completed
TXN0004692,CRM003460,1277.89,2024-03-18,completed
TXN0009958,CRM005603,518.53,2022-07-24,completed
TXN0008340,CRM003349,90.93,2023-06-10,completed
TXN0007621,GHOST00606,550.31,2023-03-31,completed
TXN0011114,CRM007911,470.77,2023-07-24,completed
TXN0004859,CRM003337,237.89,2024-04-12,completed
TXN0001182,CRM010099,83.99,2023-09-24,completed
TXN0005164,CRM007778,43.1,2023-06-30,completed
TXN0003499,CRM002810,332.87,2022-06-08,completed
TXN0002403,CRM007816,206.67,2022-12-11,completed
TXN0008827,CRM003703,14.87,2023-09-06,completed
TXN0010588,CRM004459,43.79,2022-10-06,completed
TXN0005097,CRM003628,1595.81,2022-10-31,completed
TXN0003086,CRM009816,,2023-01-02,completed
TXN0005179,CRM006563,833.48,2023-04-04,completed
TXN0006146,CRM005549,804.69,2022-05-23,completed
TXN0002963,CRM003580,4436.59,2024-06-16,completed
TXN0007784,CRM005846,6.48,2022-09-27,completed
TXN0005888,CRM000740,955.57,2023-11-04,completed
TXN0009704,CRM005346,550.54,2024-01-24,completed
TXN0004266,CRM003075,74.82,2023-05-27,completed
TXN0002603,CRM006949,287.55,2022-03-01,completed
TXN0001812,CRM008186,700.83,2022-09-15,completed
TXN0010378,CRM010337,135.21,2022-08-16,failed
TXN0006795,CRM009373,406.9,2024-03-12,failed
TXN0007710,CRM001324,416.72,2023-11-13,completed
TXN0000108,CRM007663,1486.13,2022-09-07,pending
TXN0009500,CRM000204,906.48,2024-05-21,completed
TXN0008116,CRM004285,21.82,2023-04-09,completed
TXN0008739,CRM006746,73.74,2023-09-30,pending
TXN0011490,GHOST00814,1974.91,2024-05-16,completed
TXN0001508,CRM007283,11.36,2022-12-25,completed
TXN0010110,CRM009240,18.55,2024-03-23,completed
TXN0005153,CRM008791,290.89,2024-02-09,completed
TXN0004462,GHOST00858,823.04,2022-07-16,completed
TXN0004337,CRM008460,57.39,2023-09-18,completed
TXN0005269,CRM006186,251.07,2023-06-17,completed
TXN0009858,CRM009989,1085.42,2022-01-25,completed
TXN0007939,CRM004370,324.06,2023-05-25,completed
TXN0008810,CRM008598,1387.17,2022-05-20,completed
TXN0005242,CRM000826,104.43,2022-08-11,completed
TXN0000301,CRM002990,93.79,2023-02-06,completed
TXN0007592,CRM009598,63.93,2023-12-16,completed
TXN0001853,CRM000903,1808.61,2024-01-08,pending
TXN0008765,CRM006115,51.15,2023-12-19,pending
TXN0009901,CRM008539,,2024-01-20,completed
TXN0011925,CRM008984,364.56,2024-03-23,completed
TXN0005005,CRM005552,266.5,2022-08-03,completed
TXN0009547,CRM004848,562.58,2022-03-15,completed
TXN0007985,CRM004935,140.02,2023-11-25,completed
TXN0002591,GHOST00691,234.41,2023-07-26,completed
TXN0006333,CRM002755,570.71,2023-11-27,completed
TXN0008147,CRM006903,1649.7,2023-05-27,completed
TXN0009250,CRM003921,532.41,2024-05-18,completed
TXN0003618,CRM005222,675.41,2022-03-26,completed
TXN0004160,CRM007581,119.32,2024-01-08,completed
TXN0002001,CRM005996,74.47,2024-05-09,completed
TXN0007977,CRM004254,111.63,2024-05-13,failed
TXN0002386,GHOST00716,53.14,2023-11-05,completed
TXN0004606,CRM001358,330.32,2022-09-01,completed
TXN0006935,CRM005104,23.19,2022-03-15,failed
TXN0000598,CRM010079,118.85,2022-03-28,completed
TXN0003619,CRM006963,1974.34,2023-06-01,completed
TXN0005221,CRM001319,103.81,2022-09-07,completed
TXN0011611,CRM004519,657.27,2023-06-13,completed
TXN0007653,CRM009326,86.0,2023-08-21,failed
TXN0002251,CRM006158,2128.18,2023-08-23,completed
TXN0007406,CRM002846,957.19,2024-01-12,completed
TXN0010329,CRM006239,1657.44,2023-03-30,failed
TXN0009095,CRM000590,171.83,2022-06-09,completed
TXN0005333,CRM005777,261.78,2024-01-23,failed
TXN0006220,CRM002291,199.44,2022-03-22,completed
TXN0004522,CRM007184,,2024-05-09,completed
TXN0008354,CRM001122,144.43,2023-03-03,failed
TXN0009248,CRM000063,310.9,2023-12-22,completed
TXN0007587,CRM001291,252.35,2022-04-13,refunded
TXN0000642,CRM007462,285.21,2024-03-09,pending
TXN0010916,CRM003553,321.96,2024-01-31,completed
TXN0006367,CRM007678,308.16,2022-03-04,completed
TXN0009112,CRM009305,355.01,2022-01-27,completed
TXN0010058,CRM000302,641.31,2024-03-26,pending
TXN0007688,CRM001187,203.41,2023-12-13,completed
TXN0003421,CRM002944,302.43,2023-09-10,completed
TXN0006641,CRM009542,2849.64,2022-06-10,completed
TXN0002014,CRM000080,581.1,2023-08-12,completed
TXN0000273,CRM004963,111.88,2024-04-09,completed
TXN0004111,CRM002857,48.05,2023-10-01,completed
TXN0003854,CRM005970,2776.78,2022-10-14,completed
TXN0004683,CRM001044,2040.09,2023-08-27,failed
TXN0000413,CRM000924,365.31,2022-01-26,completed
TXN0001322,CRM005087,153.27,2022-08-23,completed
TXN0004256,CRM009833,202.88,2022-11-04,completed
TXN0004817,CRM006559,637.82,2023-02-01,completed
TXN0003984,CRM005817,736.67,2023-03-21,refunded
TXN0010689,CRM008562,477.05,2022-11-16,completed
TXN0003222,CRM008026,209.01,2022-12-06,completed
TXN0003296,GHOST00709,1236.97,2024-03-18,completed
TXN0010522,CRM001918,141.63,2022-05-03,completed
TXN0011794,CRM002542,581.48,2022-10-19,completed
TXN0011068,CRM001639,788.97,2024-05-04,completed
TXN0001446,CRM002202,1355.02,2022-09-05,completed
TXN0000267,CRM010189,31.65,2023-01-19,completed
TXN0002599,GHOST00604,21.89,2022-06-15,completed
TXN0005372,CRM003249,381.27,2022-08-19,completed
TXN0001964,CRM004573,3513.86,2023-02-11,completed
TXN0002700,GHOST01013,1655.57,2023-04-21,failed
TXN0007471,CRM008783,350.38,2024-01-27,failed
TXN0000780,CRM002632,200.2,2022-03-25,completed
TXN0008214,CRM002353,863.69,2023-09-22,completed
TXN0005771,CRM006499,681.74,2023-02-16,completed
TXN0009602,CRM002815,52.2,2023-11-28,completed
TXN0002542,CRM005238,1669.79,2024-03-07,failed
TXN0004280,CRM003724,1014.95,2023-01-19,completed
TXN0003724,CRM001405,89.7,2023-07-10,completed
TXN0009656,CRM008394,1885.53,2022-04-27,pending
TXN0011281,CRM008998,2225.6,2022-11-18,completed
TXN0010822,CRM009974,372.87,2023-05-29,completed
TXN0000716,CRM003004,2004.82,2022-09-04,completed
TXN0010389,GHOST01164,1498.33,2022-09-29,completed
TXN0001711,CRM005919,229.5,2023-07-24,completed
TXN0009809,CRM004481,,2023-11-14,failed
TXN0007744,CRM002254,160.95,2023-05-19,completed
TXN0003250,CRM009824,98.4,2024-02-06,completed
TXN0010517,CRM003246,28.67,2024-01-09,completed
TXN0003775,CRM005047,601.49,2022-06-03,completed
TXN0008464,CRM001843,81.43,2023-02-28,completed
TXN0003571,GHOST00168,13.09,2022-08-19,pending
TXN0007022,CRM003674,105.82,2022-04-24,completed
TXN0004120,CRM000910,508.75,2022-03-31,completed
TXN0007520,CRM010408,99.72,2023-11-09,completed
TXN0006522,CRM009718,1398.83,2022-01-17,completed
TXN0008874,CRM008725,444.96,2022-06-16,completed
TXN0004141,CRM007037,104.54,2023-12-21,completed
TXN0004283,CRM009906,30.25,2023-09-04,pending
TXN0004312,CRM004494,407.54,2023-09-14,completed
TXN0005963,CRM007919,,2023-11-15,completed
TXN0007304,CRM006905,487.06,2023-11-22,refunded
TXN0010878,CRM005380,326.53,2023-02-01,pending
TXN0004057,CRM000119,197.89,2023-09-04,failed
TXN0007952,CRM002810,202.5,2022-01-17,completed
TXN0005745,CRM002038,568.26,2023-10-26,completed
TXN0001274,CRM001778,114.51,2022-08-16,completed
TXN0003013,CRM009171,25.78,2024-02-21,completed
TXN0011014,CRM001745,541.07,2023-08-23,failed
TXN0006904,CRM003371,49.9,2023-05-29,completed
TXN0005730,CRM006622,1126.28,2022-01-30,refunded
TXN0008982,GHOST00475,197.99,2023-09-15,completed
TXN0009756,CRM003732,212.29,2023-04-04,completed
TXN0005119,CRM002314,431.8,2022-06-22,failed
TXN0002294,CRM006009,2891.83,2023-07-27,completed
TXN0004930,CRM006340,322.32,2023-06-03,pending
TXN0001846,CRM010143,242.45,2023-08-16,completed
TXN0009264,CRM009791,1104.09,2023-02-26,failed
TXN0002299,GHOST00069,234.41,2023-05-15,refunded
TXN0002687,CRM010403,80.17,2023-11-14,completed
TXN0007438,CRM002394,233.41,2022-01-02,completed
TXN0006151,CRM002331,430.63,2022-10-08,completed
TXN0009002,CRM005601,147.29,2023-01-07,completed
TXN0006398,CRM006576,2158.7,2024-02-15,completed
TXN0006173,GHOST00370,378.03,2022-09-05,completed
TXN0007656,CRM008247,309.86,2023-01-18,completed
TXN0001093,CRM002770,268.89,2022-03-22,completed
TXN0006797,CRM000840,121.7,2022-03-15,pending
TXN0002830,CRM009769,651.21,2022-12-20,completed
TXN0001291,CRM010314,120.88,2023-12-17,completed
TXN0000981,CRM008787,731.98,2022-05-29,completed
TXN0001740,CRM004245,87.91,2022-12-22,completed
TXN0009634,CRM002371,121.73,2022-03-17,completed
TXN0003500,CRM004270,324.29,2023-12-23,completed
TXN0001152,CRM004788,70.73,2022-06-19,completed
TXN0011749,CRM006475,2489.41,2022-04-28,completed
TXN0005689,CRM001610,23.23,2022-11-04,failed
TXN0004884,CRM004500,475.98,2023-04-27,refunded
TXN0011966,CRM010480,926.1,2023-04-15,completed
TXN0002688,CRM009756,410.75,2023-06-24,completed
TXN0005862,CRM003364,207.2,2023-11-06,completed
TXN0009106,CRM009658,58.64,2023-07-10,completed
TXN0002788,CRM008282,146.99,2022-08-23,completed
TXN0005811,CRM008215,2582.64,2023-07-28,completed
TXN0006038,CRM010436,244.59,2023-04-13,completed
TXN0008837,CRM005560,962.62,2022-10-23,refunded
TXN0010768,CRM007283,316.42,2023-08-30,failed
TXN0002389,CRM001181,1298.67,2024-04-01,completed
TXN0006938,CRM008257,808.15,2023-04-29,completed
TXN0003518,CRM007476,191.39,2023-01-08,completed
TXN0009256,CRM005623,213.59,2022-06-13,completed
TXN0006394,CRM005769,398.79,2022-05-24,completed
TXN0009379,CRM003860,268.86,2023-05-29,completed
TXN0008903,CRM001053,280.75,2022-08-29,completed
TXN0007480,CRM002564,235.34,2023-10-01,completed
TXN0001088,CRM004413,4087.61,2024-01-04,completed
TXN0001181,CRM009643,,2022-07-20,completed
TXN0004520,CRM007755,203.12,2022-08-19,refunded
TXN0003462,CRM007410,98.93,2023-12-02,completed
TXN0002523,GHOST00385,705.23,2024-02-12,completed
TXN0009682,CRM001901,431.51,2022-03-25,completed
TXN0003366,CRM003689,190.93,2023-07-10,completed
TXN0000009,CRM009077,177.32,2023-07-31,completed
TXN0007260,CRM002340,967.02,2022-05-09,pending
TXN0006631,CRM007249,2913.54,2024-01-06,completed
TXN0003698,GHOST01073,828.39,2022-08-30,completed
TXN0008318,CRM006731,26.27,2023-05-24,pending
TXN0000100,CRM004227,164.54,2023-10-28,completed
TXN0001510,CRM004427,421.65,2022-10-18,completed
TXN0002898,CRM000616,20.72,2024-02-13,refunded
TXN0000439,CRM006879,78.64,2024-05-30,refunded
TXN0002116,CRM008475,303.18,2023-03-09,completed
TXN0003065,CRM005464,457.21,2023-01-06,completed
TXN0004905,CRM006481,172.39,2023-12-05,completed
TXN0004666,CRM007066,657.31,2023-12-01,completed
TXN0006743,CRM000357,285.19,2022-11-01,completed
TXN0008737,CRM000920,592.52,2024-06-08,completed
TXN0011219,CRM010274,346.49,2023-11-06,completed
TXN0008409,CRM003741,357.0,2023-05-17,completed
TXN0001010,CRM002178,201.26,2023-06-16,completed
TXN0001074,GHOST01146,128.54,2023-09-21,completed
TXN0001776,CRM001462,531.84,2022-05-12,completed
TXN0010849,CRM002772,232.92,2023-11-28,completed
TXN0009915,CRM001030,327.76,2022-07-13,completed
TXN0008840,CRM002360,1552.52,2024-01-03,completed
TXN0008541,CRM000092,697.03,2024-04-12,completed
TXN0002697,CRM004183,275.97,2022-12-26,completed
TXN0010404,CRM009047,759.11,2022-11-19,failed
TXN0007822,CRM006724,259.07,2023-08-26,completed
TXN0010486,CRM003135,291.07,2022-04-06,completed
TXN0002817,CRM001818,117.22,2024-06-22,completed
TXN0010491,CRM002628,240.55,2022-04-16,completed
TXN0000602,CRM003457,51.36,2022-02-16,completed
TXN0011868,CRM000989,101.36,2023-03-08,failed
TXN0011513,GHOST00726,86.59,2022-04-28,completed
TXN0011642,CRM010419,489.5,2024-06-18,completed
TXN0010816,CRM006233,705.07,2022-10-09,pending
TXN0006033,CRM000888,451.9,2022-04-22,completed
TXN0000004,CRM001138,95.89,2022-02-22,refunded
TXN0004654,CRM004761,40.88,2022-03-08,completed
TXN0000423,CRM002327,186.44,2024-02-15,completed
TXN0005950,GHOST00782,1586.76,2024-01-20,completed
TXN0010005,CRM005437,232.12,2022-05-23,refunded
TXN0003705,GHOST01184,21.22,2023-07-24,completed
TXN0009300,CRM004508,113.76,2023-02-19,completed
TXN0004106,CRM003066,1049.92,2023-02-26,completed
TXN0006081,CRM002843,456.41,2022-10-05,completed
TXN0000271,GHOST00828,267.63,2022-04-14,completed
TXN0008396,CRM010181,29.24,2023-08-19,completed
TXN0000453,CRM004616,15.28,2023-12-16,completed
TXN0004777,CRM009215,9.22,2022-10-01,completed
TXN0006521,CRM008600,556.58,2023-09-07,completed
TXN0004609,GHOST01186,1175.18,2022-06-30,completed
TXN0006562,CRM010005,256.69,2022-03-29,pending
TXN0001141,CRM004417,101.04,2023-10-05,completed
TXN0002698,GHOST00878,3203.15,2022-07-09,completed
TXN0003042,CRM005202,53.3,2023-06-22,completed
TXN0010337,CRM006873,124.05,2023-10-02,refunded
TXN0000092,CRM004918,108.27,2024-05-16,completed
TXN0007599,CRM003415,786.99,2022-08-30,completed
TXN0009509,CRM009722,159.33,2024-03-07,completed
TXN0004985,CRM000786,149.05,2022-12-18,failed
TXN0004500,CRM007416,51.05,2024-03-13,refunded
TXN0003590,CRM007459,567.61,2023-04-04,refunded
TXN0010063,CRM007043,,2024-06-15,completed
TXN0000283,GHOST00937,63.24,2024-06-19,completed
TXN0001318,CRM002684,261.46,2022-11-27,completed
TXN0004879,GHOST00500,50.61,2024-04-29,completed
TXN0007422,GHOST00028,147.6,2022-09-19,completed
TXN0011742,CRM003248,626.32,2024-02-08,completed
TXN0007834,CRM005138,834.44,2022-10-14,failed
TXN0007456,CRM002542,77.99,2023-11-01,completed
TXN0004215,CRM006996,87.72,2022-06-01,completed
TXN0002306,CRM006726,244.2,2024-05-26,completed
TXN0010234,CRM005654,716.34,2023-07-22,completed
TXN0008545,CRM008098,115.14,2022-01-21,completed
TXN0006564,CRM008952,24.63,2023-08-20,completed
TXN0007479,CRM002870,367.52,2023-11-27,completed
TXN0005072,CRM007227,1602.26,2023-05-15,completed
TXN0000428,CRM003572,38.77,2022-02-15,completed
TXN0006445,CRM006191,47.67,2023-11-26,completed
TXN0002234,CRM008998,115.21,2022-06-15,completed
TXN0007650,CRM001379,478.98,2022-08-16,completed
TXN0011059,GHOST00616,783.75,2023-10-09,completed
TXN0007800,CRM007738,99.4,2024-06-15,completed
TXN0011152,CRM005564,198.56,2023-07-10,completed
TXN0011296,CRM000022,979.97,2024-03-14,completed
TXN0007680,CRM001342,151.31,2023-04-16,completed
TXN0000733,CRM009001,560.25,2023-08-07,completed
TXN0005618,CRM008261,92.82,2023-04-30,failed
TXN0006888,GHOST00889,63.34,2024-01-27,completed
TXN0008317,GHOST00836,359.57,2023-09-24,completed
TXN0000420,CRM007311,179.37,2024-04-24,completed
TXN0006399,CRM002741,104.67,2023-07-29,completed
TXN0010068,CRM000815,299.18,2022-03-12,completed
TXN0010999,CRM002347,312.27,2022-01-28,completed
TXN0007308,CRM006866,154.35,2022-09-30,completed
TXN0003704,CRM007660,219.18,2022-03-31,completed
TXN0002337,CRM002956,354.34,2022-11-02,refunded
TXN0011916,CRM009787,381.64,2022-02-11,completed
TXN0011899,CRM001102,,2022-03-15,completed
TXN0002831,CRM007896,520.41,2023-11-24,completed
TXN0003517,CRM003929,293.4,2024-04-18,completed
TXN0002751,CRM001007,134.61,2024-03-22,completed
TXN0004875,CRM001995,462.03,2023-01-06,completed
TXN0005323,CRM010247,1370.14,2023-04-11,completed
TXN0011555,CRM008143,496.16,2023-05-07,completed
TXN0003459,CRM001965,351.77,2022-07-05,completed
TXN0010812,CRM006733,554.25,2023-12-12,completed
TXN0003628,CRM005225,392.26,2022-08-22,completed
TXN0001574,CRM003248,205.06,2023-07-12,pending
TXN0010759,CRM003485,172.17,2022-04-24,completed
TXN0007922,CRM007637,4010.6,2023-10-28,completed
TXN0010813,CRM007945,845.77,2022-09-08,completed
TXN0001144,CRM000548,116.42,2024-05-13,completed
TXN0010044,CRM009589,152.47,2022-01-02,completed
TXN0001456,CRM002380,13.54,2022-01-24,completed
TXN0008389,CRM004063,234.53,2022-06-03,completed
TXN0007670,CRM010355,,2024-04-02,completed
TXN0009857,CRM009286,27.08,2022-10-25,completed
TXN0007993,CRM004606,1711.82,2022-02-24,completed
TXN0011432,CRM003646,85.03,2022-10-29,completed
TXN0003442,CRM000264,290.05,2023-08-11,failed
TXN0004099,CRM000733,58.69,2022-08-20,pending
TXN0008875,CRM007671,333.47,2022-11-25,refunded
TXN0009233,CRM000190,134.41,2022-08-23,completed
TXN0003045,GHOST00058,830.65,2024-02-20,completed
TXN0011268,CRM010324,619.47,2024-03-16,completed
TXN0010618,GHOST00955,45.16,2024-03-22,completed
TXN0002828,CRM008555,14.89,2023-08-24,failed
TXN0000654,CRM006289,136.5,2023-06-14,completed
TXN0007555,CRM007881,380.17,2023-11-22,refunded
TXN0007591,CRM010236,256.92,2023-12-28,completed
TXN0008177,CRM006934,261.34,2022-05-02,completed
TXN0011894,CRM002579,120.77,2022-08-26,completed
TXN0011124,CRM009585,284.4,2023-10-27,completed
TXN0007665,CRM001907,254.97,2022-03-26,completed
TXN0000136,CRM006798,87.56,2023-01-02,completed
TXN0004245,CRM005540,31.18,2022-10-03,completed
TXN0000469,CRM008415,452.72,2023-10-06,completed
TXN0007543,CRM009229,49.55,2023-06-04,completed
TXN0009631,CRM009492,216.88,2023-01-16,completed
TXN0005690,CRM001293,112.64,2023-04-25,completed
TXN0011089,GHOST00172,40.55,2023-02-13,completed
TXN0000798,CRM000384,55.86,2022-05-13,pending
TXN0005113,CRM002302,69.49,2022-07-13,pending
TXN0000321,CRM008789,131.78,2024-01-19,completed
TXN0011449,CRM003732,78.03,2022-04-01,completed
TXN0003808,CRM000850,597.06,2022-09-01,pending
TXN0003560,CRM004753,216.44,2023-04-30,completed
TXN0003568,CRM006613,463.27,2023-09-20,completed
TXN0002064,CRM008752,910.76,2024-02-10,completed
TXN0000484,CRM010141,304.28,2022-08-24,completed
TXN0011264,GHOST00815,64.16,2022-06-09,failed
TXN0001391,CRM009286,1652.44,2023-08-09,completed
TXN0005227,CRM005453,190.33,2022-03-01,completed
TXN0007827,CRM004591,133.94,2024-04-04,completed
TXN0007124,GHOST00720,177.05,2022-01-04,pending
TXN0011162,GHOST00231,400.7,2023-11-22,refunded
TXN0000254,GHOST00609,187.92,2023-09-27,completed
TXN0001024,CRM001370,1036.55,2022-08-16,completed
TXN0000760,CRM000289,48.85,2023-01-23,completed
TXN0002724,CRM008944,983.44,2022-08-04,failed
TXN0004370,CRM001323,327.01,2022-02-18,failed
TXN0010119,CRM005440,65.61,2022-05-05,completed
TXN0006181,GHOST00052,261.69,2023-06-10,completed
TXN0003723,CRM000019,205.66,2022-06-04,completed
TXN0004350,CRM006699,183.31,2022-05-09,completed
TXN0000581,GHOST00684,32.14,2022-06-19,completed
TXN0001780,CRM000127,89.78,2022-09-12,completed
TXN0009196,CRM005980,84.91,2023-06-14,completed
TXN0005991,CRM006936,284.59,2023-12-15,completed
TXN0011523,CRM004073,61.16,2022-03-18,refunded
TXN0001628,CRM001497,1642.39,2022-07-07,completed
TXN0010745,CRM010428,1081.36,2024-05-29,completed
TXN0005767,CRM002709,101.77,2022-09-24,completed
TXN0010162,CRM010273,363.96,2023-09-02,completed
TXN0002518,CRM006856,794.1,2023-12-16,failed
TXN0003177,GHOST00993,45.86,2024-02-09,completed
TXN0003481,CRM010472,820.08,2023-02-28,pending
TXN0005281,CRM006038,125.62,2022-01-04,completed
TXN0005173,CRM000337,413.13,2022-01-01,completed
TXN0006126,CRM007318,170.52,2023-04-21,completed
TXN0002369,CRM001892,843.82,2022-10-24,completed
TXN0000083,CRM002261,866.56,2022-10-03,completed
TXN0002074,CRM001412,1400.53,2022-03-14,completed
TXN0007119,CRM008328,256.38,2023-02-13,failed
TXN0006782,CRM006141,245.61,2024-01-16,completed
TXN0000821,CRM007734,149.87,2023-10-03,completed
TXN0008726,GHOST00190,58.3,2023-09-14,completed
TXN0010459,CRM000106,543.47,2023-01-01,completed
TXN0003105,CRM002905,37.1,2024-05-06,completed
TXN0007668,GHOST01070,712.38,2022-07-18,completed
TXN0004342,CRM000467,330.88,2023-03-14,completed
TXN0010938,CRM009192,542.44,2023-03-03,failed
TXN0010791,CRM007745,651.56,2022-10-16,completed
TXN0011016,CRM006130,151.82,2023-04-27,completed
TXN0010581,CRM004862,73.29,2022-02-06,completed
TXN0010683,CRM009388,248.02,2024-04-22,completed
TXN0005311,CRM002653,171.34,2024-03-30,completed
TXN0007892,CRM008255,20.04,2024-06-25,completed
TXN0010684,CRM001170,1075.08,2022-03-14,completed
TXN0006656,CRM009691,1550.68,2022-11-10,completed
TXN0000343,CRM002995,242.32,2022-12-19,completed
TXN0002958,CRM004732,162.62,2022-12-08,completed
TXN0010405,CRM008018,243.91,2023-12-13,pending
TXN0011005,CRM007254,158.13,2022-07-21,completed
TXN0010308,CRM001874,191.45,2024-03-11,completed
TXN0001118,CRM001523,254.87,2024-06-30,completed
TXN0004070,CRM005130,842.32,2024-06-28,completed
TXN0001523,CRM007424,61.47,2022-10-17,completed
TXN0000464,CRM008420,504.31,2023-04-13,completed
TXN0010227,CRM002920,326.29,2024-03-30,completed
TXN0010194,CRM002666,,2023-12-15,completed
TXN0001213,CRM009793,473.31,2022-10-05,completed
TXN0010502,GHOST00326,22.26,2024-03-08,completed
TXN0000303,CRM006389,138.29,2023-04-19,completed
TXN0001287,CRM005940,1828.46,2022-02-10,failed
TXN0001180,CRM001532,100.83,2024-04-08,completed
TXN0002477,CRM008189,17.05,2022-10-19,completed
TXN0003607,CRM006075,47.6,2022-09-15,completed
TXN0007903,CRM004125,89.66,2023-12-27,completed
TXN0006626,CRM001707,221.52,2023-03-19,failed
TXN0007313,CRM006870,297.7,2023-10-11,pending
TXN0007407,CRM002551,461.8,2024-01-01,completed
TXN0002749,CRM000898,677.28,2022-07-15,completed
TXN0008488,CRM007968,980.34,2024-03-14,completed
TXN0009536,CRM001420,46.71,2023-01-29,completed
TXN0007219,CRM002638,404.95,2023-02-06,refunded
TXN0000879,CRM000439,67.78,2023-10-26,completed
TXN0001545,CRM001715,423.7,2022-09-25,completed
TXN0007966,GHOST00789,166.09,2023-12-28,completed
TXN0004546,CRM009018,234.96,2023-10-29,completed
TXN0003696,CRM008726,1339.94,2022-02-20,completed
TXN0011610,CRM003888,,2022-07-26,completed
TXN0001865,CRM004654,366.53,2023-02-14,completed
TXN0005536,CRM003135,638.41,2022-01-19,completed
TXN0003754,CRM001798,188.84,2022-10-02,completed
TXN0005562,CRM008747,47.97,2024-03-23,completed
TXN0004774,CRM008237,,2023-07-29,completed
TXN0000195,CRM000717,71.22,2023-05-15,completed
TXN0001158,CRM000452,214.98,2022-08-13,refunded
TXN0003446,CRM005094,534.22,2023-11-23,refunded
TXN0009773,CRM009144,141.35,2023-08-13,completed
TXN0006677,CRM009083,122.27,2023-01-11,completed
TXN0005991,CRM006936,284.59,2023-12-15,completed
TXN0007567,CRM005397,161.02,2024-05-01,completed
TXN0005543,CRM002517,213.91,2022-09-20,completed
TXN0008690,CRM002540,337.14,2023-01-18,completed
TXN0009787,CRM004601,146.84,2022-07-02,completed
TXN0002282,CRM006676,697.09,2022-02-15,completed
TXN0001647,CRM004515,227.14,2022-09-09,pending
TXN0005841,GHOST00094,60.63,2022-10-21,completed
TXN0006568,CRM008462,97.35,2022-01-02,refunded
TXN0000516,CRM001281,108.25,2022-04-15,completed
TXN0000300,CRM002313,115.29,2024-01-15,completed
TXN0004152,CRM004248,512.21,2023-09-13,completed
TXN0008889,CRM005690,76.5,2022-11-19,refunded
TXN0002240,CRM002885,535.35,2022-05-17,completed
TXN0005610,CRM003970,296.3,2024-05-11,completed
TXN0006427,CRM000737,43.17,2022-11-30,refunded
TXN0008923,CRM005764,572.35,2024-02-04,completed
TXN0010102,CRM005343,1134.62,2024-04-22,completed
TXN0008700,GHOST01000,415.51,2022-05-10,pending
TXN0010764,CRM008117,52.42,2022-07-02,completed
TXN0000611,CRM009181,65.49,2023-12-19,failed
TXN0011191,GHOST00522,162.46,2022-07-17,completed
TXN0002467,CRM006515,131.55,2023-07-09,completed
TXN0002968,CRM006229,516.02,2024-03-05,completed
TXN0003153,CRM006703,502.73,2022-07-01,completed
TXN0009119,GHOST00378,473.85,2023-07-27,pending
TXN0005301,CRM004353,432.73,2023-01-08,completed
TXN0011272,CRM004860,154.15,2023-10-08,completed
TXN0006814,CRM008525,175.86,2022-04-19,failed
TXN0009619,CRM009033,2373.34,2022-12-13,completed
TXN0004613,CRM001895,2132.05,2024-06-11,refunded
TXN0000801,GHOST00992,147.48,2023-06-14,completed
TXN0006895,CRM000038,122.81,2022-09-27,completed
TXN0000309,CRM003847,199.67,2024-03-11,completed
TXN0008433,CRM007458,550.97,2022-06-18,completed
TXN0001124,CRM009245,,2022-11-01,pending
TXN0001229,CRM003012,711.45,2023-08-03,completed
TXN0008293,CRM009803,1188.5,2023-01-05,completed
TXN0006552,CRM009423,278.47,2023-08-06,pending
TXN0008920,CRM006976,1148.49,2024-01-26,failed
TXN0000549,CRM007349,25.27,2023-08-25,refunded
TXN0006563,CRM003118,191.37,2024-06-24,completed
TXN0001002,CRM000302,123.96,2023-11-12,refunded
TXN0010877,CRM008754,1142.55,2022-09-12,pending
TXN0009014,GHOST00120,51.57,2022-01-22,completed
TXN0001147,CRM000880,420.3,2023-06-12,completed
TXN0007071,CRM004940,378.42,2024-04-02,completed
TXN0003357,CRM008521,102.26,2023-01-20,completed
TXN0001645,CRM000950,195.16,2022-02-14,completed
TXN0010798,CRM001856,336.78,2023-03-12,completed
TXN0007654,GHOST00156,900.39,2022-07-04,completed
TXN0004453,CRM007714,1865.81,2024-02-06,completed
TXN0010322,CRM003749,695.77,2022-02-18,completed
TXN0005809,CRM005432,1909.03,2024-01-04,completed
TXN0001116,CRM000994,99.89,2022-04-25,completed
TXN0006052,GHOST01071,101.85,2022-09-16,completed
TXN0004693,CRM010147,196.02,2022-03-19,completed
TXN0011365,CRM003827,1004.58,2022-10-04,completed
TXN0004649,CRM002985,194.64,2023-12-14,completed
TXN0010626,CRM008689,752.74,2023-01-01,completed
TXN0010901,CRM004762,57.37,2023-05-17,completed
TXN0001863,CRM004430,98.09,2022-01-16,completed
TXN0011864,GHOST00427,423.51,2023-06-18,completed
TXN0005684,CRM002502,103.38,2023-04-13,completed
TXN0008419,CRM005765,127.59,2022-01-18,completed
TXN0011973,CRM008195,136.54,2022-03-25,completed
TXN0011501,CRM008880,823.49,2022-05-21,completed
TXN0001698,GHOST01044,277.81,2022-11-07,failed
TXN0003118,CRM002665,4008.43,2022-07-14,completed
TXN0008936,CRM003531,178.24,2023-05-24,completed
TXN0004644,CRM000938,423.12,2024-04-16,refunded
TXN0010992,CRM000612,154.42,2022-08-17,pending
TXN0008836,CRM007440,219.32,2022-08-05,failed
TXN0010715,CRM003406,449.62,2023-07-13,refunded
TXN0008923,CRM005764,572.35,2024-02-04,completed
TXN0009608,CRM008059,39.0,2023-10-28,completed
TXN0005411,CRM002701,56.12,2024-04-23,completed
TXN0000049,GHOST00109,751.23,2022-05-02,completed
TXN0006061,CRM010008,243.86,2022-02-19,refunded
TXN0001184,CRM009675,275.32,2022-07-18,completed
TXN0011720,CRM008893,343.91,2022-08-11,refunded
TXN0003367,CRM000857,603.05,2023-12-13,refunded
TXN0000924,CRM000623,188.2,2024-05-25,completed
TXN0006258,CRM001959,503.49,2023-11-18,completed
TXN0010801,CRM007737,650.35,2023-05-07,completed
TXN0000789,CRM003258,83.38,2022-01-19,completed
TXN0011245,CRM003361,199.53,2024-04-20,completed
TXN0007544,CRM001227,104.01,2022-08-20,completed
TXN0002081,CRM004756,1093.78,2023-04-30,completed
TXN0006077,CRM003136,433.25,2023-04-05,completed
TXN0008531,CRM000753,182.2,2022-04-19,completed
TXN0002096,CRM007204,30.69,2023-07-05,completed
TXN0008655,CRM009767,27.42,2022-04-15,completed
TXN0005152,CRM008786,196.67,2022-05-28,pending
TXN0001236,CRM001189,458.58,2023-08-21,completed
TXN0003520,GHOST00026,88.95,2024-02-21,pending
TXN0003772,CRM003630,2707.2,2024-05-04,completed
TXN0003097,CRM005747,29.01,2023-02-26,completed
TXN0005988,CRM007381,1408.24,2022-05-25,completed
TXN0003746,CRM004194,37.63,2022-03-15,failed
TXN0010128,CRM001446,401.98,2022-04-18,completed
TXN0000583,CRM004599,964.17,2024-04-03,completed
TXN0004783,CRM000087,120.67,2023-01-16,pending
TXN0010613,CRM002100,72.39,2022-01-03,completed
TXN0010986,GHOST00039,425.78,2022-08-09,completed
TXN0007508,CRM004106,29.31,2023-05-27,completed
TXN0004604,CRM005249,130.02,2023-03-30,pending
TXN0001043,CRM005885,,2023-09-01,completed
TXN0011767,CRM002024,431.19,2022-03-20,completed
TXN0009891,CRM009645,43.26,2022-02-16,pending
TXN0010062,CRM007047,42.49,2023-07-29,pending
TXN0007332,CRM009211,101.16,2024-04-20,completed
TXN0008106,CRM005305,328.75,2023-09-13,completed
TXN0007278,CRM000790,2085.57,2022-10-18,completed
TXN0011706,CRM002811,118.28,2023-10-10,refunded
TXN0006226,CRM007373,318.31,2024-04-08,completed
TXN0006331,CRM002122,231.67,2022-02-19,completed
TXN0002412,CRM002559,160.84,2023-01-09,completed
TXN0007451,CRM007996,600.95,2022-09-24,pending
TXN0009533,CRM004485,113.8,2023-07-29,completed
TXN0006679,CRM001762,140.53,2023-12-21,completed
TXN0003514,CRM003495,216.35,2023-04-04,completed
TXN0006464,CRM010231,180.16,2023-05-17,completed
TXN0009478,CRM010333,964.57,2022-10-27,completed
TXN0011922,CRM003937,228.68,2022-04-01,completed
TXN0010380,CRM004513,223.42,2023-08-01,completed
TXN0003200,CRM008266,150.99,2022-01-08,completed
TXN0004806,CRM009226,274.86,2022-04-24,completed
TXN0004374,CRM000700,194.94,2024-01-15,pending
TXN0002685,CRM006475,168.79,2023-05-31,completed
TXN0006165,GHOST00831,227.49,2024-01-20,completed
TXN0010215,GHOST00626,458.3,2022-06-03,completed
TXN0001385,CRM003937,280.9,2022-05-16,completed
TXN0001495,CRM008110,196.29,2023-11-22,completed
TXN0009192,CRM005275,811.52,2023-05-14,completed
TXN0004909,CRM008707,2119.26,2023-09-14,completed
TXN0010830,CRM000444,543.82,2023-01-12,completed
TXN0009952,CRM002215,290.96,2022-01-06,completed
TXN0010875,CRM009138,195.25,2023-01-31,completed
TXN0004833,CRM010129,210.63,2023-09-19,completed
TXN0008236,CRM009593,562.23,2023-03-12,pending
TXN0001646,CRM010393,186.09,2022-09-29,completed
TXN0007626,CRM010458,287.95,2023-08-04,pending
TXN0002515,CRM003750,177.94,2022-05-28,completed
TXN0002766,CRM009757,148.72,2023-11-12,completed
TXN0005960,CRM004911,159.6,2022-09-16,pending
TXN0000084,CRM008438,186.62,2024-06-11,completed
TXN0009545,CRM002526,117.25,2023-01-16,completed
TXN0008185,CRM007353,1017.39,2024-06-10,completed
TXN0003132,CRM000057,1880.63,2024-04-30,failed
TXN0006911,CRM007724,596.62,2023-05-11,refunded
TXN0000950,GHOST00540,88.54,2024-04-01,completed
TXN0000345,CRM002800,127.85,2022-11-16,completed
TXN0002891,CRM000225,775.93,2023-10-03,completed
TXN0006245,CRM003566,478.17,2023-10-10,completed
TXN0001622,CRM000233,115.7,2024-06-04,pending
TXN0002222,CRM006802,998.95,2023-05-13,completed
TXN0008275,CRM001486,408.6,2023-05-06,failed
TXN0001624,CRM006364,,2022-10-25,completed
TXN0008356,CRM003397,259.75,2022-12-30,completed
TXN0010945,CRM002625,126.29,2022-01-15,completed
TXN0008290,CRM005330,53.36,2023-09-09,completed
TXN0007246,CRM009020,3365.7,2023-04-08,completed
TXN0010444,CRM006102,337.08,2023-05-08,pending
TXN0006653,CRM004695,299.99,2022-09-10,completed
TXN0001560,CRM006449,1033.89,2022-07-15,completed
TXN0001956,GHOST00074,808.28,2022-03-09,completed
TXN0002281,CRM005982,50.49,2023-11-30,completed
TXN0003784,CRM007736,94.18,2024-05-18,pending
TXN0005756,CRM002360,662.02,2022-05-20,completed
TXN0009794,CRM007658,86.38,2023-11-02,failed
TXN0008590,CRM008197,,2024-04-28,completed
TXN0009524,CRM003619,308.34,2022-12-30,completed
TXN0006131,CRM000220,163.61,2024-03-17,completed
TXN0001905,CRM009729,2311.42,2023-02-16,pending
TXN0008487,CRM005488,370.52,2023-06-09,completed
TXN0004948,CRM008055,91.74,2023-06-12,completed
TXN0007844,CRM008985,152.76,2022-02-26,completed
TXN0000116,CRM002746,980.87,2022-01-04,completed
TXN0005497,CRM009145,2041.32,2022-06-07,pending
TXN0006513,CRM002598,280.57,2022-03-13,completed
TXN0000487,CRM008736,402.63,2023-10-01,completed
TXN0004214,CRM009738,679.54,2022-08-24,completed
TXN0000844,CRM008893,76.21,2022-11-24,completed
TXN0011210,CRM000053,129.17,2024-05-27,completed
TXN0001855,CRM007361,477.43,2022-06-23,refunded
TXN0009737,CRM000773,185.35,2024-01-27,completed
TXN0004576,CRM005386,82.48,2022-12-18,refunded
TXN0008016,CRM007417,118.15,2022-05-25,completed
TXN0007455,CRM003692,253.21,2023-12-13,pending
TXN0003339,GHOST01053,147.83,2023-11-11,completed
TXN0011518,CRM006961,147.88,2022-08-22,completed
TXN0005008,CRM007306,1671.54,2022-07-24,completed
TXN0009898,GHOST00773,274.38,2023-10-03,completed
TXN0007970,CRM004513,,2024-05-07,completed
TXN0010177,CRM002043,24.67,2022-06-09,completed
TXN0001218,CRM002255,441.41,2024-01-21,pending
TXN0000033,CRM007602,288.74,2022-11-25,completed
TXN0011403,CRM002560,565.41,2022-08-20,pending
TXN0004691,CRM007692,293.58,2023-04-01,completed
TXN0006570,CRM007350,458.4,2023-06-22,completed
TXN0008468,CRM003658,45.6,2022-02-02,completed
TXN0001618,CRM003186,54.65,2022-05-14,completed
TXN0007066,GHOST00477,67.6,2024-02-08,completed
TXN0008451,CRM002829,370.0,2024-05-22,completed
TXN0000077,CRM000175,1304.23,2022-08-24,completed
TXN0003753,CRM007216,86.42,2022-02-24,completed
TXN0009609,CRM002882,296.85,2022-05-06,completed
TXN0007708,CRM008260,172.17,2022-03-31,failed
TXN0003008,CRM003729,3237.29,2024-05-31,refunded
TXN0010475,CRM009336,1700.53,2023-01-23,completed
TXN0002131,GHOST01169,162.24,2022-07-25,completed
TXN0008854,CRM005195,238.92,2022-08-06,completed
TXN0006089,CRM005044,525.91,2022-09-27,failed
TXN0002566,GHOST00774,137.06,2022-02-10,refunded
TXN0008431,CRM009819,1924.51,2024-06-26,completed
TXN0008985,CRM009439,316.76,2024-05-30,completed
TXN0009890,CRM003943,269.15,2022-01-23,completed
TXN0005916,CRM006952,1028.5,2024-05-17,refunded
TXN0007293,GHOST00772,994.47,2023-01-11,completed
TXN0011127,CRM003492,74.57,2023-06-09,completed
TXN0008475,CRM000966,14.82,2022-11-14,completed
TXN0004458,CRM001919,741.54,2022-04-29,completed
TXN0010479,CRM005425,1066.55,2023-01-22,pending
TXN0004547,CRM000634,177.12,2023-03-07,completed
TXN0007154,CRM006308,518.18,2023-10-06,completed
TXN0010433,CRM001939,237.46,2024-05-02,completed
TXN0002461,CRM001417,105.72,2024-04-03,pending
TXN0001228,CRM007645,435.55,2024-05-18,completed
TXN0000048,CRM006893,68.15,2023-06-06,completed
TXN0010654,CRM002592,414.75,2023-10-24,refunded
TXN0009926,CRM004333,741.24,2022-10-09,refunded
TXN0001630,CRM007091,583.11,2023-07-09,completed
TXN0002137,CRM000363,96.18,2022-12-03,completed
TXN0008111,CRM009646,1206.74,2023-03-31,pending
TXN0010523,CRM005601,210.42,2022-11-10,refunded
TXN0001637,CRM009032,124.25,2022-04-12,completed
TXN0002277,CRM001754,1716.12,2024-02-22,completed
TXN0006058,CRM002963,640.49,2022-04-27,completed
TXN0011315,CRM009391,374.83,2023-11-24,completed
TXN0010906,CRM004017,248.94,2022-07-05,completed
TXN0006862,CRM003389,515.46,2024-03-21,completed
TXN0002209,CRM008420,18.91,2023-02-20,completed
TXN0009033,CRM008824,197.1,2022-11-02,completed
TXN0000325,CRM007660,452.3,2024-06-16,completed
TXN0010488,GHOST00456,882.36,2022-11-06,completed
TXN0010544,CRM000760,9941.77,2022-07-16,pending
TXN0009558,CRM006551,224.11,2023-08-13,refunded
TXN0009613,GHOST00465,525.88,2024-02-15,completed
TXN0007735,CRM003497,30.09,2022-03-22,pending
TXN0009973,CRM006777,731.95,2024-06-20,completed
TXN0003067,CRM007993,560.76,2022-07-14,completed
TXN0005280,CRM007851,76.34,2024-03-10,completed
TXN0008661,CRM005046,225.96,2022-04-11,completed
TXN0006308,CRM000670,128.0,2023-10-18,completed
TXN0001104,CRM006928,782.56,2023-10-16,completed
TXN0009126,CRM005601,1689.56,2023-08-09,pending
TXN0004663,GHOST00564,431.35,2022-03-19,completed
TXN0009823,CRM005223,29.39,2022-04-04,completed
TXN0010158,CRM004265,173.98,2023-06-15,pending
TXN0004326,CRM008894,106.39,2022-03-09,completed
TXN0000422,CRM006935,171.27,2023-07-24,completed
TXN0008649,CRM005490,246.53,2022-05-18,completed
TXN0008972,CRM005909,923.62,2022-02-17,pending
TXN0000596,GHOST00912,572.37,2022-03-20,completed
TXN0002268,GHOST01024,646.06,2024-03-16,completed
TXN0011978,CRM001334,531.25,2022-04-09,completed
TXN0000736,CRM007681,345.72,2023-12-06,completed
TXN0008143,GHOST00645,116.6,2024-04-24,completed
TXN0007851,CRM006000,337.34,2024-04-07,completed
TXN0001121,CRM010250,319.66,2024-01-03,completed
TXN0006006,CRM005356,338.98,2023-05-13,completed
TXN0003946,CRM001449,533.6,2022-07-13,completed
TXN0008934,CRM001086,179.38,2022-09-12,completed
TXN0002233,CRM006026,715.36,2024-02-22,completed
TXN0001505,CRM008619,472.14,2022-09-29,completed
TXN0004655,GHOST00851,357.99,2022-08-06,failed
TXN0009370,GHOST00487,1924.95,2023-04-29,completed
TXN0011283,CRM004711,120.4,2022-10-19,completed
TXN0000909,CRM009637,416.66,2024-02-24,completed
TXN0001768,CRM003085,230.33,2022-12-14,completed
TXN0010713,CRM007213,23.86,2023-01-19,pending
TXN0004638,CRM004891,377.7,2022-07-14,completed
TXN0011113,CRM004509,464.11,2022-01-02,completed
TXN0004787,CRM002320,564.85,2023-06-14,completed
TXN0002578,CRM007415,541.24,2022-09-12,completed
TXN0002427,CRM009590,144.11,2023-08-25,completed
TXN0002866,CRM000421,133.55,2023-06-29,failed
TXN0010151,CRM007680,37.7,2023-12-04,completed
TXN0003075,CRM005768,161.83,2022-10-27,completed
TXN0006719,GHOST00132,705.84,2022-02-18,completed
TXN0009462,CRM003984,145.38,2022-02-17,completed
TXN0010185,CRM003170,105.32,2022-06-19,completed
TXN0007663,CRM004136,36.8,2024-04-09,completed
TXN0001650,CRM003762,431.13,2023-07-31,failed
TXN0006747,GHOST00848,773.31,2024-01-07,completed
TXN0010936,CRM006404,41.46,2022-12-26,completed
TXN0009225,CRM004779,319.15,2023-11-04,failed
TXN0009801,CRM008629,85.71,2022-03-03,completed
TXN0007946,GHOST00792,50.18,2022-02-08,completed
TXN0011031,CRM007410,2838.8,2023-11-28,failed
TXN0001215,CRM000793,55.63,2023-06-12,completed
TXN0008276,CRM009444,494.38,2022-12-28,completed
TXN0008278,CRM008160,103.74,2022-12-15,pending
TXN0007241,CRM002561,152.77,2022-03-09,completed
TXN0007623,CRM006557,144.06,2022-01-16,completed
TXN0007081,CRM002245,751.42,2023-01-22,completed
TXN0004843,CRM008994,636.44,2024-04-19,completed
TXN0007249,CRM002155,506.49,2023-04-26,completed
TXN0009030,CRM008962,6.47,2022-01-30,completed
TXN0002658,CRM004525,105.27,2022-02-06,completed
TXN0002938,CRM003653,235.17,2022-07-10,completed
TXN0004432,CRM001849,87.16,2024-02-17,completed
TXN0009036,CRM007482,192.07,2023-06-17,completed
TXN0002926,CRM001022,332.97,2023-03-01,pending
TXN0010795,CRM006616,76.4,2022-08-14,completed
TXN0008568,CRM007973,2888.18,2022-08-11,refunded
TXN0004227,CRM004288,221.74,2023-03-27,completed
TXN0001748,CRM005129,186.32,2022-02-25,completed
TXN0007439,CRM009583,22.58,2023-03-18,completed
TXN0000128,CRM005630,1696.56,2023-05-30,failed
TXN0006702,GHOST00931,1251.74,2022-03-14,pending
TXN0002012,GHOST00422,1237.14,2022-03-21,refunded
TXN0005847,CRM006862,71.82,2022-04-14,failed
TXN0003036,CRM008045,995.62,2022-08-03,completed
TXN0002491,CRM000032,561.72,2024-04-12,pending
TXN0010402,CRM007028,27.41,2024-04-30,failed
TXN0002414,CRM004499,486.66,2023-08-06,pending
TXN0002319,CRM005350,269.66,2023-09-05,completed
TXN0002961,GHOST00505,372.75,2024-05-24,completed
TXN0010103,CRM006809,79.61,2024-03-05,completed
TXN0005987,CRM002619,190.37,2024-04-13,completed
TXN0010608,GHOST01085,77.7,2023-11-25,completed
TXN0010206,CRM004435,416.78,2023-07-12,completed
TXN0005474,CRM008759,49.52,2023-09-24,failed
TXN0008774,CRM000181,1377.71,2024-02-21,completed
TXN0002992,CRM006250,528.36,2024-03-11,completed
TXN0010763,CRM004747,68.64,2023-01-22,completed
TXN0001951,CRM000552,167.54,2022-03-24,completed
TXN0005093,CRM009388,415.2,2022-07-26,completed
TXN0006856,GHOST00826,201.47,2023-03-12,completed
TXN0000305,CRM004839,1955.55,2022-06-02,completed
TXN0005909,CRM001834,126.73,2023-09-06,pending
TXN0002654,CRM009436,86.39,2024-02-13,completed
TXN0010249,CRM004013,360.11,2023-09-18,completed
TXN0011406,CRM003651,376.99,2023-06-29,completed
TXN0001845,CRM004460,628.86,2023-12-13,completed
TXN0009407,CRM005417,28.12,2023-11-19,completed
TXN0000296,CRM004283,581.83,2022-12-28,completed
TXN0007875,CRM003366,4781.22,2022-03-02,completed
TXN0001818,GHOST01121,392.18,2022-09-01,completed
TXN0009989,CRM001197,2574.04,2022-09-19,completed
TXN0001321,CRM007183,1929.99,2023-04-16,completed
TXN0004662,CRM005369,589.47,2022-11-30,completed
TXN0005442,CRM010163,42.25,2024-05-31,completed
TXN0010332,CRM010138,436.41,2024-01-20,completed
TXN0003232,CRM006805,285.92,2022-09-02,completed
TXN0006079,CRM003598,159.18,2023-05-17,completed
TXN0010659,CRM006241,42.76,2022-05-13,completed
TXN0008639,CRM000308,53.85,2023-08-31,failed
TXN0002657,CRM002020,1018.59,2022-08-12,completed
TXN0008996,CRM004809,28.49,2022-10-11,completed
TXN0000567,CRM008960,109.94,2023-10-16,completed
TXN0002973,CRM008978,291.48,2022-11-01,completed
TXN0008896,CRM009185,663.42,2022-10-23,completed
TXN0010489,CRM002865,250.4,2023-12-21,completed
TXN0011936,GHOST01188,44.37,2022-11-23,completed
TXN0006059,CRM002520,82.88,2023-04-19,completed
TXN0008682,CRM001229,95.02,2022-07-19,completed
TXN0006535,CRM000815,8132.99,2022-12-20,completed
TXN0004460,CRM006748,488.18,2022-08-25,completed
TXN0011362,CRM006704,912.66,2024-05-17,completed
TXN0011064,CRM003667,83.41,2022-10-29,completed
TXN0004735,CRM002584,1356.73,2022-07-26,completed
TXN0005326,CRM007415,93.67,2023-06-23,completed
TXN0008778,CRM002400,249.86,2022-10-26,completed
TXN0003388,CRM002015,1362.97,2023-05-25,refunded
TXN0010774,CRM007214,660.1,2023-01-29,completed
TXN0003085,CRM005140,546.34,2022-08-30,completed
TXN0000098,CRM009353,123.61,2022-12-18,completed
TXN0005742,CRM009913,3331.82,2022-06-13,completed
TXN0006377,CRM009888,186.6,2022-11-11,completed
TXN0008511,CRM006112,233.12,2024-05-18,completed
TXN0011588,CRM003982,422.42,2022-04-08,failed
TXN0009873,CRM009970,370.04,2023-11-01,completed
TXN0005927,CRM002218,1000.26,2022-12-07,completed
TXN0001341,CRM008849,948.71,2023-10-19,completed
TXN0002478,CRM009640,432.34,2023-07-19,completed
TXN0006156,CRM001664,252.79,2023-01-14,refunded
TXN0003037,CRM003457,116.37,2024-02-29,completed
TXN0005328,CRM008791,221.17,2023-09-10,completed
TXN0009782,CRM000169,125.71,2022-12-04,pending
TXN0007651,CRM004380,155.06,2022-06-24,failed
TXN0006920,CRM009258,185.7,2024-02-02,completed
TXN0011300,CRM006270,8.76,2022-04-24,pending
TXN0007492,CRM001792,184.73,2022-03-26,completed
TXN0008336,CRM003707,100.39,2023-05-25,completed
TXN0008079,CRM001269,737.04,2023-12-17,completed
TXN0009622,CRM006647,86.47,2024-05-11,completed
TXN0007549,CRM007682,78.02,2023-09-11,pending
TXN0002594,CRM002290,514.23,2023-12-15,completed
TXN0003894,GHOST01090,341.06,2023-02-28,completed
TXN0004966,CRM002440,80.98,2022-12-01,completed
TXN0004091,CRM009062,524.28,2024-01-12,completed
TXN0002608,GHOST01168,305.69,2022-11-08,completed
TXN0009714,CRM006206,401.08,2022-01-20,completed
TXN0006906,CRM003695,272.59,2024-06-20,completed
TXN0000482,CRM009477,228.35,2023-12-08,completed
TXN0009996,CRM006948,985.44,2024-02-26,completed
TXN0010511,CRM009774,294.57,2022-07-24,completed
TXN0007658,CRM002215,248.54,2022-04-28,refunded
TXN0000111,CRM003268,200.56,2022-11-26,completed
TXN0002943,CRM005980,215.18,2023-10-17,completed
TXN0010803,CRM001167,173.75,2023-06-13,failed
TXN0007924,CRM006894,895.06,2023-05-07,completed
TXN0007394,CRM001949,288.82,2023-09-22,refunded
TXN0000424,CRM005067,84.24,2023-04-03,completed
TXN0006627,CRM001313,122.61,2024-05-22,pending
TXN0007276,CRM002397,307.13,2024-03-06,pending
TXN0010344,CRM009708,55.27,2022-10-16,completed
TXN0008176,CRM001819,100.6,2023-11-11,completed
TXN0003487,CRM007011,513.5,2022-11-06,refunded
TXN0004208,CRM009303,627.02,2023-06-15,completed
TXN0009464,CRM000287,333.75,2024-05-25,completed
TXN0002885,CRM000296,196.67,2022-04-10,refunded
TXN0008792,CRM006781,659.89,2023-10-07,refunded
TXN0007839,CRM004218,68.0,2024-03-09,completed
TXN0004124,CRM001393,252.76,2023-12-06,completed
TXN0005794,CRM010065,504.3,2024-03-16,failed
TXN0004175,CRM002290,207.95,2022-06-04,completed
TXN0009671,CRM009226,707.53,2023-12-09,pending
TXN0008997,CRM007129,364.88,2022-11-12,failed
TXN0001922,CRM006436,343.57,2023-10-12,completed
TXN0002952,CRM007297,6552.49,2023-03-04,completed
TXN0009240,CRM003761,617.84,2022-12-29,completed
TXN0009953,CRM007177,274.94,2024-01-12,completed
TXN0009374,CRM006030,35.15,2022-04-10,pending
TXN0004988,CRM001871,136.28,2023-07-01,completed
TXN0008846,CRM007372,245.32,2024-01-05,pending
TXN0000031,GHOST01074,240.42,2024-06-23,completed
TXN0004530,CRM007114,715.99,2024-01-03,completed
TXN0010996,CRM001826,681.19,2024-03-27,completed
TXN0010744,CRM007767,2806.17,2024-01-10,completed
TXN0000586,CRM004446,178.62,2022-07-27,completed
TXN0007008,CRM006912,91.89,2023-05-31,completed
TXN0005492,GHOST00439,462.03,2022-04-12,pending
TXN0001282,CRM004793,4175.46,2024-02-12,completed
TXN0009221,CRM006773,236.15,2024-01-08,refunded
TXN0011884,CRM008799,38.06,2024-03-18,completed
TXN0001509,CRM005205,1427.98,2024-01-14,completed
TXN0000921,CRM004980,400.58,2022-11-22,pending
TXN0001895,CRM007540,471.64,2022-10-05,completed
TXN0000326,CRM003156,167.2,2023-02-02,pending
TXN0000113,CRM002420,35.75,2022-10-18,completed
TXN0006980,CRM008604,702.61,2024-04-27,failed
TXN0003076,CRM004397,185.27,2023-03-30,completed
TXN0003098,GHOST00608,662.93,2022-09-18,completed
TXN0009198,CRM000269,1378.31,2022-04-03,completed
TXN0011260,CRM003275,1503.89,2022-06-10,refunded
TXN0011970,CRM000975,569.48,2024-05-03,completed
TXN0003352,CRM001085,1624.84,2022-07-13,completed
TXN0002683,GHOST00745,292.85,2024-06-17,failed
TXN0002699,CRM002677,150.68,2024-05-19,completed
TXN0004491,CRM009533,268.01,2023-03-24,completed
TXN0007349,CRM007726,22.38,2023-09-22,pending
TXN0005846,CRM004526,109.13,2023-02-20,completed
TXN0002606,CRM004847,26.73,2024-03-14,completed
TXN0002842,CRM003064,35.61,2023-12-31,completed
TXN0005735,CRM008002,212.63,2023-04-27,completed
TXN0010706,CRM009113,3000.07,2022-05-02,completed
TXN0009698,CRM006213,114.17,2022-01-29,failed
TXN0008410,CRM006427,84.76,2022-06-29,failed
TXN0010750,CRM004538,707.0,2023-12-27,completed
TXN0001004,CRM008080,65.19,2023-05-10,pending
TXN0003955,CRM005322,150.15,2023-11-22,completed
TXN0008351,CRM002609,436.41,2023-10-02,completed
TXN0006972,CRM006944,208.99,2024-04-16,pending
TXN0007927,CRM004259,147.16,2023-12-21,completed
TXN0004769,CRM003371,201.06,2022-02-09,completed
TXN0007585,CRM007564,204.55,2022-01-29,completed
TXN0009267,CRM000435,442.75,2024-02-20,refunded
TXN0001419,CRM003516,399.31,2023-03-24,completed
TXN0003069,CRM001253,1077.52,2023-07-15,completed
TXN0005384,CRM009168,279.94,2023-03-22,completed
TXN0003718,CRM005814,63.34,2024-05-04,completed
TXN0005399,GHOST01042,179.72,2022-08-15,completed
TXN0000011,CRM007782,1219.2,2024-04-16,completed
TXN0008597,CRM000717,158.2,2022-09-22,completed
TXN0002460,GHOST00877,49.43,2022-04-12,completed
TXN0004166,CRM005391,3444.68,2023-10-23,completed
TXN0009889,CRM009266,117.18,2023-04-21,completed
TXN0005964,CRM006903,623.91,2024-04-12,completed
TXN0004425,CRM002275,407.45,2023-05-02,completed
TXN0000742,CRM001422,254.09,2023-12-19,pending
TXN0006994,CRM007630,347.85,2023-01-18,completed
TXN0007441,CRM007481,35.82,2023-12-13,completed
TXN0004549,GHOST00161,197.05,2022-10-30,completed
TXN0000759,CRM006271,172.47,2023-11-06,completed
TXN0004823,GHOST00805,1220.7,2022-10-20,failed
TXN0011870,CRM008086,127.34,2024-02-02,completed
TXN0007227,CRM000205,82.11,2023-04-23,completed
TXN0002204,GHOST00634,204.66,2022-01-14,completed
TXN0004352,CRM007065,139.27,2024-06-08,completed
TXN0006871,CRM006335,,2024-05-21,pending
TXN0000938,CRM010270,1409.37,2023-05-05,completed
TXN0004588,GHOST00960,173.98,2022-02-04,completed
TXN0000511,CRM004295,176.77,2023-05-18,pending
TXN0009341,CRM010235,86.64,2024-05-01,refunded
TXN0005389,CRM005575,301.56,2024-03-22,pending
TXN0009214,GHOST00121,28.77,2022-07-06,completed
TXN0006977,GHOST00988,137.69,2022-02-10,pending
TXN0001242,CRM010185,401.41,2022-02-09,completed
TXN0006714,CRM006755,166.88,2023-09-06,completed
TXN0008057,CRM009445,3819.45,2023-09-25,completed
TXN0006489,CRM004306,175.22,2023-11-23,completed
TXN0001230,CRM007121,797.72,2023-04-19,completed
TXN0006366,GHOST00537,168.42,2023-04-05,completed
TXN0005506,CRM010309,351.61,2024-06-19,completed
TXN0000198,CRM005501,143.98,2023-12-09,failed
TXN0008192,CRM004270,162.77,2023-08-18,completed
TXN0010553,CRM006331,639.07,2022-11-27,completed
TXN0004612,CRM003325,152.67,2023-09-22,failed
TXN0008458,CRM001760,66.64,2024-05-17,completed
TXN0000298,CRM004835,169.42,2024-04-15,completed
TXN0003115,CRM007419,222.07,2023-07-16,completed
TXN0003407,CRM006486,63.25,2023-02-08,refunded
TXN0003702,CRM008728,28.83,2022-10-10,completed
TXN0008082,CRM006710,45.32,2023-08-20,pending
TXN0003286,CRM000485,158.13,2023-05-21,pending
TXN0000399,GHOST00443,261.67,2024-01-22,completed
TXN0000862,GHOST00761,,2022-03-15,completed
TXN0003790,CRM001465,328.92,2023-05-12,completed
TXN0007429,CRM006159,498.04,2023-01-27,pending
TXN0000289,CRM004800,109.83,2023-02-01,pending
TXN0008685,CRM006249,799.38,2023-12-22,completed
TXN0004527,CRM002567,253.03,2022-11-08,pending
TXN0009865,CRM007286,326.11,2024-01-20,completed
TXN0009981,CRM006426,53.45,2022-01-17,completed
TXN0001146,CRM006954,409.19,2023-12-30,completed
TXN0011219,CRM010274,346.49,2023-11-06,completed
TXN0011651,CRM002066,110.05,2022-05-17,completed
TXN0010237,CRM003146,714.81,2023-12-09,completed
TXN0010052,GHOST01052,1000.09,2022-06-22,completed
TXN0003409,CRM007612,33.84,2023-02-12,completed
TXN0002513,CRM003334,837.55,2023-09-07,completed
TXN0007112,CRM003501,262.86,2024-01-20,completed
TXN0000275,GHOST00040,254.64,2024-01-25,completed
TXN0004445,CRM009810,805.36,2023-03-28,completed
TXN0005959,CRM007234,115.76,2022-02-01,completed
TXN0006250,CRM005468,65.0,2022-03-10,completed
TXN0011824,CRM001576,644.58,2024-03-15,completed
TXN0003273,CRM004640,49.84,2022-08-24,pending
TXN0005514,CRM008771,133.92,2023-10-25,completed
TXN0005015,CRM009266,466.56,2023-05-09,completed
TXN0008326,CRM010409,135.46,2024-04-23,completed
TXN0010681,CRM006876,280.54,2023-08-17,completed
TXN0001425,CRM005272,174.99,2022-04-07,completed
TXN0010016,CRM010392,205.59,2023-12-07,completed
TXN0009643,CRM000671,81.72,2024-03-20,pending
TXN0000429,CRM006662,641.89,2022-11-12,completed
TXN0003111,CRM003312,1293.33,2023-08-25,completed
TXN0005647,CRM009880,515.14,2022-09-29,completed
TXN0002022,CRM004092,1830.57,2022-11-07,completed
TXN0000641,CRM009938,263.68,2024-05-26,pending
TXN0001761,CRM008561,184.1,2023-09-15,pending
TXN0006380,CRM000049,133.22,2024-03-07,failed
TXN0003541,CRM004825,236.9,2023-08-19,completed
TXN0006703,CRM002934,2541.05,2022-06-09,completed
TXN0002775,CRM009179,100.24,2022-07-01,failed
TXN0006361,CRM010472,597.75,2022-07-31,completed
TXN0008936,CRM003531,178.24,2023-05-24,completed
TXN0010096,GHOST00010,263.7,2022-02-06,completed
TXN0009778,GHOST00701,325.24,2024-04-11,completed
TXN0001225,CRM001110,630.99,2023-12-20,completed
TXN0009318,CRM003022,185.72,2022-08-25,completed
TXN0006097,CRM007297,22.59,2023-12-28,completed
TXN0006352,CRM007858,118.87,2023-05-31,pending
TXN0005250,CRM003309,1950.25,2023-12-06,pending
TXN0005495,CRM005150,44.91,2023-02-26,completed
TXN0004068,CRM008133,57.11,2023-09-26,completed
TXN0006374,CRM004589,38.2,2022-12-28,completed
TXN0001557,GHOST00473,499.31,2023-06-29,completed
TXN0011965,CRM004357,93.78,2023-08-25,completed
TXN0010594,CRM003501,1983.21,2022-02-08,pending
TXN0008724,CRM001620,354.89,2023-01-25,completed
TXN0009389,CRM001372,236.06,2024-02-27,completed
TXN0008947,CRM009970,311.01,2023-06-26,completed
TXN0009964,CRM006948,199.24,2024-04-01,completed
TXN0011931,GHOST00467,127.67,2024-04-10,failed
TXN0000819,CRM010073,407.21,2023-07-20,completed
TXN0000754,CRM009005,288.32,2023-06-14,completed
TXN0008021,CRM009762,214.58,2023-11-18,completed
TXN0005042,CRM001913,631.57,2024-01-09,completed
TXN0003156,CRM000380,626.79,2023-03-31,completed
TXN0011707,CRM009821,83.63,2022-09-07,completed
TXN0003799,CRM005905,439.55,2022-10-17,completed
TXN0001804,CRM003461,305.18,2023-11-29,completed
TXN0007785,CRM005963,76.88,2022-01-29,completed
TXN0005555,CRM000751,124.44,2023-08-11,completed
TXN0010114,CRM005554,173.98,2022-04-21,refunded
TXN0011937,GHOST01047,1791.93,2024-05-28,completed
TXN0002748,CRM009997,232.87,2022-06-28,completed
TXN0001234,CRM004758,,2022-07-01,completed
TXN0009870,CRM005965,461.07,2023-07-28,completed
TXN0005833,CRM004842,171.23,2022-06-06,completed
TXN0005918,GHOST00272,30.87,2023-09-25,failed
TXN0005490,CRM010458,596.46,2024-05-18,pending
TXN0011467,CRM000419,431.05,2022-02-20,completed
TXN0001949,GHOST00533,516.84,2023-09-13,completed
TXN0005347,GHOST01171,298.16,2024-03-22,completed
TXN0006589,CRM007443,124.12,2024-04-21,completed
TXN0000034,CRM006926,77.85,2022-01-14,completed
TXN0008149,CRM009318,292.68,2023-05-23,completed
TXN0011932,CRM005539,1132.35,2022-07-17,completed
TXN0003641,CRM008263,103.25,2023-08-15,completed
TXN0002953,CRM009560,1239.14,2023-09-17,completed
TXN0010470,CRM007631,152.42,2023-02-19,completed
TXN0006172,CRM004616,3772.13,2024-01-08,completed
TXN0008761,CRM003920,516.22,2024-05-29,completed
TXN0011565,CRM010093,1095.77,2023-01-28,completed
TXN0007659,GHOST00122,534.53,2023-11-23,pending
TXN0005158,CRM004770,,2023-09-26,completed
TXN0008598,CRM008455,464.93,2023-02-17,completed
TXN0003967,CRM005973,2519.5,2022-01-22,completed
TXN0006609,CRM004444,532.68,2024-03-01,completed
TXN0009038,CRM004165,2971.78,2023-10-06,completed
TXN0004830,CRM010108,159.14,2023-10-21,completed
TXN0004922,CRM003955,223.95,2024-03-22,completed
TXN0001537,CRM000101,674.18,2023-02-06,completed
TXN0000626,CRM007579,595.25,2022-07-13,failed
TXN0003533,CRM000220,156.56,2022-04-10,completed
TXN0011957,CRM008429,45.69,2022-09-29,pending
TXN0001585,CRM001016,1108.08,2023-05-28,failed
TXN0005534,CRM007836,,2023-02-17,completed
TXN0002680,CRM004414,335.71,2024-01-17,pending
TXN0003947,CRM008192,219.72,2024-06-04,refunded
TXN0011885,CRM010496,146.69,2023-08-17,completed
TXN0009490,CRM001036,159.57,2022-08-03,completed
TXN0001370,CRM008844,394.03,2024-01-16,completed
TXN0006103,CRM008286,398.08,2024-04-03,completed
TXN0000986,CRM005338,211.95,2022-02-23,completed
TXN0005584,CRM006859,82.73,2022-05-07,completed
TXN0003190,CRM008650,298.56,2022-02-09,completed
TXN0006748,GHOST00413,12.98,2022-01-28,completed
TXN0003880,CRM007265,240.79,2024-06-10,completed
TXN0005193,CRM006657,1106.97,2023-09-11,completed
TXN0001716,CRM005717,237.79,2023-10-01,completed
TXN0001058,CRM008855,945.42,2022-05-03,completed
TXN0004502,CRM005970,220.89,2023-04-30,refunded
TXN0002701,CRM010366,824.72,2023-03-27,failed
TXN0001284,CRM010001,214.36,2023-07-13,completed
TXN0000676,CRM002300,436.23,2023-10-02,completed
TXN0000644,GHOST00437,70.09,2024-02-07,completed
TXN0011115,CRM002993,522.64,2022-07-01,completed
TXN0003408,CRM009847,190.42,2022-04-22,completed
TXN0002266,GHOST00193,1011.59,2023-09-13,completed
TXN0003719,CRM003371,25.01,2024-02-16,completed
TXN0008879,CRM007193,280.06,2022-09-10,completed
TXN0007217,CRM007581,1719.91,2022-01-24,completed
TXN0011254,CRM009585,117.88,2023-06-10,completed
TXN0009353,CRM000832,36.47,2022-05-16,pending
TXN0002836,CRM010434,167.24,2023-05-17,completed
TXN0002703,CRM009143,277.68,2023-06-20,completed
TXN0006918,CRM009686,193.02,2022-01-17,pending
TXN0006599,CRM005608,681.25,2024-03-10,completed
TXN0004157,CRM009452,413.52,2023-03-07,pending
TXN0001805,GHOST00166,591.68,2022-01-14,completed
TXN0005116,CRM005639,2773.77,2022-09-11,pending
TXN0006348,CRM008842,104.02,2023-05-26,completed
TXN0002528,GHOST00277,96.51,2022-01-10,completed
TXN0004288,CRM007467,74.68,2023-10-19,pending
TXN0003555,CRM000684,832.61,2024-04-06,completed
TXN0000080,CRM001880,223.91,2024-04-28,completed
TXN0010693,CRM001016,5797.97,2022-05-04,completed
TXN0010305,CRM001635,1725.24,2024-03-21,completed
TXN0011344,CRM006775,264.8,2022-07-13,failed
TXN0006397,CRM000839,526.57,2023-06-17,completed
TXN0008403,CRM007993,171.9,2022-03-17,completed
TXN0002327,CRM007913,111.31,2022-03-15,completed
TXN0001835,CRM002581,224.84,2023-02-15,completed
TXN0002711,CRM000941,54.13,2024-02-26,completed
TXN0000097,CRM009443,250.74,2023-04-09,pending
TXN0006575,CRM001952,323.71,2024-02-14,completed
TXN0008281,CRM006951,613.72,2023-08-01,refunded
TXN0010062,CRM007047,42.49,2023-07-29,pending
TXN0000737,CRM003833,836.52,2022-07-25,completed
TXN0001109,CRM007532,218.94,2023-04-11,refunded
TXN0009985,CRM004793,233.44,2023-11-14,completed
TXN0005594,CRM006352,64.02,2022-02-11,completed
TXN0008719,CRM003621,96.44,2022-01-02,completed
TXN0002077,CRM004827,309.38,2022-11-26,completed
TXN0001945,CRM009079,55.98,2023-12-16,completed
TXN0006898,CRM004734,499.4,2024-03-21,completed
TXN0011030,CRM002725,171.04,2024-01-04,pending
TXN0003039,CRM001152,655.34,2022-03-10,completed
TXN0001539,CRM009002,330.99,2023-02-01,failed
TXN0005168,CRM004542,348.78,2022-04-18,completed
TXN0006577,CRM009945,275.34,2023-01-25,completed
TXN0007943,CRM009796,177.64,2024-01-19,pending
TXN0009539,GHOST00776,2160.39,2023-11-04,completed
TXN0003302,CRM003490,316.7,2023-11-15,completed
TXN0004908,GHOST00236,613.96,2022-08-16,completed
TXN0010192,CRM008452,212.43,2023-04-18,completed
TXN0001488,CRM006794,584.26,2024-01-21,completed
TXN0001270,CRM009863,607.72,2023-03-01,completed
TXN0000192,CRM007734,111.8,2023-09-05,completed
TXN0004393,CRM002900,58.74,2022-05-02,refunded
TXN0002536,CRM001502,660.61,2022-05-26,refunded
TXN0011659,CRM006946,151.22,2022-12-02,completed
TXN0011517,CRM008262,255.17,2023-10-30,completed
TXN0006686,CRM001187,51.46,2023-01-27,failed
TXN0001335,CRM001262,195.21,2022-06-29,completed
TXN0009044,CRM005523,167.68,2023-02-03,pending
TXN0009359,CRM003205,4.61,2023-02-03,failed
TXN0004440,CRM004461,133.48,2024-04-28,completed
TXN0000463,CRM001782,160.46,2022-07-24,completed
TXN0011326,CRM002544,9.66,2022-05-30,completed
TXN0005867,CRM006903,190.09,2023-09-05,completed
TXN0007157,CRM000230,344.75,2022-01-18,completed
TXN0008227,CRM002532,301.5,2024-05-01,failed
TXN0007070,CRM003692,62.41,2023-01-29,completed
TXN0000392,CRM009590,1184.83,2023-03-30,completed
TXN0005425,CRM004200,233.09,2024-06-03,completed
TXN0001190,CRM002457,326.84,2024-05-26,refunded
TXN0003738,CRM008545,286.65,2024-03-04,completed
TXN0005192,GHOST00071,73.06,2024-02-11,completed
TXN0005538,CRM000529,198.69,2024-04-01,failed
TXN0001787,CRM004343,2179.73,2024-02-23,completed
TXN0007087,CRM000265,124.99,2022-11-09,completed
TXN0008610,CRM002985,351.53,2024-01-17,completed
TXN0002496,CRM009321,164.94,2022-02-26,failed
TXN0001290,CRM000442,544.94,2023-01-24,completed
TXN0004415,CRM008746,642.18,2022-02-14,completed
TXN0003204,CRM003435,341.71,2022-07-16,pending
TXN0002574,CRM004915,300.01,2023-02-05,completed
TXN0007529,CRM001409,242.72,2023-02-02,completed
TXN0010232,CRM009156,407.75,2022-04-28,completed
TXN0003959,CRM001858,624.53,2023-04-24,completed
TXN0008175,GHOST00340,995.26,2024-05-17,completed
TXN0006304,CRM009879,114.55,2023-08-16,completed
TXN0004101,CRM006366,200.35,2022-06-09,completed
TXN0003326,CRM005010,997.92,2022-11-05,completed
TXN0002258,CRM005510,248.87,2023-02-09,completed
TXN0008251,CRM007023,313.8,2022-11-24,completed
TXN0011627,GHOST00203,59.91,2022-04-22,completed
TXN0005823,CRM004425,169.69,2022-06-30,pending
TXN0003652,CRM002631,128.82,2023-12-17,completed
TXN0009841,GHOST00662,977.26,2022-04-30,completed
TXN0007709,CRM008087,177.97,2023-02-09,completed
TXN0011947,CRM002956,285.88,2023-11-15,failed
TXN0006891,CRM004971,624.07,2022-03-13,completed
TXN0000547,GHOST00087,306.78,2023-06-15,completed
TXN0011736,CRM002726,146.32,2024-01-07,completed
TXN0002783,CRM002986,120.49,2023-12-30,completed
TXN0011971,CRM008256,216.84,2023-06-19,refunded
TXN0003119,GHOST00528,193.46,2022-04-01,completed
TXN0005298,CRM007416,2685.34,2024-03-19,completed
TXN0003110,GHOST00879,54.35,2023-10-08,completed
TXN0008539,CRM000063,68.25,2022-09-11,completed
TXN0006010,CRM001971,,2022-08-23,completed
TXN0011166,CRM002926,598.08,2023-10-16,completed
TXN0011103,CRM005790,266.92,2022-11-14,completed
TXN0004835,CRM005423,59.24,2024-05-09,completed
TXN0006650,CRM003215,49.41,2022-06-19,completed
TXN0000149,CRM006229,916.12,2023-12-20,completed
TXN0008964,CRM004229,148.38,2023-11-08,completed
TXN0011879,CRM000754,139.66,2022-07-03,pending
TXN0004565,CRM002410,151.7,2022-12-14,completed
TXN0002563,CRM004010,591.2,2023-04-21,pending
TXN0005929,CRM002533,1246.16,2024-01-07,completed
TXN0003558,CRM005391,825.46,2023-09-02,completed
TXN0006212,CRM006220,201.75,2022-04-18,pending
TXN0011460,CRM003165,336.87,2022-09-22,pending
TXN0006715,CRM006258,183.04,2023-03-30,refunded
TXN0004172,CRM001259,153.37,2023-09-09,completed
TXN0011202,CRM005310,96.8,2024-03-15,completed
TXN0004033,CRM004530,1108.93,2023-05-26,completed
TXN0000812,CRM008611,160.93,2023-07-04,failed
TXN0002746,CRM000412,309.32,2023-09-20,completed
TXN0007280,CRM005220,91.0,2023-09-09,pending
TXN0004526,CRM007651,205.2,2024-01-01,completed
TXN0005507,CRM004962,707.1,2022-05-16,completed
TXN0002092,CRM000418,70.0,2024-06-28,completed
TXN0009361,CRM010326,,2024-06-20,completed
TXN0008034,CRM009467,68.16,2023-04-15,completed
TXN0009565,CRM008853,661.95,2022-08-03,completed
TXN0003405,CRM006900,224.12,2023-06-22,completed
TXN0004603,CRM010445,48.08,2022-09-03,completed
TXN0000444,CRM007209,156.96,2023-05-15,completed
TXN0007523,CRM001207,162.77,2023-11-18,completed
TXN0001840,CRM005628,122.54,2023-05-10,refunded
TXN0005878,CRM003211,342.0,2024-05-13,completed
TXN0008775,CRM004887,207.03,2022-03-10,completed
TXN0009548,CRM002890,295.83,2022-09-10,completed
TXN0000360,CRM000954,306.22,2023-03-19,failed
TXN0003471,CRM000574,1236.02,2023-01-01,completed
TXN0011422,CRM008056,1106.0,2023-04-02,pending
TXN0000045,CRM008657,185.31,2023-01-07,completed
TXN0003887,CRM005582,1267.01,2023-03-22,completed
TXN0001012,CRM010170,469.09,2023-05-14,completed
TXN0002382,CRM004667,398.63,2022-01-18,completed
TXN0005825,CRM005801,430.77,2022-06-01,completed
TXN0007398,CRM009530,82.4,2023-04-15,failed
TXN0005489,GHOST00140,296.59,2024-03-05,completed
TXN0002848,GHOST00360,310.74,2022-04-16,failed
TXN0007793,CRM009295,514.87,2023-08-11,refunded
TXN0003716,CRM007585,614.91,2023-02-16,pending
TXN0005211,CRM005634,813.65,2022-07-26,completed
TXN0003796,CRM004966,74.38,2024-01-06,completed
TXN0010782,CRM009694,196.22,2023-12-14,completed
TXN0000945,CRM003731,641.18,2023-09-18,pending
TXN0005182,CRM003481,10.14,2023-11-05,refunded
TXN0008717,CRM001251,804.26,2024-03-05,pending
TXN0007026,CRM001641,651.67,2024-02-06,completed
TXN0008424,CRM002948,1809.62,2024-04-09,completed
TXN0001672,CRM006319,127.79,2022-07-17,completed
TXN0011658,CRM005020,246.66,2022-08-13,completed
TXN0003815,CRM004005,26.09,2023-10-21,completed
TXN0008139,CRM004153,192.65,2024-02-03,completed
TXN0007719,CRM007427,3689.83,2022-01-11,completed
TXN0001893,GHOST00574,618.19,2022-03-14,failed
TXN0005365,CRM000104,952.85,2023-05-06,completed
TXN0008847,CRM001605,154.1,2023-12-21,completed
TXN0003129,CRM002639,209.67,2022-01-09,completed
TXN0008823,CRM003828,183.11,2022-11-01,completed
TXN0000806,CRM009061,507.64,2022-01-15,completed
TXN0004962,GHOST00868,308.21,2023-10-31,completed
TXN0001191,CRM000324,184.63,2022-01-11,completed
TXN0001588,CRM002390,368.08,2022-03-26,completed
TXN0004145,CRM001362,564.57,2024-01-07,completed
TXN0005160,CRM009811,211.11,2023-03-16,completed
TXN0007813,CRM001746,66.13,2022-07-12,completed
TXN0010652,CRM008990,149.77,2022-03-30,completed
TXN0011952,CRM005442,,2022-10-08,completed
TXN0007465,CRM009160,251.16,2022-07-06,failed
TXN0002471,CRM010354,3071.99,2022-12-29,completed
TXN0005972,CRM008202,242.23,2023-12-04,completed
TXN0002854,CRM002511,103.44,2024-06-16,completed
TXN0004836,CRM002250,1007.37,2024-04-12,completed
TXN0004904,CRM000565,118.05,2024-03-20,pending
TXN0002217,CRM004117,138.29,2022-03-13,completed
TXN0003244,CRM004516,50.83,2023-06-17,completed
TXN0004274,CRM009358,54.12,2023-10-18,completed
TXN0007258,CRM001935,76.54,2023-10-27,completed
TXN0008181,CRM001947,,2022-04-27,completed
TXN0003811,CRM010376,247.42,2023-01-24,failed
TXN0010555,CRM006698,74.54,2023-11-14,completed
TXN0008081,CRM006773,289.61,2024-03-25,failed
TXN0007012,CRM010192,129.66,2023-10-04,pending
TXN0006553,CRM000208,202.79,2022-10-17,completed
TXN0007305,CRM010379,475.18,2023-05-09,completed
TXN0009983,CRM005155,108.58,2023-04-13,failed
TXN0002869,CRM004440,185.95,2022-04-28,completed
TXN0009058,CRM002734,24.68,2023-03-24,completed
TXN0009844,GHOST00394,165.98,2023-09-22,failed
TXN0011438,CRM009283,86.65,2023-07-29,completed
TXN0010963,CRM006874,554.8,2022-12-12,completed
TXN0001790,GHOST01022,739.9,2022-06-22,completed
TXN0007199,CRM001472,67.3,2023-07-24,pending
TXN0008167,CRM005152,1106.9,2023-04-28,pending
TXN0010283,CRM003334,5387.56,2022-11-01,completed
TXN0003235,CRM010393,72.14,2023-12-06,failed
TXN0001930,CRM006896,1958.96,2022-02-17,completed
TXN0005459,CRM000773,84.06,2023-10-02,completed
TXN0002278,CRM009853,90.98,2024-02-09,completed
TXN0010306,CRM004622,257.17,2024-02-17,completed
TXN0008757,CRM009743,1882.34,2022-10-05,completed
TXN0009245,CRM008563,162.0,2023-07-11,completed
TXN0010991,CRM000040,793.44,2024-03-29,completed
TXN0011674,CRM002809,5440.38,2022-11-28,completed
TXN0003509,CRM008364,301.97,2023-02-15,pending
TXN0004477,CRM007192,658.24,2022-01-29,completed
TXN0002169,CRM002186,1.15,2022-01-09,refunded
TXN0010952,CRM007562,1249.64,2022-10-16,pending
TXN0009350,CRM003140,212.36,2024-03-20,failed
TXN0006255,CRM001817,54.06,2022-08-06,completed
TXN0007185,CRM006110,140.48,2024-05-10,completed
TXN0000585,CRM005707,938.41,2023-06-20,completed
TXN0011019,CRM004813,721.46,2023-05-30,completed
TXN0010143,CRM004983,91.92,2024-03-19,completed
TXN0002437,CRM005610,852.42,2022-02-08,completed
TXN0009428,CRM009670,161.37,2023-10-21,completed
TXN0011385,GHOST00755,268.12,2023-03-14,completed
TXN0010506,CRM003354,116.05,2023-03-10,completed
TXN0000454,CRM006665,106.5,2023-02-15,completed
TXN0002080,CRM000826,200.56,2022-06-03,pending
TXN0010307,CRM000384,853.02,2023-04-14,completed
TXN0008624,CRM005327,273.15,2022-06-30,completed
TXN0005297,CRM008856,500.65,2024-04-04,completed
TXN0004265,CRM000343,105.67,2024-02-06,completed
TXN0004087,CRM000053,53.45,2023-07-20,completed
TXN0004419,CRM002107,78.04,2023-10-22,completed
TXN0005874,CRM010439,1134.72,2023-08-03,completed
TXN0007687,CRM002605,227.31,2024-06-12,completed
TXN0001261,GHOST00148,276.97,2022-02-09,pending
TXN0009767,CRM006991,,2024-06-21,completed
TXN0002664,CRM004195,2569.71,2022-02-24,completed
TXN0004768,CRM009245,138.36,2022-12-18,completed
TXN0010295,CRM005947,713.73,2023-08-10,completed
TXN0002765,CRM008842,149.14,2022-08-16,completed
TXN0000038,CRM008709,336.0,2023-05-28,completed
TXN0004405,CRM008461,761.25,2023-03-03,completed
TXN0009163,CRM005825,1019.14,2022-02-15,completed
TXN0002316,CRM006105,195.78,2023-11-30,completed
TXN0006526,CRM009994,172.14,2022-06-13,completed
TXN0007101,CRM004855,131.19,2023-03-17,completed
TXN0008339,GHOST00431,164.71,2023-05-30,completed
TXN0006739,CRM007151,265.94,2023-02-09,completed
TXN0005303,CRM003812,1486.15,2023-09-28,completed
TXN0011638,CRM002125,501.94,2022-09-12,completed
TXN0010672,CRM008111,1836.95,2024-06-16,completed
TXN0009184,CRM007092,473.25,2024-06-15,completed
TXN0007845,CRM000994,99.48,2023-06-24,completed
TXN0011048,GHOST00965,1029.45,2023-08-20,completed
TXN0003017,CRM000421,37.98,2022-11-29,completed
TXN0003380,CRM001526,205.86,2022-11-19,completed
TXN0001404,GHOST00961,56.24,2023-10-16,failed
TXN0011141,CRM009470,216.72,2023-10-17,completed
TXN0007152,CRM002850,246.37,2022-10-19,completed
TXN0000501,CRM003721,308.58,2023-08-14,completed
TXN0005761,GHOST00498,320.76,2022-05-25,completed
TXN0007779,CRM000829,77.1,2024-06-15,completed
TXN0003171,CRM003195,303.04,2022-05-10,completed
TXN0008977,CRM001760,94.24,2023-02-25,completed
TXN0009819,CRM004391,439.7,2022-04-19,pending
TXN0007350,CRM006094,561.49,2023-03-02,completed
TXN0000658,CRM008205,105.8,2023-04-05,pending
TXN0008115,CRM009253,12.18,2023-11-12,refunded
TXN0007840,CRM007392,2255.73,2022-12-19,completed
TXN0004121,CRM004270,368.09,2022-09-02,completed
TXN0006532,CRM000460,226.22,2023-03-15,completed
TXN0009238,CRM000180,986.13,2023-01-08,completed
TXN0004210,CRM002922,110.21,2022-03-18,completed
TXN0005715,CRM003313,71.06,2023-09-11,pending
TXN0006985,CRM000741,987.2,2024-03-24,completed
TXN0008085,CRM005281,911.86,2022-10-15,completed
TXN0006604,CRM005784,99.87,2024-03-12,refunded
TXN0000174,CRM008429,88.48,2024-06-10,refunded
TXN0001975,CRM000889,785.16,2022-04-17,failed
TXN0006504,CRM009107,288.59,2023-10-18,completed
TXN0006829,CRM001948,259.59,2024-05-14,completed
TXN0008925,CRM006991,215.61,2024-06-25,completed
TXN0005650,CRM008095,100.15,2023-08-15,refunded
TXN0010674,CRM004277,40.27,2022-10-01,completed
TXN0006460,CRM010196,262.86,2023-11-26,completed
TXN0011370,CRM006579,789.93,2022-07-30,completed
TXN0000826,CRM004047,768.55,2022-11-18,refunded
TXN0002202,CRM007458,104.96,2023-04-23,completed
TXN0010388,CRM003558,403.2,2024-01-15,completed
TXN0003101,CRM002584,135.62,2023-05-10,completed
TXN0000766,CRM004012,475.41,2022-04-22,completed
TXN0006947,CRM006847,259.0,2022-10-29,completed
TXN0005413,CRM005258,733.09,2023-07-23,completed
TXN0007144,CRM001521,640.65,2022-06-11,completed
TXN0006838,CRM003368,206.23,2023-12-11,completed
TXN0003400,CRM010115,76.6,2022-08-03,refunded
TXN0011437,CRM005883,4540.82,2024-06-05,completed
TXN0009289,CRM001172,95.33,2022-04-16,completed
TXN0011038,CRM004164,192.35,2022-05-05,completed
TXN0005568,CRM006791,205.71,2023-10-20,completed
TXN0004206,CRM007245,738.76,2023-09-06,completed
TXN0002549,CRM003606,159.28,2023-08-13,completed
TXN0000739,CRM003498,365.42,2024-01-07,completed
TXN0003127,CRM010378,53.7,2023-07-21,failed
TXN0009806,CRM004081,269.85,2022-10-23,completed
TXN0006368,GHOST00195,146.45,2022-12-20,refunded
TXN0004738,CRM005671,241.52,2022-12-02,completed
TXN0006889,GHOST01187,380.73,2023-03-06,refunded
TXN0009211,GHOST00516,365.87,2022-01-19,completed
TXN0002151,CRM004501,233.1,2022-09-27,completed
TXN0011225,CRM000233,457.43,2023-09-30,completed
TXN0008909,CRM004219,121.64,2024-02-14,failed
TXN0006781,CRM004257,399.74,2023-04-29,completed
TXN0011234,CRM000517,975.26,2023-01-19,completed
TXN0001894,CRM002867,143.54,2023-10-17,completed
TXN0007490,CRM003425,100.43,2023-10-16,completed
TXN0007803,CRM003897,,2024-04-26,completed
TXN0009680,CRM002242,142.41,2024-04-05,refunded
TXN0008924,CRM007595,1038.06,2024-04-07,completed
TXN0004228,CRM007354,544.27,2023-06-16,completed
TXN0005309,CRM002904,912.78,2023-02-03,completed
TXN0003544,GHOST01086,13.13,2024-03-05,pending
TXN0003311,CRM004711,1483.6,2022-06-03,pending
TXN0002556,CRM002868,493.27,2023-04-19,failed
TXN0006630,CRM005037,857.66,2022-11-09,pending
TXN0010900,CRM009214,48.22,2022-11-12,completed
TXN0002183,CRM007787,309.22,2022-02-05,completed
TXN0004338,CRM003369,29.93,2023-03-01,completed
TXN0001946,CRM005699,138.02,2022-04-18,completed
TXN0000025,CRM009181,831.23,2024-04-22,pending
TXN0006311,CRM005808,403.0,2024-06-06,completed
TXN0011349,CRM006358,,2023-10-27,pending
TXN0001347,CRM010315,391.63,2023-12-09,completed
TXN0005863,CRM001689,130.27,2023-08-20,completed
TXN0000813,GHOST01048,17.61,2022-01-09,completed
TXN0005974,CRM006289,21.4,2023-09-18,completed
TXN0004748,CRM005290,111.02,2022-06-12,completed
TXN0009742,CRM009203,87.1,2022-04-14,pending
TXN0007121,CRM004601,169.6,2023-10-23,failed
TXN0002585,CRM000593,357.91,2022-06-11,failed
TXN0007745,CRM007479,121.22,2022-07-10,completed
TXN0009311,CRM002902,820.5,2023-05-16,completed
TXN0008607,CRM008944,352.8,2022-01-11,completed
TXN0008402,CRM008603,488.14,2022-01-31,pending
TXN0004618,CRM002944,63.92,2024-01-29,pending
TXN0011261,CRM001045,3297.34,2024-05-19,pending
TXN0007355,CRM002321,103.92,2024-03-01,failed
TXN0002017,CRM002028,226.76,2023-06-04,completed
TXN0011682,CRM000443,160.84,2024-02-13,completed
TXN0005247,CRM004546,147.91,2022-07-01,completed
TXN0010737,CRM006387,764.43,2022-05-01,completed
TXN0003056,CRM006883,110.28,2023-07-02,completed
TXN0006317,CRM005385,4852.97,2022-01-02,completed
TXN0004900,CRM008085,258.61,2022-01-21,completed
TXN0011999,CRM004443,48.54,2023-12-05,completed
TXN0007327,GHOST00876,277.73,2023-03-06,refunded
TXN0005557,CRM005050,3317.97,2022-04-11,completed
TXN0003444,CRM009379,115.07,2022-03-14,completed
TXN0009657,CRM005999,1668.27,2023-05-07,completed
TXN0010787,CRM003246,584.17,2023-07-21,refunded
TXN0006607,CRM001349,69.41,2022-06-11,pending
TXN0007500,GHOST00143,316.67,2024-01-05,completed
TXN0007107,CRM005893,457.37,2024-04-11,completed
TXN0005711,CRM003039,130.07,2022-09-15,completed
TXN0001263,CRM008476,1740.99,2022-07-02,completed
TXN0011564,CRM001455,367.96,2023-01-28,completed
TXN0009592,CRM004698,3209.27,2022-03-22,completed
TXN0003600,CRM004952,1926.99,2022-03-06,completed
TXN0008168,CRM006579,388.6,2023-06-21,completed
TXN0003904,CRM007837,1428.98,2022-11-11,completed
TXN0005582,CRM009139,892.92,2023-11-28,completed
TXN0009866,CRM006143,111.71,2022-10-22,failed
TXN0003951,CRM003125,191.47,2023-04-06,failed
TXN0001348,CRM008820,369.85,2024-05-01,refunded
TXN0011769,CRM001789,42.24,2022-09-13,completed
TXN0009114,CRM002148,231.71,2022-02-04,completed
TXN0004807,CRM000088,41.92,2023-10-14,completed
TXN0007156,CRM006746,1489.24,2022-08-21,completed
TXN0010500,CRM004960,174.55,2022-06-20,completed
TXN0004389,CRM009459,103.11,2022-06-14,completed
TXN0003437,CRM008157,742.82,2024-02-14,completed
TXN0001882,CRM005660,212.8,2023-01-27,completed
TXN0007017,CRM007370,54.72,2023-01-19,completed
TXN0001353,CRM004612,504.03,2022-12-19,completed
TXN0003121,CRM002010,1093.14,2024-06-17,completed
TXN0003969,CRM005687,175.03,2022-10-19,failed
TXN0002385,CRM005163,84.85,2022-03-09,completed
TXN0002904,GHOST01193,360.1,2022-03-30,completed
TXN0011664,CRM007523,293.54,2023-07-04,completed
TXN0011012,CRM007006,802.69,2023-09-06,pending
TXN0002667,GHOST01189,837.01,2023-08-25,completed
TXN0009740,CRM005800,124.82,2022-03-23,completed
TXN0001379,CRM000277,201.85,2023-03-26,refunded
TXN0007772,CRM004789,113.08,2022-07-11,completed
TXN0000762,CRM005090,,2024-01-05,refunded
TXN0000995,CRM004929,398.47,2022-01-03,completed
TXN0000259,CRM003514,1796.6,2024-02-12,failed
TXN0007677,CRM003407,298.25,2023-12-25,refunded
TXN0002160,CRM006530,1581.56,2022-11-29,completed
TXN0000900,CRM001000,698.14,2023-09-09,completed
TXN0003527,CRM006352,1630.36,2023-12-01,completed
TXN0004972,CRM001808,33.84,2022-01-30,completed
TXN0008884,CRM001216,1135.52,2024-01-25,completed
TXN0003646,CRM000051,47.89,2024-02-20,completed
TXN0011522,CRM005387,,2022-04-24,completed
TXN0011215,GHOST01122,37.05,2022-09-04,failed
TXN0003494,CRM004705,415.45,2022-04-22,completed
TXN0005896,GHOST01045,126.29,2023-09-22,failed
TXN0006353,CRM004528,136.81,2024-06-19,completed
TXN0005479,GHOST00001,263.18,2023-11-13,completed
TXN0009717,CRM002571,996.11,2023-04-23,completed
TXN0004855,CRM009635,59.38,2023-04-22,completed
TXN0005595,CRM010420,87.67,2024-06-27,completed
TXN0010858,CRM001852,217.71,2023-05-06,completed
TXN0006826,CRM006965,350.82,2023-09-16,pending
TXN0010223,CRM005300,137.02,2022-02-08,pending
TXN0010727,CRM005667,147.53,2023-08-22,pending
TXN0009063,CRM007786,329.09,2023-03-02,failed
TXN0008437,CRM010478,680.11,2023-03-16,completed
TXN0003507,CRM008360,548.45,2022-11-03,completed
TXN0011322,CRM005885,90.93,2023-10-10,failed
TXN0001828,GHOST00985,91.56,2023-03-31,completed
TXN0000461,CRM003370,170.49,2022-04-28,completed
TXN0005118,CRM008551,812.75,2022-03-02,completed
TXN0000059,CRM009636,372.46,2022-12-08,completed
TXN0003196,CRM000782,51.74,2022-05-28,completed
TXN0002934,CRM000261,100.03,2022-06-22,completed
TXN0007557,CRM004622,351.79,2024-01-10,completed
TXN0000491,CRM000075,28.62,2023-04-28,completed
TXN0002585,CRM000593,357.91,2022-06-11,failed
TXN0009447,CRM007869,14.46,2023-10-23,failed
TXN0008300,CRM003008,1195.25,2023-02-23,completed
TXN0004831,CRM004321,274.54,2023-09-29,pending
TXN0005681,CRM000811,431.91,2023-11-28,completed
TXN0005639,CRM006039,53.48,2022-07-21,completed
TXN0007852,CRM009684,88.61,2023-04-08,completed
TXN0005946,CRM009062,91.35,2022-08-24,completed
TXN0000774,CRM003215,147.66,2023-09-06,completed
TXN0007189,CRM005389,79.37,2024-04-04,completed
TXN0010675,CRM001614,480.05,2024-04-26,refunded
TXN0000387,CRM001877,254.88,2022-10-28,pending
TXN0002529,CRM008823,43.6,2024-05-03,completed
TXN0006102,CRM009441,,2022-04-16,completed
TXN0006242,CRM006403,193.55,2022-05-14,completed
TXN0010351,CRM006062,179.28,2022-05-29,completed
TXN0003355,CRM006584,1899.7,2022-12-13,completed
TXN0003217,CRM007415,245.7,2023-12-01,completed
TXN0006396,CRM007673,201.59,2023-01-02,completed
TXN0004398,CRM009620,1781.82,2024-05-01,completed
TXN0005537,CRM009063,2158.39,2024-03-20,pending
TXN0009327,CRM003021,59.25,2023-05-24,completed
TXN0009196,CRM005980,84.91,2023-06-14,completed
TXN0002470,CRM007402,485.61,2023-04-28,completed
TXN0010559,CRM008134,769.98,2023-05-08,completed
TXN0011119,CRM005806,5309.76,2023-08-29,completed
TXN0006512,GHOST00224,25.82,2023-02-14,completed
TXN0006945,CRM002018,291.09,2022-07-26,completed
TXN0008859,CRM005188,319.0,2023-04-01,completed
TXN0011656,CRM009851,2246.96,2023-07-07,refunded
TXN0007802,GHOST00270,61.59,2023-05-18,completed
TXN0009574,GHOST00519,431.89,2024-05-03,pending
TXN0007310,CRM008921,1487.11,2023-08-18,failed
TXN0005317,CRM005092,553.12,2023-12-23,completed
TXN0006524,CRM007292,332.68,2022-09-02,completed
TXN0006106,CRM003037,416.41,2022-11-24,completed
TXN0000234,CRM009543,592.11,2022-08-16,completed
TXN0010432,CRM004077,291.98,2024-03-16,completed
TXN0002387,CRM002128,192.91,2023-09-07,pending
TXN0008550,CRM004332,28.0,2022-01-19,completed
TXN0003986,CRM002062,2650.8,2022-08-15,completed
TXN0005321,CRM002676,127.56,2024-05-01,completed
TXN0002721,CRM007789,209.43,2022-01-24,completed
TXN0001559,CRM003530,134.52,2022-06-19,completed
TXN0006019,CRM002441,502.55,2022-10-17,completed
TXN0011417,CRM008932,139.4,2023-10-17,completed
TXN0001741,CRM002414,155.4,2023-10-12,completed
TXN0000515,CRM001821,79.59,2022-10-12,completed
TXN0006844,CRM008583,276.89,2022-05-05,completed
TXN0001757,CRM005564,763.57,2023-07-16,pending
TXN0001937,CRM000947,454.23,2022-01-07,pending
TXN0004339,CRM001301,161.48,2022-03-31,completed
TXN0000529,CRM009262,153.55,2022-12-18,completed
TXN0009739,CRM006795,80.46,2023-12-14,completed
TXN0011710,CRM009939,182.98,2022-09-16,failed
TXN0008359,GHOST01179,34.9,2022-08-12,completed
TXN0008027,CRM008381,184.29,2022-01-08,refunded
TXN0006027,CRM007303,365.26,2023-12-20,completed
TXN0004388,CRM002956,2170.23,2023-07-25,pending
TXN0005717,CRM008998,394.92,2022-03-21,completed
TXN0007881,CRM002543,315.77,2024-02-24,pending
TXN0000489,CRM007579,233.2,2023-08-19,failed
TXN0005785,CRM000148,197.05,2024-04-20,completed
TXN0011927,CRM004051,120.38,2024-04-17,completed
TXN0003623,CRM002717,230.71,2023-12-04,completed
TXN0007452,CRM009042,1651.62,2022-12-02,completed
TXN0006230,CRM007529,172.33,2023-07-21,completed
TXN0002995,CRM008590,194.32,2022-12-15,completed
TXN0010589,GHOST00925,32.03,2023-01-17,failed
TXN0005755,CRM006313,272.06,2022-06-20,completed
TXN0000495,GHOST00327,421.38,2022-04-13,completed
TXN0010107,CRM002151,51.19,2022-05-31,pending
TXN0004865,GHOST01068,611.32,2024-01-28,pending
TXN0002649,GHOST00366,360.2,2024-04-13,completed
TXN0011067,CRM004842,104.49,2023-06-17,completed
TXN0005553,CRM005495,277.54,2024-03-10,completed
TXN0003940,CRM000808,8.06,2024-03-23,completed
TXN0005208,CRM007826,501.31,2022-10-23,completed
TXN0003567,CRM002927,20.08,2022-06-13,completed
TXN0006875,CRM009904,160.54,2022-03-18,completed
TXN0005906,CRM004828,739.87,2023-07-06,completed
TXN0011898,CRM007436,1134.43,2023-07-26,completed
TXN0010708,CRM008280,1217.29,2022-08-29,pending
TXN0001390,CRM001912,52.29,2023-11-01,refunded
TXN0009220,CRM007275,14.58,2022-04-25,completed
TXN0004700,CRM000010,653.58,2022-04-13,completed
TXN0003179,CRM010161,139.39,2024-01-18,completed
TXN0009069,CRM010181,182.43,2022-11-27,completed
TXN0003002,CRM008883,28.49,2022-07-05,completed
TXN0003885,CRM003196,113.02,2022-02-15,completed
TXN0004163,CRM005813,208.51,2022-04-21,pending
TXN0001660,CRM002527,307.04,2023-05-09,completed
TXN0004984,GHOST00451,764.92,2022-12-24,completed
TXN0002838,CRM008628,963.62,2023-10-13,completed
TXN0006565,GHOST00348,388.39,2023-08-16,completed
TXN0010732,CRM006352,533.74,2022-04-01,completed
TXN0003664,CRM008372,537.74,2022-06-22,failed
TXN0001715,CRM001035,190.93,2022-03-11,refunded
TXN0005930,CRM004224,175.38,2023-12-11,completed
TXN0010065,GHOST00333,91.5,2023-05-03,completed
TXN0001497,CRM007679,896.8,2022-06-14,completed
TXN0003862,CRM004920,2013.72,2024-01-27,completed
TXN0001052,CRM008009,1134.42,2023-09-19,pending
TXN0000728,CRM000174,133.98,2024-06-14,completed
TXN0011065,CRM004064,2187.59,2022-11-26,completed
TXN0001926,CRM004603,123.55,2023-09-29,completed
TXN0004809,CRM007303,1880.33,2023-08-23,pending
TXN0006660,CRM008069,234.76,2023-06-14,completed
TXN0010509,CRM010358,472.61,2024-01-31,failed
TXN0002184,CRM001797,190.53,2023-08-05,completed
TXN0002646,CRM009967,285.15,2022-04-18,completed
TXN0009890,CRM003943,269.15,2022-01-23,completed
TXN0001981,CRM009872,71.67,2023-06-25,completed
TXN0003038,CRM009539,137.9,2024-04-12,completed
TXN0006916,CRM007298,309.91,2023-01-20,completed
TXN0006632,GHOST01157,970.87,2023-11-19,completed
TXN0010897,CRM000345,566.56,2023-08-15,completed
TXN0003565,CRM008917,65.3,2023-10-30,completed
TXN0001469,CRM003584,1697.2,2022-06-10,completed
TXN0007916,CRM005396,230.5,2024-05-01,completed
TXN0005325,CRM005643,237.38,2022-03-25,completed
TXN0005122,CRM008952,25.56,2022-11-26,completed
TXN0002087,CRM007176,213.32,2024-04-16,completed
TXN0000615,CRM009279,163.07,2023-12-05,completed
TXN0001610,CRM009955,311.76,2024-05-07,completed
TXN0004194,CRM002963,106.52,2023-06-20,completed
TXN0001820,CRM007238,1808.6,2023-01-20,completed
TXN0010451,CRM008537,262.25,2022-05-23,completed
TXN0004568,CRM008295,135.27,2022-03-25,completed
TXN0008449,CRM000878,44.36,2022-04-21,failed
TXN0002120,CRM008417,206.2,2022-10-12,completed
TXN0004028,CRM006989,264.25,2023-04-02,completed
TXN0003219,CRM000657,121.18,2023-06-16,completed
TXN0011618,CRM005453,77.71,2022-08-19,completed
TXN0004742,CRM007375,1176.43,2023-07-14,completed
TXN0011726,CRM001344,416.07,2022-11-13,completed
TXN0003629,CRM006881,399.57,2024-01-08,completed
TXN0010081,CRM000316,296.72,2022-05-10,completed
TXN0009067,GHOST00252,170.41,2023-01-18,completed
TXN0005378,CRM003768,89.05,2023-08-26,completed
TXN0005424,CRM007180,110.89,2023-01-09,completed
TXN0007150,CRM004487,1276.72,2024-06-05,pending
TXN0007058,GHOST00962,165.88,2024-01-01,pending
TXN0000552,CRM001121,492.85,2024-06-18,completed
TXN0009632,CRM003328,222.96,2024-01-25,completed
TXN0000302,CRM009600,496.14,2022-02-25,completed
TXN0002914,GHOST00593,143.93,2023-05-30,completed
TXN0010580,CRM008154,84.55,2023-01-02,pending
TXN0002949,CRM003756,135.71,2023-10-02,completed
TXN0005018,CRM007002,244.93,2023-09-17,completed
TXN0009434,GHOST00675,342.75,2022-08-30,completed
TXN0008631,CRM002471,277.75,2022-05-04,completed
TXN0007849,GHOST00922,399.07,2023-02-28,pending
TXN0004064,CRM000179,58.41,2024-05-02,completed
TXN0005265,CRM010435,49.3,2022-05-28,completed
TXN0001356,CRM006670,111.72,2023-05-14,completed
TXN0010622,CRM005452,103.42,2022-04-10,completed
TXN0008583,CRM006541,754.35,2022-07-22,completed
TXN0004026,GHOST00741,55.23,2023-10-21,completed
TXN0005734,CRM006721,801.04,2023-04-28,pending
TXN0005004,CRM008746,1594.85,2022-02-23,completed
TXN0006667,CRM009094,970.45,2022-01-21,failed
TXN0008722,CRM003753,529.15,2023-10-24,pending
TXN0011214,CRM008181,135.56,2024-03-10,completed
TXN0011086,CRM005822,256.64,2024-04-28,failed
TXN0007997,CRM000757,1574.78,2022-03-23,completed
TXN0002295,GHOST00778,3133.35,2023-01-20,completed
TXN0005426,CRM005473,169.39,2023-03-05,completed
TXN0007584,CRM007242,262.77,2023-12-03,completed
TXN0008865,CRM005459,1537.9,2024-05-16,failed
TXN0006186,CRM009566,165.94,2022-10-31,failed
TXN0004313,CRM000175,414.93,2023-12-05,failed
TXN0003890,CRM004895,413.8,2023-05-31,completed
TXN0003572,CRM003133,44.58,2022-03-28,completed
TXN0000367,CRM003862,283.72,2023-04-17,completed
TXN0002527,CRM006571,63.81,2023-04-22,completed
TXN0003608,CRM005195,229.87,2024-05-07,failed
TXN0006690,CRM007902,215.52,2023-03-16,pending
TXN0010186,CRM003038,77.94,2024-04-16,completed
TXN0000863,CRM005446,286.34,2024-02-27,completed
TXN0009219,CRM000935,448.85,2022-01-12,completed
TXN0004479,CRM009352,76.35,2022-09-02,completed
TXN0009693,GHOST00440,829.39,2024-03-11,completed
TXN0002068,CRM008548,917.73,2024-05-24,completed
TXN0009437,GHOST00748,133.3,2023-12-06,completed
TXN0009789,GHOST00486,186.98,2022-07-26,failed
TXN0008872,CRM010066,811.26,2023-12-01,completed
TXN0002432,GHOST00722,351.6,2022-06-01,completed
TXN0005244,CRM006258,78.19,2022-09-03,completed
TXN0004866,CRM003827,353.9,2022-08-25,completed
TXN0010466,CRM005521,755.19,2022-10-07,completed
TXN0006266,CRM007589,4517.37,2022-11-24,completed
TXN0002978,GHOST00319,256.89,2024-01-22,completed
TXN0001950,CRM009109,681.5,2022-07-16,completed
TXN0009299,CRM007554,732.16,2023-01-03,completed
TXN0000164,CRM005421,371.96,2023-02-22,completed
TXN0004873,CRM005018,88.28,2023-07-23,pending
TXN0000132,CRM002508,73.77,2022-07-29,completed
TXN0010607,CRM006331,222.57,2023-11-13,completed
TXN0001492,CRM005946,144.7,2022-07-23,completed
TXN0006755,CRM004893,350.63,2023-12-08,completed
TXN0009923,CRM002524,98.12,2023-02-06,completed
TXN0002823,CRM009825,283.24,2023-10-07,failed
TXN0008628,CRM005812,449.01,2023-10-23,completed
TXN0009145,CRM000956,47.96,2022-04-01,refunded
TXN0005581,GHOST00693,231.01,2023-07-04,pending
TXN0003148,CRM009521,964.26,2022-10-11,pending
TXN0009749,CRM004085,11697.72,2023-11-11,failed
TXN0011681,CRM003246,25.62,2022-11-29,completed
TXN0005696,CRM007738,,2023-03-20,completed
TXN0010240,CRM004738,41.28,2023-04-13,completed
TXN0003364,CRM000096,212.13,2023-08-14,refunded
TXN0002023,CRM004296,815.89,2023-12-24,completed
TXN0003214,CRM008072,58.46,2023-05-17,refunded
TXN0005659,GHOST01126,706.82,2023-04-12,completed
TXN0010596,CRM001597,120.34,2024-01-13,completed
TXN0004197,CRM001871,279.89,2023-10-22,completed
TXN0006658,CRM005127,506.65,2023-02-07,completed
TXN0009648,GHOST00034,285.24,2023-02-01,completed
TXN0002327,CRM007913,111.31,2022-03-15,completed
TXN0007138,CRM007209,654.82,2024-02-20,completed
TXN0009746,GHOST00376,150.67,2023-05-27,completed
TXN0004991,CRM004444,1020.08,2024-04-14,completed
TXN0007079,CRM000050,88.63,2022-08-14,completed
TXN0003908,CRM005496,570.6,2022-12-11,completed
TXN0001595,CRM004432,92.4,2024-03-17,completed
TXN0008444,CRM009676,43.91,2023-07-13,completed
TXN0008696,CRM005612,61.75,2022-09-27,completed
TXN0008017,CRM004191,57.37,2024-05-23,completed
TXN0002335,CRM009160,136.32,2022-12-23,completed
TXN0007273,CRM008558,32.34,2023-02-08,completed
TXN0005133,GHOST00093,439.66,2023-07-17,completed
TXN0004571,GHOST00167,75.65,2023-01-04,completed
TXN0008506,CRM009649,139.6,2024-04-21,completed
TXN0004739,CRM006630,202.42,2022-05-15,completed
TXN0009569,GHOST00334,747.67,2023-07-13,completed
TXN0000624,CRM001897,756.0,2024-06-26,completed
TXN0004190,CRM001897,847.2,2024-06-10,pending
TXN0003642,CRM009005,412.52,2022-03-08,completed
TXN0010960,CRM003440,151.17,2022-03-22,completed
TXN0000404,CRM002217,314.17,2022-02-18,completed
TXN0011185,CRM005737,1157.26,2022-01-25,completed
TXN0009313,CRM009199,352.67,2023-08-22,pending
TXN0007891,CRM004126,502.8,2024-03-19,completed
TXN0005025,CRM010274,10.19,2023-12-13,failed
TXN0009808,CRM005527,206.95,2022-03-27,pending
TXN0005793,CRM004552,224.74,2023-08-06,completed
TXN0007482,CRM005011,170.04,2023-10-25,completed
TXN0010301,CRM010116,182.87,2023-05-19,completed
TXN0004362,GHOST00335,4273.64,2023-07-14,completed
TXN0006602,CRM007069,144.67,2022-11-09,failed
TXN0000188,CRM009123,210.44,2023-12-02,completed
TXN0002344,CRM004588,617.46,2023-02-23,pending
TXN0004181,GHOST00547,997.1,2022-08-30,pending
TXN0010954,GHOST00050,90.21,2023-04-17,completed
TXN0009452,CRM001037,371.23,2023-04-22,refunded
TXN0010385,CRM001466,226.7,2024-05-20,refunded
TXN0008435,CRM004496,559.65,2022-07-27,completed
TXN0004586,CRM001390,400.5,2023-07-03,completed
TXN0009167,CRM008245,289.33,2022-02-25,completed
TXN0000412,CRM005658,206.46,2023-09-04,completed
TXN0005576,CRM008608,622.92,2023-08-18,completed
TXN0003325,CRM008202,526.09,2023-07-21,completed
TXN0001687,CRM002369,63.87,2022-08-07,completed
TXN0003649,CRM003627,54.32,2022-11-03,completed
TXN0005660,CRM004798,1295.22,2023-02-19,completed
TXN0006996,CRM002800,244.34,2023-06-10,completed
TXN0007050,CRM000197,11.85,2023-03-21,completed
TXN0005433,CRM006608,90.14,2023-04-10,completed
TXN0005355,CRM000761,261.28,2024-02-28,completed
TXN0009914,CRM001863,3809.99,2023-11-25,pending
TXN0003749,CRM005423,,2023-03-22,completed
TXN0011358,CRM006759,1244.32,2022-12-23,completed
TXN0004035,CRM006938,3494.17,2022-02-17,completed
TXN0004023,CRM006256,2098.23,2022-07-10,completed
TXN0011209,CRM007891,172.59,2022-08-13,completed
TXN0009867,CRM004302,1416.23,2022-07-08,pending
TXN0008915,CRM005824,84.36,2022-09-27,pending
TXN0009132,CRM008400,154.04,2022-01-12,completed
TXN0008629,CRM008201,342.29,2024-05-01,completed
TXN0006222,CRM008217,405.53,2024-05-27,failed
TXN0002129,CRM001528,105.86,2023-08-01,completed
TXN0006520,CRM003862,184.48,2022-06-10,completed
TXN0008044,GHOST00023,3642.9,2022-02-05,completed
TXN0007730,CRM000451,60.91,2022-12-25,pending
TXN0001652,CRM009395,118.4,2023-07-08,completed
TXN0004892,CRM000349,109.55,2022-04-25,completed
TXN0001432,GHOST00624,317.8,2022-06-12,failed
TXN0009329,CRM000141,576.77,2022-09-21,pending
TXN0010275,CRM003103,439.98,2022-05-14,completed
TXN0010590,CRM001259,32.79,2022-04-25,refunded
TXN0001455,CRM005661,932.39,2022-01-14,completed
TXN0000834,CRM003939,31.68,2022-05-04,completed
TXN0009006,CRM010496,112.94,2023-11-24,failed
TXN0002091,CRM005762,315.11,2023-02-15,pending
TXN0005983,CRM005955,297.67,2022-09-28,completed
TXN0002723,CRM003170,431.43,2023-09-10,completed
TXN0004442,CRM008777,74.38,2023-07-27,completed
TXN0003108,CRM009983,770.12,2023-12-10,completed
TXN0004335,CRM003934,765.11,2023-11-21,refunded
TXN0009531,CRM003028,1074.17,2024-03-27,failed
TXN0004917,CRM001152,,2022-12-19,failed
TXN0007196,CRM000329,125.81,2023-10-31,completed
TXN0001760,CRM006366,4335.27,2024-04-13,completed
TXN0004386,CRM005297,,2023-05-06,completed
TXN0000064,CRM000744,283.97,2022-06-14,completed
TXN0007897,CRM004862,102.49,2023-08-13,completed
TXN0009486,GHOST00175,132.93,2022-11-10,completed
TXN0004648,CRM007623,288.11,2024-06-15,completed
TXN0002156,CRM004236,559.08,2023-01-02,completed
TXN0005021,CRM009718,873.96,2024-06-16,completed
TXN0010325,CRM009086,5015.28,2023-02-03,completed
TXN0001940,CRM008326,436.86,2024-05-16,completed
TXN0003583,CRM006778,,2023-12-08,completed
TXN0011683,CRM003925,134.24,2023-02-20,completed
TXN0009140,CRM003968,679.23,2023-06-04,completed
TXN0010578,CRM001152,858.44,2022-02-20,completed
TXN0008178,CRM003054,219.94,2024-03-23,completed
TXN0002354,CRM000368,,2024-01-06,completed
TXN0006847,CRM009757,134.98,2023-04-15,completed
TXN0009120,CRM009879,155.26,2023-09-08,pending
TXN0005448,CRM006397,526.7,2022-12-03,refunded
TXN0004543,CRM005343,74.71,2023-04-09,pending
TXN0008279,CRM010270,241.12,2023-07-01,completed
TXN0004509,CRM005881,442.75,2022-07-26,completed
TXN0000685,CRM010151,244.41,2023-02-13,completed
TXN0002985,CRM006018,72.03,2023-05-24,completed
TXN0001078,CRM010089,2318.18,2022-09-26,pending
TXN0006087,CRM010148,592.92,2024-04-09,failed
TXN0002475,CRM002995,1169.24,2022-03-03,completed
TXN0009691,CRM008692,5.45,2023-11-09,pending
TXN0008911,CRM009076,52.27,2024-01-19,refunded
TXN0001620,CRM006046,500.6,2024-03-02,failed
TXN0000477,GHOST00882,61.28,2022-11-12,pending
TXN0000767,CRM006908,589.07,2023-12-03,completed
TXN0000229,CRM003081,742.84,2024-01-17,completed
TXN0008660,CRM008651,32.92,2022-10-27,completed
TXN0010602,CRM005102,175.09,2024-01-16,failed
TXN0005535,CRM004289,316.83,2022-01-12,completed
TXN0000646,CRM006117,432.16,2023-06-06,pending
TXN0011546,CRM003394,520.5,2022-02-26,completed
TXN0006615,CRM005618,1228.61,2022-06-29,completed
TXN0002255,GHOST00974,2049.01,2023-08-30,completed
TXN0002244,CRM004222,745.96,2022-04-30,completed
TXN0006988,CRM006181,348.1,2023-02-13,completed
TXN0010976,CRM008286,379.07,2022-05-14,completed
TXN0006336,CRM006107,114.63,2022-04-18,completed
TXN0007153,CRM005327,140.09,2024-02-06,completed
TXN0000452,CRM007036,290.55,2022-11-28,pending
TXN0004582,CRM008830,240.72,2023-09-09,completed
TXN0007868,CRM008690,527.11,2022-09-29,pending
TXN0000364,CRM001080,753.86,2023-10-31,completed
TXN0004192,CRM008000,157.72,2024-01-01,failed
TXN0000470,CRM002211,301.1,2022-03-06,completed
TXN0003812,GHOST00866,189.12,2022-02-05,completed
TXN0009906,CRM008819,846.49,2022-06-28,completed
TXN0000246,CRM005057,889.47,2023-10-07,completed
TXN0007934,CRM007664,750.7,2023-01-31,completed
TXN0005172,CRM003820,102.86,2023-08-31,completed
TXN0008462,CRM007725,154.08,2022-03-02,completed
TXN0010018,CRM008228,371.47,2023-05-15,completed
TXN0004217,CRM004745,167.14,2024-03-27,completed
TXN0008040,CRM007857,30.05,2023-04-17,completed
TXN0005804,CRM003939,521.53,2023-04-01,completed
TXN0007366,GHOST00669,157.79,2024-04-09,pending
TXN0004416,CRM005425,75.56,2023-06-03,completed
TXN0001050,GHOST01173,538.4,2024-02-20,completed
TXN0007073,CRM001909,529.62,2024-01-29,completed
TXN0008712,CRM001539,384.94,2022-02-27,completed
TXN0001820,CRM007238,1808.6,2023-01-20,completed
TXN0005422,CRM006045,1187.12,2023-11-12,completed
TXN0010738,CRM003747,907.58,2022-07-27,completed
TXN0010377,CRM008360,238.24,2024-04-11,completed
TXN0001137,CRM008378,395.82,2022-05-08,completed
TXN0010049,CRM000416,155.27,2023-07-05,completed
TXN0008395,CRM000902,50.13,2023-02-11,completed
TXN0010931,CRM004324,97.34,2023-06-30,refunded
TXN0010536,CRM006599,66.08,2022-02-24,completed
TXN0003343,CRM000143,3303.91,2023-07-11,completed
TXN0004438,CRM008748,661.47,2024-06-30,completed
TXN0010465,GHOST00188,105.58,2023-09-27,completed
TXN0003151,CRM005203,143.38,2022-11-05,pending
TXN0004802,CRM009830,417.6,2024-04-03,completed
TXN0004232,CRM008312,597.69,2022-04-03,failed
TXN0003029,CRM008579,366.28,2024-01-25,completed
TXN0011205,CRM000770,391.41,2022-04-24,pending
TXN0011295,CRM001720,73.24,2024-05-10,completed
TXN0007009,CRM003626,161.14,2022-03-29,completed
TXN0011525,GHOST00595,56.12,2023-03-21,refunded
TXN0010993,CRM002887,215.35,2023-11-14,completed
TXN0010650,CRM000050,134.12,2022-05-01,completed
TXN0003593,CRM002386,324.05,2024-05-03,completed
TXN0009854,CRM007677,245.53,2023-01-25,completed
TXN0010287,CRM001515,1137.44,2024-03-27,completed
TXN0010074,CRM007054,372.97,2023-12-04,completed
TXN0001066,GHOST00881,118.03,2023-02-15,failed
TXN0002331,CRM000574,349.72,2024-02-11,completed
TXN0006507,CRM009540,3269.92,2022-07-30,completed
TXN0004539,CRM007752,111.29,2024-04-24,completed
TXN0006354,CRM008229,50.53,2022-04-03,completed
TXN0011356,CRM006050,1290.15,2022-03-14,completed
TXN0000935,CRM010456,32.44,2023-04-03,completed
TXN0008067,CRM002610,175.62,2024-06-01,completed
TXN0008751,CRM003458,1011.95,2022-01-08,completed
TXN0009542,CRM002652,188.0,2022-08-26,completed
TXN0011981,CRM010178,94.4,2024-02-08,failed
TXN0001465,CRM004602,1575.64,2022-04-30,completed
TXN0011218,CRM000519,32.05,2023-10-07,completed
TXN0002353,CRM002964,467.84,2023-09-17,completed
TXN0004000,CRM009368,104.13,2023-09-26,completed
TXN0011045,CRM007685,965.65,2024-04-25,failed
TXN0003277,GHOST00409,111.45,2024-06-14,completed
TXN0009825,CRM002964,630.0,2023-01-25,completed
TXN0005296,CRM005995,102.92,2023-05-02,completed
TXN0009534,GHOST01080,95.09,2023-06-24,completed
TXN0006486,CRM004077,45.95,2022-09-07,completed
TXN0005519,GHOST00779,72.33,2024-02-02,pending
TXN0002979,CRM009250,31.99,2022-01-02,pending
TXN0001779,CRM006008,118.39,2023-09-24,completed
TXN0006447,CRM000929,189.82,2022-03-14,completed
TXN0006118,GHOST00425,336.47,2023-08-28,pending
TXN0003276,CRM008836,508.31,2023-05-19,completed
TXN0011983,CRM000950,27.76,2023-03-26,completed
TXN0001884,CRM007329,318.22,2022-01-20,completed
TXN0003168,CRM008361,1103.17,2023-03-21,completed
TXN0008578,CRM006409,150.55,2023-06-12,failed
TXN0003107,CRM008942,31.53,2023-01-29,failed
TXN0005453,CRM003618,189.44,2022-12-28,completed
TXN0011504,CRM002301,158.4,2024-04-07,completed
TXN0001961,CRM007004,653.39,2024-04-23,completed
TXN0011616,CRM007774,240.98,2022-07-16,completed
TXN0003813,GHOST00918,159.36,2022-12-25,completed
TXN0001978,CRM000026,186.18,2023-03-08,completed
TXN0005277,CRM003094,355.97,2023-04-13,completed
TXN0007729,GHOST01012,48.22,2024-03-01,pending
TXN0001621,CRM009882,584.37,2023-06-04,completed
TXN0008713,CRM005006,120.1,2023-09-18,completed
TXN0000358,CRM008520,184.08,2024-02-23,completed
TXN0001279,CRM010395,34.93,2023-08-16,completed
TXN0000433,CRM009194,3533.2,2023-05-27,completed
TXN0008194,CRM006762,3250.83,2022-07-26,completed
TXN0011881,CRM003593,43.13,2023-01-13,completed
TXN0005308,CRM010000,431.57,2024-06-07,completed
TXN0003465,CRM007822,73.34,2023-10-27,completed
TXN0009961,CRM000241,1747.9,2023-04-01,completed
TXN0004304,CRM005341,421.36,2024-06-04,completed
TXN0008819,CRM004226,58.43,2022-07-11,completed
TXN0010664,CRM007424,683.61,2022-06-04,completed
TXN0001063,CRM006038,521.92,2023-04-18,completed
TXN0007300,CRM006936,36.28,2023-07-01,completed
TXN0006382,CRM004058,206.53,2024-05-08,completed
TXN0010317,CRM006721,395.58,2023-07-23,completed
TXN0006933,CRM005962,176.6,2023-11-21,completed
TXN0008730,CRM006384,227.91,2022-04-11,completed
TXN0006907,CRM004273,315.83,2024-02-08,failed
TXN0000787,CRM005834,241.18,2023-02-15,refunded
TXN0010871,CRM002418,642.95,2023-12-01,refunded
TXN0003929,CRM003895,317.96,2023-07-09,completed
TXN0010818,CRM008256,877.61,2024-06-10,completed
TXN0002555,CRM008881,959.77,2022-03-26,completed
TXN0001259,CRM003649,233.77,2022-04-07,completed
TXN0004853,CRM003144,1578.02,2024-01-29,completed
TXN0002198,CRM007773,3900.13,2023-02-13,pending
TXN0002494,CRM007308,825.3,2022-06-19,completed
TXN0003794,CRM004253,33.35,2022-03-22,refunded
TXN0006735,CRM003363,104.01,2022-06-08,completed
TXN0004510,GHOST00003,731.57,2022-06-21,refunded
TXN0008411,CRM000463,550.96,2022-04-27,completed
TXN0008249,CRM006234,407.42,2022-10-28,completed
TXN0006390,CRM001742,131.03,2022-05-27,completed
TXN0010718,CRM007277,364.14,2024-06-25,completed
TXN0001627,CRM009306,169.48,2023-11-20,completed
TXN0000525,CRM002176,254.72,2023-01-20,pending
TXN0009529,CRM000826,245.78,2022-07-20,pending
TXN0006280,CRM005619,66.64,2024-06-25,refunded
TXN0011760,GHOST00681,46.46,2023-11-23,completed
TXN0002373,CRM002747,269.78,2024-03-07,pending
TXN0004515,CRM002682,25.7,2022-09-28,completed
TXN0000772,CRM002302,116.17,2024-04-07,pending
TXN0009190,CRM001269,828.16,2022-08-08,failed
TXN0011756,CRM002703,1678.1,2022-12-04,completed
TXN0001296,GHOST00051,45.79,2024-05-17,completed
TXN0003165,CRM009584,2361.84,2022-02-25,completed
TXN0008807,CRM001682,162.37,2024-02-03,completed
TXN0001948,CRM008788,25.81,2023-01-19,completed
TXN0011787,GHOST00212,1002.92,2022-08-13,completed
TXN0003525,CRM003935,734.47,2023-08-02,failed
TXN0000734,CRM003693,66.28,2023-11-01,completed
TXN0010756,CRM002189,88.53,2022-05-12,completed
TXN0011161,CRM004191,85.95,2024-04-26,failed
TXN0007633,GHOST00320,236.5,2022-10-19,completed
TXN0009334,CRM002516,671.58,2023-07-21,completed
TXN0006810,CRM006320,171.19,2024-01-24,completed
TXN0001417,CRM009403,,2023-10-25,completed
TXN0000735,CRM010446,17.39,2022-01-21,failed
TXN0003422,CRM001612,212.97,2022-03-25,pending
TXN0007823,CRM007303,248.43,2022-05-02,completed
TXN0006130,CRM006722,1608.74,2022-11-26,completed
TXN0009654,CRM000850,371.47,2023-03-21,completed
TXN0004579,CRM008616,93.13,2024-06-13,completed
TXN0005041,CRM000981,346.26,2022-08-30,completed
TXN0006009,CRM001074,447.16,2023-09-23,completed
TXN0009088,GHOST00387,20.82,2022-03-24,completed
TXN0003678,GHOST00711,50.61,2022-06-20,completed
TXN0009259,CRM009575,323.67,2023-03-06,completed
TXN0001533,CRM008897,198.81,2023-04-12,completed
TXN0001540,CRM006829,185.83,2023-04-06,completed
TXN0000109,CRM001463,28.31,2023-07-12,completed
TXN0007904,CRM001372,124.22,2023-03-17,failed
TXN0001854,CRM009050,215.32,2022-05-20,completed
TXN0009636,CRM010037,73.01,2023-02-05,completed
TXN0001881,CRM003017,218.83,2023-01-06,completed
TXN0002456,CRM006648,191.39,2022-10-22,completed
TXN0004191,GHOST00987,881.91,2022-12-18,completed
TXN0005169,CRM010471,1479.52,2023-10-17,completed
TXN0005962,GHOST00393,689.04,2022-09-20,completed
TXN0001800,GHOST00627,78.7,2022-11-19,completed
TXN0001714,GHOST00509,68.16,2022-12-01,completed
TXN0000219,CRM006825,780.21,2022-07-13,pending
TXN0007821,CRM005074,636.86,2023-12-07,completed
TXN0007361,CRM009796,314.91,2024-05-04,completed
TXN0006101,CRM003458,354.77,2023-11-16,completed
TXN0003145,CRM002013,1562.01,2022-12-22,completed
TXN0000333,CRM004006,1268.66,2023-02-14,completed
TXN0011528,CRM008574,323.25,2022-11-28,completed
TXN0001131,GHOST00068,1902.8,2023-06-05,completed
TXN0010792,CRM000103,224.0,2022-09-21,completed
TXN0001402,CRM009645,473.98,2024-01-19,completed
TXN0000344,CRM000823,105.82,2022-10-19,pending
TXN0005216,CRM006367,146.85,2022-04-25,refunded
TXN0003199,CRM001084,92.71,2024-05-04,pending
TXN0009678,CRM003344,119.07,2023-02-20,completed
TXN0001667,CRM001163,770.27,2023-11-08,pending
TXN0005651,CRM001316,1720.87,2023-12-30,completed
TXN0000816,CRM009866,198.94,2023-05-09,completed
TXN0000240,CRM010029,2544.18,2022-12-03,completed
TXN0005740,CRM009021,24.72,2022-02-23,completed
TXN0006952,CRM009318,442.91,2022-03-11,pending
TXN0008332,CRM006621,,2022-02-24,completed
TXN0000216,CRM003762,59.85,2022-08-11,completed
TXN0009362,CRM008185,155.65,2022-05-17,completed
TXN0008296,CRM000251,36.67,2022-07-15,completed
TXN0007248,CRM000237,27.41,2023-09-02,completed
TXN0010150,CRM007047,1322.78,2023-01-02,completed
TXN0008595,CRM006364,138.52,2023-09-18,pending
TXN0010415,CRM003543,3968.72,2022-02-20,completed
TXN0003711,CRM008127,80.8,2023-10-24,completed
TXN0002484,CRM007444,414.05,2023-11-25,completed
TXN0009588,CRM001726,136.82,2022-02-28,completed
TXN0005654,CRM006036,84.79,2024-03-03,completed
TXN0007345,CRM001977,905.48,2024-03-17,completed
TXN0009461,CRM004766,52.59,2023-05-04,completed
TXN0004235,CRM009450,53.72,2024-02-19,pending
TXN0000899,CRM000958,153.92,2022-05-03,completed
TXN0006064,CRM003579,449.41,2023-10-14,pending
TXN0001300,CRM006167,78.88,2022-10-07,completed
TXN0001674,GHOST01056,208.78,2023-05-17,completed
TXN0006936,CRM003882,87.19,2022-08-02,completed
TXN0007097,CRM008622,380.67,2022-08-27,pending
TXN0011784,CRM005987,90.88,2023-12-13,pending
TXN0002485,CRM007526,244.83,2022-12-06,completed
TXN0007057,CRM005875,140.4,2024-04-26,completed
TXN0006014,CRM004920,434.64,2022-04-06,completed
TXN0001257,CRM008286,829.98,2024-06-14,refunded
TXN0003785,CRM008378,110.5,2023-05-28,completed
TXN0001825,CRM001106,138.15,2022-07-15,completed
TXN0011070,CRM008390,787.42,2023-04-17,completed
TXN0002527,CRM006571,63.81,2023-04-22,completed
TXN0006301,CRM009753,366.31,2023-06-25,failed
TXN0008650,CRM007135,364.12,2022-02-22,refunded
TXN0002063,CRM007435,250.03,2022-10-18,completed
TXN0001564,CRM002131,192.48,2024-04-21,completed
TXN0010989,CRM008915,473.49,2022-09-11,completed
TXN0002879,GHOST01160,119.63,2024-01-04,failed
TXN0003783,CRM008746,221.69,2023-08-06,completed
TXN0006948,CRM002217,241.52,2024-06-02,pending
TXN0002595,CRM010281,84.17,2024-04-18,completed
TXN0008229,CRM000233,6313.54,2024-06-12,completed
TXN0006050,CRM009252,1118.3,2023-08-10,completed
TXN0009387,CRM006894,4308.4,2023-05-13,completed
TXN0011277,CRM007055,296.07,2022-12-30,completed
TXN0007285,CRM001681,208.35,2023-08-15,completed
TXN0004074,CRM009104,211.9,2022-08-03,completed
TXN0003166,CRM002076,58.51,2023-03-10,completed
TXN0008212,CRM004828,,2022-04-28,completed
TXN0008681,CRM000760,90.69,2023-05-02,pending
TXN0010211,CRM009776,276.57,2023-02-22,completed
TXN0011122,CRM004320,,2022-04-23,completed
TXN0010521,CRM001551,1586.93,2022-05-17,completed
TXN0002172,CRM010349,1572.38,2023-03-16,completed
TXN0005418,CRM010230,87.13,2023-05-28,completed
TXN0002445,CRM005188,98.08,2022-01-02,completed
TXN0010529,CRM008404,,2023-08-09,completed
TXN0010229,CRM004614,341.24,2022-10-04,completed
TXN0008653,CRM009533,918.57,2024-01-10,completed
TXN0003835,CRM003342,3990.09,2022-04-24,completed
TXN0003995,GHOST00699,29.12,2023-07-20,completed
TXN0011663,GHOST00840,262.71,2022-09-03,failed
TXN0010358,CRM005843,191.16,2023-07-26,failed
TXN0010021,CRM002721,416.12,2022-11-02,completed
TXN0004952,CRM003919,681.31,2022-05-29,completed
TXN0000638,CRM000560,811.74,2023-07-06,completed
TXN0007383,CRM010211,111.54,2023-05-28,completed
TXN0004140,CRM001121,151.93,2022-07-23,completed
TXN0005790,CRM008578,501.77,2022-03-23,completed
TXN0008342,CRM005227,126.09,2023-11-27,pending
TXN0004470,CRM008766,131.14,2022-03-17,completed
TXN0002725,CRM008407,1998.35,2022-05-30,completed
TXN0006493,CRM004404,154.62,2022-10-18,completed
TXN0008804,CRM005062,618.88,2022-01-24,refunded
TXN0000769,CRM010285,69.02,2023-11-26,completed
TXN0011989,CRM000296,37.52,2022-02-02,completed
TXN0002066,CRM004917,116.61,2022-08-26,completed
TXN0010950,CRM004131,219.35,2023-11-05,completed
TXN0005933,CRM006432,2296.35,2024-05-02,completed
TXN0011692,CRM007638,271.63,2022-08-09,pending
TXN0003131,CRM006480,612.79,2023-04-25,completed
TXN0011573,CRM006913,171.89,2022-03-05,completed
TXN0010832,GHOST00110,49.57,2022-05-26,completed
TXN0001376,CRM006410,249.7,2022-06-12,completed
TXN0006850,CRM003274,147.81,2022-04-03,completed
TXN0004079,CRM003909,954.55,2022-11-25,completed
TXN0007647,CRM009572,73.22,2023-02-12,completed
TXN0008104,CRM008106,421.16,2023-06-23,completed
TXN0011021,CRM004294,202.77,2023-11-05,completed
TXN0004819,CRM004678,564.36,2022-08-27,refunded
TXN0003377,GHOST00575,1511.18,2022-11-14,completed
TXN0006197,CRM008768,112.86,2022-04-08,pending
TXN0007093,CRM009959,345.04,2023-12-19,completed
TXN0009366,CRM006499,3746.26,2023-01-15,completed
TXN0001351,CRM000453,1042.94,2022-04-28,completed
TXN0004577,CRM003741,278.06,2022-01-04,completed
TXN0011867,CRM001015,1938.74,2023-10-20,completed
TXN0007522,CRM002651,836.92,2024-01-05,completed
TXN0002982,CRM010086,157.61,2023-11-14,pending
TXN0005198,CRM006051,857.42,2023-03-16,completed
TXN0010130,CRM001326,6534.29,2024-04-22,failed
TXN0003426,CRM001503,1157.58,2024-01-20,completed
TXN0011342,CRM002854,712.95,2024-03-24,completed
TXN0004467,CRM000675,,2024-06-01,completed
TXN0010584,CRM009344,67.66,2022-03-02,refunded
TXN0003140,CRM007490,22.25,2023-06-29,refunded
TXN0009076,CRM010334,482.67,2022-02-10,pending
TXN0001007,CRM000358,82.41,2023-06-04,completed
TXN0005941,CRM006587,1549.43,2024-05-07,completed
TXN0004773,CRM008867,62.53,2022-05-29,completed
TXN0000674,CRM000652,63.55,2022-06-26,completed
TXN0011929,CRM007122,459.55,2022-11-23,completed
TXN0002336,CRM009970,74.54,2022-04-18,completed
TXN0009254,GHOST00697,81.5,2022-04-04,completed
TXN0009041,CRM007092,2019.28,2024-03-08,completed
TXN0005171,CRM001884,198.17,2022-04-19,failed
TXN0011660,CRM000137,94.4,2023-10-14,completed
TXN0009997,CRM000048,1613.7,2023-12-22,completed
TXN0008617,GHOST01067,745.4,2023-02-19,pending
TXN0004114,CRM005564,73.21,2024-05-10,completed
TXN0011878,CRM010248,155.44,2022-06-13,completed
TXN0010413,CRM005807,196.98,2024-06-23,failed
TXN0005193,CRM006657,1106.97,2023-09-11,completed
TXN0000632,CRM009294,768.21,2022-03-11,refunded
TXN0010217,CRM002977,141.16,2022-12-20,completed
TXN0002176,CRM000133,348.32,2022-09-22,completed
TXN0004756,CRM002468,31.54,2022-11-17,completed
TXN0010047,CRM004590,532.33,2024-01-17,completed
TXN0006025,CRM008127,1163.77,2022-08-13,completed
TXN0008285,CRM006657,320.01,2024-01-14,failed
TXN0003256,CRM000267,1754.64,2024-05-17,completed
TXN0002674,GHOST00830,791.84,2023-08-17,pending
TXN0006831,CRM006487,229.36,2023-11-06,failed
TXN0000527,CRM003706,22.41,2023-03-28,completed
TXN0008558,CRM006490,1223.57,2023-10-03,completed
TXN0006383,CRM004087,283.28,2023-12-14,completed
TXN0003099,CRM005281,287.2,2024-02-09,completed
TXN0010879,CRM001120,75.6,2023-03-13,completed
TXN0008627,CRM002872,396.33,2024-02-02,completed
TXN0007127,CRM000241,91.92,2022-11-11,failed
TXN0009127,CRM009724,131.14,2023-12-09,completed
TXN0007838,CRM002500,354.02,2022-03-04,completed
TXN0000536,CRM009769,100.84,2023-01-22,completed
TXN0010827,GHOST00673,,2023-11-11,completed
TXN0008479,GHOST00311,268.77,2023-05-21,completed
TXN0007041,CRM008856,44.11,2024-05-22,completed
TXN0006241,CRM007388,565.11,2024-04-29,completed
TXN0006665,CRM007569,47.26,2022-10-23,refunded
TXN0007595,GHOST00548,39.73,2024-06-13,completed
TXN0009065,CRM009915,206.3,2024-06-05,completed
TXN0009001,CRM002455,221.79,2023-01-07,completed
TXN0008565,CRM001596,713.83,2023-01-22,pending
TXN0010824,GHOST00642,1255.96,2023-11-21,completed
TXN0005680,CRM008316,1754.23,2023-11-30,completed
TXN0004089,CRM008323,69.8,2022-11-26,refunded
TXN0001143,CRM000871,94.74,2023-06-16,completed
TXN0008392,CRM008599,734.39,2022-06-15,failed
TXN0007428,CRM003982,511.96,2024-03-12,pending
TXN0001070,CRM004794,1843.4,2022-02-06,refunded
TXN0006055,CRM008770,639.01,2023-12-14,completed
TXN0000022,CRM007621,242.79,2023-06-14,completed
TXN0009510,CRM003770,,2023-01-17,completed
TXN0008793,CRM001534,247.52,2022-04-02,completed
TXN0006135,CRM009637,3835.01,2023-10-26,failed
TXN0006068,CRM006793,3298.32,2022-02-08,completed
TXN0006879,CRM003745,384.99,2023-09-23,pending
TXN0000963,CRM006330,170.04,2022-02-02,failed
TXN0011600,CRM001991,55.56,2022-04-10,completed
TXN0011869,GHOST00986,295.94,2022-11-02,completed
TXN0007602,CRM004715,223.87,2022-09-24,pending
TXN0003804,CRM000784,411.32,2022-03-19,completed
TXN0000405,CRM008255,82.24,2022-09-26,completed
TXN0005806,CRM006533,110.11,2023-02-03,completed
TXN0010125,CRM000074,431.15,2022-07-12,completed
TXN0001796,CRM007280,235.86,2024-03-08,completed
TXN0002231,CRM006113,920.45,2024-02-21,completed
TXN0000579,CRM009305,31.41,2022-03-25,pending
TXN0003157,CRM003968,938.68,2024-01-08,completed
TXN0010548,CRM007619,74.92,2024-02-21,completed
TXN0011278,CRM004542,74.19,2023-07-28,completed
TXN0009711,CRM008427,622.1,2022-10-07,completed
TXN0001197,CRM001406,22.64,2022-04-18,completed
TXN0008429,CRM003222,274.76,2022-12-16,pending
TXN0011500,CRM009982,338.74,2024-03-21,completed
TXN0001788,GHOST01025,804.01,2022-07-09,failed
TXN0001578,CRM007322,1374.72,2024-02-29,completed
TXN0008397,CRM000711,172.64,2022-08-26,pending
TXN0000868,CRM008353,961.21,2023-06-13,completed
TXN0003011,CRM010079,301.47,2023-09-20,completed
TXN0009651,CRM006517,318.6,2022-03-20,failed
TXN0000061,CRM008570,47.44,2024-02-28,failed
TXN0010854,CRM000127,202.93,2023-09-17,refunded
TXN0002944,CRM000376,531.82,2024-06-16,completed
TXN0009082,CRM006063,1031.61,2022-07-16,completed
TXN0006642,CRM006920,115.58,2022-09-19,completed
TXN0002358,CRM005210,187.97,2024-06-18,failed
TXN0011805,CRM009197,69.62,2022-09-19,completed
TXN0000087,CRM005885,282.9,2024-06-08,completed
TXN0005374,CRM009701,105.99,2023-03-30,completed
TXN0011772,CRM003684,779.65,2024-05-05,refunded
TXN0002005,CRM001161,22.02,2023-03-06,completed
TXN0001705,CRM001480,319.48,2023-01-25,pending
TXN0004361,GHOST00216,1541.13,2023-12-28,pending
TXN0011130,CRM006855,97.31,2022-05-17,completed
TXN0002798,CRM005209,16.25,2022-07-24,completed
TXN0009320,CRM004525,835.44,2022-06-29,completed
TXN0005622,CRM000791,63.51,2023-07-30,completed
TXN0000427,CRM006493,523.01,2023-10-11,completed
TXN0009669,CRM005179,237.14,2023-09-14,completed
TXN0011622,CRM007639,235.09,2024-01-27,completed
TXN0002521,CRM005924,41.53,2023-10-23,completed
TXN0007753,CRM009560,288.27,2024-01-16,completed
TXN0005037,CRM007490,114.89,2023-01-11,completed
TXN0004264,CRM007437,119.33,2023-05-02,pending
TXN0006000,CRM007736,23.99,2023-12-15,pending
TXN0006085,CRM004800,13.39,2024-05-06,completed
TXN0007971,CRM003488,67.87,2023-08-15,failed
TXN0004826,GHOST00178,725.36,2023-10-28,completed
TXN0009785,CRM004151,2840.88,2023-03-12,completed
TXN0011631,CRM009093,460.8,2022-06-10,completed
TXN0002986,CRM006058,23.92,2023-12-25,completed
TXN0008812,CRM010100,134.12,2022-07-09,completed
TXN0006700,GHOST00424,177.84,2023-11-23,pending
TXN0003639,CRM002615,121.17,2022-10-06,refunded
TXN0002196,CRM004994,171.92,2024-02-05,refunded
TXN0001957,CRM003520,48.29,2024-06-20,completed
TXN0007765,GHOST00919,445.31,2022-12-29,completed
TXN0007914,CRM008445,4536.61,2024-06-25,completed
TXN0009010,CRM001793,171.4,2022-07-01,pending
TXN0009817,CRM003689,1408.44,2022-12-15,completed
TXN0009668,CRM009549,38.42,2022-05-09,completed
TXN0008406,CRM009468,33.93,2023-11-16,completed
TXN0008073,GHOST01123,360.93,2022-09-14,completed
TXN0001877,CRM004590,122.56,2022-07-06,pending
TXN0011946,CRM000603,4968.58,2022-12-22,completed
TXN0001997,CRM006820,328.8,2023-11-14,completed
TXN0000347,GHOST01101,542.32,2022-07-20,completed
TXN0002405,CRM006921,710.65,2023-01-10,completed
TXN0010778,CRM000982,163.92,2022-10-26,completed
TXN0002134,CRM006294,136.79,2022-09-02,completed
TXN0005642,CRM005746,314.24,2022-06-29,completed
TXN0001785,CRM005189,127.01,2022-06-10,completed
TXN0008762,CRM010007,157.04,2022-11-18,completed
TXN0001079,CRM009515,286.92,2023-11-04,completed
TXN0005353,CRM008348,2127.28,2023-04-14,completed
TXN0011100,CRM006114,48.27,2023-05-30,completed
TXN0002893,CRM004136,123.84,2022-05-06,completed
TXN0009851,CRM010043,104.48,2023-11-06,completed
TXN0009822,CRM009513,211.4,2023-10-19,completed
TXN0002390,CRM008388,,2023-08-04,refunded
TXN0006002,CRM001747,311.65,2022-07-14,completed
TXN0006355,CRM003587,687.52,2022-12-04,completed
TXN0004947,CRM000141,234.21,2024-03-22,completed
TXN0003480,GHOST00503,489.07,2023-01-10,completed
TXN0004814,CRM006260,5.73,2023-06-07,pending
TXN0005624,CRM004237,36.58,2023-02-12,completed
TXN0000790,CRM005650,485.13,2024-05-06,completed
TXN0002940,GHOST00901,128.43,2023-02-04,completed
TXN0006986,CRM010331,419.26,2022-01-23,failed
TXN0004071,CRM002239,222.36,2022-01-25,completed
TXN0001179,CRM008581,65.2,2022-01-19,completed
TXN0010091,CRM002180,512.09,2023-04-29,completed
TXN0010000,CRM008331,37.51,2022-01-05,completed
TXN0002581,CRM004327,93.73,2023-01-06,refunded
TXN0008481,CRM010056,194.28,2022-09-05,failed
TXN0002340,GHOST00582,3055.96,2022-10-14,completed
TXN0009637,GHOST01037,410.15,2024-03-11,completed
TXN0010859,CRM002893,524.75,2024-04-11,completed
TXN0006190,CRM003401,291.03,2023-03-06,failed
TXN0007796,CRM001187,246.34,2023-12-12,completed
TXN0010621,CRM007823,375.37,2024-05-06,completed
TXN0005390,CRM009242,121.24,2024-04-12,completed
TXN0000107,CRM009117,1304.86,2022-08-06,completed
TXN0002051,GHOST00446,1068.87,2022-12-14,completed
TXN0007111,CRM005175,524.49,2023-03-21,refunded
TXN0008379,CRM006651,273.97,2024-05-13,failed
TXN0008215,CRM002625,19.33,2022-01-20,pending
TXN0000854,CRM006795,468.91,2022-06-20,completed
TXN0008922,CRM007042,1392.41,2023-01-07,failed
TXN0010076,CRM005520,93.44,2022-10-01,completed
TXN0001728,GHOST00098,198.24,2023-06-10,completed
TXN0006015,CRM006782,299.08,2022-03-07,completed
TXN0009270,CRM007891,611.47,2024-04-27,pending
TXN0005583,CRM008810,324.66,2023-02-16,completed
TXN0008417,CRM010011,46.54,2022-07-13,completed
TXN0009305,CRM008833,,2023-05-19,completed
TXN0002935,CRM007006,306.56,2023-10-26,completed
TXN0007277,CRM007841,260.91,2023-09-27,completed
TXN0001868,CRM002126,235.74,2023-10-12,completed
TXN0004540,CRM006006,98.49,2022-12-21,completed
TXN0002342,CRM002897,468.61,2024-01-21,completed
TXN0007746,CRM003914,767.67,2022-07-10,completed
TXN0007728,CRM005969,104.27,2022-03-04,completed
TXN0010040,CRM006292,1255.85,2022-10-03,completed
TXN0002107,CRM007104,68.83,2022-01-28,completed
TXN0006851,CRM003981,160.65,2024-01-11,failed
TXN0003974,CRM003833,233.48,2022-05-31,completed
TXN0007173,CRM004221,295.23,2022-01-13,completed
TXN0001333,CRM006191,1236.05,2023-05-31,completed
TXN0005738,CRM003032,1085.51,2023-11-16,completed
TXN0000612,GHOST00560,475.78,2023-07-28,completed
TXN0010438,GHOST00721,2058.4,2023-03-16,completed
TXN0000228,CRM001298,170.66,2023-03-19,completed
TXN0008019,CRM003038,458.27,2023-06-04,completed
TXN0008252,CRM002063,554.04,2022-06-15,completed
TXN0007193,CRM000306,529.02,2022-10-27,completed
TXN0006475,CRM006373,1183.68,2024-03-18,completed
TXN0000885,CRM006953,730.45,2023-11-18,completed
TXN0008782,CRM007723,301.54,2024-02-12,completed
TXN0011910,CRM006287,227.07,2024-05-21,completed
TXN0004800,CRM007130,578.35,2024-05-04,pending
TXN0010277,GHOST00677,339.63,2022-09-21,completed
TXN0000867,CRM000177,375.22,2022-03-01,completed
TXN0004001,CRM008107,808.09,2022-05-27,completed
TXN0011302,CRM007517,45.8,2023-09-07,completed
TXN0005737,CRM004043,687.81,2023-01-28,pending
TXN0010810,CRM004566,563.52,2022-08-30,completed
TXN0003809,CRM008997,330.21,2022-10-16,completed
TXN0001025,CRM006582,4179.37,2023-05-29,completed
TXN0006429,CRM004820,387.31,2023-10-30,completed
TXN0006421,GHOST00248,478.74,2022-04-25,failed
TXN0001606,CRM003579,128.1,2022-06-24,completed
TXN0004743,CRM003603,2679.63,2023-01-20,pending
TXN0008596,CRM001180,1418.03,2022-11-28,completed
TXN0003881,CRM007891,649.84,2023-10-08,completed
TXN0011047,CRM000980,26.09,2023-01-05,completed
TXN0011524,CRM008717,44.22,2024-02-26,completed
TXN0011913,CRM005061,792.45,2023-11-23,completed
TXN0009721,CRM005470,815.44,2023-12-11,completed
TXN0003661,CRM004453,361.8,2022-05-06,completed
TXN0002927,CRM006117,1546.24,2023-06-04,completed
TXN0006281,CRM005020,207.68,2022-12-10,completed
TXN0010007,GHOST00926,176.2,2022-09-24,completed
TXN0008572,CRM008328,111.83,2023-04-15,completed
TXN0002584,CRM006359,1266.32,2023-07-14,completed
TXN0006423,CRM006984,795.82,2024-02-02,completed
TXN0001514,CRM000244,296.96,2022-06-14,refunded
TXN0010688,CRM003709,138.0,2022-03-17,completed
TXN0006975,CRM009648,10.99,2022-12-14,completed
TXN0006663,CRM000131,435.85,2023-09-22,completed
TXN0007619,GHOST00215,10316.46,2022-09-24,failed
TXN0002913,CRM005177,77.08,2024-01-22,completed
TXN0006387,CRM010046,694.29,2022-04-17,completed
TXN0006915,CRM005149,,2023-08-19,completed
TXN0002300,CRM001275,898.93,2024-02-01,completed
TXN0003135,CRM010061,114.23,2022-01-24,completed
TXN0010178,CRM005992,64.41,2022-06-24,pending
TXN0004753,CRM006816,552.98,2022-02-18,completed
TXN0000411,CRM007056,612.62,2024-03-01,completed
TXN0004845,CRM000385,79.28,2022-01-06,completed
TXN0010885,CRM010334,430.61,2024-02-14,completed
TXN0005270,CRM006007,340.1,2022-09-11,completed
TXN0010268,CRM007033,137.39,2022-03-13,completed
TXN0008323,CRM006231,207.97,2023-11-04,pending
TXN0006759,CRM000667,1445.26,2024-01-06,refunded
TXN0007816,CRM001336,165.67,2022-06-22,completed
TXN0010918,CRM006124,878.42,2023-09-25,completed
TXN0001055,CRM003896,61.3,2024-01-27,completed
TXN0003391,CRM007774,36.92,2023-05-19,completed
TXN0007956,GHOST01076,680.25,2023-07-17,pending
TXN0010088,CRM002840,353.8,2022-01-23,completed
TXN0000062,GHOST00204,1394.08,2023-10-12,completed
TXN0011639,CRM002208,554.39,2022-09-24,completed
TXN0004513,CRM010164,355.57,2024-05-23,refunded
TXN0007680,CRM001342,151.31,2023-04-16,completed
TXN0007221,CRM007471,366.94,2023-06-20,completed
TXN0005556,CRM006276,381.34,2022-02-22,refunded
TXN0001368,CRM006188,347.95,2022-10-22,completed
TXN0006757,CRM005988,216.87,2023-01-01,completed
TXN0003444,CRM009379,115.07,2022-03-14,completed
TXN0005063,CRM004575,215.03,2022-09-17,completed
TXN0000175,CRM000916,53.14,2023-06-28,completed
TXN0003371,CRM002391,531.82,2023-12-12,completed
TXN0011533,CRM007596,1035.13,2022-05-07,completed
TXN0004679,CRM008202,138.2,2022-09-29,completed
TXN0004615,CRM007679,265.64,2023-12-15,completed
TXN0008749,CRM009943,183.34,2022-12-10,completed
TXN0001602,CRM002209,232.19,2022-02-04,completed
TXN0001041,CRM009262,132.39,2022-12-01,completed
TXN0003965,CRM003660,592.74,2024-06-20,completed
TXN0002626,CRM004825,323.99,2023-01-08,failed
TXN0007182,CRM007458,184.08,2023-08-22,pending
TXN0001666,CRM007179,174.93,2024-03-28,pending
TXN0002812,GHOST00999,1275.72,2023-07-04,completed
TXN0003551,CRM008410,419.83,2022-06-18,pending
TXN0006335,CRM004840,385.27,2022-05-16,completed
TXN0003973,GHOST00297,34.55,2023-12-08,completed
TXN0008498,CRM008809,2783.34,2022-07-06,completed
TXN0000669,CRM008859,53.68,2023-11-25,completed
TXN0006147,CRM000442,161.11,2023-05-31,completed
TXN0002941,CRM007107,147.78,2022-02-19,completed
TXN0000907,CRM000250,194.22,2023-12-26,completed
TXN0011823,GHOST00648,69.14,2023-11-28,completed
TXN0003950,CRM002385,170.85,2022-07-24,completed
TXN0004902,CRM002753,283.9,2023-07-13,completed
TXN0002371,CRM005102,13.8,2023-10-02,failed
TXN0006341,CRM007096,260.28,2022-01-19,completed
TXN0001680,GHOST00587,69.5,2023-09-22,pending
TXN0000568,CRM000589,10.73,2022-09-11,refunded
TXN0007036,CRM000580,347.21,2023-11-15,completed
TXN0010518,CRM008227,197.06,2022-10-21,completed
TXN0009911,CRM008815,118.71,2024-04-07,completed
TXN0010039,CRM007260,30.23,2022-02-06,completed
TXN0006495,CRM006562,569.73,2022-01-21,pending
TXN0001079,CRM009515,286.92,2023-11-04,completed
TXN0000218,CRM008507,180.49,2022-12-07,completed
TXN0010224,CRM002671,216.64,2024-04-09,completed
TXN0005759,CRM002564,29.41,2022-11-24,pending
TXN0010220,CRM004032,327.63,2022-03-13,completed
TXN0003324,GHOST00568,616.97,2022-08-04,completed
TXN0005799,CRM004618,3119.83,2022-06-13,completed
TXN0006472,CRM006072,69.64,2023-12-24,completed
TXN0003645,CRM007920,517.79,2024-05-26,completed
TXN0000072,CRM007896,50.47,2023-04-19,completed
TXN0001489,CRM008332,87.75,2023-06-12,completed
TXN0002586,GHOST00757,486.65,2023-04-17,completed
TXN0002947,CRM004102,313.22,2022-04-09,completed
TXN0008283,CRM002974,413.13,2022-07-28,completed
TXN0009946,CRM002398,350.29,2022-07-27,completed
TXN0010269,CRM006864,1126.84,2024-03-13,completed
TXN0000718,CRM009413,1612.85,2024-04-27,completed
TXN0009629,CRM004549,892.03,2022-04-03,refunded
TXN0007846,CRM000658,119.51,2023-10-16,completed
TXN0006792,GHOST00316,755.98,2023-05-10,completed
TXN0008146,CRM005353,533.12,2022-09-14,completed
TXN0004045,CRM001210,746.18,2023-12-20,completed
TXN0005872,CRM002338,120.77,2022-04-27,failed
TXN0001352,CRM009303,24.11,2023-12-05,completed
TXN0006882,CRM000589,561.76,2024-05-25,failed
TXN0009215,CRM000711,247.64,2024-05-10,completed
TXN0005637,CRM007058,207.11,2023-06-27,completed
TXN0009829,GHOST00174,805.44,2024-05-17,completed
TXN0005100,GHOST00261,246.11,2023-02-21,completed
TXN0000013,CRM001262,190.64,2022-03-31,completed
TXN0000796,CRM001819,432.08,2024-03-29,completed
TXN0000843,CRM002980,350.22,2024-03-24,completed
TXN0011505,CRM000557,119.91,2023-11-27,completed
TXN0008347,CRM004181,236.76,2022-04-24,failed
TXN0001386,CRM001903,159.33,2023-04-22,completed
TXN0010635,CRM009892,133.42,2022-10-02,completed
TXN0000467,CRM001227,165.39,2023-08-20,completed
TXN0011310,CRM000115,458.09,2023-04-04,completed
TXN0011855,CRM004523,2203.32,2024-06-06,completed
TXN0001712,CRM000294,19.27,2022-10-25,failed
TXN0003554,CRM009673,922.61,2022-04-14,completed
TXN0005332,CRM004324,224.75,2023-02-24,completed
TXN0010682,CRM000485,522.25,2022-06-09,completed
TXN0009625,CRM010280,210.9,2023-02-06,completed
TXN0000039,CRM010288,911.18,2022-11-07,completed
TXN0006327,CRM009350,1423.24,2023-10-13,pending
TXN0005597,CRM005831,113.86,2023-07-20,failed
TXN0001075,CRM001326,343.12,2022-12-28,pending
TXN0002987,CRM001552,88.6,2022-04-18,completed
TXN0007239,CRM007323,330.28,2023-07-21,completed
TXN0000969,CRM004196,188.46,2024-04-05,completed
TXN0006481,CRM003750,86.36,2023-05-21,completed
TXN0005682,CRM004517,,2024-06-29,completed
TXN0004885,CRM001492,56.29,2022-10-27,completed
TXN0009436,CRM008802,390.77,2023-06-28,completed
TXN0009342,CRM009489,471.86,2024-04-16,completed
TXN0007032,CRM000526,72.21,2022-06-14,completed
TXN0008199,CRM010184,74.46,2022-04-01,pending
TXN0009166,CRM008665,84.32,2022-10-03,pending
TXN0000555,CRM002980,172.42,2022-03-14,completed
TXN0008266,CRM007154,83.35,2022-10-31,completed
TXN0004143,CRM001133,601.75,2022-03-13,pending
TXN0001450,GHOST00226,467.95,2022-01-03,failed
TXN0005965,CRM005485,124.93,2022-07-18,completed
TXN0010896,CRM003183,116.66,2023-07-12,completed
TXN0000032,CRM006530,268.61,2024-01-11,failed
TXN0002334,CRM001852,173.54,2023-04-09,completed
TXN0011006,CRM004853,53.16,2023-07-10,pending
TXN0008132,CRM009353,254.19,2022-10-22,failed
TXN0007671,CRM000643,377.3,2022-04-15,completed
TXN0003782,CRM008864,486.41,2023-01-04,completed
TXN0002541,CRM008420,,2023-06-22,completed
TXN0010396,CRM006965,255.76,2022-11-01,completed
TXN0006195,CRM006848,301.22,2023-02-06,completed
TXN0004065,CRM001287,374.98,2023-11-28,completed
TXN0008105,CRM005202,37.16,2023-06-22,completed
TXN0010225,CRM002277,74.08,2022-04-13,pending
TXN0005526,CRM005531,194.43,2023-01-20,completed
TXN0001126,CRM009666,11286.26,2023-12-10,completed
TXN0000274,CRM006336,459.25,2024-01-24,completed
TXN0001142,CRM000898,123.2,2023-05-19,completed
TXN0009365,CRM004942,540.45,2023-08-20,completed
TXN0011062,CRM004372,129.99,2023-10-19,completed
TXN0003321,CRM007829,145.0,2023-07-13,completed
TXN0008237,CRM004451,225.99,2022-03-08,pending
TXN0007076,GHOST00600,230.36,2022-11-20,completed
TXN0008980,CRM000208,392.17,2024-06-26,completed
TXN0003412,CRM009701,179.24,2022-08-24,completed
TXN0006886,CRM006275,834.7,2024-03-12,completed
TXN0001798,CRM004977,,2024-04-08,completed
TXN0000237,CRM000972,373.88,2023-03-13,completed
TXN0006734,CRM009498,94.68,2023-01-20,completed
TXN0000927,CRM000227,172.98,2024-03-08,completed
TXN0008727,CRM005557,259.9,2022-08-20,completed
TXN0007236,CRM001179,122.2,2024-03-24,completed
TXN0008245,CRM000427,,2022-10-06,refunded
TXN0010610,CRM001528,126.43,2022-12-07,completed
TXN0009314,CRM006647,742.14,2022-03-13,refunded
TXN0007524,CRM006376,56.04,2023-07-26,completed
TXN0009157,CRM004058,382.03,2023-05-18,completed
TXN0001615,CRM009132,65.3,2022-07-16,completed
TXN0004478,CRM009570,255.67,2022-05-26,completed
TXN0005282,CRM005830,134.49,2023-09-25,completed
TXN0003159,CRM003131,27.57,2023-01-23,completed
TXN0009530,CRM002265,87.31,2023-03-12,failed
TXN0011992,CRM004150,138.54,2024-02-25,completed
TXN0005703,CRM002085,361.49,2024-04-05,completed
TXN0003529,CRM006931,39.42,2022-08-24,pending
TXN0004469,CRM002095,223.23,2023-12-01,completed
TXN0009696,CRM001518,2309.99,2024-05-26,pending
TXN0011818,CRM005846,52.22,2022-04-02,completed
TXN0011345,CRM001821,298.98,2022-05-16,completed
TXN0005230,CRM005658,93.13,2023-06-28,completed
TXN0005747,CRM002475,1701.6,2023-12-07,completed
TXN0007043,CRM000393,690.2,2022-09-21,completed
TXN0008233,CRM010172,29.47,2022-01-26,completed
TXN0006921,CRM000161,26.98,2022-06-04,completed
TXN0003675,CRM002325,292.99,2022-03-25,completed
TXN0011363,GHOST00155,569.04,2024-05-07,failed
TXN0009324,CRM006428,281.14,2023-01-30,completed
TXN0005095,CRM009162,345.13,2024-06-07,completed
TXN0003468,CRM001642,115.23,2023-09-04,completed
TXN0002918,GHOST00432,30.65,2023-08-30,completed
TXN0007716,CRM000590,211.64,2022-03-26,refunded
TXN0005299,CRM010276,63.9,2023-09-06,completed
TXN0004357,CRM009226,252.28,2023-08-24,completed
TXN0010620,CRM002408,1157.6,2023-12-16,completed
TXN0004816,CRM008282,495.55,2022-03-16,refunded
TXN0009474,CRM001145,850.98,2024-02-07,completed
TXN0007245,CRM003025,130.01,2024-01-05,failed
TXN0011274,GHOST00303,288.85,2024-03-23,completed
TXN0003717,GHOST00894,711.71,2022-02-07,completed
TXN0002280,CRM000187,227.5,2024-06-22,completed
TXN0000859,CRM001966,1275.16,2022-09-23,completed
TXN0008932,CRM000340,37.72,2023-08-16,completed
TXN0011473,CRM001890,330.55,2024-04-01,completed
TXN0010254,CRM007245,207.49,2024-01-22,completed
TXN0010907,CRM007656,184.48,2022-03-27,completed
TXN0002173,CRM004451,195.58,2023-03-22,completed
TXN0007392,CRM002678,,2023-07-24,completed
TXN0005769,CRM008719,1069.96,2023-11-02,completed
TXN0011081,CRM001155,229.0,2023-10-01,completed
TXN0001802,CRM007505,439.23,2022-01-13,completed
TXN0006362,CRM002144,209.02,2022-07-27,completed
TXN0005522,CRM004490,568.56,2024-04-27,completed
TXN0005517,CRM004735,114.86,2023-03-14,failed
TXN0008441,CRM002530,82.3,2024-01-22,pending
TXN0011046,CRM002049,259.39,2023-01-30,completed
TXN0009193,CRM000325,254.41,2022-07-02,completed
TXN0005627,GHOST00596,98.4,2024-05-19,completed
TXN0002615,CRM007082,378.18,2024-01-28,completed
TXN0000959,CRM008727,314.15,2023-12-01,completed
TXN0006108,CRM003846,1973.19,2023-07-19,completed
TXN0001232,CRM005144,761.71,2022-05-22,failed
TXN0009824,CRM004865,890.39,2022-03-24,completed
TXN0008270,GHOST00572,14.5,2023-12-06,completed
TXN0007053,CRM006925,34.25,2023-08-27,completed
TXN0000366,CRM004020,212.01,2022-01-19,pending
TXN0001480,CRM004803,332.49,2023-11-27,completed
TXN0005772,CRM005443,47.59,2022-07-10,completed
TXN0003184,GHOST01065,576.96,2022-12-26,completed
TXN0003074,CRM002518,490.79,2023-01-03,completed
TXN0008289,CRM002035,545.77,2023-11-14,completed
TXN0008662,CRM010466,177.4,2022-11-07,completed
TXN0008855,CRM007074,44.75,2023-02-04,refunded
TXN0001188,CRM004733,341.7,2022-08-24,completed
TXN0005883,CRM002055,1133.64,2022-11-07,completed
TXN0000342,CRM005073,299.25,2023-06-27,completed
TXN0010946,CRM008662,193.89,2022-10-28,completed
TXN0002846,CRM003614,344.56,2022-11-25,completed
TXN0006395,CRM004408,278.05,2023-12-21,completed
TXN0001651,CRM001797,107.69,2022-03-13,completed
TXN0010925,CRM005741,240.15,2023-06-09,completed
TXN0008641,CRM009388,410.03,2022-01-13,refunded
TXN0010860,CRM010116,716.4,2022-07-30,completed
TXN0000994,CRM006300,26.16,2022-09-10,completed
TXN0009960,CRM009500,178.08,2024-01-03,completed
TXN0006023,CRM003124,2082.13,2024-05-28,completed
TXN0007883,CRM000013,73.83,2023-08-18,completed
TXN0002772,CRM000915,163.59,2023-09-30,completed
TXN0006840,CRM007537,40.51,2022-02-08,completed
TXN0000137,CRM003571,11.95,2024-06-16,completed
TXN0001534,CRM007216,191.19,2022-11-16,completed
TXN0001445,CRM009187,103.91,2022-11-30,completed
TXN0006672,CRM006623,102.2,2022-06-03,completed
TXN0007025,CRM007666,225.97,2023-07-10,pending
TXN0003373,CRM008591,99.78,2024-05-09,completed
TXN0007945,CRM010278,110.16,2022-03-23,completed
TXN0001477,CRM004220,26.52,2023-08-24,completed
TXN0002616,CRM000986,96.6,2022-05-21,completed
TXN0006807,CRM006882,1022.32,2022-04-19,completed
TXN0009279,CRM004533,58.18,2022-02-11,completed
TXN0006819,CRM001358,382.09,2023-08-21,failed
TXN0002964,GHOST00813,168.83,2023-07-19,completed
TXN0006121,CRM008001,447.39,2022-03-19,completed
TXN0008005,CRM001910,279.15,2023-04-29,completed
TXN0003158,CRM000783,1481.8,2023-05-11,completed
TXN0002245,CRM006431,304.59,2023-01-06,completed
TXN0008247,CRM001767,63.33,2023-06-15,pending
TXN0010790,CRM003287,318.29,2023-07-26,completed
TXN0001089,CRM009775,,2022-09-09,completed
TXN0011431,CRM009165,313.13,2024-06-17,completed
TXN0004558,CRM004678,113.38,2022-08-11,completed
TXN0006254,CRM004928,136.27,2024-05-21,completed
TXN0009765,CRM003694,212.03,2022-03-10,completed
TXN0003051,CRM000789,823.79,2023-10-30,completed
TXN0009792,CRM008539,249.39,2023-01-12,refunded
TXN0003212,CRM008698,518.96,2024-05-04,completed
TXN0009814,CRM008834,490.22,2024-03-14,completed
TXN0001596,CRM002932,273.52,2023-07-23,completed
TXN0008755,CRM010068,94.94,2023-07-31,completed
TXN0011634,CRM005210,508.05,2023-10-29,completed
TXN0008784,CRM007807,480.27,2022-12-02,completed
TXN0009903,CRM008857,265.11,2024-06-24,completed
TXN0008858,CRM007316,235.1,2023-05-29,refunded
TXN0000748,CRM009184,188.23,2023-07-25,completed
TXN0008130,CRM004667,43.04,2023-09-02,completed
TXN0009495,CRM001659,22.75,2022-09-25,completed
TXN0008060,CRM006216,1229.71,2023-06-21,completed
TXN0001162,CRM003412,65.85,2022-01-02,pending
TXN0005125,CRM001460,196.31,2024-02-13,completed
TXN0007577,CRM003397,513.6,2024-05-30,completed
TXN0007074,CRM008622,1012.08,2024-03-10,completed
TXN0001639,GHOST00567,32.67,2022-06-21,completed
TXN0003360,CRM006805,262.66,2022-11-08,completed
TXN0011355,CRM006821,20.21,2022-05-10,refunded
TXN0011645,CRM007357,239.32,2022-04-17,completed
TXN0011136,CRM007343,147.84,2022-09-26,completed
TXN0007038,CRM004473,287.21,2022-07-06,completed
TXN0001613,CRM009970,2394.05,2023-09-15,pending
TXN0005190,CRM008379,91.64,2023-08-19,completed
TXN0004925,CRM008177,476.32,2022-03-15,completed
TXN0006821,CRM004262,847.62,2024-06-06,completed
TXN0011481,CRM006958,343.2,2022-11-25,completed
TXN0011246,CRM008143,278.79,2024-02-23,completed
TXN0005107,CRM000175,241.83,2022-04-08,completed
TXN0006176,CRM007711,729.45,2024-06-14,completed
TXN0001129,CRM008694,,2023-09-13,pending
TXN0008725,GHOST00492,66.28,2022-04-21,completed
TXN0003379,CRM002914,264.54,2024-03-31,failed
TXN0010118,CRM006010,149.83,2024-05-24,completed
TXN0007000,CRM005099,741.03,2023-08-06,pending
TXN0002677,CRM008474,208.61,2023-12-15,completed
TXN0001441,GHOST00904,248.84,2022-07-17,completed
TXN0011323,CRM007811,172.74,2023-03-15,completed
TXN0010573,CRM000612,482.86,2024-02-23,completed
TXN0000776,CRM000323,360.07,2022-09-28,refunded
TXN0007120,CRM005175,740.12,2023-07-30,refunded
TXN0003844,CRM000069,740.98,2023-12-26,completed
TXN0000919,CRM008385,14279.85,2024-02-10,pending
TXN0010439,GHOST00942,3040.33,2022-11-12,failed
TXN0003307,CRM005635,1014.93,2024-01-22,completed
TXN0006286,CRM001080,111.94,2023-10-10,failed
TXN0001837,CRM007822,1444.92,2022-07-05,completed
TXN0004230,CRM001409,266.8,2024-03-31,completed
TXN0001830,CRM009568,1295.51,2022-03-24,pending
TXN0010419,CRM005382,286.8,2024-05-20,completed
TXN0010037,CRM003975,,2024-03-10,completed
TXN0003106,CRM001226,377.35,2023-11-30,completed
TXN0003096,CRM007334,395.8,2024-05-24,completed
TXN0011159,CRM003138,318.58,2022-04-22,completed
TXN0006454,CRM009576,268.55,2023-05-22,completed
TXN0008169,CRM008208,174.53,2022-03-23,completed
TXN0010496,CRM002341,264.98,2024-01-14,completed
TXN0010704,CRM001669,339.74,2023-01-24,pending
TXN0000543,GHOST01059,318.65,2022-04-27,pending
TXN0000093,CRM001074,852.68,2024-05-29,completed
TXN0005432,CRM003952,268.86,2023-05-31,refunded
TXN0001979,CRM001936,45.03,2022-12-10,completed
TXN0000723,GHOST00159,94.7,2022-12-25,completed
TXN0005945,CRM004320,152.65,2022-02-25,failed
TXN0006925,CRM000888,133.93,2023-01-25,completed
TXN0009695,CRM002576,452.45,2022-10-02,completed
TXN0001336,CRM008709,721.73,2024-05-24,completed
TXN0001393,CRM005640,1635.86,2023-12-19,completed
TXN0003007,CRM004714,65.99,2022-07-27,pending
TXN0009521,CRM004411,17.51,2024-06-23,completed
TXN0001324,CRM007518,560.57,2024-01-25,completed
TXN0004315,CRM010326,177.37,2022-07-28,completed
TXN0010022,CRM007965,453.91,2022-05-19,pending
TXN0006675,CRM006230,72.45,2023-01-15,completed
TXN0008243,CRM006974,1114.73,2023-05-06,completed
TXN0002075,CRM000511,219.15,2024-01-14,completed
TXN0007128,CRM008872,125.58,2023-11-19,refunded
TXN0004461,CRM006855,223.38,2023-11-27,completed
TXN0009863,CRM008651,529.15,2022-07-25,completed
TXN0002212,CRM007338,200.33,2022-11-12,completed
TXN0008209,CRM007336,86.23,2023-02-02,completed
TXN0009968,CRM002748,50.84,2023-03-19,completed
TXN0005719,CRM008211,274.08,2023-03-16,pending
TXN0010002,CRM010439,1094.55,2023-02-15,completed
TXN0008588,CRM005336,347.02,2024-03-28,pending
TXN0009285,CRM001936,99.27,2024-06-06,completed
TXN0007967,CRM008745,643.29,2022-08-20,completed
TXN0011675,CRM002104,730.98,2023-02-22,refunded
TXN0008966,CRM008697,89.25,2022-07-05,completed
TXN0000835,GHOST00905,2079.59,2022-05-11,completed
TXN0008165,CRM002356,1081.33,2022-05-13,completed
TXN0002135,CRM001213,159.34,2023-05-12,pending
TXN0011665,CRM008158,747.65,2022-07-29,completed
TXN0008991,CRM008681,356.39,2022-12-30,completed
TXN0000914,CRM002093,505.84,2022-04-24,completed
TXN0001528,CRM004459,179.16,2024-01-17,completed
TXN0001850,CRM008921,295.71,2023-04-16,completed
TXN0005304,CRM003689,58.0,2023-12-29,completed
TXN0002070,CRM009835,57.79,2023-12-24,completed
TXN0008873,CRM010392,89.65,2023-01-08,completed
TXN0000704,CRM008965,51.66,2022-08-30,completed
TXN0004009,CRM006389,310.42,2024-05-31,completed
TXN0007346,CRM008800,164.23,2024-06-06,completed
TXN0010933,CRM002949,94.96,2023-06-08,failed
TXN0006360,CRM009301,164.81,2022-08-14,completed
TXN0000060,CRM002153,111.63,2023-02-09,completed
TXN0006070,CRM006851,296.58,2024-02-27,completed
TXN0002469,CRM009682,910.34,2023-09-16,completed
TXN0011774,CRM007257,35.07,2022-03-10,failed
TXN0007487,CRM010379,96.06,2022-11-01,completed
TXN0006323,CRM007467,48.49,2023-08-17,completed
TXN0010714,CRM008924,191.32,2022-08-02,pending
TXN0001519,CRM002515,219.27,2023-09-07,completed
TXN0001466,CRM003971,3539.37,2024-05-06,pending
TXN0007083,CRM006939,,2024-02-20,completed
TXN0002428,CRM003322,302.8,2023-08-05,completed
TXN0006968,GHOST00570,334.3,2023-09-10,completed
TXN0008282,CRM002958,182.56,2023-07-28,completed
TXN0010425,CRM003941,492.55,2022-06-16,completed
TXN0010941,CRM005200,480.56,2023-10-02,completed
TXN0010013,GHOST00712,106.14,2022-02-22,completed
TXN0003983,CRM003451,258.99,2022-11-22,refunded
TXN0011731,CRM002771,133.01,2023-05-30,pending
TXN0005212,CRM006877,1584.25,2023-01-18,completed
TXN0007771,CRM001510,588.26,2023-12-30,completed
TXN0008638,CRM010249,751.7,2022-04-02,completed
TXN0009641,CRM007035,18.55,2023-11-20,failed
TXN0001087,CRM008572,114.47,2023-04-06,completed
TXN0002348,CRM009446,59.4,2023-12-03,completed
TXN0006466,CRM000230,561.5,2022-01-16,completed
TXN0001984,CRM000120,1891.79,2023-09-16,completed
TXN0011042,GHOST01084,2509.64,2023-07-10,completed
TXN0001108,CRM004272,145.2,2023-02-05,completed
TXN0001149,CRM001507,406.37,2022-08-29,completed
TXN0004051,CRM006296,201.38,2023-05-22,completed
TXN0003634,CRM010286,70.72,2022-10-02,failed
TXN0006594,CRM010394,258.39,2022-09-30,completed
TXN0000475,CRM006404,642.94,2023-11-22,completed
TXN0003116,CRM010009,1605.83,2023-12-08,completed
TXN0010889,CRM004514,551.85,2024-02-06,refunded
TXN0001503,CRM002806,127.29,2024-06-13,completed
TXN0002214,CRM008849,358.37,2023-10-02,completed
TXN0000329,CRM004971,116.07,2023-06-26,completed
TXN0004911,CRM001595,185.2,2022-03-13,completed
TXN0001982,CRM007564,157.08,2023-07-03,completed
TXN0009940,CRM008611,47.03,2022-12-24,completed
TXN0010861,CRM000102,913.74,2022-02-12,completed
TXN0005407,CRM005320,224.19,2023-12-27,completed
TXN0009882,CRM005374,974.33,2022-08-14,completed
TXN0010669,CRM007062,135.45,2022-07-24,completed
TXN0002192,CRM008015,87.31,2022-02-10,completed
TXN0009027,CRM004508,185.68,2024-06-16,completed
TXN0011537,CRM000451,3947.75,2022-05-31,completed
TXN0007724,CRM007196,24.22,2022-03-31,completed
TXN0001084,CRM009193,,2023-03-13,completed
TXN0006648,CRM008346,25.24,2022-06-18,completed
TXN0008998,CRM001811,61.78,2022-01-31,completed
TXN0004184,CRM010465,250.76,2023-09-28,completed
TXN0001507,CRM007020,15.72,2023-12-12,failed
TXN0005370,CRM006872,93.35,2022-10-14,pending
TXN0000372,CRM000219,173.32,2023-12-24,pending
TXN0008294,CRM007394,692.67,2022-04-27,completed
TXN0003234,CRM006353,917.46,2022-08-04,pending
TXN0005427,CRM002701,118.43,2022-08-15,failed
TXN0009087,CRM006807,334.7,2022-07-17,pending
TXN0006269,GHOST01158,36.74,2023-01-02,completed
TXN0008532,CRM001072,39.78,2022-05-01,completed
TXN0004472,CRM008929,169.92,2022-08-09,pending
TXN0007400,CRM000174,215.95,2023-01-15,completed
TXN0000558,CRM003232,760.73,2023-03-17,failed
TXN0007123,GHOST01089,306.26,2023-02-23,pending
TXN0010354,CRM007866,136.66,2022-10-13,pending
TXN0006370,CRM006009,319.23,2023-08-01,completed
TXN0011033,GHOST00888,299.84,2024-04-05,completed
TXN0000778,CRM007755,87.06,2023-04-12,completed
TXN0011858,CRM003155,5238.85,2022-01-01,completed
TXN0002065,CRM009881,4953.0,2024-01-07,completed
TXN0002614,CRM004151,1302.02,2023-11-28,completed
TXN0010401,CRM004851,330.77,2022-05-12,pending
TXN0011826,CRM008435,244.33,2022-03-19,completed
TXN0005258,CRM007847,270.9,2023-09-10,completed
TXN0000105,CRM009229,121.68,2023-01-30,completed
TXN0009859,GHOST00126,1460.3,2022-05-24,completed
TXN0000622,CRM004469,213.81,2024-04-10,refunded
TXN0010903,CRM009451,88.88,2022-05-01,pending
TXN0004593,CRM008047,39.42,2023-09-04,completed
TXN0007275,GHOST00240,341.49,2023-10-09,refunded
TXN0001076,CRM008784,81.45,2022-06-12,pending
TXN0009493,CRM007731,262.51,2022-10-29,completed
TXN0001609,CRM002065,276.15,2024-02-14,completed
TXN0001538,CRM009881,2229.54,2023-07-26,completed
TXN0011241,CRM001974,49.5,2023-08-03,pending
TXN0006233,CRM006968,370.59,2023-09-21,completed
TXN0002177,CRM010038,397.03,2023-05-27,refunded
TXN0008625,CRM009037,75.28,2023-01-10,completed
TXN0000639,CRM002529,882.42,2022-06-07,completed
TXN0011770,CRM004848,27.12,2023-04-01,completed
TXN0007020,CRM001020,174.25,2022-02-27,completed
TXN0003490,CRM007787,188.74,2022-11-30,completed
TXN0001653,GHOST00397,826.0,2022-06-10,pending
TXN0011435,GHOST00428,1012.89,2024-02-20,pending
TXN0008580,CRM002959,164.54,2022-12-11,completed
TXN0001670,CRM003190,508.39,2022-07-31,completed
TXN0001811,CRM003045,90.53,2022-12-05,completed
TXN0005849,CRM005746,314.89,2022-08-31,completed
TXN0002145,CRM002701,277.35,2024-01-14,refunded
TXN0009260,CRM006541,234.85,2022-05-22,refunded
TXN0009772,CRM009808,703.76,2023-11-23,completed
TXN0007266,GHOST01197,177.27,2024-03-12,completed
TXN0006733,CRM002961,,2022-11-19,completed
TXN0009152,CRM004351,838.5,2022-08-19,completed
TXN0000696,CRM003438,38.33,2022-06-28,completed
TXN0002617,CRM000746,498.97,2022-08-26,failed
TXN0003832,CRM005622,266.24,2022-08-03,failed
TXN0004116,CRM000326,317.94,2024-03-02,completed
TXN0011617,CRM008190,1586.3,2022-11-25,completed
TXN0008361,CRM005816,46.73,2023-09-06,completed
TXN0005588,CRM001004,425.42,2023-03-01,completed
TXN0003712,CRM005342,41.3,2024-06-08,completed
TXN0009599,CRM003624,888.26,2022-10-10,refunded
TXN0003897,CRM008146,197.83,2023-03-27,completed
TXN0002292,CRM008257,46.2,2022-08-15,failed
TXN0007149,CRM008060,75.83,2022-04-09,completed
TXN0005899,CRM001822,,2023-01-30,completed
TXN0001161,CRM002786,184.48,2024-01-18,completed
TXN0005501,CRM005201,254.47,2022-02-11,refunded
TXN0005893,CRM007071,180.45,2022-09-17,completed
TXN0002512,CRM005708,42.05,2022-08-08,completed
TXN0001362,CRM009445,254.67,2022-03-12,completed
TXN0001656,GHOST00141,32.27,2023-10-28,completed
TXN0004332,CRM004603,268.84,2024-03-17,completed
TXN0009543,CRM005189,138.62,2022-06-01,completed
TXN0010528,CRM000127,17.43,2022-10-18,completed
TXN0004182,CRM002368,66.8,2022-03-07,completed
TXN0007447,CRM002886,338.46,2022-12-06,completed
TXN0011605,CRM007655,314.96,2022-02-11,completed
TXN0008698,CRM008242,81.77,2024-01-29,completed
TXN0010435,CRM000360,596.26,2024-01-02,completed
TXN0004188,CRM001369,137.59,2023-08-17,completed
TXN0001558,CRM005128,118.82,2024-06-08,completed
TXN0001611,CRM003975,125.43,2024-01-24,completed
TXN0009987,CRM003096,98.61,2023-04-29,completed
TXN0010051,CRM010218,245.6,2023-12-29,completed
TXN0004707,CRM002367,129.61,2022-08-14,failed
TXN0009975,GHOST00112,88.86,2023-10-26,failed
TXN0005144,CRM008985,199.9,2022-04-24,failed
TXN0001896,CRM007196,1167.41,2023-08-08,refunded
TXN0001396,CRM007933,1244.88,2022-01-28,completed
TXN0006319,CRM003170,43.05,2022-02-09,pending
TXN0008643,CRM009628,458.45,2022-01-04,completed
TXN0010785,CRM008556,28.03,2022-12-18,completed
TXN0010353,CRM004890,129.28,2022-04-12,completed
TXN0004149,CRM005389,305.61,2023-11-21,completed
TXN0011810,CRM001246,352.61,2024-03-04,completed
TXN0011423,CRM003187,851.82,2022-06-10,pending
TXN0008652,CRM007045,110.75,2023-11-11,completed
TXN0007608,CRM006145,174.41,2023-07-15,completed
TXN0002318,CRM003894,113.24,2022-10-07,completed
TXN0001057,CRM000398,288.07,2023-06-22,pending
TXN0011570,CRM000664,157.25,2024-06-14,completed
TXN0005560,CRM005055,150.09,2022-11-21,completed
TXN0005273,CRM001912,1269.98,2022-06-20,completed
TXN0004592,CRM007312,397.47,2024-04-03,completed
TXN0003492,CRM000945,543.18,2024-05-16,completed
TXN0000323,GHOST00996,412.52,2023-12-30,completed
TXN0007505,GHOST00306,452.93,2024-05-18,completed
TXN0007045,CRM001240,303.56,2023-06-03,completed
TXN0007268,CRM010205,1756.62,2024-06-12,completed
TXN0004524,CRM009957,28.58,2022-08-14,completed
TXN0004849,CRM003730,375.89,2022-03-24,completed
TXN0006349,GHOST01079,202.49,2022-07-18,completed
TXN0003053,CRM010278,91.27,2023-08-03,completed
TXN0005388,GHOST00542,5286.29,2022-06-03,completed
TXN0005891,CRM006395,91.43,2023-11-07,completed
TXN0003999,CRM006995,1090.85,2022-08-02,completed
TXN0011751,GHOST00832,846.7,2024-03-14,completed
TXN0011705,CRM009777,94.53,2022-07-04,completed
TXN0005011,CRM010204,234.46,2024-02-22,completed
TXN0008772,GHOST00870,456.98,2023-03-15,completed
TXN0004536,CRM008680,1095.88,2022-06-04,completed
TXN0010372,CRM010073,2304.43,2022-01-11,completed
TXN0009210,CRM005543,204.52,2024-06-05,completed
TXN0007944,CRM008110,90.86,2022-10-27,completed
TXN0009642,GHOST00106,103.89,2022-04-06,pending
TXN0001900,CRM004520,247.98,2023-07-05,completed
TXN0011107,CRM005126,283.1,2022-04-30,completed
TXN0009864,CRM000347,968.93,2024-02-19,completed
TXN0003778,CRM008777,782.63,2023-06-25,completed
TXN0009594,CRM003383,1471.48,2022-07-04,refunded
TXN0010585,CRM008526,106.31,2023-11-05,completed
TXN0010936,CRM006404,41.46,2022-12-26,completed
TXN0003413,CRM004714,422.92,2022-09-07,completed
TXN0002339,CRM005240,104.68,2023-01-24,completed
TXN0004378,CRM006485,182.33,2023-10-13,completed
TXN0000873,CRM003032,75.83,2023-11-15,completed
TXN0004950,CRM008046,346.14,2022-08-23,completed
TXN0001713,CRM002030,238.62,2024-04-12,pending
TXN0011182,GHOST00408,73.55,2024-03-13,failed
TXN0009511,CRM001392,255.26,2022-05-11,completed
TXN0011962,CRM003333,482.57,2023-04-30,failed
TXN0001467,CRM003784,1851.17,2023-06-15,completed
TXN0005233,CRM002634,140.56,2022-01-22,completed
TXN0003961,GHOST00214,41.95,2023-07-18,completed
TXN0000625,CRM003605,197.28,2022-05-13,completed
TXN0005900,CRM008512,318.37,2023-12-29,failed
TXN0002140,GHOST00857,119.78,2023-07-06,completed
TXN0007483,CRM001687,478.52,2023-04-08,failed
TXN0002381,CRM001491,43.18,2023-11-14,completed
TXN0004468,CRM007705,69.18,2022-06-29,completed
TXN0006961,CRM001519,125.46,2024-04-11,completed
TXN0002044,CRM000955,216.61,2022-02-10,pending
TXN0000206,CRM005967,758.73,2023-11-13,completed
TXN0000500,CRM002767,509.12,2024-04-09,completed
TXN0003362,CRM004967,253.05,2022-03-14,pending
TXN0002901,CRM004894,317.73,2023-01-26,completed
TXN0003337,CRM001643,,2022-04-10,completed
TXN0008303,CRM007229,157.42,2023-01-17,completed
TXN0005415,CRM002407,182.76,2024-06-15,completed
TXN0003858,CRM010325,746.12,2022-11-06,completed
TXN0007907,CRM002257,887.15,2024-02-02,completed
TXN0005461,GHOST01132,106.21,2022-08-06,completed
TXN0009992,CRM008468,209.44,2024-04-25,completed
TXN0002872,CRM000122,2201.38,2023-04-17,completed
TXN0005815,CRM004505,488.69,2024-05-18,failed
TXN0010009,CRM008507,1102.48,2022-05-06,completed
TXN0010753,CRM002210,908.53,2023-01-24,completed
TXN0000540,CRM009210,217.47,2022-03-11,completed
TXN0000976,CRM000987,10.03,2023-03-25,completed
TXN0010010,CRM003016,737.88,2024-05-25,completed
TXN0009706,CRM007459,152.7,2024-04-03,completed
TXN0001317,CRM004497,290.11,2022-06-29,completed
TXN0000127,CRM000475,84.95,2023-10-25,completed
TXN0004492,CRM004061,109.27,2022-06-28,completed
TXN0011270,CRM000791,38.71,2022-07-06,completed
TXN0005166,CRM003142,2312.8,2023-01-10,pending
TXN0002370,CRM006971,51.86,2023-12-14,failed
TXN0011028,CRM009805,195.09,2023-01-04,failed
TXN0009212,CRM005711,60.72,2022-02-06,completed
TXN0001037,CRM000165,40.86,2022-10-26,failed
TXN0003557,CRM008791,1254.97,2023-10-21,completed
TXN0008037,CRM008308,313.43,2022-10-16,completed
TXN0009179,CRM010086,605.31,2022-09-29,completed
TXN0010981,CRM008146,139.64,2022-02-15,completed
TXN0003142,CRM006012,280.5,2022-09-14,completed
TXN0003668,CRM004573,179.64,2022-05-15,completed
TXN0010891,CRM002915,350.67,2023-12-08,pending
TXN0002195,CRM008771,172.81,2022-06-21,completed
TXN0006243,CRM005916,524.95,2023-09-15,completed
TXN0009700,CRM005960,439.31,2022-11-29,completed
TXN0006434,GHOST00666,189.39,2024-02-10,completed
TXN0000236,CRM010321,287.19,2022-03-05,refunded
TXN0007495,CRM003563,51.43,2022-01-03,completed
TXN0004118,CRM002341,755.91,2023-07-29,completed
TXN0011168,CRM004650,1252.43,2024-04-10,completed
TXN0008600,CRM000891,152.28,2022-07-30,completed
TXN0006697,GHOST00182,167.9,2023-10-06,completed
TXN0003091,CRM004873,96.3,2022-12-17,completed
TXN0005810,CRM002842,60.36,2023-09-21,completed
TXN0004344,CRM008939,593.4,2023-07-01,completed
TXN0008156,CRM003301,222.62,2022-05-02,completed
TXN0006670,CRM003588,48.36,2023-08-26,completed
TXN0004941,CRM008749,268.83,2024-02-10,completed
TXN0002825,CRM001072,247.87,2023-02-02,completed
TXN0007574,CRM006061,737.63,2022-06-21,completed
TXN0005121,CRM005528,110.39,2024-02-26,completed
TXN0004504,GHOST00939,492.97,2023-06-05,completed
TXN0003026,GHOST00971,249.77,2022-05-21,completed
TXN0006992,CRM007298,3540.3,2023-02-22,completed
TXN0002792,CRM002293,150.78,2023-10-17,completed
TXN0010476,CRM001303,367.41,2023-11-07,refunded
TXN0007289,CRM004928,348.39,2023-04-20,pending
TXN0005677,CRM009312,191.38,2022-09-26,completed
TXN0006114,CRM005705,200.45,2023-09-21,completed
TXN0008298,CRM002441,299.72,2022-03-12,pending
TXN0006411,CRM001710,872.27,2023-03-09,completed
TXN0004279,CRM007651,500.11,2022-03-09,completed
TXN0010422,CRM000977,152.96,2023-08-09,pending
TXN0010971,CRM007434,131.91,2022-06-08,refunded
TXN0008316,CRM004116,50.48,2023-03-05,completed
TXN0010073,CRM003650,169.93,2022-11-04,completed
TXN0010571,CRM009025,813.29,2023-07-06,failed
TXN0010734,GHOST00054,39.88,2023-11-12,completed
TXN0010828,CRM001519,311.57,2022-12-25,completed
TXN0011699,GHOST00066,19.78,2023-11-13,completed
TXN0001049,CRM001747,19.48,2023-01-24,completed
TXN0008447,CRM000183,568.73,2022-03-13,completed
TXN0008153,CRM006254,388.24,2023-06-08,refunded
TXN0001988,CRM008100,538.55,2022-12-10,pending
TXN0000361,CRM009597,713.55,2024-04-28,completed
TXN0007646,CRM005390,333.82,2023-09-07,completed
TXN0011427,CRM004142,228.25,2023-03-04,completed
TXN0009218,GHOST00914,560.17,2022-06-16,completed
TXN0007481,CRM005382,1249.72,2023-05-05,completed
TXN0005895,CRM007501,299.86,2023-07-08,completed
TXN0007391,GHOST01150,128.95,2023-04-30,completed
TXN0000582,CRM002189,148.81,2023-11-05,completed
TXN0001635,CRM004243,360.0,2022-01-29,completed
TXN0002241,CRM003660,208.8,2024-04-12,completed
TXN0007160,CRM005740,142.1,2023-07-09,pending
TXN0011880,CRM008311,203.72,2023-06-04,completed
TXN0004048,CRM006399,1286.81,2024-02-02,completed
TXN0002781,CRM009680,274.85,2023-06-14,completed
TXN0004434,CRM005070,2820.1,2023-05-06,completed
TXN0009108,GHOST00351,646.31,2023-04-28,refunded
TXN0003636,CRM006094,1719.2,2022-01-22,completed
TXN0011536,CRM000764,278.41,2022-05-11,completed
TXN0010122,CRM004696,281.51,2022-08-31,completed
TXN0006863,CRM004986,282.82,2023-06-18,completed
TXN0003847,CRM003721,148.41,2022-04-16,failed
TXN0009578,CRM000190,294.86,2023-11-01,failed
TXN0000847,CRM001856,223.14,2024-04-18,completed
TXN0002125,CRM010239,97.19,2023-12-04,completed
TXN0008144,CRM009543,431.42,2024-04-19,completed
TXN0000085,CRM009200,349.45,2023-01-07,completed
TXN0007761,CRM000452,89.43,2022-02-25,completed
TXN0002771,CRM006167,280.3,2023-04-06,completed
TXN0000857,CRM009091,328.94,2022-08-19,completed
TXN0003938,CRM002452,249.85,2024-06-19,completed
TXN0006549,CRM001461,828.42,2024-02-21,completed
TXN0002911,CRM008608,2708.91,2023-05-15,completed
TXN0011339,GHOST00171,145.12,2024-06-15,completed
TXN0011364,CRM008600,97.25,2023-04-30,completed
TXN0006426,CRM003243,519.76,2024-05-05,completed
TXN0000051,CRM002634,6.66,2022-04-07,completed
TXN0006636,CRM008317,133.78,2023-05-18,completed
TXN0004772,CRM008991,72.37,2022-07-09,completed
TXN0007052,CRM009339,355.77,2023-11-04,completed
TXN0009364,GHOST00115,501.13,2023-11-17,pending
TXN0005721,CRM010102,870.61,2023-07-08,completed
TXN0009207,CRM001374,1189.16,2023-08-08,completed
TXN0004212,CRM008279,615.64,2023-05-08,failed
TXN0002763,CRM008318,350.04,2024-01-19,completed
TXN0005724,CRM008210,129.62,2022-08-26,completed
TXN0009747,CRM000563,39.08,2022-01-23,completed
TXN0006363,CRM001772,212.01,2023-02-01,pending
TXN0002443,CRM002163,955.53,2023-11-14,completed
TXN0011606,CRM001008,1597.6,2023-04-11,completed
TXN0002834,CRM010043,136.73,2023-07-22,pending
TXN0007379,CRM009720,382.33,2022-11-08,pending
TXN0006618,CRM000413,197.78,2024-03-03,completed
TXN0005539,CRM004101,329.55,2023-04-09,completed
TXN0010212,CRM007143,330.57,2023-03-22,completed
TXN0003994,CRM004898,70.62,2023-12-24,completed
TXN0007791,CRM006273,183.04,2024-05-22,completed
TXN0004842,CRM006302,102.66,2024-05-29,completed
TXN0007800,CRM007738,99.4,2024-06-15,completed
TXN0007911,CRM007232,1644.2,2024-06-24,completed
TXN0008440,CRM004747,352.12,2023-02-22,completed
TXN0004060,CRM009858,81.92,2022-07-03,completed
TXN0009667,CRM005778,136.71,2023-11-23,completed
TXN0002230,CRM005328,35.33,2023-09-16,completed
TXN0002965,CRM005722,995.95,2024-03-17,completed
TXN0005129,CRM003318,742.86,2023-02-05,completed
TXN0008861,CRM001460,110.98,2022-09-18,completed
TXN0000532,CRM002017,241.16,2022-07-30,completed
TXN0009550,CRM001353,118.02,2023-08-23,completed
TXN0010526,CRM001838,312.56,2022-01-14,completed
TXN0000179,CRM008231,1105.71,2022-06-12,pending
TXN0000660,CRM002028,944.77,2024-01-20,completed
TXN0004969,CRM008955,1259.21,2023-07-03,completed
TXN0006332,CRM009836,100.03,2022-12-20,completed
TXN0001178,CRM000477,454.97,2023-12-03,completed
TXN0008818,CRM005416,18.22,2022-06-28,completed
TXN0011464,CRM008129,207.56,2022-01-21,completed
TXN0010241,CRM000564,334.07,2023-02-11,completed
TXN0001892,CRM003612,162.66,2022-11-04,completed
TXN0007504,CRM003731,181.63,2023-04-24,completed
TXN0007718,CRM006014,1356.95,2022-09-06,completed
TXN0003791,CRM004033,173.41,2023-02-12,completed
TXN0009294,CRM006101,3365.73,2023-05-04,refunded
TXN0006465,CRM003058,307.07,2022-08-26,completed
TXN0004667,CRM002165,224.08,2023-01-14,pending
TXN0011713,CRM010303,376.32,2024-04-18,completed
TXN0007423,CRM005261,420.19,2023-12-04,failed
TXN0000860,CRM006265,333.5,2022-05-22,completed
TXN0002557,CRM004318,1163.83,2024-06-16,completed
TXN0009160,CRM006972,251.19,2022-10-28,pending
TXN0005763,CRM009598,227.52,2023-09-09,completed
TXN0010313,CRM004606,63.23,2022-08-02,completed
TXN0005546,CRM008404,2434.67,2023-07-27,completed
TXN0010779,CRM009390,222.26,2023-03-06,completed
TXN0011321,CRM003289,328.37,2024-05-14,completed
TXN0000068,GHOST00119,907.32,2024-02-11,completed
TXN0005252,GHOST01010,1109.19,2023-05-25,completed
TXN0004906,CRM000189,150.86,2024-03-26,pending
TXN0008253,CRM004634,84.89,2022-10-03,completed
TXN0002086,CRM007593,382.15,2022-12-19,completed
TXN0007446,CRM005871,340.17,2023-07-16,completed
TXN0000365,CRM002576,108.31,2023-04-01,pending
TXN0005952,CRM009347,44.03,2024-03-15,completed
TXN0006049,CRM006696,134.16,2023-04-15,completed
TXN0009920,CRM001283,7.42,2022-10-30,completed
TXN0006912,CRM002446,373.39,2022-01-08,completed
TXN0006326,CRM007599,308.57,2023-08-08,pending
TXN0004878,GHOST00694,2042.58,2023-06-08,completed
TXN0003216,CRM004272,96.2,2022-01-20,refunded
TXN0004740,CRM007821,184.19,2024-04-16,pending
TXN0000319,CRM003490,522.52,2023-10-12,pending
TXN0004718,CRM002205,429.23,2023-08-02,completed
TXN0008563,CRM007279,460.37,2023-12-27,pending
TXN0011761,GHOST00042,553.63,2022-06-03,completed
TXN0004479,CRM009352,76.35,2022-09-02,completed
TXN0007580,CRM001013,130.75,2023-07-11,refunded
TXN0005357,CRM007466,476.92,2022-12-24,completed
TXN0007498,CRM007418,22.28,2022-05-28,completed
TXN0004734,CRM006457,115.98,2022-11-25,completed
TXN0002655,CRM005819,1114.21,2022-10-04,completed
TXN0009406,CRM002945,325.28,2024-05-19,pending
TXN0002847,CRM007619,137.94,2023-06-25,pending
TXN0010338,CRM003279,611.83,2022-03-20,completed
TXN0010716,GHOST00401,,2024-05-02,completed
TXN0005768,GHOST00860,79.08,2022-12-11,completed
TXN0003301,CRM008346,1052.52,2023-10-04,completed
TXN0006859,CRM006829,3002.03,2022-07-12,pending
TXN0004019,CRM006645,138.07,2024-02-07,completed
TXN0009875,CRM004720,451.77,2023-11-19,completed
TXN0007031,CRM007257,307.57,2022-02-14,completed
TXN0006279,CRM003958,863.93,2023-06-15,completed
TXN0002449,CRM008193,180.08,2022-09-10,completed
TXN0008544,CRM009009,85.97,2022-03-17,failed
TXN0006322,CRM001070,1467.25,2023-02-02,pending
TXN0004287,CRM002755,660.69,2022-10-27,completed
TXN0005955,CRM010362,87.01,2022-08-26,completed
TXN0003524,CRM000604,604.75,2022-10-07,completed
TXN0004550,CRM005236,1151.0,2024-01-11,completed
TXN0001135,CRM003234,32.44,2023-12-28,failed
TXN0006116,CRM000680,146.69,2022-07-26,completed
TXN0005156,CRM009764,293.29,2024-06-23,completed
TXN0011666,CRM010143,824.89,2024-05-19,completed
TXN0003342,CRM003887,139.79,2022-09-03,refunded
TXN0009110,CRM005613,1567.8,2024-01-15,pending
TXN0004257,CRM000265,90.59,2022-04-05,completed
TXN0003659,CRM004121,209.13,2022-05-05,pending
TXN0008114,CRM005975,734.32,2023-06-20,completed
TXN0000123,CRM000551,276.18,2023-09-24,completed
TXN0002084,GHOST00060,298.75,2022-03-28,completed
TXN0004732,GHOST00076,624.75,2023-04-21,completed
TXN0011262,CRM006524,84.02,2022-06-23,completed
TXN0011554,CRM003433,66.69,2024-03-27,completed
TXN0010595,CRM004123,413.72,2022-05-09,completed
TXN0005598,CRM009553,628.93,2023-10-19,completed
TXN0010997,GHOST01191,1881.68,2023-09-29,completed
TXN0005039,CRM000524,113.11,2022-02-21,completed
TXN0011762,CRM010070,593.54,2023-07-24,completed
TXN0004397,CRM001361,638.51,2024-03-24,completed
TXN0006160,CRM008431,544.04,2023-03-29,completed
TXN0000091,CRM003659,1619.71,2023-12-28,failed
TXN0011888,CRM008080,1608.04,2022-07-14,completed
TXN0003475,CRM009164,339.02,2022-04-14,completed
TXN0009130,CRM000542,1151.64,2024-03-04,completed
TXN0000415,GHOST00379,267.21,2023-01-03,completed
TXN0003443,CRM006438,176.65,2022-04-27,completed
TXN0010187,CRM008874,193.74,2022-12-09,completed
TXN0004959,CRM007344,29.21,2022-03-24,completed
TXN0008646,CRM000572,392.13,2022-05-20,failed
TXN0002308,CRM004666,563.93,2022-04-08,pending
TXN0008740,CRM009016,186.3,2024-04-24,completed
TXN0007675,CRM008836,347.34,2024-04-04,completed
TXN0001059,CRM010074,145.92,2022-06-07,completed
TXN0011873,CRM005845,357.33,2022-11-12,completed
TXN0005986,CRM009684,32.41,2022-07-30,pending
TXN0002507,GHOST00690,37.68,2022-01-19,completed
TXN0008151,CRM002541,543.5,2022-12-05,pending
TXN0001315,CRM002315,153.83,2023-03-27,completed
TXN0007205,CRM009183,106.73,2022-07-20,completed
TXN0008467,CRM006767,302.2,2023-07-08,completed
TXN0001476,GHOST00865,747.81,2022-03-14,completed
TXN0006718,CRM003416,60.44,2023-03-23,completed
TXN0001553,GHOST01001,79.63,2022-08-12,completed
TXN0011918,CRM006453,560.12,2023-04-04,completed
TXN0010473,CRM001353,,2023-03-05,pending
TXN0010029,CRM001993,458.77,2022-03-13,completed
TXN0010492,CRM006796,217.28,2023-02-07,pending
TXN0000699,CRM006490,237.29,2022-06-02,completed
TXN0008530,CRM006195,1210.29,2024-06-30,completed
TXN0005672,GHOST01161,250.39,2022-08-03,completed
TXN0006881,CRM002488,527.45,2023-10-07,completed
TXN0005766,CRM006399,178.16,2022-06-19,completed
TXN0001103,CRM002214,374.61,2022-11-25,completed
TXN0005176,CRM002058,290.03,2024-05-13,completed
TXN0002551,CRM000752,528.92,2024-06-26,completed
TXN0010167,CRM003477,833.2,2023-11-28,failed
TXN0003486,GHOST01038,154.92,2022-08-15,completed
TXN0001133,CRM008992,257.47,2022-02-13,completed
TXN0006567,CRM001482,258.52,2023-09-03,completed
TXN0009617,CRM005320,233.03,2022-03-10,completed
TXN0000431,CRM000987,257.84,2024-02-26,completed
TXN0009056,CRM000326,186.79,2023-02-25,failed
TXN0005151,CRM008997,5.22,2022-05-19,completed
TXN0002007,CRM002203,28.9,2023-10-13,completed
TXN0003429,CRM005903,78.79,2023-06-07,completed
TXN0002367,CRM004621,390.75,2024-04-11,completed
TXN0008937,CRM009447,584.18,2022-12-06,failed
TXN0008883,CRM004511,146.8,2023-10-13,completed
TXN0000215,CRM009779,1790.36,2022-04-03,completed
TXN0008430,CRM008572,961.85,2023-04-04,completed
TXN0007664,CRM001517,154.71,2023-01-29,pending
TXN0005380,CRM001651,203.82,2023-04-13,completed
TXN0000544,CRM004786,371.84,2022-04-07,completed
TXN0000803,CRM002623,505.47,2022-01-12,completed
TXN0000746,CRM006935,,2022-02-17,pending
TXN0007171,CRM004678,24.5,2023-05-24,completed
TXN0001920,CRM005841,159.42,2024-06-18,completed
TXN0010369,CRM002435,14.84,2022-05-16,failed
TXN0011695,CRM009205,2254.48,2023-09-27,failed
TXN0010356,CRM006814,511.53,2023-04-20,completed
TXN0011085,CRM009385,145.69,2022-04-24,completed
TXN0002054,CRM008713,549.71,2023-06-04,completed
TXN0002402,CRM007853,235.86,2024-06-25,completed
TXN0011078,CRM002443,421.56,2022-03-24,completed
TXN0007799,CRM007805,210.83,2022-02-23,completed
TXN0006771,CRM002467,141.09,2022-10-18,completed
TXN0003556,CRM003535,92.9,2022-10-21,completed
TXN0004973,CRM004526,123.25,2023-05-18,failed
TXN0011253,CRM007899,,2023-10-02,completed
TXN0006816,GHOST00954,324.25,2022-10-14,completed
TXN0010209,CRM005437,8724.14,2022-11-02,pending
TXN0004647,CRM008429,98.79,2023-08-14,pending
TXN0005349,CRM005002,549.96,2022-05-04,completed
TXN0005404,CRM003586,203.94,2023-06-28,completed
TXN0006375,CRM000621,426.79,2022-08-28,completed
TXN0000265,CRM000955,462.62,2024-05-31,completed
TXN0009328,CRM007440,181.3,2022-07-22,completed
TXN0009266,GHOST00485,261.84,2023-05-04,completed
TXN0010532,CRM005150,151.2,2022-11-19,completed
TXN0009781,CRM009368,176.08,2023-07-02,pending
TXN0010153,CRM005377,164.94,2023-09-06,completed
TXN0003728,CRM008874,52.34,2023-11-15,failed
TXN0000724,CRM005310,1033.17,2022-08-25,completed
TXN0003281,CRM008323,407.85,2024-06-27,completed
TXN0000519,CRM007262,688.62,2022-09-05,completed
TXN0010781,CRM008039,528.5,2022-04-26,completed
TXN0008269,CRM010222,415.08,2022-07-23,pending
TXN0009936,CRM007417,1374.13,2022-05-28,completed
TXN0002315,CRM000462,2026.44,2024-05-24,completed
TXN0000383,GHOST00407,98.28,2022-02-24,completed
TXN0004169,CRM007261,1399.33,2023-02-12,completed
TXN0004052,CRM000784,19.55,2023-10-07,pending
TXN0006364,GHOST00345,645.51,2024-03-27,completed
TXN0004193,CRM010167,434.32,2023-11-24,completed
TXN0001029,CRM001643,109.8,2023-08-27,completed
TXN0004457,CRM003004,179.55,2022-10-30,completed
TXN0001211,CRM001245,491.54,2024-03-24,completed
TXN0011851,GHOST00822,270.75,2023-03-21,completed
TXN0000569,CRM000213,50.98,2022-10-07,completed
TXN0004499,CRM003106,192.57,2024-05-02,completed
TXN0003596,CRM000042,437.84,2022-07-24,failed
TXN0010725,CRM004167,495.11,2022-11-30,completed
TXN0004893,CRM006621,150.41,2022-09-27,pending
TXN0005533,CRM010463,730.33,2022-09-02,completed
TXN0007290,CRM007509,265.71,2023-11-28,completed
TXN0009000,CRM004145,521.72,2023-04-14,completed
TXN0006639,CRM007090,270.11,2022-09-13,completed
TXN0007311,CRM005517,238.6,2023-03-19,completed
TXN0008384,CRM009515,108.34,2023-06-15,failed
TXN0000715,GHOST00343,409.57,2023-12-10,completed
TXN0002605,CRM008222,184.52,2024-06-11,completed
TXN0003539,CRM009586,78.79,2024-05-13,failed
TXN0001013,GHOST00618,297.27,2022-04-06,completed
TXN0005215,CRM004027,140.81,2023-05-23,completed
TXN0011516,GHOST00555,592.51,2023-06-11,completed
TXN0004345,CRM004967,250.98,2023-03-25,completed
TXN0000095,CRM004740,451.95,2023-08-30,completed
TXN0002333,CRM001992,706.83,2022-08-15,completed
TXN0010440,CRM004844,690.98,2023-02-23,completed
TXN0007531,CRM005769,35.27,2022-05-08,pending
TXN0000269,CRM007960,719.67,2022-08-21,failed
TXN0003430,CRM006354,325.64,2022-06-26,completed
TXN0008771,CRM003766,238.95,2023-01-13,completed
TXN0006561,CRM005504,330.75,2022-07-15,completed
TXN0006717,CRM001345,284.7,2023-05-02,completed
TXN0000459,GHOST00990,536.2,2022-05-18,refunded
TXN0003657,CRM010036,270.72,2023-11-04,completed
TXN0002261,CRM005161,105.15,2022-04-30,pending
TXN0009589,CRM007343,163.67,2023-06-08,completed
TXN0010998,CRM007739,432.2,2023-02-03,failed
TXN0002946,GHOST01034,1505.59,2024-03-07,completed
TXN0002598,CRM002205,1011.45,2024-03-27,failed
TXN0007869,CRM009917,243.89,2022-06-08,completed
TXN0007652,CRM010001,479.36,2022-08-30,completed
TXN0008191,CRM006322,103.02,2023-03-08,completed
TXN0001203,CRM008380,96.3,2022-04-22,completed
TXN0004261,CRM001212,413.31,2022-12-06,completed
TXN0000088,CRM001532,369.43,2024-04-25,completed
TXN0003238,CRM005278,80.4,2024-05-23,completed
TXN0010087,CRM010039,64.99,2022-04-07,failed
TXN0000908,CRM001377,148.98,2022-04-07,completed
TXN0006823,CRM003331,1548.86,2023-07-21,completed
TXN0005542,CRM003199,,2022-01-12,completed
TXN0001518,CRM002983,86.82,2023-12-28,completed
TXN0008955,CRM010329,229.0,2023-06-18,completed
TXN0007028,CRM005549,325.57,2023-02-17,failed
TXN0010080,CRM008896,248.11,2022-02-15,completed
TXN0004451,CRM000356,512.43,2022-06-19,failed
TXN0004161,CRM007330,376.58,2022-11-24,failed
TXN0004254,CRM004736,,2023-09-05,pending
TXN0003123,CRM008651,1254.81,2022-08-28,refunded
TXN0010817,CRM003033,557.89,2022-03-06,completed
TXN0005092,CRM006125,4423.34,2024-01-10,pending
TXN0000599,CRM000413,299.19,2022-04-02,refunded
TXN0008593,CRM003472,74.97,2023-06-03,refunded
TXN0009013,GHOST00077,820.51,2022-12-14,completed
TXN0007578,CRM003900,464.81,2024-05-06,failed
TXN0009638,CRM009041,338.61,2022-12-28,completed
TXN0008244,CRM002050,195.91,2023-10-31,completed
TXN0004275,CRM000194,110.4,2022-07-14,completed
TXN0006762,CRM007405,134.63,2024-05-10,completed
TXN0000426,CRM004369,242.83,2022-10-17,completed
TXN0000413,CRM000924,365.31,2022-01-26,completed
TXN0004557,GHOST00412,643.17,2022-01-17,completed
TXN0002146,CRM008154,504.61,2024-04-01,completed
TXN0003144,CRM000187,1587.98,2024-06-24,completed
TXN0009170,CRM001672,102.25,2022-07-24,completed
TXN0000171,GHOST00350,407.79,2024-04-17,failed
TXN0010908,CRM000112,416.47,2022-10-22,failed
TXN0004426,CRM003856,504.58,2024-02-06,completed
TXN0007527,CRM006527,550.68,2023-05-16,completed
TXN0009154,CRM006622,270.79,2022-03-09,completed
TXN0003410,CRM001793,118.48,2023-03-05,completed
TXN0009811,CRM009815,436.45,2022-01-19,refunded
TXN0004049,CRM005758,547.8,2022-08-11,completed
TXN0008862,CRM003558,218.01,2023-08-15,completed
TXN0001374,CRM004483,255.5,2022-08-28,completed
TXN0009413,CRM000815,5627.27,2023-03-24,completed
TXN0000777,CRM003550,472.59,2022-10-21,pending
TXN0003152,CRM007022,94.62,2022-02-25,completed
TXN0000729,CRM002559,314.88,2024-06-29,completed
TXN0008369,CRM000880,90.15,2022-09-30,completed
TXN0004705,CRM002708,47.54,2024-04-03,completed
TXN0007711,CRM009506,9.54,2023-04-27,completed
TXN0003240,GHOST00875,52.82,2022-05-09,completed
TXN0011443,CRM005532,88.82,2023-06-25,completed
TXN0003910,CRM001345,1788.34,2022-08-09,completed
TXN0004139,CRM000019,,2024-05-03,completed
TXN0001107,CRM004117,317.32,2023-12-12,completed
TXN0007973,CRM008375,5890.62,2023-07-03,completed
TXN0003534,CRM010086,294.06,2022-11-16,completed
TXN0006598,CRM002024,598.73,2023-07-06,completed
TXN0008133,CRM004001,270.84,2023-11-22,completed
TXN0008002,CRM008247,36.09,2023-08-05,completed
TXN0002500,CRM005615,1224.66,2024-04-06,completed
TXN0000253,CRM004814,378.77,2022-03-17,completed
TXN0003927,CRM001874,564.89,2022-09-11,completed
TXN0005578,GHOST01141,311.98,2023-05-30,completed
TXN0003735,CRM006189,26.42,2023-04-14,completed
TXN0007923,GHOST00466,541.75,2022-08-22,completed
TXN0002329,CRM008197,1628.78,2022-01-31,completed
TXN0002313,CRM007325,141.63,2024-05-27,completed
TXN0000861,CRM004502,1001.66,2022-10-02,completed
TXN0000445,CRM000309,,2024-04-14,completed
TXN0005199,CRM004941,138.34,2024-06-10,completed
TXN0001208,CRM004117,222.26,2024-03-26,completed
TXN0010811,CRM002400,301.36,2022-08-05,failed
TXN0004790,CRM004112,52.08,2024-06-09,pending
TXN0007320,CRM006576,1096.48,2024-05-08,completed
TXN0008020,CRM000086,200.61,2023-04-26,completed
TXN0007857,CRM009271,71.83,2022-04-24,refunded
TXN0002187,CRM006948,125.14,2022-06-05,completed
TXN0005272,CRM005099,1952.75,2022-02-17,completed
TXN0007094,CRM003098,234.07,2022-10-16,completed
TXN0005275,CRM010046,537.84,2023-06-04,completed
TXN0003503,CRM005130,638.75,2024-05-16,completed
TXN0002803,CRM005296,491.09,2023-10-28,failed
TXN0007851,CRM006000,337.34,2024-04-07,completed
TXN0000446,CRM000891,2177.45,2023-08-14,completed
TXN0005381,CRM009864,9.17,2023-09-05,completed
TXN0009280,CRM000779,291.42,2022-02-24,completed
TXN0011110,CRM000008,1911.12,2023-04-03,completed
TXN0007129,CRM006052,45.14,2022-02-28,completed
TXN0007458,CRM008315,1949.77,2024-06-24,completed
TXN0005787,CRM006160,713.63,2023-08-14,completed
TXN0010418,CRM006065,408.36,2022-10-14,completed
TXN0004119,CRM001453,258.99,2022-08-18,completed
TXN0007835,CRM009584,125.93,2022-12-25,pending
TXN0001372,GHOST00462,74.08,2023-01-28,completed
TXN0007698,CRM003820,1170.71,2023-07-03,completed
TXN0008571,CRM009785,64.14,2022-09-19,refunded
TXN0009149,CRM006586,353.18,2023-09-04,completed
TXN0001494,CRM002415,432.04,2023-10-02,completed
TXN0006868,GHOST00629,932.33,2022-03-15,completed
TXN0006839,CRM005889,151.12,2024-05-24,completed
TXN0004434,CRM005070,2820.1,2023-05-06,completed
TXN0006189,CRM002991,1108.81,2024-04-14,completed
TXN0006592,CRM009995,328.84,2023-09-29,completed
TXN0009666,CRM004754,1935.87,2024-04-15,refunded
TXN0002641,CRM004611,66.56,2022-06-19,completed
TXN0008769,CRM002102,134.64,2023-04-19,completed
TXN0004401,CRM009683,211.07,2022-01-27,completed
TXN0003770,CRM009780,456.11,2022-02-17,completed
TXN0007552,CRM006000,57.06,2022-01-03,pending
TXN0002517,CRM000804,48.82,2022-08-10,completed
TXN0005061,GHOST00344,1146.75,2024-03-16,completed
TXN0003761,CRM002088,179.13,2024-04-25,completed
TXN0009878,CRM008163,607.07,2023-09-26,completed
TXN0003263,CRM008341,259.02,2022-07-06,completed
TXN0001260,CRM007014,,2023-10-07,completed
TXN0009753,CRM008104,183.63,2024-01-29,completed
TXN0010842,CRM004672,541.25,2024-02-03,completed
TXN0000562,CRM000152,100.69,2023-05-18,completed
TXN0001240,GHOST00863,71.93,2023-05-08,completed
TXN0009896,CRM003469,196.91,2022-12-22,pending
TXN0007964,CRM006895,67.35,2022-03-30,pending
TXN0011128,CRM007305,596.33,2024-05-26,completed
TXN0002710,CRM003032,492.77,2024-05-11,completed
TXN0011845,CRM008360,39.36,2023-02-21,completed
TXN0007612,CRM007083,275.06,2023-02-11,completed
TXN0011790,CRM008762,181.08,2022-02-26,completed
TXN0008701,CRM004025,579.25,2022-06-06,refunded
TXN0010660,CRM000052,243.15,2023-07-16,completed
TXN0000905,CRM009101,732.66,2022-02-16,completed
TXN0010101,CRM006949,229.03,2022-12-15,pending
TXN0000203,CRM007394,397.26,2023-02-24,completed
TXN0011923,CRM008788,542.28,2022-04-10,completed
TXN0003476,CRM000931,242.51,2022-07-25,completed
TXN0004507,CRM004790,17.84,2024-04-15,completed
TXN0008049,CRM002070,142.69,2024-03-12,completed
TXN0008779,CRM006999,177.22,2022-01-18,failed
TXN0003080,CRM002309,70.62,2023-05-27,completed
TXN0007354,CRM000827,446.18,2022-06-16,completed
TXN0002643,CRM002658,146.37,2022-08-06,completed
TXN0005753,CRM008750,107.91,2022-08-11,completed
TXN0010547,CRM005441,256.72,2022-03-19,completed
TXN0011463,CRM006988,284.22,2024-05-15,pending
TXN0011715,CRM007600,104.27,2023-10-26,completed
TXN0004846,CRM004635,422.2,2022-12-21,completed
TXN0004281,CRM003662,237.67,2023-03-26,completed
TXN0005055,CRM002080,1619.73,2024-01-18,completed
TXN0005569,CRM007707,167.48,2023-04-26,completed
TXN0009202,CRM004589,219.02,2022-08-26,completed
TXN0002755,GHOST00089,163.79,2023-07-15,completed
TXN0005947,CRM003836,408.09,2023-08-06,completed
TXN0002579,CRM002407,112.31,2024-06-17,completed
TXN0011287,CRM002554,22.8,2022-02-08,refunded
TXN0001561,CRM006630,173.58,2023-04-09,failed
TXN0004439,CRM008226,273.68,2023-06-21,completed
TXN0007068,GHOST01087,123.95,2023-12-17,pending
TXN0001281,CRM009463,214.25,2023-08-09,completed
TXN0007348,CRM005692,867.31,2023-03-20,refunded
TXN0006962,CRM008196,81.23,2023-03-02,failed
TXN0010777,CRM008213,224.85,2024-05-09,completed
TXN0004238,GHOST00145,1038.7,2022-05-07,completed
TXN0008878,CRM009356,88.0,2024-06-08,completed
TXN0005496,GHOST00588,2658.69,2024-06-04,completed
TXN0008308,CRM006427,77.81,2022-07-07,pending
TXN0006365,CRM007964,36.92,2023-04-22,completed
TXN0000262,CRM010177,54.22,2022-07-04,failed
TXN0005320,CRM002050,816.96,2022-05-17,completed
TXN0004640,CRM004225,109.85,2023-12-25,completed
TXN0006793,GHOST00125,458.8,2023-06-07,pending
TXN0010100,CRM005564,1548.87,2024-01-18,completed
TXN0000783,CRM005405,345.95,2023-05-18,completed
TXN0000675,CRM005571,349.24,2023-01-31,completed
TXN0008916,CRM006474,,2023-10-28,completed
TXN0003496,CRM004556,222.98,2023-12-11,failed
TXN0001470,CRM007062,90.63,2024-01-21,pending
TXN0003128,CRM007719,256.53,2023-10-28,completed
TXN0002908,CRM009719,124.57,2023-09-15,refunded
TXN0008171,CRM008551,252.0,2024-05-13,completed
TXN0000338,CRM004374,200.0,2024-06-29,completed
TXN0000260,GHOST00765,100.48,2023-12-16,completed
TXN0005928,CRM008230,177.85,2022-03-19,completed
TXN0004505,CRM009560,132.72,2024-05-28,completed
TXN0003103,CRM000237,1957.76,2023-10-28,completed
TXN0003113,CRM008510,591.73,2022-07-16,completed
TXN0002709,CRM003719,126.95,2023-03-22,completed
TXN0007206,CRM001661,178.99,2024-04-02,completed
TXN0006576,CRM003710,218.85,2022-11-08,completed
TXN0003102,GHOST01100,82.61,2022-04-23,failed
TXN0003027,CRM000410,435.83,2024-03-04,completed
TXN0003763,CRM002170,35.48,2023-04-05,completed
TXN0008673,CRM004100,447.43,2022-02-08,pending
TXN0011276,GHOST00807,82.07,2022-10-18,completed
TXN0007776,CRM009382,197.58,2023-08-23,completed
TXN0002736,CRM001126,468.68,2022-05-21,completed
TXN0005548,CRM006584,93.72,2022-04-27,completed
TXN0001406,CRM006447,120.41,2022-10-21,completed
TXN0005564,CRM006699,102.53,2023-10-24,failed
TXN0003579,CRM004157,855.54,2023-11-07,completed
TXN0011782,CRM005020,509.93,2023-07-07,pending
TXN0008981,CRM001914,52.32,2022-03-05,completed
TXN0010359,CRM001650,340.85,2024-03-02,completed
TXN0005214,CRM003256,160.11,2022-08-25,completed
TXN0006894,CRM006197,95.29,2022-12-11,completed
TXN0008188,CRM000979,156.66,2022-09-19,pending
TXN0002959,CRM006078,248.01,2024-02-22,completed
TXN0003474,CRM008697,292.68,2022-12-23,completed
TXN0001340,CRM005687,124.86,2022-06-15,completed
TXN0007263,CRM001007,313.65,2022-08-21,completed
TXN0004977,CRM000058,92.46,2024-04-18,failed
TXN0005982,CRM004818,99.82,2024-04-22,completed
TXN0008514,CRM003214,1575.82,2022-01-06,completed
TXN0005266,CRM008233,203.93,2022-04-12,completed
TXN0010723,CRM000024,112.03,2022-07-29,completed
TXN0000971,GHOST00705,555.3,2023-10-26,completed
TXN0003327,CRM008640,3372.54,2023-01-17,refunded
TXN0003349,CRM009710,263.1,2022-10-14,completed
TXN0007972,CRM002985,835.06,2022-09-01,completed
TXN0009070,CRM009778,503.72,2023-05-20,completed
TXN0000183,CRM002717,227.12,2023-12-26,failed
TXN0000449,CRM005571,264.41,2024-05-17,pending
TXN0005128,CRM003387,102.21,2023-12-08,completed
TXN0000318,CRM002258,266.34,2023-06-29,failed
TXN0001617,CRM003541,501.12,2023-03-06,completed
TXN0004080,CRM000036,275.88,2024-06-23,completed
TXN0008222,CRM003523,351.72,2022-04-29,completed
TXN0006503,CRM004715,180.93,2023-12-26,completed
TXN0010731,CRM002439,317.4,2022-08-18,completed
TXN0010136,CRM006916,269.45,2024-06-21,completed
TXN0010015,CRM005990,51.44,2023-08-16,completed
TXN0000616,CRM003635,87.29,2023-05-02,completed
TXN0008028,CRM010184,4.58,2022-01-15,completed
TXN0004759,CRM009453,697.74,2023-05-21,completed
TXN0008710,CRM002171,2623.94,2023-02-01,completed
TXN0010169,CRM008162,2308.02,2024-03-19,completed
TXN0002695,CRM008456,479.23,2022-06-09,completed
TXN0004704,CRM006708,,2024-01-13,completed
TXN0011371,CRM006192,723.64,2023-05-24,completed
TXN0011188,CRM004323,477.38,2022-02-13,completed
TXN0000238,CRM005517,173.85,2023-05-02,failed
TXN0000186,CRM009040,40.75,2022-10-24,completed
TXN0000761,CRM002666,543.08,2023-07-20,completed
TXN0011757,CRM002391,480.76,2023-12-05,completed
TXN0005691,CRM001541,286.65,2022-06-08,pending
TXN0009921,GHOST00573,181.56,2024-01-19,refunded
TXN0011353,CRM008649,159.42,2024-05-24,completed
TXN0011629,CRM006997,281.77,2023-11-17,completed
TXN0007516,CRM003800,25.13,2023-04-29,pending
TXN0011567,CRM005014,27.06,2023-04-24,pending
TXN0001360,GHOST00130,1586.61,2022-05-31,completed
TXN0002057,CRM002400,214.76,2022-11-16,completed
TXN0009467,CRM001389,255.78,2023-12-23,completed
TXN0005375,CRM006520,2447.07,2024-01-19,completed
TXN0006035,CRM006900,74.36,2024-06-22,completed
TXN0000825,CRM002381,176.42,2023-10-09,completed
TXN0009567,CRM009743,118.68,2023-04-26,completed
TXN0008325,CRM008408,612.98,2024-04-11,failed
TXN0004791,CRM006072,100.51,2022-05-20,completed
TXN0000073,CRM000260,1113.88,2024-06-15,completed
TXN0006236,CRM003786,93.96,2022-04-18,completed
TXN0008201,CRM004241,213.79,2024-06-11,refunded
TXN0001737,CRM007704,206.41,2022-10-24,failed
TXN0000388,CRM001242,71.42,2024-04-03,completed
TXN0001520,CRM005250,147.25,2024-05-06,completed
TXN0002675,CRM003351,471.0,2024-05-08,completed
TXN0004300,CRM007496,240.72,2022-04-03,completed
TXN0006179,GHOST00651,28.85,2022-06-08,completed
TXN0004634,CRM005823,1470.16,2023-10-16,refunded
TXN0004354,CRM003319,920.93,2022-11-05,completed
TXN0003180,CRM002454,68.82,2024-04-17,completed
TXN0002800,CRM001772,129.93,2022-11-01,completed
TXN0000492,CRM006612,114.31,2024-03-04,completed
TXN0001369,CRM003011,116.54,2022-03-11,completed
TXN0002350,GHOST00357,379.59,2023-07-28,completed
TXN0003839,CRM007694,170.58,2024-03-25,completed
TXN0011799,CRM001685,25.54,2023-10-21,completed
TXN0000775,CRM009278,70.56,2022-02-26,completed
TXN0005976,CRM004603,498.68,2022-11-16,completed
TXN0007130,GHOST00653,100.81,2023-01-14,completed
TXN0000901,CRM009156,397.24,2023-08-21,completed
TXN0008242,CRM005793,63.14,2022-04-28,failed
TXN0007568,CRM005142,153.87,2022-08-19,completed
TXN0004695,CRM003373,92.15,2023-12-05,completed
TXN0001597,CRM006207,49.4,2022-04-25,completed
TXN0000763,CRM002055,345.91,2022-10-10,failed
TXN0010467,CRM006877,420.49,2023-09-04,completed
TXN0002756,CRM004096,45.75,2023-04-06,refunded
TXN0009396,CRM009815,164.77,2022-02-26,pending
TXN0011951,CRM005356,1624.75,2023-08-12,completed
TXN0007886,CRM000735,179.94,2023-05-05,completed
TXN0003617,CRM002215,365.94,2023-11-17,pending
TXN0005529,CRM006041,140.97,2024-06-03,completed
TXN0002424,CRM002487,82.99,2023-01-05,pending
TXN0010323,CRM000240,146.52,2022-11-13,pending
TXN0009990,CRM006290,433.6,2023-01-19,completed
TXN0000797,CRM010327,3152.64,2024-06-03,pending
TXN0011689,GHOST00524,45.0,2022-02-22,pending
TXN0010775,CRM004318,236.0,2022-01-03,completed
TXN0009685,CRM005482,165.88,2024-03-22,failed
TXN0000662,CRM009730,2218.36,2023-02-24,completed
TXN0006191,CRM003201,343.45,2024-03-07,completed
TXN0007572,CRM010031,31.22,2023-12-21,completed
TXN0011847,CRM001192,145.16,2023-01-01,completed
TXN0007397,CRM005905,544.62,2023-03-09,completed
TXN0004433,CRM005786,228.54,2022-10-17,completed
TXN0000892,CRM005103,25.85,2023-05-30,completed
TXN0007336,CRM006034,254.55,2022-02-21,failed
TXN0011703,CRM004558,464.14,2023-08-02,refunded
TXN0010549,CRM008912,310.87,2022-10-27,completed
TXN0006382,CRM004058,206.53,2024-05-08,completed
TXN0007243,GHOST00551,60.91,2023-10-11,completed
TXN0009686,CRM005641,180.82,2022-10-25,completed
TXN0008070,CRM001171,72.67,2023-10-05,completed
TXN0000992,CRM000599,843.8,2024-03-11,completed
TXN0009086,CRM000897,270.73,2022-08-16,completed
TXN0008100,CRM000369,502.74,2024-03-22,completed
TXN0008830,CRM005195,42.58,2023-01-04,pending
TXN0005431,CRM001330,1797.65,2022-04-22,completed
TXN0003402,CRM008048,238.28,2023-05-31,completed
TXN0002232,CRM007428,204.81,2022-10-30,completed
TXN0000374,CRM009957,612.99,2022-01-30,completed
TXN0003830,CRM010048,886.73,2023-12-31,completed
TXN0002903,CRM007826,154.39,2022-04-17,failed
TXN0003700,CRM010178,1153.78,2023-04-09,completed
TXN0004861,CRM001445,,2024-06-07,completed
TXN0000564,CRM001523,104.17,2022-06-17,completed
TXN0003022,CRM000347,57.81,2022-07-29,completed
TXN0000486,CRM003013,197.98,2024-03-10,pending
TXN0001697,CRM006681,1244.53,2022-04-26,refunded
TXN0009944,CRM001162,108.9,2023-12-30,completed
TXN0003431,CRM009447,146.27,2022-10-30,completed
TXN0005373,CRM007045,217.37,2022-08-18,pending
TXN0001207,GHOST00719,749.68,2023-01-14,completed
TXN0010865,CRM007684,646.01,2022-03-05,completed
TXN0011861,CRM007860,122.91,2023-06-09,completed
TXN0008606,CRM005079,1731.35,2022-08-13,completed
TXN0006644,CRM003204,562.66,2024-06-23,completed
TXN0006692,CRM005084,96.19,2023-08-20,completed
TXN0010786,CRM008705,706.14,2024-01-06,completed
TXN0005482,CRM009585,1399.43,2023-08-30,refunded
TXN0010457,CRM008487,509.87,2022-12-29,pending
TXN0001460,CRM008824,25.57,2023-12-21,completed
TXN0007063,CRM003425,231.63,2023-01-10,completed
TXN0006124,CRM001725,51.97,2022-07-31,failed
TXN0005444,CRM009600,519.31,2023-06-23,completed
TXN0009113,GHOST00228,179.83,2024-06-28,completed
TXN0002768,CRM001429,11.88,2023-04-13,pending
TXN0000840,CRM004807,129.37,2023-10-01,completed
TXN0002194,CRM010440,70.26,2022-07-30,completed
TXN0001857,CRM006461,594.1,2024-01-12,completed
TXN0004709,CRM000659,113.3,2022-04-23,completed
TXN0003211,CRM000580,143.09,2022-07-24,completed
TXN0006476,CRM007025,353.32,2023-02-08,completed
TXN0004399,CRM004839,185.04,2023-06-02,completed
TXN0011318,GHOST01055,388.05,2022-08-30,pending
TXN0005468,CRM001148,418.98,2024-04-04,completed
TXN0007905,CRM004231,97.44,2024-02-03,completed
TXN0010361,CRM001423,452.71,2024-06-03,refunded
TXN0010717,CRM004384,108.04,2024-02-22,completed
TXN0000244,CRM002399,649.18,2022-01-24,completed
TXN0001584,CRM006685,2085.35,2022-07-01,completed
TXN0011520,CRM005363,27.73,2022-12-26,completed
TXN0005842,CRM000853,816.26,2023-12-11,failed
TXN0003506,CRM007091,1338.88,2024-04-22,refunded
TXN0002909,CRM001230,77.31,2022-01-29,completed
TXN0011134,CRM001123,238.08,2022-09-22,completed
TXN0001587,CRM000011,296.1,2022-06-30,completed
TXN0003993,CRM000429,822.99,2022-07-19,pending
TXN0008676,CRM002143,584.45,2024-02-25,completed
TXN0001337,CRM001718,2631.15,2022-08-18,completed
TXN0009674,CRM004266,1188.12,2022-12-05,completed
TXN0011700,CRM000661,46.07,2023-08-27,failed
TXN0001531,CRM005612,448.07,2024-04-15,completed
TXN0002871,CRM004670,121.53,2022-01-22,completed
TXN0007114,CRM009872,911.48,2022-03-08,refunded
TXN0011967,CRM008140,450.95,2024-03-02,completed
TXN0005243,CRM002546,678.75,2022-06-02,completed
TXN0002399,CRM006938,3183.71,2022-05-13,completed
TXN0011815,CRM005059,106.8,2023-02-20,completed
TXN0005516,CRM009518,175.86,2024-06-22,refunded
TXN0006763,CRM007193,520.44,2022-08-12,completed
TXN0005995,CRM007743,118.91,2023-02-01,pending
TXN0003765,CRM006275,356.23,2022-01-19,failed
TXN0000573,GHOST00386,398.22,2022-06-27,completed
TXN0004965,CRM007255,2195.34,2024-06-24,completed
TXN0001198,CRM002644,99.38,2024-04-26,completed
TXN0010109,CRM005542,206.78,2022-01-25,failed
TXN0004850,CRM007752,471.85,2024-05-05,completed
TXN0000408,CRM001920,201.1,2023-08-23,refunded
TXN0009518,CRM004118,42.13,2023-06-28,failed
TXN0009045,CRM000018,224.92,2022-01-27,completed
TXN0010757,CRM009660,397.92,2024-04-28,completed
TXN0006237,CRM006946,244.79,2022-08-05,completed
TXN0007706,CRM005866,559.36,2023-10-04,failed
TXN0006283,CRM000366,211.4,2023-06-11,completed
TXN0000747,CRM007284,748.97,2022-05-22,completed
TXN0000310,CRM003633,613.93,2023-08-16,completed
TXN0010272,CRM002313,1763.25,2024-04-04,completed
TXN0008098,CRM008685,811.17,2023-06-03,completed
TXN0004418,CRM008368,741.96,2023-10-21,pending
TXN0010567,CRM010189,67.2,2022-02-03,completed
TXN0004306,CRM005591,2188.98,2024-05-20,refunded
TXN0006350,CRM005138,17.29,2022-02-22,failed
TXN0005436,CRM010447,1965.8,2022-04-16,completed
TXN0001873,GHOST01115,,2022-09-14,completed
TXN0003231,CRM000959,83.19,2023-04-17,pending
TXN0006020,CRM004296,83.56,2023-02-11,completed
TXN0003297,CRM005073,360.48,2022-03-26,completed
TXN0005098,CRM008152,185.28,2024-02-17,failed
TXN0004716,CRM008823,450.58,2023-09-14,completed
TXN0011074,CRM009897,289.53,2024-01-21,completed
TXN0011708,CRM002376,209.53,2023-09-01,completed
TXN0006674,CRM007205,171.87,2022-09-16,completed
TXN0007133,CRM006318,93.36,2023-05-21,completed
TXN0001187,CRM004701,44.49,2024-05-10,completed
TXN0001249,CRM000544,157.47,2024-03-31,completed
TXN0004632,CRM006732,541.56,2022-05-21,failed
TXN0010046,CRM004586,573.9,2023-12-11,completed
TXN0011871,CRM004893,403.09,2024-03-17,completed
TXN0009615,CRM009850,411.57,2022-07-18,completed
TXN0008510,CRM002248,178.35,2024-04-25,completed
TXN0011556,CRM000042,352.94,2024-03-14,completed
TXN0000686,CRM004941,506.19,2023-02-20,completed
TXN0011020,CRM007621,356.84,2023-12-05,completed
TXN0000663,CRM007423,19.57,2023-12-12,completed
TXN0011305,CRM005596,28.71,2023-12-07,completed
TXN0003876,CRM009659,56.67,2022-09-08,completed
TXN0004396,CRM002112,232.73,2022-06-05,completed
TXN0005511,GHOST01082,320.24,2024-06-21,pending
TXN0000810,CRM005463,333.35,2023-09-01,completed
TXN0002936,CRM004312,696.07,2024-06-13,completed
TXN0003294,CRM002104,505.21,2022-06-16,completed
TXN0005794,CRM010065,504.3,2024-03-16,failed
TXN0004308,CRM009597,95.53,2022-05-28,completed
TXN0011632,CRM005473,19.54,2022-06-08,completed
TXN0009512,GHOST00309,311.13,2024-05-07,completed
TXN0004964,CRM010246,120.8,2023-08-19,completed
TXN0002984,CRM004053,48.16,2022-06-27,failed
TXN0004760,CRM007303,521.5,2024-05-09,completed
TXN0005662,CRM002498,326.89,2022-09-18,completed
TXN0001028,CRM005995,790.66,2024-02-24,completed
TXN0006182,GHOST00541,1564.37,2023-03-12,completed
TXN0008759,CRM005686,159.81,2022-10-06,completed
TXN0009597,CRM001576,198.88,2023-01-02,failed
TXN0008074,CRM003432,674.99,2023-07-05,completed
TXN0000163,CRM001571,1144.77,2023-03-13,completed
TXN0011791,CRM007340,255.38,2022-04-26,completed
TXN0003174,CRM003597,848.57,2023-04-05,completed
TXN0011764,CRM001924,,2022-01-14,completed
TXN0001604,CRM001413,1057.1,2023-02-03,completed
TXN0009375,CRM005591,428.76,2022-05-13,completed
TXN0008965,CRM004077,162.3,2023-10-23,completed
TXN0003905,CRM007641,749.15,2023-09-25,completed
TXN0000510,CRM008017,795.16,2023-01-25,completed
TXN0002391,CRM000854,662.6,2024-04-08,completed
TXN0006246,GHOST00022,1159.88,2023-07-04,completed
TXN0005485,CRM000700,583.63,2022-08-28,completed
TXN0000156,CRM009524,91.28,2022-06-18,completed
TXN0009451,CRM008834,1026.22,2023-08-28,completed
TXN0011143,CRM003918,1314.14,2023-06-04,pending
TXN0009410,GHOST00278,38.17,2023-03-19,completed
TXN0008496,CRM003548,138.27,2023-02-02,pending
TXN0001797,CRM010354,75.56,2023-08-07,pending
TXN0003084,CRM003179,1645.22,2022-04-16,pending
TXN0010845,CRM007722,465.21,2023-01-20,completed
TXN0007295,CRM001980,455.22,2023-02-23,completed
TXN0009707,CRM003694,38.42,2022-01-14,completed
TXN0011011,CRM000561,495.66,2022-04-23,completed
TXN0002962,CRM008066,3979.07,2023-02-20,completed
TXN0003827,CRM008299,164.84,2022-05-23,completed
TXN0010770,CRM009911,5073.41,2024-05-30,completed
TXN0010430,GHOST01064,46.63,2023-10-15,completed
TXN0008709,CRM000001,239.43,2023-02-19,completed
TXN0009139,CRM003778,126.59,2023-11-08,completed
TXN0007463,CRM007466,934.07,2022-12-10,completed
TXN0002343,CRM006435,121.62,2024-01-25,pending
TXN0004963,CRM007718,551.73,2022-03-29,completed
TXN0004839,CRM003817,1046.12,2022-07-23,pending
TXN0004590,CRM004462,421.56,2024-02-07,completed
TXN0000354,CRM002760,128.13,2023-03-12,completed
TXN0006127,CRM009368,641.01,2022-02-01,completed
TXN0004253,CRM010243,2374.01,2022-10-01,completed
TXN0010376,CRM005727,328.3,2023-06-15,completed
TXN0007931,CRM003289,,2023-01-28,completed
TXN0006244,CRM008400,198.51,2022-05-31,completed
TXN0002290,CRM009339,242.6,2022-01-21,completed
TXN0004317,CRM009349,81.42,2022-02-27,completed
TXN0007707,CRM009762,634.08,2023-06-07,completed
TXN0005836,GHOST01006,305.33,2023-11-11,completed
TXN0008505,CRM002489,149.28,2022-08-17,failed
TXN0005232,CRM001965,340.5,2024-04-05,completed
TXN0007167,CRM005111,569.1,2024-01-19,completed
TXN0011076,CRM009006,312.26,2022-12-22,failed
TXN0011175,CRM008848,204.73,2022-08-23,completed
TXN0004869,CRM008878,56.79,2022-08-13,completed
TXN0006606,CRM009011,432.21,2022-10-14,completed
TXN0001516,CRM005828,83.56,2023-06-16,completed
TXN0004727,CRM005342,922.25,2024-02-19,completed
TXN0002301,CRM005271,100.32,2022-11-28,completed
TXN0006783,CRM006635,340.57,2023-05-09,completed
TXN0004017,CRM007921,254.53,2023-05-19,pending
TXN0008382,GHOST00689,4237.92,2023-03-04,completed
TXN0011332,GHOST01174,2576.41,2023-03-28,completed
TXN0007176,CRM009301,194.89,2023-08-25,completed
TXN0010484,GHOST01072,921.53,2023-08-12,completed
TXN0008422,CRM008160,188.28,2023-12-13,completed
TXN0007596,CRM000121,150.21,2023-08-08,completed
TXN0004269,CRM006327,93.94,2022-08-09,completed
TXN0008159,CRM004646,158.62,2024-03-23,failed
TXN0002183,CRM007787,309.22,2022-02-05,completed
TXN0005454,CRM001365,172.76,2024-05-15,pending
TXN0005157,CRM001720,216.49,2022-07-13,completed
TXN0009435,CRM009453,63.98,2023-12-08,refunded
TXN0010749,CRM000852,60.43,2022-09-19,completed
TXN0003251,CRM005906,210.04,2022-07-18,completed
TXN0002702,GHOST01019,142.73,2023-02-04,refunded
TXN0011140,CRM008931,844.5,2022-05-01,completed
TXN0010408,CRM005368,304.32,2024-04-13,completed
TXN0008076,CRM002044,42.63,2023-10-22,completed
TXN0010972,CRM002802,1121.7,2022-10-02,completed
TXN0001239,CRM010341,460.0,2024-05-03,completed
TXN0008225,CRM001311,46.15,2023-01-21,completed
TXN0000637,CRM004771,463.2,2023-12-12,completed
TXN0001986,CRM009874,1066.63,2023-05-14,failed
TXN0003203,CRM007270,25.93,2023-07-25,completed
TXN0002714,CRM010463,370.08,2022-11-16,completed
TXN0011892,CRM004888,3037.54,2022-10-13,refunded
TXN0002634,CRM003627,2283.79,2022-12-01,pending
TXN0005990,CRM008266,106.57,2022-02-04,failed
TXN0002802,CRM006782,44.72,2023-04-25,completed
TXN0007216,CRM004800,81.5,2023-07-25,failed
TXN0009715,CRM002088,95.25,2024-03-10,failed
TXN0002189,CRM007773,79.06,2023-07-04,completed
TXN0006287,CRM004713,450.0,2024-03-03,completed
TXN0010084,CRM001521,211.9,2022-08-11,completed
TXN0006777,CRM004765,71.88,2023-09-10,refunded
TXN0007261,CRM005949,87.51,2024-03-19,failed
TXN0000830,CRM002925,88.97,2022-05-31,completed
TXN0004829,CRM002491,31.53,2023-05-12,completed
TXN0005621,CRM003875,375.3,2023-01-04,completed
TXN0006417,CRM009143,289.67,2022-04-10,failed
TXN0003229,CRM009354,1050.79,2024-04-10,completed
TXN0004404,CRM005006,900.56,2023-09-16,completed
TXN0009243,GHOST01118,59.3,2022-04-08,refunded
TXN0008170,CRM008992,84.9,2024-04-07,completed
TXN0007023,CRM008150,75.44,2022-04-20,completed
TXN0000565,CRM004964,38.12,2022-11-19,pending
TXN0000028,CRM005326,4202.2,2024-05-10,completed
TXN0007265,CRM000231,62.86,2022-06-15,completed
TXN0004032,GHOST00417,228.93,2022-08-09,completed
TXN0004615,CRM007679,265.64,2023-12-15,completed
TXN0008470,CRM003538,244.18,2023-01-05,failed
TXN0007255,GHOST00194,1418.94,2023-03-11,completed
TXN0001258,CRM002772,20.26,2023-08-15,completed
TXN0011990,CRM009210,384.4,2022-11-28,completed
TXN0002620,CRM009269,74.91,2022-03-15,completed
TXN0011583,GHOST01027,60.44,2023-12-30,failed
TXN0000451,CRM010434,540.96,2022-03-21,pending
TXN0006401,CRM009268,163.78,2024-03-11,completed
TXN0010349,CRM000275,531.41,2022-03-17,completed
TXN0007192,CRM009701,30.28,2023-05-02,completed
TXN0001921,CRM003113,102.94,2023-06-08,failed
TXN0002773,CRM008874,496.67,2022-08-14,completed
TXN0008554,CRM000042,1378.2,2022-03-31,completed
TXN0006802,CRM006398,482.53,2023-05-19,pending
TXN0002552,CRM000899,48.56,2023-11-07,completed
TXN0007049,GHOST00107,29.18,2024-06-28,completed
TXN0010312,GHOST00586,427.05,2023-11-23,completed
TXN0002780,CRM003260,599.85,2022-09-09,completed
TXN0008626,CRM002592,235.27,2022-09-11,failed
TXN0000336,CRM005033,95.51,2022-12-15,completed
TXN0005287,CRM008450,59.11,2023-08-23,completed
TXN0002570,CRM006219,1203.3,2023-12-16,completed
TXN0001036,CRM003995,24.51,2023-08-30,completed
TXN0007674,CRM004199,370.1,2024-05-21,completed
TXN0006591,CRM008346,24.6,2024-06-30,completed
TXN0004128,CRM009294,1709.34,2022-08-12,completed
TXN0010935,CRM000077,337.29,2024-02-26,completed
TXN0000551,CRM005980,13.52,2023-01-16,completed
TXN0007737,CRM000991,271.69,2023-07-18,completed
TXN0004076,CRM007746,182.42,2022-01-15,completed
TXN0000605,CRM006823,206.98,2023-10-25,completed
TXN0010079,CRM001649,128.21,2022-03-31,completed
TXN0008526,CRM002930,681.77,2023-10-08,completed
TXN0009096,CRM003344,112.27,2023-12-04,failed
TXN0006291,CRM002179,268.88,2023-02-01,completed
TXN0008180,CRM000620,219.39,2022-06-04,completed
TXN0000506,CRM005758,232.97,2022-11-06,completed
TXN0005666,CRM001025,3109.31,2023-04-04,failed
TXN0007015,CRM005190,43.83,2022-06-16,completed
TXN0010328,CRM000569,556.76,2022-08-04,completed
TXN0011126,CRM006957,77.65,2022-12-28,completed
TXN0009610,CRM002617,,2023-03-29,completed
TXN0003650,CRM008698,93.14,2024-01-06,pending
TXN0006253,CRM005691,343.22,2022-06-22,failed
TXN0001976,CRM001503,3470.99,2024-02-24,pending
TXN0003277,GHOST00409,111.45,2024-06-14,completed
TXN0005616,CRM008485,53.05,2022-11-30,completed
TXN0001970,CRM003414,81.57,2022-09-14,completed
TXN0008288,GHOST00639,905.99,2022-12-04,failed
TXN0011479,CRM001932,615.06,2022-06-27,refunded
TXN0001168,CRM002044,76.65,2022-05-04,completed
TXN0010741,CRM004773,652.16,2024-04-07,refunded
TXN0007110,GHOST01111,226.53,2023-02-10,failed
TXN0002590,CRM007125,1259.58,2022-08-10,completed
TXN0011630,CRM004537,127.01,2023-01-02,completed
TXN0001355,CRM000769,560.69,2022-06-22,pending
TXN0004495,CRM007432,565.81,2023-11-17,completed
TXN0000126,CRM002029,,2023-06-18,completed
TXN0009554,CRM006951,522.22,2022-06-26,completed
TXN0002520,CRM009520,381.13,2024-04-07,refunded
TXN0005911,CRM002995,211.6,2022-05-26,completed
TXN0009828,CRM002582,432.3,2024-02-27,refunded
TXN0002673,CRM002372,45.6,2023-11-11,pending
TXN0001573,GHOST00578,585.68,2022-01-31,completed
TXN0007989,CRM010361,1569.32,2023-06-13,completed
TXN0002239,CRM007696,76.8,2022-06-07,completed
TXN0003375,CRM000560,52.66,2023-12-28,pending
TXN0004684,CRM008892,195.6,2023-06-03,refunded
TXN0003708,CRM003769,154.67,2022-02-07,completed
TXN0010538,CRM007089,510.26,2024-05-13,pending
TXN0010157,CRM002161,457.74,2023-02-11,failed
TXN0005857,CRM003152,132.41,2023-09-29,failed
TXN0011088,GHOST00513,314.34,2022-08-21,completed
TXN0003877,CRM007861,595.8,2024-04-04,completed
TXN0006965,CRM008813,414.27,2023-07-19,completed
TXN0008372,CRM003207,139.97,2023-09-05,completed
TXN0004155,CRM004130,2489.48,2023-01-09,refunded
TXN0003601,CRM008965,269.3,2023-06-29,completed
TXN0001457,CRM001789,190.39,2022-02-02,completed
TXN0004765,GHOST00149,317.6,2022-03-27,pending
TXN0006067,GHOST00930,98.21,2023-12-26,completed
TXN0009523,CRM007252,55.91,2023-08-22,completed
TXN0005078,CRM000007,190.56,2022-02-17,completed
TXN0007162,GHOST00449,346.22,2022-01-30,completed
TXN0002651,GHOST00607,88.69,2023-12-10,completed
TXN0005623,GHOST00047,97.76,2023-03-20,completed
TXN0003361,CRM008587,20.42,2023-09-24,pending
TXN0011688,CRM004821,670.03,2023-03-26,failed
TXN0001927,CRM009155,108.9,2022-09-06,pending
TXN0009102,CRM006124,81.97,2022-05-01,completed
TXN0009826,CRM002952,24.38,2023-11-26,pending
TXN0002593,CRM004360,88.92,2022-06-09,completed
TXN0007402,CRM009353,237.0,2023-08-22,completed
TXN0001880,CRM005744,53.34,2023-09-19,completed
TXN0006540,CRM009047,149.37,2024-04-08,completed
TXN0000054,GHOST00016,683.04,2022-09-29,failed
TXN0004002,CRM002045,139.35,2024-03-26,completed
TXN0005339,CRM008724,165.25,2022-03-08,completed
TXN0008026,CRM009014,141.4,2023-08-25,completed
TXN0003679,CRM003909,582.65,2023-06-21,completed
TXN0004696,GHOST00260,2207.58,2023-10-30,completed
TXN0010075,CRM000983,52.32,2022-06-27,completed
TXN0006240,CRM000757,246.36,2022-04-27,completed
TXN0001918,CRM007489,26.84,2024-03-02,completed
TXN0008573,GHOST01180,283.9,2023-08-14,refunded
TXN0011661,GHOST00958,20.46,2022-06-28,completed
TXN0005104,CRM004477,132.04,2024-01-10,failed
TXN0007344,GHOST00785,111.28,2024-04-12,completed
TXN0009200,CRM001055,1768.77,2022-12-11,failed
TXN0008799,CRM003181,251.06,2023-08-31,completed
TXN0011284,CRM001771,750.04,2022-05-20,completed
TXN0005351,CRM002190,1076.28,2024-01-25,completed
TXN0011186,CRM009583,102.87,2022-11-07,completed
TXN0000438,GHOST00254,45.46,2023-06-09,completed
TXN0004408,CRM007946,81.55,2023-01-09,refunded
TXN0010850,CRM004542,,2022-12-15,completed
TXN0009050,CRM007823,417.76,2023-10-12,refunded
TXN0000235,GHOST00046,361.98,2023-04-22,completed
TXN0007610,CRM007956,166.95,2023-12-13,completed
TXN0002816,CRM002379,196.99,2023-04-10,completed
TXN0005289,CRM006357,230.51,2022-09-30,completed
TXN0010695,CRM001771,148.23,2022-03-06,completed
TXN0009290,CRM001502,1103.42,2022-07-27,completed
TXN0011773,CRM006552,1159.89,2023-09-23,pending
TXN0003000,CRM006707,139.39,2022-05-24,completed
TXN0008309,CRM008401,82.23,2022-10-10,completed
TXN0010309,CRM010162,140.19,2022-05-21,pending
TXN0003756,CRM003338,391.89,2024-03-03,completed
TXN0006688,CRM005136,1829.2,2024-05-26,completed
TXN0008856,CRM000522,1332.13,2024-01-24,failed
TXN0001163,CRM003995,740.42,2022-01-10,completed
TXN0007448,CRM006747,2725.29,2022-07-25,completed
TXN0002401,CRM000888,125.34,2022-07-15,completed
TXN0002275,CRM009944,724.17,2023-11-17,completed
TXN0007365,CRM003028,843.04,2022-06-29,pending
TXN0010881,CRM003793,96.58,2023-03-29,completed
TXN0006159,CRM006958,867.93,2023-09-22,failed
TXN0003243,GHOST00268,68.53,2023-03-06,pending
TXN0006508,CRM002611,584.4,2023-11-03,pending
TXN0009596,CRM003539,133.4,2023-03-26,completed
TXN0008736,CRM003267,1381.74,2024-03-16,completed
TXN0011750,CRM001355,222.37,2024-06-18,completed
TXN0005134,CRM008341,113.18,2022-05-03,completed
TXN0002444,CRM009431,45.64,2023-05-03,completed
TXN0001688,GHOST01198,45.31,2023-05-14,completed
TXN0011066,CRM009683,131.36,2022-10-19,pending
TXN0002366,CRM007303,36.88,2022-06-13,completed
TXN0010927,CRM001059,1496.46,2024-02-03,completed
TXN0004376,GHOST00625,46.02,2022-12-19,completed
TXN0008064,CRM003627,,2022-03-11,completed
TXN0002795,CRM006744,121.96,2022-08-12,completed
TXN0010904,CRM010298,128.56,2023-11-16,completed
TXN0006129,GHOST00849,47.8,2023-11-15,completed
TXN0011123,CRM008164,43.91,2023-04-29,completed
TXN0008093,CRM001886,460.5,2022-06-29,completed
TXN0009769,CRM008594,175.81,2023-03-20,completed
TXN0008299,CRM001480,190.87,2024-01-03,completed
TXN0005908,CRM010497,305.2,2022-07-13,completed
TXN0005246,CRM001538,261.59,2022-02-20,completed
TXN0009957,GHOST00080,902.49,2023-01-04,completed
TXN0011907,GHOST00423,47.39,2023-03-03,completed
TXN0007915,CRM002990,123.88,2024-06-28,completed
TXN0008119,CRM000060,114.0,2022-11-29,completed
TXN0011248,CRM007725,105.39,2023-09-02,pending
TXN0002622,CRM001186,135.14,2023-02-25,completed
TXN0006200,CRM000918,65.96,2024-05-10,failed
TXN0009460,CRM007437,1252.52,2023-06-18,completed
TXN0000967,CRM002888,148.65,2023-06-12,completed
TXN0007476,CRM006874,55.01,2024-03-24,completed
TXN0010837,CRM010381,63.46,2024-01-26,completed
TXN0011405,CRM001958,82.3,2022-03-10,completed
TXN0011897,CRM002732,74.45,2023-07-04,completed
TXN0004993,CRM009965,90.68,2024-04-16,pending
TXN0002717,CRM006725,233.93,2022-06-29,completed
TXN0011547,CRM001609,587.33,2024-05-01,completed
TXN0003255,CRM008403,264.73,2024-05-19,completed
TXN0003742,CRM007139,105.88,2023-10-30,completed
TXN0010847,CRM006951,701.85,2022-05-25,pending
TXN0007797,CRM009520,40.14,2022-05-12,completed
TXN0002123,CRM010113,394.13,2022-02-10,completed
TXN0004779,CRM003130,116.95,2023-11-19,refunded
TXN0006292,CRM004772,643.72,2023-08-11,completed
TXN0002890,CRM002042,2241.27,2023-09-02,completed
TXN0011594,CRM001003,139.79,2024-01-18,pending
TXN0010561,CRM006560,464.94,2022-12-28,completed
TXN0010994,CRM008890,698.52,2024-04-28,completed
TXN0002621,GHOST00315,15.29,2022-09-24,failed
TXN0008640,CRM005538,210.6,2022-10-23,completed
TXN0011896,CRM002464,330.19,2022-10-22,completed
TXN0009369,CRM006407,783.97,2023-07-12,completed
TXN0008842,GHOST00632,130.61,2023-04-02,completed
TXN0004292,CRM008969,21.96,2023-04-01,failed
TXN0010705,CRM006449,178.32,2022-04-29,pending
TXN0001056,CRM008766,988.0,2024-06-26,failed
TXN0004989,CRM004157,85.54,2022-11-09,completed
TXN0005881,CRM008406,792.78,2022-03-03,completed
TXN0007921,CRM007993,251.3,2022-03-29,completed
TXN0002011,CRM002934,3626.93,2022-12-04,completed
TXN0007309,CRM007205,1197.61,2022-02-09,pending
TXN0000362,CRM006500,787.8,2024-03-17,completed
TXN0010120,CRM009621,31.41,2023-07-13,completed
TXN0005638,CRM007111,382.12,2022-07-25,failed
TXN0009612,CRM001110,272.7,2022-08-26,completed
TXN0004936,CRM004469,329.25,2022-03-02,completed
TXN0005702,CRM008688,603.55,2022-12-02,pending
TXN0003766,CRM005058,425.49,2022-08-07,completed
TXN0007372,CRM003434,296.15,2022-07-24,completed
TXN0004791,CRM006072,100.51,2022-05-20,completed
TXN0005775,CRM007743,156.26,2022-04-22,completed
TXN0003239,CRM004723,140.68,2023-04-13,completed
TXN0007003,CRM005332,537.95,2022-09-25,completed
TXN0006296,CRM008534,56.42,2023-08-17,completed
TXN0004953,CRM006308,1509.76,2023-06-25,pending
TXN0005922,CRM006087,3058.6,2022-07-15,completed
TXN0008636,CRM004779,588.2,2023-10-07,pending
TXN0005295,CRM000378,169.28,2022-10-14,pending
TXN0003021,GHOST00686,791.61,2024-03-29,completed
TXN0004639,CRM001451,220.26,2023-07-12,completed
TXN0001380,CRM006817,81.71,2024-02-15,completed
TXN0011466,CRM003918,68.84,2023-05-04,completed
TXN0001440,CRM008697,103.2,2024-02-09,completed
TXN0010078,CRM005742,19.7,2022-09-12,completed
TXN0009222,CRM001744,114.39,2023-09-15,completed
TXN0009508,CRM004912,989.58,2022-03-14,completed
TXN0006449,CRM006373,1524.11,2024-05-01,completed
TXN0001636,GHOST00158,1589.33,2024-01-12,pending
TXN0001462,CRM000003,1609.76,2023-07-08,completed
TXN0006024,GHOST01181,63.39,2023-05-14,pending
TXN0010702,CRM000291,413.09,2023-05-26,failed
TXN0002323,GHOST00530,97.94,2022-04-16,completed
TXN0009072,CRM005186,165.6,2022-07-14,completed
TXN0002279,CRM009626,113.57,2023-05-01,completed
TXN0002694,CRM002569,601.99,2022-11-07,completed
TXN0009758,CRM004419,62.96,2023-12-12,pending
TXN0005574,CRM008099,1004.75,2024-05-22,completed
TXN0005081,CRM001755,217.61,2022-09-23,refunded
TXN0008946,CRM005744,118.57,2022-01-18,failed
TXN0003727,CRM009506,406.63,2022-09-23,completed
TXN0006267,CRM009487,711.22,2023-12-07,completed
TXN0004391,GHOST00688,660.45,2024-05-09,completed
TXN0010984,CRM005823,134.22,2023-06-14,completed
TXN0000478,CRM003975,309.95,2023-12-17,completed
TXN0001813,CRM004715,508.15,2024-03-11,pending
TXN0011977,CRM005477,111.4,2022-05-28,pending
TXN0009424,GHOST00391,134.76,2023-10-06,failed
TXN0005907,GHOST00946,822.09,2022-01-27,completed
TXN0008705,CRM009910,2543.97,2023-12-28,completed
TXN0000389,CRM005974,4862.98,2024-03-16,completed
TXN0003195,CRM001711,203.27,2023-10-19,completed
TXN0004942,CRM007900,300.42,2023-10-12,completed
TXN0001375,CRM008715,42.37,2023-07-10,failed
TXN0010760,CRM008456,566.13,2022-07-26,completed
TXN0011859,CRM003301,669.53,2022-01-08,pending
TXN0002790,CRM005895,39.37,2023-05-18,completed
TXN0009752,CRM006798,1169.51,2023-06-16,completed
TXN0006388,CRM010354,1439.39,2024-03-17,completed
TXN0007426,CRM001107,26.68,2022-03-22,completed
TXN0011236,CRM007150,311.58,2022-09-28,completed
TXN0007106,CRM006254,206.75,2022-10-02,completed
TXN0007472,GHOST00952,618.36,2022-02-23,pending
TXN0001871,CRM009822,159.62,2022-12-31,pending
TXN0010164,CRM009961,97.61,2022-10-14,pending
TXN0010513,CRM002417,45.08,2022-05-20,completed
TXN0001954,CRM005494,458.75,2023-03-09,completed
TXN0010844,GHOST00760,892.88,2024-04-08,completed
TXN0007926,GHOST01062,99.43,2022-07-05,completed
TXN0007454,GHOST01008,464.5,2023-04-26,completed
TXN0006616,CRM002289,178.38,2022-09-01,completed
TXN0001224,CRM009943,270.22,2023-05-26,completed
TXN0005346,GHOST00070,106.05,2022-07-10,completed
TXN0007983,CRM010312,474.93,2022-09-11,refunded
TXN0011846,CRM010208,166.26,2022-12-16,completed
TXN0005871,CRM003478,362.63,2023-07-15,completed
TXN0003550,CRM010410,183.24,2023-11-20,failed
TXN0008018,CRM005844,867.04,2022-08-26,failed
TXN0007148,CRM001454,5377.66,2024-05-23,completed
TXN0011465,CRM002734,429.4,2023-09-11,completed
TXN0009059,CRM000526,116.14,2022-07-22,completed
TXN0009129,CRM007813,559.23,2023-07-20,completed
TXN0004747,CRM003847,1869.82,2023-11-08,completed
TXN0004109,CRM004524,173.5,2024-02-06,completed
TXN0011316,CRM005282,213.26,2024-06-04,completed
TXN0001062,CRM003223,162.99,2022-02-14,pending
TXN0009664,CRM006780,91.37,2024-06-20,completed
TXN0002287,CRM007114,948.08,2022-10-28,completed
TXN0003883,CRM005366,409.09,2023-02-19,completed
TXN0010242,CRM000208,172.73,2022-07-02,completed
TXN0009489,CRM005891,781.6,2024-06-19,completed
TXN0001814,CRM004249,426.6,2023-03-15,completed
TXN0008844,CRM005482,132.52,2022-08-01,completed
TXN0008952,CRM004821,49.18,2022-07-26,completed
TXN0004452,CRM008041,2312.18,2024-06-11,completed
TXN0010446,CRM008544,176.53,2024-04-13,completed
TXN0000115,CRM004997,1000.52,2024-03-29,refunded
TXN0008010,CRM003047,149.11,2023-04-18,completed
TXN0009082,CRM006063,1031.61,2022-07-16,completed
TXN0002996,CRM006111,201.49,2023-04-08,completed
TXN0006290,CRM005081,2724.32,2022-02-14,completed
TXN0001566,CRM009209,424.5,2022-05-15,completed
TXN0011725,CRM010435,412.69,2023-07-21,completed
TXN0011273,CRM001446,74.4,2023-08-23,completed
TXN0011072,CRM001714,442.42,2022-05-08,completed
TXN0010282,CRM000207,611.82,2024-02-04,failed
TXN0002330,CRM009552,1274.32,2024-05-09,completed
TXN0006620,CRM006156,56.4,2023-10-10,completed
TXN0006138,CRM009445,360.03,2022-01-17,completed
TXN0010384,CRM002726,522.84,2022-04-28,refunded
TXN0010263,CRM010164,532.74,2022-01-20,refunded
TXN0000922,CRM010281,28.9,2024-01-03,pending
TXN0001541,GHOST00083,74.84,2023-08-06,completed
TXN0001910,CRM007415,342.87,2024-05-07,completed
TXN0007405,CRM010229,1040.18,2022-11-05,completed
TXN0000334,GHOST01093,57.44,2023-10-10,completed
TXN0001252,GHOST00583,388.15,2023-08-12,pending
TXN0003015,CRM006422,192.95,2023-10-14,completed
TXN0004824,GHOST00890,118.07,2023-05-18,pending
TXN0009061,CRM002965,21.44,2023-09-10,failed
TXN0008791,GHOST01138,576.83,2022-01-26,completed
TXN0010495,CRM003138,61.85,2024-03-14,completed
TXN0011227,CRM002131,31.22,2024-05-28,completed
TXN0011898,CRM007436,1134.43,2023-07-26,completed
TXN0001164,CRM002294,161.25,2023-07-28,completed
TXN0011933,GHOST00646,293.63,2024-03-12,completed
TXN0002997,CRM000356,710.2,2023-01-10,completed
TXN0003173,CRM009735,53.72,2022-07-01,completed
TXN0004722,CRM005381,861.55,2022-04-08,completed
TXN0004428,CRM003157,194.34,2022-09-23,completed
TXN0002873,GHOST00613,358.98,2022-11-17,pending
TXN0006356,CRM001725,840.24,2022-08-24,completed
TXN0000823,CRM003417,902.13,2023-03-09,completed
TXN0000758,CRM004430,356.05,2022-05-16,completed
TXN0010853,CRM003333,29.7,2023-05-14,completed
TXN0002311,GHOST00259,52.24,2022-08-16,completed
TXN0000185,CRM006553,367.15,2023-04-05,completed
TXN0008483,CRM005119,252.97,2022-02-06,completed
TXN0009284,CRM000630,54.32,2023-10-22,completed
TXN0001209,CRM006099,1281.79,2023-12-13,completed
TXN0006820,CRM004050,189.41,2023-09-20,completed
TXN0008497,CRM007689,,2022-08-18,failed
TXN0001891,CRM000750,7540.44,2023-07-28,completed
TXN0010390,CRM010085,195.56,2022-05-27,completed
TXN0007163,CRM002179,76.97,2022-06-03,completed
TXN0009830,CRM006589,178.45,2023-05-17,completed
TXN0001841,CRM006628,4346.29,2023-09-29,failed
TXN0003293,CRM004377,472.09,2022-05-24,completed
TXN0000205,CRM003079,7.93,2023-01-10,completed
TXN0008341,CRM000243,262.27,2023-07-16,completed
TXN0004204,CRM002483,266.87,2023-11-28,pending
TXN0005345,CRM000172,1582.93,2022-08-13,pending
TXN0000566,CRM007316,33.56,2023-02-21,completed
TXN0003432,CRM002947,440.01,2023-09-13,failed
TXN0011542,CRM001773,52.79,2022-09-27,completed
TXN0009459,CRM009972,294.96,2023-09-10,failed
TXN0009788,CRM003352,141.36,2022-01-24,completed
TXN0006974,CRM004714,70.19,2022-02-19,completed
TXN0002604,CRM007941,46.75,2023-03-12,pending
TXN0002384,CRM000218,30.75,2022-05-25,completed
TXN0009048,CRM000604,82.49,2022-07-12,completed
TXN0008714,CRM004342,3076.04,2023-05-14,completed
TXN0010090,CRM003434,307.71,2023-02-18,completed
TXN0005839,CRM006985,2442.3,2023-12-30,pending
TXN0000070,CRM003391,121.44,2022-06-15,failed
TXN0005279,CRM008156,23.45,2022-10-14,completed
TXN0004847,CRM009368,280.27,2023-01-13,completed
TXN0005368,CRM006521,238.55,2022-01-25,completed
TXN0003352,CRM001085,1624.84,2022-07-13,completed
TXN0005180,CRM000417,114.16,2022-10-12,completed
TXN0002644,CRM004126,48.82,2023-08-22,completed
TXN0008343,CRM002694,690.43,2022-10-07,refunded
TXN0008808,CRM007635,532.64,2022-04-22,completed
TXN0000643,CRM010473,186.29,2023-05-05,pending
TXN0001738,CRM008186,392.5,2024-02-11,completed
TXN0000811,GHOST00038,124.63,2023-04-29,refunded
TXN0003425,CRM010137,189.83,2022-09-23,completed
TXN0006800,CRM006556,257.68,2023-07-06,completed
TXN0010662,CRM008138,158.73,2023-11-18,completed
TXN0010696,CRM006995,1134.25,2022-04-12,completed
TXN0003372,CRM003833,466.71,2022-04-27,completed
TXN0006951,CRM004273,309.05,2023-10-28,pending
TXN0011155,CRM008015,707.42,2023-08-02,completed
TXN0008198,GHOST00683,145.41,2023-12-11,completed
TXN0005969,CRM009538,217.72,2023-12-12,completed
TXN0010575,CRM000555,1001.0,2022-04-04,completed
TXN0000531,CRM008237,112.24,2023-03-06,completed
TXN0000493,CRM002057,179.42,2023-10-19,completed
TXN0009900,CRM003028,692.27,2022-06-22,completed
TXN0006256,CRM000657,280.79,2023-07-19,completed
TXN0008352,CRM008558,901.7,2023-03-12,pending
TXN0002720,CRM010268,4745.95,2022-12-16,completed
TXN0011190,GHOST00797,82.51,2022-06-17,completed
TXN0006163,CRM006468,79.58,2022-05-30,completed
TXN0007525,GHOST00940,1436.73,2022-05-04,completed
TXN0001065,CRM000806,278.18,2023-10-10,completed
TXN0011400,CRM010192,49.11,2022-09-22,completed
TXN0002670,CRM004750,464.3,2024-04-19,completed
TXN0009945,CRM002902,126.63,2023-01-01,refunded
TXN0008202,CRM000806,152.0,2024-06-24,completed
TXN0006664,GHOST00267,277.8,2023-10-24,completed
TXN0000355,CRM001496,160.32,2022-04-16,completed
TXN0005679,CRM001946,230.04,2023-11-27,completed
TXN0004680,CRM000589,434.48,2022-02-11,completed
TXN0001931,CRM007121,457.58,2022-12-25,completed
TXN0008053,CRM008223,346.73,2022-09-09,completed
TXN0002549,CRM003606,,2023-08-13,completed
TXN0004103,GHOST00341,253.78,2022-05-18,completed
TXN0011752,CRM002216,293.61,2022-11-14,completed
TXN0002967,CRM008181,892.93,2024-01-23,completed
TXN0008058,CRM010077,1091.84,2022-03-09,completed
TXN0004757,GHOST01107,1741.97,2023-08-11,completed
TXN0004958,CRM003409,406.29,2023-02-08,refunded
TXN0000227,CRM008945,823.65,2022-07-23,completed
TXN0011238,CRM005686,242.02,2023-01-10,completed
TXN0000786,CRM000217,132.68,2022-06-20,completed
TXN0011337,CRM007704,103.11,2022-12-29,failed
TXN0006741,CRM004804,958.47,2022-09-20,completed
TXN0007955,GHOST00163,139.6,2022-01-14,pending
TXN0006422,CRM000047,798.3,2022-04-01,completed
TXN0004133,CRM008240,894.23,2022-08-29,failed
TXN0006022,CRM004867,191.15,2022-11-19,completed
TXN0004372,CRM002288,418.3,2022-01-30,pending
TXN0011192,CRM001620,87.37,2024-06-03,completed
TXN0010350,CRM000219,270.22,2022-09-18,completed
TXN0010250,CRM000648,192.09,2023-10-27,completed
TXN0011060,CRM005518,4216.4,2022-06-30,pending
TXN0001301,CRM006942,348.09,2024-04-25,completed
TXN0004365,CRM002869,145.71,2022-03-01,completed
TXN0005808,CRM003534,143.5,2023-03-02,completed
TXN0006193,GHOST00053,1226.57,2023-01-06,completed
TXN0011112,CRM010263,110.47,2023-12-15,completed
TXN0009776,CRM010136,125.84,2023-03-17,completed
TXN0011226,CRM005359,1484.3,2024-03-23,completed
TXN0006897,CRM006576,197.6,2022-12-30,completed
TXN0008503,CRM010226,1182.43,2023-02-21,completed
TXN0002960,CRM003041,388.41,2022-06-05,completed
TXN0001734,CRM000027,425.78,2023-01-18,completed
TXN0009553,CRM003462,40.53,2022-06-19,completed
TXN0000930,CRM002791,64.91,2023-11-09,completed
TXN0010161,CRM004165,60.06,2022-04-10,failed
TXN0002363,CRM006517,,2023-06-26,completed
TXN0003497,CRM008539,277.81,2023-06-29,completed
TXN0006145,CRM010328,19.04,2023-02-25,completed
TXN0000306,CRM009809,112.26,2023-07-28,completed
TXN0010740,CRM001526,16.84,2024-06-01,completed
TXN0004271,CRM006001,26.24,2022-05-14,completed
TXN0009943,CRM008427,90.98,2024-03-13,completed
TXN0007040,CRM010394,145.47,2024-06-18,completed
TXN0000029,CRM008440,122.26,2024-01-09,completed
TXN0006456,CRM009884,,2022-09-10,completed
TXN0009066,CRM006201,482.42,2022-02-25,completed
TXN0003942,CRM003685,105.04,2022-05-16,completed
TXN0008490,CRM005139,502.46,2022-11-06,pending
TXN0003340,CRM002754,79.96,2024-01-16,completed
TXN0007682,CRM007580,3336.03,2023-01-23,pending
TXN0011714,CRM006529,83.63,2024-04-03,completed
TXN0007594,CRM004844,,2022-01-26,completed
TXN0002652,CRM004909,1139.1,2022-01-21,completed
TXN0006451,CRM004936,738.6,2022-04-06,completed
TXN0010657,CRM008078,97.43,2022-01-01,completed
TXN0008258,CRM000232,240.59,2022-05-03,pending
TXN0001415,CRM002688,154.51,2022-09-23,failed
TXN0009350,CRM003140,212.36,2024-03-20,failed
TXN0009274,GHOST00458,103.22,2023-12-17,completed
TXN0007590,GHOST01002,507.42,2022-01-22,refunded
TXN0005709,CRM008486,1489.72,2023-09-01,completed
TXN0006922,CRM003118,191.4,2023-11-11,completed
TXN0005408,CRM003895,1007.91,2022-08-10,failed
TXN0000703,CRM007587,565.73,2024-03-03,completed
TXN0011386,CRM001322,949.6,2023-11-15,completed
TXN0004913,CRM003169,162.48,2023-10-21,pending
TXN0005579,CRM002968,178.74,2024-01-14,completed
TXN0003249,CRM007470,153.74,2023-10-28,completed
TXN0008898,CRM005621,47.93,2023-07-15,completed
TXN0003070,CRM006793,1299.61,2022-04-20,pending
TXN0005050,CRM010459,293.65,2022-12-29,refunded
TXN0001942,CRM007305,960.43,2022-08-23,completed
TXN0009881,CRM008111,90.94,2022-04-08,completed
TXN0010434,CRM007955,146.81,2023-12-22,completed
TXN0002000,CRM009293,522.26,2023-06-08,refunded
TXN0003389,CRM000059,27.78,2023-05-25,completed
TXN0003635,CRM009473,31.73,2024-04-18,refunded
TXN0003836,CRM009619,89.65,2022-09-09,pending
TXN0000505,GHOST00989,320.67,2023-05-29,completed
TXN0007404,CRM006282,324.5,2023-10-16,completed
TXN0001216,CRM008870,110.87,2023-10-04,completed
TXN0001420,CRM001827,229.33,2024-03-11,completed
TXN0005159,CRM008748,436.83,2024-05-11,completed
TXN0011587,CRM005327,101.29,2022-12-30,completed
TXN0006681,CRM005674,165.97,2023-09-25,completed
TXN0000647,CRM001376,174.23,2022-01-26,completed
TXN0004896,CRM007139,56.04,2022-05-27,completed
TXN0011131,CRM007802,69.45,2023-12-01,completed
TXN0002174,CRM000324,1201.7,2022-11-26,pending
TXN0008518,CRM002932,1036.49,2022-08-17,completed
TXN0007699,CRM003328,102.27,2022-08-08,completed
TXN0001827,CRM002035,1331.31,2022-01-12,completed
TXN0008976,CRM001109,216.37,2023-05-01,completed
TXN0004298,CRM000928,374.05,2022-09-03,completed
TXN0009271,CRM007560,,2022-09-21,completed
TXN0006098,CRM001106,13.49,2022-01-06,refunded
TXN0001513,CRM004247,88.21,2023-05-09,completed
TXN0002966,GHOST00949,46.06,2022-05-09,completed
TXN0009549,CRM006929,201.38,2023-11-04,pending
TXN0000706,CRM007994,360.69,2022-04-29,completed
TXN0004669,CRM007876,51.98,2023-09-01,completed
TXN0004643,GHOST00217,179.87,2023-05-23,completed
TXN0009412,CRM002290,190.09,2022-04-24,completed
TXN0009628,CRM002497,837.63,2023-06-28,completed
TXN0001410,CRM001263,47.61,2023-09-21,completed
TXN0004030,CRM006559,265.56,2024-01-04,completed
TXN0011998,CRM000670,,2023-10-11,completed
TXN0002712,CRM007238,342.4,2024-06-26,failed
TXN0011575,CRM002725,578.86,2024-02-20,completed
TXN0005760,CRM004091,174.63,2022-07-05,completed
TXN0011040,CRM005348,190.18,2023-10-13,completed
TXN0005889,CRM005294,83.2,2022-04-18,completed
TXN0005890,CRM000763,495.0,2022-08-17,completed
TXN0007359,CRM006261,97.23,2023-06-01,completed
TXN0008474,CRM005624,2301.37,2024-04-18,completed
TXN0002368,CRM002047,69.52,2023-06-23,completed
TXN0004926,CRM009395,410.92,2024-05-22,completed
TXN0003020,CRM005542,209.61,2022-09-15,completed
TXN0005817,CRM008266,161.1,2022-11-28,completed
TXN0008338,CRM008507,27.93,2022-05-04,completed
TXN0010587,CRM003143,500.61,2022-11-28,completed
TXN0011945,CRM005500,115.65,2023-12-13,completed
TXN0002041,CRM010200,296.62,2023-04-19,completed
TXN0003915,CRM009202,,2023-10-19,pending
TXN0004664,CRM000855,933.63,2023-07-14,completed
TXN0006640,CRM000541,429.41,2023-05-19,completed
TXN0009499,CRM001216,314.58,2023-03-20,completed
TXN0006699,CRM002274,2537.04,2023-06-19,completed
TXN0006943,CRM004708,656.25,2023-12-08,completed
TXN0009185,GHOST00375,173.81,2022-10-16,refunded
TXN0004939,CRM002127,1598.42,2022-11-05,completed
TXN0002347,CRM005167,126.07,2023-06-25,completed
TXN0006500,CRM007955,410.63,2023-07-24,pending
TXN0006074,CRM004102,12727.14,2022-10-05,completed
TXN0004598,CRM010342,251.56,2023-11-02,pending
TXN0005285,CRM009970,53.21,2024-05-08,completed
TXN0009535,CRM009016,745.78,2023-02-26,completed
TXN0001030,CRM000105,187.71,2022-02-08,completed
TXN0004247,CRM001348,196.27,2022-06-05,completed
TXN0005420,CRM000058,1399.55,2024-02-12,completed
TXN0008635,CRM002462,91.28,2024-04-06,completed
TXN0003117,CRM003791,359.55,2022-04-24,completed
TXN0001844,CRM003489,76.73,2023-09-16,completed
TXN0003274,CRM006669,1149.69,2023-06-15,completed
TXN0010599,CRM005273,384.37,2024-06-30,completed
TXN0000509,CRM001273,207.17,2024-06-19,completed
TXN0010099,CRM009803,,2022-07-08,completed
TXN0009506,GHOST00275,105.91,2022-03-27,pending
TXN0007270,GHOST00740,76.31,2022-08-09,completed
TXN0002939,CRM000571,63.65,2022-03-03,refunded
TXN0002100,CRM002053,401.52,2024-04-21,completed
TXN0004158,CRM000165,,2022-03-31,completed
TXN0009391,CRM000341,116.89,2022-06-02,completed
TXN0002976,CRM006987,81.86,2022-03-27,completed
TXN0000377,CRM002438,138.75,2023-11-06,completed
TXN0000875,GHOST00030,81.98,2022-09-18,completed
TXN0007620,GHOST00398,21.43,2023-12-14,pending
TXN0006480,CRM008597,681.58,2024-06-05,completed
TXN0007864,CRM009044,187.82,2023-03-29,completed
TXN0006299,CRM005493,1142.18,2023-05-02,completed
TXN0002726,CRM008023,306.99,2024-04-03,completed
TXN0003602,CRM006129,181.81,2022-03-30,completed
TXN0001593,CRM004712,376.49,2024-03-28,completed
TXN0008172,CRM006922,178.27,2024-01-04,completed
TXN0010840,CRM007269,197.07,2023-03-13,pending
TXN0000332,CRM001490,8129.11,2022-02-01,completed
TXN0002093,GHOST00392,92.97,2024-02-14,completed
TXN0007689,CRM003018,2743.59,2022-12-06,pending
TXN0006950,CRM009066,446.17,2023-01-10,failed
TXN0000838,CRM005124,36.42,2022-04-16,completed
TXN0002600,GHOST01167,4735.19,2024-06-05,completed
TXN0011471,GHOST00036,123.25,2022-09-22,completed
TXN0006541,CRM000649,97.97,2024-04-15,completed
TXN0011249,CRM000526,1271.44,2022-03-06,pending
TXN0010421,CRM008750,,2023-12-24,completed
TXN0005428,CRM004064,435.71,2023-09-30,completed
TXN0001112,CRM000811,1019.6,2022-10-29,failed
TXN0002293,CRM009818,193.3,2022-10-31,pending
TXN0009561,CRM007680,138.16,2022-10-21,completed
TXN0011171,GHOST01066,1547.14,2023-03-10,completed
TXN0008187,CRM009773,1258.7,2023-05-07,completed
TXN0002779,GHOST00777,263.57,2023-08-27,completed
TXN0010431,CRM008828,35.11,2022-10-15,completed
TXN0006227,CRM009611,74.25,2023-02-05,completed
TXN0001199,CRM000044,100.53,2022-09-13,completed
TXN0003353,GHOST00692,155.3,2023-02-21,completed
TXN0009676,CRM006401,506.49,2022-04-12,failed
TXN0011544,CRM010455,160.85,2024-03-22,completed
TXN0001501,GHOST00364,150.48,2023-10-27,completed
TXN0004353,CRM006553,102.85,2022-01-21,failed
TXN0003976,GHOST00714,151.81,2022-09-15,completed
TXN0003018,CRM000335,42.16,2023-02-24,refunded
TXN0009884,GHOST00371,70.41,2023-10-13,completed
TXN0004031,CRM003989,45.52,2024-01-25,completed
TXN0005645,GHOST00009,271.46,2024-01-18,completed
TXN0007181,CRM004069,336.9,2024-06-08,completed
TXN0009971,CRM002614,394.15,2023-01-13,completed
TXN0001782,CRM006988,,2024-04-11,pending
TXN0010420,CRM000896,84.1,2023-05-29,completed
TXN0009480,CRM000109,16.8,2023-04-02,completed
TXN0004173,CRM006831,197.4,2022-10-23,completed
TXN0011635,GHOST00233,372.79,2023-12-28,failed
TXN0003082,CRM001914,387.31,2022-09-20,completed
TXN0011887,CRM007214,,2023-12-03,completed
TXN0011027,CRM009522,824.17,2024-04-03,completed
TXN0001268,CRM006961,249.44,2023-04-17,completed
TXN0001565,CRM003413,115.51,2023-07-29,pending
TXN0002383,CRM005357,3647.61,2022-03-11,completed
TXN0001502,CRM003537,1301.74,2022-10-26,completed
TXN0006518,CRM002664,650.1,2022-02-03,completed
TXN0011153,CRM004838,31.06,2024-06-06,failed
TXN0010428,CRM009478,232.03,2022-09-30,refunded
TXN0004446,CRM006422,230.87,2022-12-06,completed
TXN0011771,GHOST00390,3982.47,2023-02-23,refunded
TXN0000864,CRM002360,133.27,2024-06-21,completed
TXN0010254,CRM007245,207.49,2024-01-22,completed
TXN0006784,CRM006986,161.13,2024-03-18,completed
TXN0004013,GHOST00400,35.5,2022-07-07,completed
TXN0010393,CRM003411,78.93,2022-02-28,failed
TXN0003669,CRM005038,416.57,2022-05-26,completed
TXN0011334,CRM009482,540.86,2023-09-16,completed
TXN0005609,CRM003922,105.73,2022-10-29,completed
TXN0003176,CRM004158,109.88,2022-07-16,completed
TXN0009954,CRM009662,145.36,2023-08-02,pending
TXN0010570,CRM005151,31.88,2023-04-15,completed
TXN0004676,GHOST01113,31.04,2022-02-15,pending
TXN0004827,CRM000255,239.16,2023-08-29,pending
TXN0001772,CRM010240,467.94,2023-11-06,completed
TXN0004394,CRM009436,237.91,2022-11-24,pending
TXN0000349,CRM008780,2044.0,2022-11-18,failed
TXN0009099,CRM004335,55.08,2022-02-17,pending
TXN0004203,CRM004879,139.0,2022-02-09,completed
TXN0007514,CRM006857,526.08,2023-03-04,pending
TXN0009955,CRM001043,324.48,2023-07-17,pending
TXN0011739,CRM002260,5550.95,2024-04-04,completed
TXN0000609,CRM007670,60.41,2023-04-24,completed
TXN0003458,CRM000438,125.31,2022-04-08,completed
TXN0002743,CRM001443,128.04,2023-03-11,completed
TXN0005673,GHOST00911,390.48,2024-05-08,completed
TXN0003691,CRM000592,430.61,2023-10-28,completed
TXN0000036,CRM009970,161.68,2022-08-30,completed
TXN0000030,CRM009533,81.81,2022-08-04,completed
TXN0002465,CRM009908,109.18,2022-10-21,failed
TXN0010670,CRM005673,29.37,2023-02-11,completed
TXN0006614,CRM007834,585.41,2024-01-22,completed
TXN0005664,GHOST00288,245.85,2023-07-26,failed
TXN0006725,CRM009530,1566.82,2022-05-31,pending
TXN0002236,CRM003773,273.47,2022-03-05,completed
TXN0011875,CRM004118,131.89,2023-04-14,completed
TXN0006852,CRM001636,117.02,2022-01-11,completed
TXN0000918,CRM003366,133.62,2023-04-02,completed
TXN0003992,CRM006307,390.73,2023-02-05,completed
TXN0003415,CRM000496,556.0,2022-11-03,completed
TXN0003274,CRM006669,,2023-06-15,completed
TXN0003613,GHOST00229,396.27,2023-02-08,completed
TXN0011139,CRM002094,132.2,2023-03-29,failed
TXN0010201,GHOST01015,273.8,2022-05-23,completed
TXN0005832,CRM004931,1810.63,2023-05-18,completed
TXN0007879,CRM008630,544.96,2023-01-08,failed
TXN0003840,CRM008129,166.3,2024-06-24,completed
TXN0009472,CRM004522,503.28,2023-07-14,completed
TXN0011580,GHOST00535,319.27,2024-01-05,completed
TXN0010655,CRM004734,180.77,2023-04-27,pending
TXN0004658,CRM008161,802.98,2024-03-07,completed
TXN0001710,CRM008778,152.9,2022-04-13,completed
TXN0008553,CRM009508,807.16,2023-06-18,completed
TXN0009308,CRM009034,,2022-08-08,completed
TXN0000230,CRM006934,,2022-09-22,failed
TXN0010543,CRM006163,105.66,2023-07-29,completed
TXN0006385,CRM004098,165.17,2023-08-26,pending
TXN0006499,CRM008792,387.9,2023-04-01,completed
TXN0004363,CRM009693,54.72,2023-10-06,completed
TXN0006046,CRM006314,77.64,2022-04-29,completed
TXN0001643,CRM004883,70.18,2022-05-16,completed
TXN0008589,CRM004294,121.2,2024-05-30,completed
TXN0003348,CRM006827,141.04,2023-08-03,completed
TXN0006788,CRM005282,129.99,2024-02-03,refunded
TXN0007005,CRM007231,164.4,2023-08-17,completed
TXN0002248,GHOST00007,105.41,2022-07-27,completed
TXN0011170,CRM008264,228.74,2023-01-19,completed
TXN0009149,CRM006586,353.18,2023-09-04,completed
TXN0007211,CRM001030,1750.22,2024-04-26,completed
TXN0010292,CRM008439,400.92,2023-02-04,completed
TXN0009252,CRM000068,53.92,2023-01-21,completed
TXN0009598,CRM007550,159.87,2023-03-25,completed
TXN0004957,CRM006632,60.93,2022-04-10,failed
TXN0007035,CRM005151,58.62,2023-09-16,completed
TXN0006737,CRM002899,26.7,2022-03-14,completed
TXN0001245,CRM004917,22.21,2022-05-27,completed
TXN0006320,CRM005230,275.55,2022-05-30,pending
TXN0000434,CRM001376,470.4,2022-04-17,completed
TXN0010694,CRM006873,280.51,2024-06-14,completed
TXN0001764,CRM003582,214.6,2022-06-18,failed
TXN0001193,CRM005391,201.6,2024-02-09,completed
TXN0002376,CRM001068,124.99,2024-06-27,completed
TXN0000282,CRM003917,346.68,2022-11-29,pending
TXN0000178,CRM008994,65.78,2023-07-15,completed
TXN0004072,CRM004282,141.79,2022-03-11,completed
TXN0005764,CRM003553,325.98,2022-11-15,completed
TXN0007570,CRM007951,409.79,2024-03-28,completed
TXN0005006,CRM004979,1018.19,2024-06-06,completed
TXN0007132,CRM010390,541.28,2023-06-08,completed
TXN0003280,GHOST01134,60.71,2023-05-04,completed
TXN0001784,CRM005740,200.78,2023-11-09,completed
TXN0008014,CRM000899,86.57,2022-02-11,completed
TXN0008301,CRM008305,227.15,2024-01-31,refunded
TXN0001616,GHOST00313,596.34,2022-11-21,completed
TXN0001842,CRM000640,84.62,2022-11-03,pending
TXN0000869,CRM003163,726.72,2022-08-08,failed
TXN0011436,CRM007404,42.61,2023-01-18,completed
TXN0006545,CRM001817,800.75,2022-07-26,failed
TXN0000933,CRM004090,135.12,2022-11-06,completed
TXN0003592,CRM004291,858.72,2023-03-24,completed
TXN0011833,CRM000163,417.92,2024-01-14,completed
TXN0007512,CRM009810,57.34,2024-01-12,completed
TXN0001599,CRM005774,71.24,2023-03-21,pending
TXN0002142,CRM001415,611.04,2023-06-12,refunded
TXN0009349,CRM005467,509.14,2022-01-23,refunded
TXN0009169,CRM006402,,2022-11-09,pending
TXN0011279,GHOST00494,684.23,2024-04-08,refunded
TXN0004102,CRM008287,223.18,2023-07-06,completed
TXN0008854,CRM005195,238.92,2022-08-06,completed
TXN0010533,CRM006395,4140.34,2023-09-28,completed
TXN0008719,CRM003621,96.44,2022-01-02,completed
TXN0008983,CRM005527,781.29,2023-07-21,completed
TXN0011691,CRM000550,612.56,2024-05-22,completed
TXN0004812,CRM004135,547.37,2023-06-30,completed
TXN0003932,CRM003131,599.02,2023-02-11,completed
TXN0005363,CRM000142,461.45,2022-09-29,completed
TXN0002719,CRM002664,77.81,2023-05-21,completed
TXN0006530,CRM006745,2441.77,2024-06-11,completed
TXN0010316,GHOST00103,29.83,2024-06-01,completed
TXN0010630,CRM007147,664.26,2024-01-29,failed
TXN0000264,CRM006072,1002.53,2024-06-30,failed
TXN0009282,CRM008336,14.05,2024-06-27,pending
TXN0004475,CRM005870,61.2,2023-05-04,completed
TXN0008642,GHOST00928,80.28,2024-02-10,completed
TXN0006809,CRM006553,4001.6,2024-02-12,completed
TXN0006088,CRM004872,951.59,2022-12-04,completed
TXN0002220,CRM006177,68.78,2023-05-22,completed
TXN0009722,CRM002611,2805.22,2022-04-20,completed
TXN0010868,CRM001191,542.3,2022-05-11,completed
TXN0003822,CRM009123,517.68,2022-05-30,completed
TXN0004174,CRM001633,1326.48,2023-11-09,completed
TXN0008959,CRM005748,120.78,2022-12-22,completed
TXN0010142,CRM002848,187.48,2022-01-26,completed
TXN0003725,CRM003886,1944.21,2023-10-04,pending
TXN0005806,CRM006533,110.11,2023-02-03,completed
TXN0010733,CRM001930,275.72,2022-07-23,pending
TXN0003191,CRM000871,117.93,2023-02-20,completed
TXN0000576,CRM007377,472.04,2022-01-11,completed
TXN0007104,CRM001627,508.1,2024-02-05,completed
TXN0006408,CRM009144,470.36,2022-11-08,completed
TXN0001487,CRM005092,164.24,2022-02-27,completed
TXN0000523,CRM000223,200.0,2023-02-22,completed
TXN0005429,CRM009030,34.61,2022-07-09,completed
TXN0004601,CRM004556,166.43,2022-09-15,completed
TXN0001929,CRM005403,320.54,2024-01-23,pending
TXN0005821,CRM003472,31.39,2023-11-02,completed
TXN0007999,CRM001046,711.37,2023-08-26,completed
TXN0006096,CRM009526,588.59,2024-01-06,completed
TXN0008559,CRM005902,73.64,2023-08-12,completed
TXN0000779,CRM007898,196.12,2022-12-01,failed
TXN0007963,CRM005302,434.22,2023-08-16,completed
TXN0004167,CRM000212,80.31,2022-03-18,completed
TXN0010671,CRM007903,165.91,2022-03-14,completed
TXN0003949,GHOST00637,372.22,2023-07-02,completed
TXN0004514,GHOST00802,211.53,2022-02-06,completed
TXN0006848,CRM008497,135.67,2022-12-22,completed
TXN0002180,GHOST00717,181.22,2023-12-16,completed
TXN0011986,CRM005601,18.97,2024-03-02,completed
TXN0000753,CRM000561,293.16,2023-04-07,completed
TXN0000517,CRM005363,100.35,2023-03-20,pending
TXN0010348,CRM008162,108.69,2023-10-04,completed
TXN0000664,CRM004382,436.03,2022-10-23,pending
TXN0007303,GHOST00605,207.32,2022-03-24,completed
TXN0001591,CRM004023,304.05,2022-08-11,completed
TXN0008693,CRM001008,299.46,2022-11-25,failed
TXN0001247,CRM009437,1460.27,2022-08-29,completed
TXN0009035,GHOST00481,78.43,2023-08-08,completed
TXN0011151,CRM003901,90.65,2022-06-29,pending
TXN0000693,CRM001454,235.73,2023-05-11,completed
TXN0005057,CRM001027,297.83,2024-04-17,completed
TXN0006339,CRM008192,409.53,2023-08-11,completed
TXN0003470,GHOST01176,149.68,2023-04-15,completed
TXN0004605,CRM004017,120.5,2022-07-20,failed
TXN0005773,CRM000696,1500.79,2023-10-11,refunded
TXN0010746,CRM004618,46.9,2022-07-09,completed
TXN0001515,CRM000438,582.67,2023-03-31,completed
TXN0004883,GHOST00698,54.24,2023-06-13,pending
TXN0010910,CRM010298,27.95,2024-05-18,completed
TXN0001227,CRM000972,,2023-08-02,completed
TXN0003903,CRM002691,64.8,2022-05-21,completed
TXN0001932,CRM003006,78.79,2023-07-06,pending
TXN0003693,CRM001705,217.07,2022-01-31,completed
TXN0003248,CRM009641,1160.45,2023-10-29,completed
TXN0009883,CRM010009,834.17,2024-04-12,completed
TXN0000521,CRM006992,,2023-04-01,completed
TXN0000250,CRM006484,959.43,2022-06-29,completed
TXN0005837,CRM007116,1287.93,2024-01-14,completed
TXN0000522,CRM006338,299.18,2022-10-14,completed
TXN0010008,CRM002735,156.47,2023-06-13,completed
TXN0011206,CRM007100,339.19,2024-01-21,completed
TXN0011433,CRM004538,110.89,2022-04-03,completed
TXN0006767,CRM001659,107.85,2024-02-14,completed
TXN0004293,CRM006241,359.25,2024-02-27,completed
TXN0007334,CRM005880,,2022-03-01,completed
TXN0001833,GHOST00790,434.85,2023-07-11,completed
TXN0007732,CRM002207,2495.9,2023-05-05,completed
TXN0009813,CRM001600,455.33,2023-06-11,completed
TXN0011176,CRM007287,1175.16,2023-02-05,completed
TXN0009998,CRM000543,82.14,2023-06-13,completed
TXN0000822,CRM009480,168.67,2022-10-02,completed
TXN0003721,CRM002627,306.46,2024-06-29,completed
TXN0002451,CRM003713,498.2,2024-02-03,refunded
TXN0002907,CRM007609,74.58,2023-06-25,completed
TXN0009278,CRM010460,679.67,2023-05-29,completed
TXN0011401,GHOST00496,468.8,2022-01-21,completed
TXN0010690,CRM004347,246.78,2024-05-04,completed
TXN0004767,CRM008328,306.74,2022-08-22,pending
TXN0000322,GHOST00100,28.9,2023-12-30,completed
TXN0000770,CRM008498,362.57,2024-06-21,completed
TXN0003671,CRM000983,1207.71,2022-11-14,failed
TXN0000814,CRM001736,138.76,2023-03-08,completed
TXN0002547,CRM006487,211.61,2023-07-30,completed
TXN0006293,CRM007473,98.33,2022-02-21,completed
TXN0007030,CRM009877,85.42,2024-04-17,completed
TXN0011410,CRM007525,239.53,2022-12-06,completed
TXN0002642,GHOST00715,5089.81,2022-03-05,completed
TXN0005913,CRM008300,588.18,2024-04-01,failed
TXN0006495,CRM006562,569.73,2022-01-21,pending
TXN0011828,CRM005056,366.5,2022-03-30,pending
TXN0007661,CRM003145,149.22,2023-08-25,completed
TXN0004480,CRM007020,260.11,2024-04-25,pending
TXN0002229,CRM007167,29.74,2024-01-20,pending
TXN0008990,CRM000004,87.08,2022-02-25,completed
TXN0008816,CRM004911,132.91,2022-08-16,pending
TXN0000391,CRM010036,267.81,2024-06-26,completed
TXN0011129,CRM005583,122.29,2023-07-14,completed
TXN0001330,CRM006024,94.39,2023-05-22,failed
TXN0001972,GHOST01130,67.69,2023-11-30,completed
TXN0006926,CRM007162,397.59,2022-05-09,completed
TXN0000620,CRM009518,412.96,2023-08-26,completed
TXN0004006,CRM009322,57.89,2024-06-24,failed
TXN0004258,CRM000447,430.04,2024-04-06,completed
TXN0005698,GHOST01152,53.31,2024-05-18,completed
TXN0001708,CRM006072,689.24,2023-09-22,completed
TXN0007683,CRM006356,261.24,2023-11-16,pending
TXN0009645,CRM002948,486.44,2022-05-29,completed
TXN0001953,CRM002364,1063.76,2022-06-14,completed
TXN0002004,CRM003547,1141.16,2023-12-30,completed
TXN0003489,CRM009519,862.44,2023-09-08,failed
TXN0008043,CRM006638,308.25,2024-01-25,failed
TXN0004488,CRM003604,1402.59,2024-05-29,completed
TXN0011953,CRM010183,36.81,2022-02-10,completed
TXN0000386,CRM007426,791.94,2023-09-28,completed
TXN0002026,CRM000762,476.45,2024-03-21,completed
TXN0004073,CRM005583,106.07,2022-08-28,completed
TXN0010730,CRM008124,1346.19,2023-04-18,completed
TXN0004552,CRM003109,363.75,2022-07-20,pending
TXN0005508,CRM005355,188.09,2023-08-07,completed
TXN0005856,CRM006581,27.86,2023-08-15,completed
TXN0001280,GHOST00891,713.12,2022-03-11,pending
TXN0008032,CRM010415,154.74,2023-11-22,completed
TXN0009869,GHOST00591,949.47,2023-01-30,completed
TXN0009910,CRM004600,96.84,2023-04-01,completed
TXN0009673,CRM003420,987.98,2022-10-18,completed
TXN0007780,CRM006834,451.13,2022-10-05,completed
TXN0001522,CRM007790,246.94,2022-10-25,refunded
TXN0003439,CRM007141,1088.98,2023-11-25,refunded
TXN0004651,CRM009480,538.71,2023-04-06,completed
TXN0002730,CRM007654,282.75,2023-02-22,refunded
TXN0002932,CRM006704,47.9,2024-02-16,completed
TXN0004635,CRM005949,250.69,2023-06-29,completed
TXN0011596,CRM004743,50.35,2022-01-23,completed
TXN0010987,CRM006409,368.72,2024-02-15,completed
TXN0011961,CRM005276,507.57,2024-05-20,completed
TXN0004162,GHOST00018,286.46,2023-07-03,completed
TXN0004179,CRM000590,369.49,2022-07-08,completed
TXN0005483,CRM003913,552.04,2022-06-17,pending
TXN0007622,CRM008815,808.53,2022-11-06,completed
TXN0011457,CRM009601,274.46,2023-12-11,refunded
TXN0009482,CRM002406,489.15,2023-11-13,completed
TXN0004430,CRM005853,241.21,2024-04-06,pending
TXN0005291,CRM007818,274.08,2023-12-09,completed
TXN0007159,GHOST00927,2089.95,2022-10-27,completed
TXN0009431,GHOST00382,160.64,2022-06-06,completed
TXN0007815,CRM010174,288.72,2023-07-29,pending
TXN0004107,CRM002810,96.66,2023-08-17,completed
TXN0001081,CRM001646,22.48,2024-02-12,completed
TXN0003935,CRM004285,738.72,2023-01-16,completed
TXN0007837,CRM002854,143.79,2024-01-24,completed
TXN0009804,CRM006114,231.55,2024-05-31,completed
TXN0002097,CRM002512,145.11,2022-03-25,refunded
TXN0004156,CRM007842,248.18,2024-06-29,pending
TXN0011485,CRM004738,540.53,2023-03-05,completed
TXN0008603,CRM010164,549.27,2023-05-04,completed
TXN0011446,CRM008032,103.69,2024-05-10,completed
TXN0002033,GHOST00396,139.56,2024-02-23,completed
TXN0008129,CRM005016,1148.2,2024-02-06,completed
TXN0002161,CRM001577,99.1,2023-08-15,completed
TXN0001550,CRM000556,140.21,2024-03-01,completed
TXN0005358,CRM000362,864.83,2023-08-27,completed
TXN0003611,CRM002399,474.57,2023-07-16,completed
TXN0011915,CRM002907,51.2,2024-01-10,failed
TXN0000673,CRM001524,228.62,2022-03-04,completed
TXN0000177,CRM009498,12362.75,2023-12-15,completed
TXN0004202,CRM002605,1291.44,2024-03-24,completed
TXN0000249,CRM001416,103.22,2023-06-12,refunded
TXN0009658,CRM006895,115.59,2024-06-08,completed
TXN0005958,CRM007108,796.06,2024-06-06,completed
TXN0008368,CRM006955,225.72,2022-07-28,completed
TXN0004498,CRM002281,1153.02,2024-04-10,refunded
TXN0001700,CRM009979,172.5,2023-10-31,completed
TXN0005752,GHOST00014,417.82,2022-05-14,completed
TXN0002832,CRM006996,,2023-10-15,failed
TXN0007747,CRM001842,124.65,2022-10-09,completed
TXN0009201,CRM010500,50.65,2024-02-29,completed
TXN0011993,CRM000717,533.01,2023-08-15,completed
TXN0005385,GHOST00664,80.05,2022-05-21,completed
TXN0002138,CRM006593,4754.37,2023-12-13,completed
TXN0004220,CRM000616,58.96,2024-06-22,completed
TXN0011696,CRM004453,430.53,2023-01-19,completed
TXN0004113,CRM004998,274.71,2023-07-14,completed
TXN0004940,GHOST01040,889.54,2022-09-25,completed
TXN0006134,CRM008843,1329.29,2022-08-10,completed
TXN0008763,CRM007067,7.5,2023-01-22,completed
TXN0007645,CRM010207,658.23,2024-05-01,refunded
TXN0010181,CRM007475,531.44,2024-03-20,completed
TXN0008618,CRM010130,466.4,2024-04-11,completed
TXN0007072,CRM009913,11.22,2022-03-30,completed
TXN0011468,CRM003715,176.41,2023-03-14,completed
TXN0006958,CRM009345,3742.05,2023-07-13,completed
TXN0007928,CRM007439,472.21,2023-03-18,completed
TXN0006011,CRM003298,274.23,2022-11-02,completed
TXN0011561,CRM006343,93.08,2023-05-15,completed
TXN0011803,CRM004812,456.58,2024-03-17,completed
TXN0010172,GHOST00137,500.9,2023-11-03,completed
TXN0004795,GHOST00731,55.09,2023-10-06,completed
TXN0004195,CRM010011,869.53,2023-08-18,completed
TXN0006223,CRM009967,495.89,2022-04-23,completed
TXN0010331,CRM004397,66.1,2022-10-22,completed
TXN0006140,CRM006040,132.56,2022-06-18,completed
TXN0000661,CRM003362,1858.53,2022-07-17,refunded
TXN0001307,CRM009107,30.81,2022-12-26,completed
TXN0011394,GHOST00660,200.9,2024-04-27,completed
TXN0002855,CRM000186,1267.94,2023-10-20,completed
TXN0008413,CRM009576,62.19,2022-07-14,pending
TXN0005075,CRM000799,268.24,2024-05-06,completed
TXN0006229,CRM004450,92.11,2024-01-05,refunded
TXN0002047,CRM008787,297.51,2023-10-16,completed
TXN0003975,CRM006163,204.13,2022-02-10,completed
TXN0003578,CRM003276,422.24,2023-12-06,completed
TXN0001586,CRM005616,,2022-03-20,completed
TXN0000335,CRM000291,324.89,2023-11-26,completed
TXN0005924,CRM009652,71.86,2023-07-09,refunded
TXN0002408,CRM009914,97.08,2022-03-27,completed
TXN0004096,CRM000378,696.66,2023-10-16,completed
TXN0009197,CRM010232,646.67,2022-01-13,completed
TXN0006919,CRM003745,37.72,2024-06-25,completed
TXN0004171,CRM001163,87.26,2023-09-17,completed
TXN0002304,CRM005716,243.05,2023-07-15,completed
TXN0005383,GHOST01190,589.73,2023-12-14,completed
TXN0011338,GHOST00273,634.45,2022-12-31,completed
TXN0004703,GHOST00493,666.57,2023-07-30,completed
TXN0011830,GHOST00628,149.58,2023-08-05,refunded
TXN0005631,CRM005264,95.96,2024-04-13,completed
TXN0011328,CRM001774,460.25,2022-02-22,pending
TXN0000891,CRM005785,753.71,2022-06-30,completed
TXN0008334,CRM009505,162.51,2022-08-24,completed
TXN0005085,CRM001679,2033.65,2022-04-04,completed
TXN0008088,CRM006651,206.83,2022-08-17,completed
TXN0006178,CRM008680,85.93,2023-10-23,pending
TXN0010134,CRM003790,127.66,2023-10-20,completed
TXN0000382,CRM005417,421.96,2022-12-24,failed
TXN0009995,CRM003132,71.74,2023-06-03,completed
TXN0009032,GHOST00388,308.81,2022-12-21,completed
TXN0008477,CRM004824,62.12,2022-10-31,failed
TXN0009812,CRM003851,103.91,2023-02-13,completed
TXN0010656,CRM002779,694.95,2024-02-25,completed
TXN0008540,CRM010209,2914.87,2022-01-29,completed
TXN0011359,CRM005201,25.59,2023-12-09,refunded
TXN0009568,CRM009754,1023.42,2023-02-16,pending
TXN0011802,CRM001619,151.52,2023-12-16,completed
TXN0010632,CRM002998,188.08,2023-08-08,completed
TXN0005992,CRM009798,359.24,2024-06-10,completed
TXN0002434,CRM004190,69.44,2022-03-14,pending
TXN0003305,CRM006933,1196.69,2022-02-16,completed
TXN0005613,CRM000139,491.85,2022-03-27,refunded
TXN0000940,CRM009749,3181.82,2024-01-02,completed
TXN0011053,CRM007687,143.28,2023-09-04,completed
TXN0010665,CRM001969,154.79,2023-12-12,completed
TXN0003899,CRM007690,1366.87,2023-09-10,pending
TXN0008956,CRM008158,46.0,2022-10-23,completed
TXN0010300,CRM002886,640.45,2023-12-26,completed
TXN0005739,CRM000200,409.28,2022-02-17,completed
TXN0007374,CRM005708,65.41,2023-08-02,completed
TXN0008961,CRM008120,18.55,2023-10-05,completed
TXN0008570,CRM007496,152.52,2023-08-28,pending
TXN0005210,CRM009103,1408.87,2024-03-03,completed
TXN0001474,CRM006165,549.95,2023-10-17,completed
TXN0012000,CRM002698,45.72,2023-12-02,completed
TXN0000494,CRM007153,129.44,2023-09-03,refunded
TXN0000683,GHOST00057,483.7,2023-11-09,refunded
TXN0006569,CRM000749,106.64,2023-12-06,pending
TXN0010980,CRM005337,261.42,2024-03-04,completed
TXN0009941,CRM009455,975.41,2024-03-10,refunded
TXN0003071,CRM004402,236.84,2022-08-16,completed
TXN0001153,CRM000117,,2022-10-21,completed
TXN0002853,CRM008226,153.29,2023-12-12,completed
TXN0004665,CRM009705,1220.34,2022-07-13,completed
TXN0010857,CRM007681,489.27,2022-01-05,pending
TXN0008160,CRM008165,98.39,2023-03-22,completed
TXN0009927,CRM005789,214.68,2022-01-03,completed
TXN0010117,CRM003487,310.53,2023-06-11,completed
TXN0009046,CRM000524,296.65,2023-02-09,completed
TXN0008219,CRM004030,251.67,2022-10-05,completed
TXN0005731,CRM004809,553.9,2022-03-23,completed
TXN0006309,GHOST00235,407.73,2024-05-02,completed
TXN0005423,CRM005452,74.26,2023-10-05,completed
TXN0004556,CRM004837,542.89,2024-04-16,completed
TXN0009546,CRM004381,306.43,2022-04-14,failed
TXN0005401,CRM001999,829.36,2022-02-09,completed
TXN0007021,GHOST00445,890.63,2022-06-22,completed
TXN0004097,CRM006411,1046.43,2022-03-22,completed
TXN0008828,CRM002166,278.1,2023-07-15,refunded
TXN0011649,CRM003032,65.67,2023-07-17,completed
TXN0002972,CRM000356,246.19,2024-06-25,completed
TXN0002742,CRM009578,81.45,2022-04-03,completed
TXN0004093,CRM009140,179.8,2023-12-24,completed
TXN0007736,CRM001432,310.76,2024-02-23,pending
TXN0000288,CRM004216,32.92,2022-06-07,completed
TXN0009659,CRM004428,40.25,2022-04-06,completed
TXN0009098,CRM007999,120.18,2024-01-06,completed
TXN0009052,CRM007774,1270.71,2022-08-07,completed
TXN0009288,CRM006795,79.77,2023-09-25,completed
TXN0005350,CRM008742,153.4,2023-12-20,completed
TXN0004798,CRM007590,71.37,2022-02-08,pending
TXN0001752,CRM003713,170.65,2024-05-05,refunded
TXN0010893,CRM003121,146.21,2023-02-11,completed
TXN0005163,CRM002704,158.9,2022-05-20,completed
TXN0006307,CRM000058,211.86,2023-09-29,completed
TXN0003577,GHOST01145,1836.17,2023-02-05,completed
TXN0005712,CRM010091,132.25,2023-04-28,completed
TXN0004545,CRM006553,32.44,2022-10-21,completed
TXN0011388,CRM005208,1134.47,2022-02-25,completed
TXN0004273,CRM009160,1095.52,2023-11-18,refunded
TXN0005024,CRM009530,194.74,2023-05-04,completed
TXN0005967,CRM001822,725.89,2023-10-31,completed
TXN0003921,CRM002708,213.87,2023-07-31,completed
TXN0007828,CRM002410,371.99,2022-03-18,completed
TXN0010535,CRM002748,159.92,2024-05-06,completed
TXN0009760,CRM004598,452.9,2023-11-29,completed
TXN0004420,CRM003466,10.62,2023-08-24,pending
TXN0006745,CRM007101,115.91,2022-01-28,completed
TXN0004818,CRM000124,1220.54,2024-01-10,refunded
TXN0010294,CRM002742,1102.52,2022-06-01,pending
TXN0008777,CRM009816,49.89,2022-09-09,completed
TXN0010392,CRM010435,553.01,2023-05-17,completed
TXN0005751,CRM008622,370.42,2024-03-02,pending
TXN0002276,CRM002845,898.37,2022-02-19,completed
TXN0009652,CRM008005,186.54,2024-02-26,completed
TXN0009537,CRM006679,51.88,2022-02-03,refunded
TXN0005559,CRM006249,26.78,2023-04-16,completed
TXN0008075,CRM001517,101.19,2023-11-20,completed
TXN0004694,CRM000762,920.85,2024-03-31,completed
TXN0000191,CRM006028,461.37,2022-01-08,completed
TXN0007054,CRM008685,363.1,2023-11-09,refunded
TXN0007116,CRM001112,398.78,2024-02-25,completed
TXN0004645,CRM001836,334.18,2023-11-22,completed
TXN0002420,CRM005861,24.42,2023-10-01,pending
TXN0000571,CRM000422,43.69,2024-01-28,completed
TXN0001447,GHOST00921,372.16,2024-02-14,completed
TXN0001430,CRM005609,16.78,2023-02-15,pending
TXN0011724,CRM002964,648.11,2023-12-13,completed
TXN0009330,CRM000045,,2022-07-16,completed
TXN0006018,CRM005502,2073.91,2023-10-23,completed
TXN0005044,CRM005441,250.36,2022-09-11,completed
TXN0000307,CRM001725,76.76,2023-05-30,completed
TXN0000457,CRM008585,295.98,2024-04-30,pending
TXN0006080,CRM008803,51.3,2022-08-04,pending
TXN0005369,CRM000839,16.65,2024-02-26,completed
TXN0009496,CRM003795,20.86,2023-05-08,completed
TXN0007343,CRM000346,220.62,2023-01-28,pending
TXN0002139,CRM006865,188.34,2024-04-20,completed
TXN0006185,CRM009154,1141.74,2024-01-05,refunded
TXN0004889,CRM001205,291.79,2023-11-21,completed
TXN0004855,CRM009635,59.38,2023-04-22,completed
TXN0002296,CRM004207,273.05,2022-09-29,completed
TXN0002921,CRM008397,374.27,2024-04-23,completed
TXN0002609,GHOST00671,100.27,2023-06-27,completed
TXN0000201,CRM004089,518.34,2023-08-18,completed
TXN0010144,CRM008008,1249.39,2024-06-03,completed
TXN0007292,CRM001393,996.16,2023-01-28,completed
TXN0000842,CRM006886,402.05,2022-07-29,completed
TXN0003460,CRM005233,3054.52,2023-03-11,completed
TXN0006584,GHOST00969,799.02,2023-10-06,completed
TXN0002650,GHOST00783,1123.47,2022-05-04,completed
TXN0001166,GHOST00347,313.02,2022-08-18,completed
TXN0006854,CRM005283,156.03,2022-02-07,completed
TXN0005663,CRM002324,44.84,2023-08-13,completed
TXN0006612,CRM007418,223.04,2024-04-09,completed
TXN0011496,CRM006345,354.0,2024-06-19,completed
TXN0010151,CRM007680,37.7,2023-12-04,completed
TXN0000330,GHOST00525,151.67,2022-01-15,failed
TXN0001416,CRM000903,224.32,2023-12-09,pending
TXN0004159,GHOST01043,79.8,2023-11-17,failed
TXN0006765,CRM005465,65.35,2023-12-22,completed
TXN0010233,CRM009620,539.03,2024-05-03,completed
TXN0000936,CRM000698,73.2,2022-05-15,completed
TXN0000315,CRM002430,886.09,2024-03-23,completed
TXN0004066,CRM010214,427.21,2023-09-28,completed
TXN0005687,CRM007298,168.78,2024-04-12,completed
TXN0008286,CRM007456,194.4,2022-10-07,completed
TXN0010866,CRM004391,74.42,2023-05-08,completed
TXN0009073,CRM009034,163.33,2024-05-20,completed
TXN0007307,CRM008867,497.48,2022-08-21,completed
TXN0009228,CRM002989,1997.42,2023-02-13,completed
TXN0008656,CRM008715,359.35,2023-07-03,completed
TXN0011231,CRM007555,681.79,2022-07-06,completed
TXN0000955,CRM009172,285.97,2022-06-29,failed
TXN0000251,CRM000022,1041.92,2022-07-07,completed
TXN0000016,CRM006694,13.43,2024-03-12,completed
TXN0000148,CRM000750,248.71,2023-08-03,pending
TXN0006149,CRM001390,311.85,2022-07-12,completed
TXN0002433,CRM008267,244.3,2024-02-29,completed
TXN0008984,GHOST00536,4606.05,2022-12-29,completed
TXN0000134,CRM004517,107.64,2022-05-12,completed
TXN0001196,CRM002409,138.13,2022-07-30,completed
TXN0008517,CRM006633,100.86,2022-07-08,completed
TXN0011984,GHOST00144,138.02,2023-01-22,pending
TXN0007605,CRM001085,375.31,2022-07-18,failed
TXN0011712,GHOST00649,225.78,2022-09-20,completed
TXN0007575,CRM006080,170.87,2024-02-19,refunded
TXN0010298,CRM004529,559.18,2024-02-02,completed
TXN0005615,CRM003126,36.76,2023-02-28,completed
TXN0006971,CRM006437,1797.14,2022-10-25,completed
TXN0005465,GHOST00737,262.95,2023-02-26,completed
TXN0001936,CRM007991,1338.09,2023-05-01,refunded
TXN0002559,CRM010355,182.59,2023-10-13,refunded
TXN0010116,CRM008338,2099.26,2024-06-02,completed
TXN0004608,CRM008357,,2022-03-10,completed
TXN0001217,CRM001076,170.2,2024-05-28,completed
TXN0002597,CRM005727,5805.29,2024-02-20,completed
TXN0007873,CRM002806,208.73,2023-01-02,refunded
TXN0001205,GHOST00810,995.16,2023-12-30,completed
TXN0010627,GHOST00998,379.01,2023-08-12,completed
TXN0002249,CRM007422,64.02,2023-04-13,completed
TXN0011829,CRM007607,405.33,2022-01-08,completed
TXN0006684,CRM005070,104.69,2023-06-21,completed
TXN0008988,GHOST00756,1131.09,2022-08-30,completed
TXN0011590,CRM002886,386.8,2023-07-08,completed
TXN0003464,CRM010360,47.58,2024-04-02,completed
TXN0009918,CRM009839,370.59,2023-07-05,pending
TXN0001919,CRM010308,286.32,2022-11-04,completed
TXN0008012,CRM003672,20.56,2022-08-04,completed
TXN0007013,CRM000130,43.39,2023-06-08,completed
TXN0011198,CRM005771,396.29,2022-06-16,completed
TXN0001938,CRM006541,69.86,2023-11-08,completed
TXN0011655,CRM005236,346.84,2023-01-14,completed
TXN0003690,CRM000300,248.43,2022-08-12,completed
TXN0011063,CRM010464,110.91,2023-02-27,completed
TXN0003210,CRM007947,778.19,2022-10-30,refunded
TXN0000398,CRM009746,227.58,2023-05-01,completed
TXN0001349,CRM005031,61.64,2023-01-17,refunded
TXN0001064,CRM007260,451.72,2023-09-13,completed
TXN0009797,CRM006681,151.24,2023-04-25,completed
TXN0007962,CRM007819,477.95,2024-03-14,completed
TXN0006559,CRM005630,32.41,2024-05-09,completed
TXN0007762,CRM009753,820.26,2022-04-09,pending
TXN0007546,CRM007722,179.47,2023-02-11,completed
TXN0005079,CRM000495,37.64,2023-08-24,completed
TXN0000960,CRM003657,91.8,2024-05-30,completed
TXN0007267,CRM004463,259.2,2023-05-08,completed
TXN0004136,CRM009873,1109.24,2023-04-12,completed
TXN0000713,CRM001911,90.97,2024-06-19,completed
TXN0007792,CRM009459,578.78,2022-12-20,completed
TXN0006153,CRM008337,30.54,2022-05-07,completed
TXN0006539,CRM002504,86.03,2023-09-17,completed
TXN0001969,CRM007954,62.92,2024-06-24,completed
TXN0000855,CRM006281,484.91,2023-05-22,failed
TXN0003597,CRM008759,208.22,2022-05-15,completed
TXN0002143,CRM009000,26.42,2023-06-18,completed
TXN0010892,CRM003412,66.48,2023-06-16,refunded
TXN0011551,CRM001970,841.02,2023-03-09,completed
TXN0000047,CRM007987,125.07,2023-02-05,completed
TXN0004054,GHOST00318,862.06,2023-12-27,completed
TXN0007734,GHOST00707,109.46,2022-04-24,completed
TXN0006753,CRM003441,207.65,2023-02-07,completed
TXN0004444,CRM007230,76.06,2024-04-21,completed
TXN0003048,CRM006503,32.18,2023-04-11,completed
TXN0004085,CRM002576,211.48,2022-01-08,pending
TXN0001222,CRM003975,25.87,2023-09-24,pending
TXN0010947,CRM005410,1259.05,2022-02-25,completed
TXN0007804,CRM006339,153.35,2023-01-30,completed
TXN0006794,CRM000017,329.09,2022-11-16,completed
TXN0010948,CRM005409,594.13,2022-06-29,pending
TXN0000294,CRM005390,191.84,2023-01-12,completed
TXN0010848,CRM004030,133.05,2022-07-23,completed
TXN0006482,CRM001636,1616.94,2022-06-26,pending
TXN0004277,CRM009991,232.97,2022-02-26,completed
TXN0003181,CRM004870,431.98,2022-10-18,completed
TXN0008365,CRM000351,118.72,2022-09-25,pending
TXN0004686,CRM009220,280.39,2022-10-09,completed
TXN0008319,CRM001578,897.8,2023-07-19,completed
TXN0011593,CRM009046,45.15,2023-07-19,failed
TXN0004448,CRM003719,417.9,2023-01-31,completed
TXN0011597,CRM004055,420.43,2024-04-27,pending
TXN0007826,CRM005021,113.55,2022-06-30,completed
TXN0003457,CRM003181,557.07,2022-12-28,pending
TXN0001454,CRM000835,819.85,2024-03-11,completed
TXN0003287,CRM002440,30.07,2024-06-19,completed
TXN0008383,CRM005105,28.47,2023-02-07,failed
TXN0007541,CRM000258,124.81,2023-12-15,completed
TXN0001000,CRM010029,74.36,2023-03-22,completed
TXN0009939,CRM007307,402.93,2022-06-04,completed
TXN0003841,CRM007017,185.97,2023-07-01,completed
TXN0000954,CRM006237,482.87,2022-06-19,completed
TXN0011727,CRM009251,286.98,2022-12-03,completed
TXN0008890,CRM003908,180.32,2022-10-04,completed
TXN0004860,CRM007569,119.62,2022-12-30,completed
TXN0010944,CRM003244,160.73,2023-01-27,completed
TXN0002930,CRM003739,180.17,2022-04-30,pending
TXN0010086,CRM008925,14.4,2022-05-27,completed
TXN0007855,CRM009342,138.88,2023-06-23,completed
TXN0006122,CRM006455,1686.34,2024-02-23,completed
TXN0000535,CRM008412,11.36,2022-04-14,completed
TXN0001200,CRM000269,669.05,2023-03-28,completed
TXN0010200,CRM009763,3395.04,2022-10-27,completed
TXN0004600,CRM010383,263.74,2024-02-24,completed
TXN0011637,CRM006860,342.98,2022-03-10,completed
TXN0004473,GHOST01096,237.04,2023-05-07,completed
TXN0010977,CRM010445,200.12,2022-08-26,refunded
TXN0009835,CRM003167,276.99,2022-10-06,completed
TXN0003729,CRM009849,110.69,2023-11-02,completed
TXN0001849,GHOST00565,328.71,2022-02-09,completed
TXN0010127,CRM004820,172.94,2023-04-13,completed
TXN0002121,CRM008003,764.8,2024-01-01,completed
TXN0010700,CRM005664,312.04,2023-02-23,completed
TXN0010576,CRM003314,399.7,2022-01-18,completed
TXN0004130,CRM000264,274.18,2023-07-30,completed
TXN0006174,CRM003635,1501.27,2022-05-03,completed
TXN0001962,CRM005263,93.2,2022-09-27,completed
TXN0006389,CRM010013,195.15,2022-08-18,completed
TXN0004821,GHOST00447,77.44,2022-10-13,completed
TXN0008186,CRM008278,714.65,2024-03-19,completed
TXN0005065,CRM010157,81.44,2023-11-07,completed
TXN0007678,CRM007149,273.16,2022-01-05,completed
TXN0008747,CRM008978,207.37,2024-04-02,completed
TXN0009942,CRM006357,12111.56,2023-08-05,completed
TXN0000079,CRM009475,885.96,2023-06-02,completed
TXN0002415,CRM009354,332.34,2024-01-18,completed
TXN0006625,CRM007910,25.13,2023-08-08,completed
TXN0008050,CRM007653,90.64,2023-01-13,failed
TXN0000443,CRM005827,534.7,2023-04-20,pending
TXN0004720,CRM007919,1543.89,2022-07-27,completed
TXN0005641,CRM007948,56.95,2023-08-08,completed
TXN0007253,CRM010052,1508.84,2022-03-24,completed
TXN0008362,CRM009328,272.55,2024-05-29,completed
TXN0007401,CRM006628,69.6,2023-03-09,completed
TXN0007752,CRM004578,62.71,2022-12-10,refunded
TXN0005231,CRM002952,631.32,2022-07-31,completed
TXN0009390,GHOST00781,18.49,2023-10-09,completed
TXN0001605,CRM004331,332.52,2022-06-25,completed
TXN0006037,CRM009708,42.26,2022-03-13,pending
TXN0000247,CRM004228,147.0,2022-03-30,completed
TXN0000807,CRM004220,1735.7,2023-11-30,completed
TXN0010174,CRM010133,28.22,2022-09-22,pending
TXN0003154,CRM010436,113.4,2022-05-16,pending
TXN0011934,CRM001175,75.27,2023-04-11,completed
TXN0001008,CRM006567,896.53,2022-12-31,completed
TXN0005047,CRM000979,57.25,2023-06-04,completed
TXN0006438,CRM005474,272.99,2023-11-25,completed
TXN0009176,CRM000631,169.09,2023-06-14,completed
TXN0005855,CRM001310,94.43,2023-06-26,pending
TXN0003023,CRM009171,231.3,2024-06-15,completed
TXN0006954,CRM007466,166.51,2023-08-26,completed
TXN0007896,CRM004418,156.95,2024-01-31,completed
TXN0006946,GHOST00725,477.37,2022-12-02,completed
TXN0007957,CRM002020,286.03,2022-07-31,completed
TXN0010615,CRM001415,3527.43,2024-03-21,completed
TXN0001676,GHOST01041,366.72,2023-09-04,completed
TXN0005800,CRM007451,1554.56,2022-12-04,completed
TXN0011272,CRM004860,154.15,2023-10-08,completed
TXN0002210,CRM002779,301.84,2024-03-26,completed
TXN0001861,CRM007267,289.15,2022-10-08,completed
TXN0002157,CRM003276,934.95,2024-05-21,completed
TXN0009009,CRM000623,75.57,2022-10-10,completed
TXN0007714,CRM010072,321.43,2023-09-08,completed
TXN0001399,CRM004181,808.93,2023-12-21,completed
TXN0009932,CRM004393,205.78,2024-06-16,completed
TXN0009894,CRM002359,89.53,2023-07-15,failed
TXN0010222,CRM001248,561.09,2023-11-16,pending
TXN0007027,CRM006494,50.49,2023-02-04,pending
TXN0008621,CRM000093,184.59,2022-08-30,completed
TXN0003667,CRM008935,177.08,2022-11-15,completed
TXN0000712,CRM010260,971.32,2023-06-05,completed
TXN0010729,CRM007020,20.83,2023-02-11,completed
TXN0007991,CRM004931,454.88,2022-06-21,pending
TXN0001663,CRM002142,940.83,2023-11-06,completed
TXN0003185,CRM008077,133.93,2024-06-29,completed
TXN0010482,CRM001149,262.08,2024-04-03,completed
TXN0002486,CRM009480,49.54,2023-12-26,completed
TXN0002079,CRM000800,68.55,2023-01-08,completed
TXN0003054,CRM001516,258.85,2023-07-05,completed
TXN0006601,CRM004479,239.67,2022-04-02,completed
TXN0004242,CRM010385,1051.06,2022-07-28,completed
TXN0006008,CRM004307,54.14,2022-03-10,completed
TXN0005532,GHOST00769,327.62,2023-05-02,completed
TXN0011994,CRM003279,90.34,2023-01-08,pending
TXN0011729,GHOST00829,152.48,2024-05-28,completed
TXN0003338,CRM008654,535.35,2022-11-18,completed
TXN0000129,CRM006365,323.06,2022-11-01,failed
TXN0001140,CRM000131,335.0,2023-05-15,completed
TXN0011425,CRM005714,117.83,2022-10-07,completed
TXN0007806,CRM005947,1334.33,2023-11-23,completed
TXN0000866,CRM008495,435.73,2024-05-20,completed
TXN0006571,CRM002271,97.42,2023-04-29,completed
TXN0010042,GHOST00791,851.64,2023-04-04,completed
TXN0005807,CRM007416,112.06,2022-11-24,completed
TXN0011195,CRM003139,169.88,2022-05-07,completed
TXN0003434,CRM008942,886.57,2023-04-21,completed
TXN0000619,CRM007672,66.74,2022-04-09,completed
TXN0002185,CRM001014,3369.17,2022-01-22,pending
TXN0005670,CRM000426,582.85,2022-06-21,completed
TXN0008587,GHOST00266,36.39,2023-01-30,completed
TXN0009630,CRM005013,46.98,2024-05-04,refunded
TXN0008773,CRM003793,576.47,2024-06-17,completed
TXN0009304,CRM004153,65.5,2022-06-03,refunded
TXN0011822,CRM010142,213.16,2023-07-31,completed
TXN0006166,CRM001307,2816.37,2022-12-10,completed
TXN0002264,CRM004936,50.72,2022-10-23,completed
TXN0004168,CRM001574,151.34,2022-01-12,completed
TXN0001253,CRM001477,547.38,2024-05-14,completed
TXN0003455,CRM009987,471.78,2023-05-21,completed
TXN0002572,CRM003717,594.83,2023-12-05,failed
TXN0000749,CRM009442,1090.84,2022-11-07,completed
TXN0007237,CRM005937,28.27,2023-04-11,completed
TXN0001009,CRM006822,3254.99,2023-08-19,completed
TXN0000833,CRM002639,147.08,2022-06-24,pending
TXN0007442,CRM005096,407.97,2023-11-26,completed
TXN0001526,CRM008536,67.76,2024-04-16,completed
TXN0009191,CRM001225,2000.7,2024-05-27,completed
TXN0008374,CRM007109,724.22,2022-11-03,pending
TXN0008122,CRM001256,33.36,2022-12-14,completed
TXN0005048,CRM008105,326.14,2022-04-12,failed
TXN0008566,CRM003700,208.63,2022-05-24,refunded
TXN0011039,CRM003973,147.56,2023-10-27,pending
TXN0005073,CRM006073,346.3,2023-10-14,failed
TXN0004672,CRM005820,77.16,2023-03-22,pending
TXN0004078,CRM002093,37.51,2022-10-20,pending
TXN0009502,CRM008458,323.88,2023-08-05,completed
TXN0002744,CRM001455,310.01,2023-01-30,completed
TXN0010342,CRM001778,96.32,2023-05-04,completed
TXN0001272,CRM009487,3698.96,2022-02-11,completed
TXN0001262,CRM009378,34.86,2023-03-06,completed
TXN0001824,CRM002314,37.27,2023-06-17,completed
TXN0009513,CRM002390,1669.94,2022-06-19,completed
TXN0011492,CRM005422,178.72,2023-10-03,completed
TXN0007061,CRM006704,271.91,2022-04-24,completed
TXN0007477,CRM008914,154.65,2022-12-21,completed
TXN0010531,CRM009019,700.09,2022-07-16,pending
TXN0003309,GHOST00994,190.32,2022-01-13,completed
TXN0005897,CRM005032,278.04,2022-02-25,completed
TXN0000297,GHOST00099,267.44,2023-06-20,completed
TXN0009741,CRM002430,59.73,2022-08-20,completed
TXN0003049,CRM004098,10.61,2024-06-11,completed
TXN0003254,CRM004658,40.23,2022-12-07,completed
TXN0010820,CRM002556,276.9,2022-12-25,completed
TXN0011703,CRM004558,464.14,2023-08-02,refunded
TXN0001713,CRM002030,238.62,2024-04-12,pending
TXN0002036,CRM001977,442.16,2022-11-22,completed
TXN0002467,CRM006515,131.55,2023-07-09,completed
TXN0000466,CRM003930,75.12,2024-02-26,completed
TXN0002784,CRM005315,53.58,2022-08-07,completed
TXN0011200,CRM001887,109.83,2022-01-24,completed
TXN0006892,GHOST00444,590.66,2022-07-06,pending
TXN0003786,CRM007480,69.85,2022-10-14,completed
TXN0000435,CRM003215,135.7,2022-09-24,completed
TXN0008630,GHOST00289,1298.13,2022-02-17,completed
TXN0005473,CRM008875,49.5,2023-04-05,completed
TXN0000678,CRM006158,945.7,2022-04-21,failed
TXN0003394,GHOST00405,52.68,2023-08-19,completed
TXN0008492,CRM010034,62.29,2023-04-17,completed
TXN0002924,CRM010147,1800.86,2022-07-10,completed
TXN0004183,GHOST00923,230.56,2024-01-31,failed
TXN0009591,CRM005775,433.3,2022-10-27,completed
TXN0005398,CRM007714,58.56,2023-02-15,completed
TXN0001033,CRM001573,152.08,2023-07-01,completed
TXN0004319,GHOST00258,369.67,2024-02-20,completed
TXN0002489,CRM010155,392.66,2023-06-14,completed
TXN0000903,CRM007053,363.99,2023-04-01,completed
TXN0007775,CRM002806,1477.98,2022-09-28,completed
TXN0003960,CRM009459,266.49,2022-03-16,pending
TXN0000991,CRM009494,34.48,2023-10-26,completed
TXN0001632,CRM007589,114.38,2024-06-23,pending
TXN0007342,CRM004244,73.23,2024-06-26,completed
TXN0007432,CRM007621,123.67,2022-01-28,completed
TXN0002273,CRM005166,107.41,2022-04-23,completed
TXN0004390,CRM005959,104.1,2024-05-15,completed
TXN0008551,CRM006042,223.63,2022-12-27,completed
TXN0005906,CRM004828,739.87,2023-07-06,completed
TXN0004355,CRM006435,2835.99,2022-06-24,pending
TXN0000781,GHOST00569,204.12,2022-12-21,completed
TXN0005007,CRM007997,95.2,2022-06-20,failed
TXN0005563,CRM006948,13.38,2023-07-12,completed
TXN0005470,CRM007534,129.67,2022-02-07,completed
TXN0002351,CRM001307,321.74,2022-07-11,completed
TXN0009053,CRM005764,341.03,2022-01-22,pending
TXN0010586,CRM009004,116.25,2022-08-05,completed
TXN0005665,CRM005126,37.91,2023-01-10,completed
TXN0005466,CRM004153,70.3,2023-06-20,completed
TXN0009178,CRM005351,309.97,2023-06-18,completed
TXN0004967,CRM000121,22.24,2023-12-02,completed
TXN0007433,CRM007481,1134.06,2023-05-15,completed
TXN0007416,CRM004608,151.96,2022-08-05,completed
TXN0000832,CRM000938,928.7,2022-07-05,refunded
TXN0004021,CRM001564,102.8,2023-07-17,completed
TXN0006315,CRM002944,1369.6,2022-10-14,completed
TXN0007564,CRM000894,378.92,2024-04-15,completed
TXN0009731,CRM005955,97.12,2023-08-29,failed
TXN0002016,CRM005620,256.13,2024-02-08,completed
TXN0002516,CRM008809,1038.97,2023-09-27,completed
TXN0008522,CRM000180,318.1,2024-01-16,failed
TXN0009991,CRM000800,457.49,2024-03-18,completed
TXN0010709,CRM001891,124.62,2023-05-05,completed
TXN0009988,CRM000824,374.75,2024-03-04,pending
TXN0002472,CRM000662,764.05,2022-05-28,completed
TXN0008821,CRM005652,105.33,2023-06-15,completed
TXN0001106,CRM007829,204.87,2022-12-07,completed
TXN0010564,CRM001345,99.75,2023-04-14,completed
TXN0003493,CRM004030,24.42,2022-12-05,completed
TXN0004364,GHOST00187,83.62,2022-04-01,completed
TXN0006706,CRM002275,180.37,2023-07-28,completed
TXN0005593,CRM003548,26.17,2022-09-25,completed
TXN0007692,CRM001460,86.36,2024-01-17,completed
TXN0010400,CRM001406,35.79,2022-05-17,pending
TXN0002153,CRM001338,211.03,2022-09-12,completed
TXN0004657,CRM010288,289.83,2022-07-08,failed
TXN0010369,CRM002435,14.84,2022-05-16,failed
TXN0001756,CRM001422,454.55,2022-06-28,completed
TXN0011307,CRM005555,207.45,2023-12-01,completed
TXN0010257,CRM002377,339.74,2023-01-21,completed
TXN0009541,CRM006447,135.96,2022-06-27,completed
TXN0006939,CRM006933,261.61,2023-07-08,completed
TXN0009174,CRM007129,48.07,2023-01-21,completed
TXN0001035,GHOST00185,103.24,2024-02-06,completed
TXN0011117,CRM001840,470.64,2022-04-01,completed
TXN0010180,CRM006556,51.4,2022-06-25,failed
TXN0007805,CRM010208,804.43,2023-12-19,completed
TXN0004785,CRM004683,109.38,2023-05-15,completed
TXN0010226,CRM005501,3231.82,2022-06-10,refunded
TXN0007812,CRM001898,320.72,2023-07-19,completed
TXN0006330,GHOST00759,2308.17,2022-11-11,completed
TXN0001536,CRM010419,356.17,2023-02-22,completed
TXN0011289,CRM008522,79.77,2022-10-29,completed
TXN0005525,CRM002781,229.65,2023-10-01,completed
TXN0001461,CRM004673,866.23,2023-04-28,completed
TXN0006463,GHOST00169,147.29,2024-02-01,completed
TXN0011541,CRM001244,64.49,2022-07-30,completed
TXN0011101,CRM006760,202.41,2022-10-18,completed
TXN0007890,CRM005853,567.1,2022-07-11,refunded
TXN0000732,CRM002127,177.88,2022-06-26,pending
TXN0007229,CRM008027,222.43,2022-12-29,completed
TXN0003706,CRM006948,574.99,2023-08-04,completed
TXN0001016,CRM004590,211.76,2024-01-23,refunded
TXN0003164,CRM009064,483.31,2023-07-22,pending
TXN0006343,CRM008860,178.65,2022-01-01,completed
TXN0009392,CRM008666,36.73,2022-03-21,completed
TXN0011850,CRM004596,801.19,2024-04-04,completed
TXN0006905,CRM006370,,2023-03-08,pending
TXN0005228,CRM009154,1340.19,2023-09-15,completed
TXN0004218,CRM005426,103.79,2022-05-26,completed
TXN0007510,CRM001041,453.36,2022-10-15,completed
TXN0002796,CRM002905,215.62,2024-01-19,completed
TXN0011469,CRM001958,848.67,2022-10-01,completed
TXN0001305,CRM001322,357.47,2022-05-03,refunded
TXN0002533,CRM008918,185.13,2023-06-13,completed
TXN0008025,CRM006295,507.4,2024-01-30,completed
TXN0000277,CRM007653,1132.67,2024-03-08,completed
TXN0003682,CRM004757,147.72,2024-05-22,completed
TXN0004888,CRM007684,100.42,2022-09-02,completed
TXN0001777,GHOST00943,,2022-06-28,completed
TXN0007251,CRM003194,71.05,2022-05-15,completed
TXN0007579,CRM003713,460.37,2022-02-09,completed
TXN0007556,CRM007051,190.58,2023-10-10,completed
TXN0009012,CRM003525,823.81,2023-08-27,completed
TXN0002899,CRM001868,135.18,2023-09-13,completed
TXN0007984,GHOST00553,64.17,2022-04-03,completed
TXN0000610,CRM002879,38.09,2022-09-22,pending
TXN0008575,CRM000589,200.7,2023-12-26,completed
TXN0010983,GHOST00844,352.72,2023-07-14,completed
TXN0007726,GHOST01196,170.49,2023-01-10,completed
TXN0000677,CRM004559,212.61,2024-06-18,completed
TXN0009930,CRM002658,174.39,2024-06-14,completed
TXN0009687,CRM008577,3433.53,2024-06-18,failed
TXN0002099,CRM003788,463.81,2022-02-28,failed
TXN0011748,CRM006039,49.05,2023-05-01,failed
TXN0008860,CRM006404,198.95,2023-04-23,completed
TXN0003867,CRM003273,295.29,2022-09-19,completed
TXN0006325,GHOST00180,438.73,2022-02-05,completed
TXN0007712,CRM004805,158.45,2024-05-07,completed
TXN0002090,CRM005165,421.2,2023-02-04,completed
TXN0009158,CRM001063,104.16,2022-05-24,completed
TXN0000698,CRM001723,477.59,2023-04-16,completed
TXN0008689,CRM008397,764.98,2022-08-30,completed
TXN0001269,CRM001834,543.21,2023-07-30,completed
TXN0005611,CRM002042,184.45,2023-02-02,completed
TXN0007910,CRM004131,312.17,2024-02-14,failed
TXN0009552,CRM008762,51.5,2023-12-29,completed
TXN0009345,CRM003473,1373.76,2022-01-26,refunded
TXN0004997,CRM005302,50.96,2023-10-09,failed
TXN0008003,CRM005363,58.34,2023-07-08,completed
TXN0002503,CRM007788,83.25,2024-04-05,pending
TXN0008802,CRM008360,169.42,2022-10-04,completed
TXN0008677,CRM005258,198.53,2023-12-08,completed
TXN0004781,CRM008215,499.48,2023-08-29,completed
TXN0008752,CRM001345,125.79,2023-07-20,completed
TXN0007506,GHOST00963,318.22,2022-06-27,completed
TXN0000925,CRM002679,100.62,2022-07-02,refunded
TXN0001665,CRM001205,625.96,2023-03-18,completed
TXN0001640,GHOST01177,582.74,2022-12-30,completed
TXN0006876,CRM003230,35.78,2023-02-01,refunded
TXN0009516,CRM006692,666.66,2024-06-03,completed
TXN0008094,CRM008176,10.22,2023-01-17,completed
TXN0001777,GHOST00943,353.43,2022-06-28,completed
TXN0007291,CRM005063,729.31,2023-12-13,completed
TXN0003918,CRM006667,302.33,2024-06-14,completed
TXN0008613,CRM004324,1146.8,2023-04-13,completed
TXN0008941,CRM010474,383.07,2023-12-01,completed
TXN0004836,CRM002250,1007.37,2024-04-12,completed
TXN0004077,CRM007221,485.37,2024-02-02,completed
TXN0007961,CRM004420,131.18,2024-02-22,completed
TXN0005715,CRM003313,71.06,2023-09-11,pending
TXN0005722,CRM008074,70.28,2022-02-14,completed
TXN0009505,CRM003823,129.87,2022-04-11,completed
TXN0010345,GHOST01046,22.63,2023-12-17,refunded
TXN0006257,CRM002227,265.94,2023-10-07,failed
TXN0000919,CRM008385,14279.85,2024-02-10,pending
TXN0007820,CRM003203,178.95,2022-12-12,completed
TXN0011007,CRM006939,1293.28,2023-12-22,failed
TXN0004123,CRM000617,221.89,2022-01-15,completed
TXN0005082,CRM003188,198.84,2023-11-04,completed
TXN0009713,CRM003230,355.09,2022-06-13,completed
TXN0004409,CRM010078,216.3,2022-10-08,completed
TXN0006063,CRM003395,47.86,2022-12-02,completed
TXN0006347,CRM001772,421.78,2023-04-22,completed
TXN0009235,CRM006051,1202.08,2022-12-30,completed
TXN0005981,CRM003996,192.07,2022-01-09,pending
TXN0009144,CRM000778,232.37,2022-07-20,completed
TXN0011051,GHOST00421,93.96,2023-09-04,pending
TXN0002877,CRM002541,175.71,2022-03-22,completed
TXN0010932,CRM009645,158.98,2024-06-27,completed
TXN0000604,CRM009879,118.14,2022-03-25,completed
TXN0003360,CRM006805,262.66,2022-11-08,completed
TXN0004046,CRM010049,270.22,2023-08-06,completed
TXN0005109,CRM001837,389.2,2022-08-10,refunded
TXN0001297,CRM006917,24.11,2024-06-13,completed
TXN0011974,CRM000270,94.45,2022-04-17,completed
TXN0006373,CRM003383,21.34,2022-05-20,refunded
TXN0006883,CRM000378,2966.48,2024-02-14,completed
TXN0000320,CRM005984,146.92,2023-07-27,completed
TXN0001774,CRM005552,206.69,2022-11-25,completed
TXN0007255,GHOST00194,1418.94,2023-03-11,completed
TXN0006177,GHOST00678,92.48,2022-02-10,completed
TXN0002114,CRM001629,58.89,2024-04-16,completed
TXN0008527,CRM009484,2207.02,2023-08-11,pending
TXN0004803,CRM004171,234.05,2023-03-21,completed
TXN0004422,CRM006572,182.32,2022-12-09,completed
TXN0006836,CRM003857,91.61,2023-08-20,completed
TXN0003893,CRM004537,269.28,2024-02-19,failed
TXN0001040,CRM008033,,2022-02-27,completed
TXN0010205,CRM001284,379.27,2024-04-17,completed
TXN0002252,GHOST00633,56.73,2022-06-10,completed
TXN0003726,CRM005793,21.57,2023-01-03,completed
TXN0011975,CRM004396,254.74,2023-06-22,completed
TXN0007224,CRM007740,194.25,2024-04-25,completed
TXN0011836,CRM007900,254.18,2024-03-16,completed
TXN0008670,CRM010360,77.38,2023-04-07,completed
TXN0008137,CRM006820,575.8,2022-01-12,completed
TXN0004974,CRM001577,62.14,2022-08-20,completed
TXN0004176,CRM010175,235.5,2024-03-28,completed
TXN0004894,CRM007357,108.9,2023-10-08,failed
TXN0007453,CRM007302,51.31,2023-01-19,completed
TXN0000094,CRM007378,361.97,2022-10-02,completed
TXN0002049,CRM009279,701.64,2022-12-17,failed
TXN0000485,CRM004516,40.34,2022-01-12,completed
TXN0001366,CRM005848,256.78,2022-09-30,failed
TXN0008224,CRM000167,194.31,2023-12-09,completed
TXN0009837,CRM002752,1233.12,2022-02-26,completed
TXN0002179,CRM001888,958.37,2023-04-05,completed
TXN0003019,CRM000590,195.78,2023-12-31,pending
TXN0000917,CRM001526,26.36,2022-08-21,completed
TXN0001014,CRM003476,268.01,2024-01-15,completed
TXN0009253,CRM003372,377.81,2024-06-10,completed
TXN0010228,CRM009584,61.33,2023-10-15,completed
TXN0010516,CRM003554,470.53,2022-10-18,completed
TXN0003005,CRM005656,696.72,2022-02-06,completed
TXN0007906,GHOST00887,58.05,2023-08-13,completed
TXN0003306,CRM000261,511.49,2022-02-04,completed
TXN0006048,CRM001975,143.53,2023-08-19,completed
TXN0002411,CRM004148,552.1,2023-02-01,completed
TXN0010122,CRM004696,281.51,2022-08-31,completed
TXN0004339,CRM001301,161.48,2022-03-31,completed
TXN0009298,CRM001231,402.94,2023-08-30,completed
TXN0008718,CRM004502,418.91,2023-08-15,failed
TXN0009661,CRM006387,326.39,2023-05-11,completed
TXN0008254,GHOST00980,385.77,2024-05-28,completed
TXN0000648,CRM001932,278.47,2024-02-07,completed
TXN0008046,CRM010088,123.37,2024-06-24,completed
TXN0005090,GHOST00127,58.84,2024-06-08,refunded
TXN0005231,CRM002952,631.32,2022-07-31,completed
TXN0004368,CRM001694,254.93,2022-11-13,failed
TXN0007526,CRM003714,61.63,2024-03-29,completed
TXN0004903,CRM007406,143.58,2022-04-19,completed
TXN0001654,CRM003428,67.7,2023-05-28,completed
TXN0011745,CRM007896,307.95,2023-05-07,completed
TXN0001306,CRM010297,989.53,2023-07-13,completed
TXN0000133,CRM004388,309.36,2022-03-22,completed
TXN0009786,GHOST00219,2043.37,2023-07-18,completed
TXN0008528,CRM000659,492.91,2023-11-05,completed
TXN0001769,GHOST00898,1059.17,2023-04-29,completed
TXN0004302,CRM000667,345.27,2023-11-17,completed
TXN0008900,CRM005170,1486.14,2022-05-11,completed
TXN0004359,CRM005993,72.08,2023-01-11,completed
TXN0007631,CRM009371,46.79,2022-11-15,completed
TXN0002468,CRM003017,167.22,2023-05-12,completed
TXN0010940,CRM008499,34.71,2024-01-31,refunded
TXN0009016,CRM003202,776.57,2023-10-07,completed
TXN0007981,CRM005430,4819.02,2024-03-31,completed
TXN0008634,CRM003798,366.47,2023-06-23,completed
TXN0010293,CRM000185,342.49,2022-10-20,completed
TXN0001221,CRM004989,70.69,2024-02-29,completed
TXN0010059,CRM006634,712.95,2023-05-15,pending
TXN0011982,CRM005959,267.73,2022-02-18,completed
TXN0011890,CRM008212,50.78,2024-05-10,completed
TXN0002038,CRM007516,250.46,2022-10-20,completed
TXN0005471,GHOST00017,126.69,2023-09-28,completed
TXN0010226,CRM005501,3231.82,2022-06-10,refunded
TXN0004371,CRM010023,308.16,2024-01-10,pending
TXN0011125,CRM007204,222.37,2022-05-27,completed
TXN0000944,CRM009756,159.21,2023-06-13,completed
TXN0001343,CRM002855,249.45,2023-05-02,completed
TXN0009802,CRM003626,34.52,2022-03-09,refunded
TXN0003133,CRM003742,165.91,2022-05-17,pending
TXN0010926,GHOST00623,75.19,2024-04-26,completed
TXN0006843,GHOST00862,79.43,2023-07-19,pending
TXN0011647,CRM004801,607.52,2023-03-01,pending
TXN0001310,CRM001606,97.89,2022-04-19,completed
TXN0005858,CRM001486,948.75,2022-10-24,refunded
TXN0007143,CRM004348,151.77,2023-07-12,completed
TXN0009925,GHOST00025,579.64,2022-02-22,completed
TXN0002874,CRM002533,488.69,2022-01-25,completed
TXN0006991,CRM006378,330.31,2024-02-22,completed
TXN0001448,CRM008807,260.02,2024-04-26,completed
TXN0006804,CRM007036,95.65,2023-02-27,completed
TXN0003451,CRM006154,338.11,2023-03-15,completed
TXN0000190,GHOST00631,174.6,2023-11-14,completed
TXN0007420,CRM000121,113.51,2024-02-06,completed
TXN0008346,CRM001085,23.45,2024-05-16,completed
TXN0008876,CRM005392,18.18,2023-07-01,completed
TXN0007814,CRM007188,261.02,2024-02-06,completed
TXN0003665,CRM004157,385.18,2023-02-04,completed
TXN0009273,GHOST00932,174.37,2024-02-25,completed
TXN0006695,CRM007617,652.65,2022-10-11,completed
TXN0004699,CRM007272,1246.13,2022-03-03,completed
TXN0009383,GHOST00280,65.78,2023-05-11,completed
TXN0006791,CRM008908,172.5,2022-06-22,completed
TXN0010072,CRM000569,149.22,2024-02-02,completed
TXN0002729,CRM000731,302.37,2023-12-26,completed
TXN0010148,CRM010150,150.38,2023-05-21,completed
TXN0004429,CRM008871,226.84,2022-05-09,failed
TXN0002021,GHOST00283,290.17,2023-10-22,completed
TXN0005136,CRM007071,299.62,2022-04-28,completed
TXN0005032,CRM005936,,2023-07-17,completed
TXN0006312,CRM003538,198.79,2024-06-30,completed
TXN0005975,CRM002327,1439.42,2024-06-27,refunded
TXN0006031,CRM006720,39.29,2023-10-06,completed
TXN0008849,CRM005748,634.31,2022-08-20,completed
TXN0006572,CRM002059,1033.79,2024-04-12,pending
TXN0011595,CRM007055,220.73,2022-10-10,pending
TXN0006400,CRM002539,365.46,2023-06-06,completed
TXN0009229,CRM007172,3148.82,2022-03-03,completed
TXN0008522,CRM000180,318.1,2024-01-16,failed
TXN0008692,CRM002177,353.99,2024-05-30,completed
TXN0001288,CRM002287,4229.4,2023-04-24,completed
TXN0003268,CRM004015,249.09,2023-02-10,completed
TXN0005223,CRM003156,1069.32,2023-05-27,refunded
TXN0003452,GHOST00418,892.22,2023-01-16,completed
TXN0009084,GHOST00577,389.14,2022-07-10,failed
TXN0008370,GHOST01075,442.78,2023-05-14,completed
TXN0009497,CRM010262,271.1,2022-09-21,completed
TXN0008962,CRM001554,139.41,2022-11-25,refunded
TXN0010990,CRM008280,170.45,2023-08-28,completed
TXN0003381,CRM009299,76.98,2024-01-14,completed
TXN0011032,GHOST00138,646.13,2023-12-28,completed
TXN0010679,CRM009641,196.12,2022-05-05,pending
TXN0003282,CRM002649,766.81,2022-01-10,completed
TXN0008967,CRM002424,282.2,2023-09-10,completed
TXN0009205,CRM009406,235.57,2023-06-18,failed
TXN0001083,CRM007746,3371.24,2022-12-02,refunded
TXN0004186,CRM006393,961.65,2024-02-01,failed
TXN0007459,CRM010406,618.41,2023-02-14,completed
TXN0003310,CRM001495,113.38,2023-10-12,completed
TXN0008154,CRM000750,282.25,2024-02-16,completed
TXN0000281,CRM007118,234.02,2024-05-09,completed
TXN0002104,CRM006749,89.14,2024-04-07,pending
TXN0004901,CRM005564,,2022-02-21,completed
TXN0010806,CRM001400,299.3,2024-05-20,failed
TXN0007649,CRM000004,1183.77,2022-03-31,completed
TXN0011755,CRM002751,111.52,2024-04-23,completed
TXN0001120,CRM007141,332.9,2023-04-10,pending
TXN0001524,CRM009854,261.43,2024-03-27,completed
TXN0009623,CRM004630,96.27,2023-06-04,completed
TXN0008029,CRM009852,93.1,2024-01-30,completed
TXN0009343,CRM007746,402.58,2024-02-11,completed
TXN0002253,CRM002851,153.51,2023-05-08,completed
TXN0010829,CRM002127,276.87,2023-01-31,pending
TXN0004447,CRM009131,104.14,2022-05-10,completed
TXN0009244,CRM005276,317.51,2023-10-03,completed
TXN0009744,CRM004895,88.37,2023-07-24,completed
TXN0005993,CRM002663,356.6,2023-12-01,failed
TXN0011591,CRM009767,442.66,2022-08-23,completed
TXN0008102,GHOST00368,47.17,2022-03-07,completed
TXN0007515,CRM001796,13.43,2023-06-22,completed
TXN0008711,CRM004022,194.25,2022-02-06,refunded
TXN0004844,CRM004954,712.62,2022-06-04,completed
TXN0008305,GHOST00117,54.87,2022-07-21,completed
TXN0009965,CRM000298,660.04,2022-05-20,completed
TXN0010754,CRM002149,153.75,2023-12-15,completed
TXN0010591,CRM006126,459.61,2022-08-03,completed
TXN0003576,CRM001901,1044.82,2023-12-20,completed
TXN0010512,CRM008890,780.95,2023-12-20,refunded
TXN0004038,CRM004181,459.56,2022-06-28,completed
TXN0001807,CRM010343,77.3,2023-08-14,failed
TXN0000756,CRM001258,204.44,2023-03-06,completed
TXN0002625,CRM004562,141.93,2023-05-10,completed
TXN0008013,GHOST00356,472.28,2024-02-06,completed
TXN0011578,CRM009351,3866.85,2022-02-24,completed
TXN0009062,CRM005386,295.38,2022-05-08,completed
TXN0008741,CRM004055,698.44,2022-11-01,completed
TXN0002735,CRM008990,2776.74,2022-10-14,completed
TXN0007982,CRM010292,253.78,2024-05-12,completed
TXN0009316,CRM008265,415.44,2023-01-07,completed
TXN0003202,CRM006307,948.59,2024-02-16,completed
TXN0003396,CRM006107,692.36,2024-06-11,completed
TXN0006424,CRM009294,231.53,2024-05-10,completed
TXN0001384,CRM004670,1682.03,2023-03-26,completed
TXN0010758,CRM004758,17.99,2023-09-12,completed
TXN0001747,GHOST00702,104.76,2022-09-16,completed
TXN0007371,CRM004551,159.71,2023-05-19,completed
TXN0008933,CRM003157,425.4,2022-07-16,completed
TXN0005197,CRM000646,83.28,2023-05-15,pending
TXN0007403,CRM003461,45.93,2022-03-30,completed
TXN0003401,CRM000158,100.62,2022-04-01,pending
TXN0001555,CRM005848,929.88,2023-03-16,completed
TXN0011193,CRM003644,8060.98,2023-04-10,completed
TXN0001866,CRM003778,171.87,2022-03-12,completed
TXN0003985,GHOST00312,375.19,2023-02-04,completed
TXN0007887,CRM003723,133.76,2022-01-27,completed
TXN0003901,CRM002362,1006.84,2022-08-25,pending
TXN0005371,CRM010396,215.85,2022-12-16,completed
TXN0011314,CRM001184,282.63,2023-01-10,completed
TXN0011646,GHOST00373,82.98,2022-05-22,completed
TXN0001099,CRM008887,63.35,2022-01-24,failed
TXN0010219,CRM009428,72.83,2022-03-27,completed
TXN0011612,CRM002017,102.6,2023-08-02,completed
TXN0009094,CRM007213,94.57,2023-12-16,pending
TXN0002770,CRM005667,218.92,2023-05-26,completed
TXN0006629,CRM003104,271.47,2024-01-10,completed
TXN0001908,CRM005048,231.98,2022-05-17,completed
TXN0004641,GHOST00160,688.08,2022-11-01,completed
TXN0009116,CRM010294,104.58,2024-01-29,completed
TXN0011299,CRM009394,1674.61,2023-08-15,completed
TXN0002502,CRM002964,505.75,2022-10-18,completed
TXN0009820,CRM003048,267.04,2023-07-11,completed
TXN0004794,CRM006631,810.8,2022-03-25,refunded
TXN0006811,CRM005285,302.95,2023-06-01,completed
TXN0003531,CRM004350,151.49,2022-11-02,completed
TXN0010707,CRM008179,233.18,2023-05-21,completed
TXN0011475,CRM005210,193.34,2023-04-30,completed
TXN0000147,CRM007835,466.51,2022-01-25,completed
TXN0008602,CRM006836,746.75,2024-05-18,failed
TXN0005744,GHOST01114,2582.37,2022-01-26,completed
TXN0010719,GHOST01136,,2022-09-21,completed
TXN0007190,CRM007080,207.18,2022-06-06,failed
TXN0011840,CRM000493,1106.73,2024-02-14,completed
TXN0008125,CRM001215,451.81,2023-10-09,completed
TXN0006999,CRM002754,226.73,2022-11-20,completed
TXN0006942,GHOST00599,156.32,2023-02-01,completed
TXN0006272,CRM009538,126.71,2022-02-14,pending
TXN0005446,CRM006926,532.38,2023-03-25,completed
TXN0007742,CRM004417,663.87,2024-06-08,completed
TXN0003505,CRM009405,988.31,2023-09-01,completed
TXN0001151,CRM003943,856.05,2024-04-09,refunded
TXN0007475,CRM010196,80.97,2023-01-30,completed
TXN0001815,CRM007273,26.5,2023-04-26,completed
TXN0000512,CRM002998,369.68,2024-04-21,completed
TXN0007376,CRM000806,142.64,2024-03-26,completed
TXN0007611,CRM003277,102.81,2022-09-30,completed
TXN0000898,CRM000302,175.8,2023-02-09,completed
TXN0003450,CRM009233,80.78,2024-06-11,completed
TXN0000941,GHOST00336,335.62,2022-02-22,completed
TXN0000745,CRM005537,171.81,2023-05-29,completed
TXN0002883,CRM001788,32.83,2023-01-08,refunded
TXN0008446,CRM004955,100.51,2023-03-16,completed
TXN0000915,CRM006466,316.61,2022-09-03,completed
TXN0011743,CRM000135,232.87,2022-08-28,completed
TXN0008999,CRM005765,141.36,2022-07-06,refunded
TXN0010159,CRM006186,11.66,2023-01-13,refunded
TXN0009388,CRM004485,156.87,2022-09-17,completed
TXN0001571,CRM010256,670.94,2024-05-09,completed
TXN0011252,CRM009867,503.08,2023-11-14,completed
TXN0002821,GHOST00658,197.56,2022-11-04,completed
TXN0008321,CRM006088,124.12,2024-03-22,completed
TXN0003647,CRM009813,147.4,2023-08-23,completed
TXN0000324,CRM005932,162.09,2023-02-21,completed
TXN0001859,CRM009290,57.9,2023-05-27,completed
TXN0000337,CRM000914,179.98,2024-02-27,completed
TXN0008284,GHOST01033,132.06,2022-06-15,failed
TXN0004325,CRM010061,265.85,2022-10-16,completed
TXN0006012,CRM010436,94.64,2024-05-29,completed
TXN0006303,CRM003942,438.17,2023-09-13,completed
TXN0005604,GHOST00708,1623.86,2022-05-29,completed
TXN0003218,CRM009881,115.92,2023-11-18,pending
TXN0002058,CRM001071,527.19,2023-07-08,completed
TXN0009103,CRM003525,284.53,2023-11-30,completed
TXN0004084,CRM008018,74.99,2024-01-01,completed
TXN0008414,CRM007193,419.41,2023-08-05,pending
TXN0008095,CRM006401,1035.68,2024-01-05,completed
TXN0002034,CRM000618,125.4,2022-11-27,completed
TXN0000346,CRM008842,139.0,2024-01-22,completed
TXN0002840,CRM003353,682.32,2023-10-18,completed
TXN0010092,CRM001293,339.36,2023-10-31,completed
TXN0000284,CRM000243,131.91,2024-04-26,completed
TXN0003068,CRM006799,432.15,2022-04-22,completed
TXN0008291,GHOST00049,108.0,2024-01-11,completed
TXN0004754,CRM006675,242.3,2022-02-03,completed
TXN0006713,CRM009379,127.83,2022-03-27,completed
TXN0003575,CRM001273,74.51,2022-03-24,completed
TXN0007703,CRM008489,,2022-01-19,completed
TXN0003660,CRM008229,1146.5,2024-05-16,completed
TXN0008196,CRM006497,279.33,2023-03-06,pending
TXN0002887,CRM001641,208.96,2023-05-21,completed
TXN0011138,CRM002452,63.84,2022-06-24,failed
TXN0005002,CRM005792,288.79,2023-03-31,completed
TXN0002404,CRM000698,99.4,2023-08-14,completed
TXN0008886,CRM007667,317.54,2023-08-08,completed
TXN0005400,CRM008650,85.09,2022-02-09,completed
TXN0003512,CRM009524,1675.72,2023-08-05,pending
TXN0000317,CRM007506,607.06,2024-04-26,completed
TXN0004022,CRM007718,23.61,2024-04-14,pending
TXN0009310,GHOST00490,191.62,2023-03-30,pending
TXN0000359,CRM009267,344.81,2022-04-08,completed
TXN0006083,CRM010112,15.47,2023-02-05,completed
TXN0000852,CRM009466,148.75,2022-06-03,completed
TXN0005452,GHOST00358,3676.1,2022-02-19,completed
TXN0011624,CRM007241,1809.08,2024-06-03,refunded
TXN0009847,CRM006548,1179.48,2023-02-26,completed
TXN0004611,CRM008163,892.04,2024-05-04,completed
TXN0008989,GHOST00945,19.91,2022-11-17,completed
TXN0003787,GHOST00806,47.02,2024-04-07,failed
TXN0008523,CRM002098,339.23,2024-03-17,completed
TXN0010245,CRM002856,151.8,2022-01-24,completed
TXN0002115,CRM006549,1121.68,2022-04-15,pending
TXN0007965,CRM008115,43.12,2022-11-08,failed
TXN0011758,CRM002435,387.97,2022-02-02,completed
TXN0000075,CRM007853,401.19,2022-07-01,completed
TXN0010520,CRM003310,2980.47,2023-10-12,refunded
TXN0007051,CRM001717,57.48,2024-05-30,completed
TXN0011120,CRM000095,490.27,2024-03-15,completed
TXN0011652,GHOST00328,545.8,2024-06-13,completed
TXN0006944,GHOST00210,54.96,2022-05-21,completed
TXN0010636,CRM000621,529.75,2022-03-13,completed
TXN0008776,CRM010127,28.29,2022-06-14,failed
TXN0011908,CRM003289,1372.4,2024-06-01,pending
TXN0008055,CRM010384,1007.63,2024-02-26,completed
TXN0005513,CRM001956,161.44,2022-08-26,completed
TXN0001722,CRM007356,151.33,2023-09-29,completed
TXN0005728,CRM002240,113.26,2024-01-14,completed
TXN0008715,CRM007250,1614.61,2022-11-11,completed
TXN0000055,CRM008458,225.59,2023-03-01,completed
TXN0007885,CRM000437,195.31,2022-11-20,completed
TXN0006437,CRM004354,36.83,2022-05-30,completed
TXN0001496,CRM010196,184.58,2022-06-03,completed
TXN0007686,CRM001150,42.82,2022-02-04,completed
TXN0011753,CRM008172,251.33,2023-11-03,completed
TXN0008255,CRM007170,297.79,2023-02-23,failed
TXN0001753,CRM000284,45.87,2023-04-18,completed
TXN0002971,GHOST00281,84.39,2024-04-19,completed
TXN0010261,GHOST00095,549.81,2022-07-04,refunded
TXN0001626,CRM006698,317.76,2023-05-14,completed
TXN0009091,CRM008137,218.72,2024-03-13,completed
TXN0003295,CRM002718,739.38,2022-07-06,completed
TXN0004534,CRM008624,1295.03,2023-05-31,completed
TXN0001686,CRM005979,391.72,2022-03-24,completed
TXN0011451,CRM005146,,2022-03-30,completed
TXN0001941,CRM005374,162.42,2022-09-27,pending
TXN0005916,CRM006952,1028.5,2024-05-17,refunded
TXN0005264,CRM006635,2041.43,2022-11-30,pending
TXN0005868,CRM002097,6240.19,2023-08-13,completed
TXN0005225,CRM009174,1530.87,2023-10-27,refunded
TXN0005667,CRM009977,1157.15,2023-04-01,completed
TXN0010789,CRM002604,1456.22,2023-09-03,completed
TXN0008205,CRM003195,128.63,2022-12-20,completed
TXN0000874,CRM002400,218.11,2022-03-25,completed
TXN0003004,GHOST00581,2470.61,2024-04-11,completed
TXN0008716,CRM008165,27.61,2024-03-12,pending
TXN0008515,CRM006984,773.27,2024-04-12,failed
TXN0002956,CRM004447,125.8,2022-09-30,completed
TXN0006543,CRM000180,52.12,2024-03-01,completed
TXN0009908,CRM010296,232.03,2023-06-16,completed
TXN0000193,CRM004182,126.14,2023-11-11,completed
TXN0003889,CRM002902,31.1,2023-03-09,completed
TXN0001890,CRM007777,644.54,2022-10-15,completed
TXN0007462,GHOST00838,648.48,2024-03-30,completed
TXN0003041,CRM000042,,2022-03-14,pending
TXN0007388,CRM008685,131.42,2022-02-17,completed
TXN0011514,CRM000499,84.4,2022-08-23,pending
TXN0009420,CRM005042,303.67,2023-08-26,completed
TXN0007102,CRM006526,216.57,2023-04-22,failed
TXN0005603,CRM000710,195.98,2022-01-27,completed
TXN0006774,CRM005714,263.96,2023-01-24,completed
TXN0001271,CRM009816,448.29,2022-07-21,completed
TXN0008584,CRM010440,297.58,2022-09-25,completed
TXN0004029,CRM002088,529.93,2023-07-31,completed
TXN0000460,CRM000198,33.09,2023-08-29,completed
TXN0009090,CRM005641,104.17,2023-10-04,completed
TXN0006001,CRM010329,144.96,2023-12-12,completed
TXN0000870,CRM003656,41.7,2023-07-24,completed
TXN0005354,CRM008273,12.48,2023-10-27,completed
TXN0010748,CRM005758,458.01,2022-07-22,completed
TXN0008432,CRM001642,203.93,2024-04-25,completed
TXN0011724,CRM002964,648.11,2023-12-13,completed
TXN0007939,CRM004370,324.06,2023-05-25,completed
TXN0002511,CRM005568,200.44,2023-05-25,completed
TXN0003192,CRM010027,643.18,2023-03-27,completed
TXN0010493,GHOST00459,108.3,2023-08-22,completed
TXN0004912,CRM001346,52.49,2022-04-29,failed
TXN0008295,CRM000204,317.31,2022-08-30,completed
TXN0007172,CRM003251,49.45,2022-07-27,completed
TXN0006265,CRM005134,677.0,2023-02-14,completed
TXN0001332,CRM006254,253.5,2022-12-12,completed
TXN0007461,CRM003133,48.19,2024-06-02,failed
TXN0005676,CRM006852,62.85,2023-07-21,completed
TXN0011018,CRM007186,404.56,2024-02-02,completed
TXN0005217,CRM005915,,2022-07-05,completed
TXN0003538,CRM007914,271.53,2023-08-17,completed
TXN0011083,CRM010128,133.56,2023-08-25,completed
TXN0009449,CRM009997,129.21,2022-12-19,completed
TXN0010190,CRM007417,101.83,2023-02-22,completed
TXN0002915,CRM006775,1593.2,2023-03-25,completed
TXN0000800,CRM002217,585.78,2023-12-01,completed
TXN0011889,CRM008058,176.36,2022-03-22,completed
TXN0011360,CRM002726,522.41,2023-03-10,completed
TXN0006498,GHOST00827,401.14,2022-03-19,pending
TXN0002218,CRM002116,5746.48,2023-02-05,completed
TXN0005716,CRM009914,602.92,2024-05-11,completed
TXN0005062,CRM004797,112.62,2022-04-06,refunded
TXN0007878,GHOST01116,743.44,2023-03-18,completed
TXN0011614,CRM000668,76.84,2024-02-12,completed
TXN0008121,CRM001720,591.26,2022-03-24,completed
TXN0003225,CRM008225,482.9,2024-01-15,failed
TXN0010299,GHOST01148,660.7,2022-05-07,completed
TXN0005619,CRM005208,113.64,2023-12-17,completed
TXN0008914,GHOST00041,701.36,2024-05-21,refunded
TXN0010663,CRM002459,20.87,2022-09-12,completed
TXN0003275,CRM001887,553.85,2022-09-18,completed
TXN0010156,CRM003128,161.17,2023-12-28,pending
TXN0002003,CRM007311,455.02,2023-03-13,completed
TXN0009738,GHOST00372,34.16,2023-08-13,pending
TXN0003291,CRM001687,84.93,2024-01-16,completed
TXN0009380,CRM008613,259.13,2022-10-21,completed
TXN0001326,CRM006807,1241.24,2023-06-01,failed
TXN0004715,CRM001399,291.9,2024-05-02,completed
TXN0006509,CRM001124,223.66,2024-02-14,completed
TXN0002571,CRM001467,500.61,2022-01-08,completed
TXN0010922,CRM009011,978.03,2022-06-15,completed
TXN0011676,CRM009665,191.38,2022-01-28,completed
TXN0009128,CRM006616,875.22,2023-02-17,completed
TXN0004223,CRM009788,645.06,2024-04-16,failed
TXN0004243,CRM001173,295.34,2022-11-11,completed
TXN0010562,GHOST01127,213.26,2022-07-29,completed
TXN0007131,CRM004359,1355.48,2023-03-26,failed
TXN0004082,CRM006456,490.07,2024-06-22,refunded
TXN0001939,CRM003682,70.42,2024-03-24,completed
TXN0010639,GHOST00476,1233.2,2023-03-26,completed
TXN0011373,CRM001004,3821.09,2024-04-16,completed
TXN0007950,CRM004206,1051.72,2022-06-15,completed
TXN0005614,CRM001362,369.27,2023-12-15,completed
TXN0008938,CRM008975,38.97,2023-12-18,completed
TXN0003689,CRM000098,232.72,2024-03-06,completed
TXN0010747,CRM001670,64.69,2022-11-14,completed
TXN0003979,CRM007307,1418.64,2022-12-12,completed
TXN0002213,CRM003793,316.47,2023-12-12,completed
TXN0004248,CRM001702,443.24,2022-12-14,completed
TXN0001068,CRM010281,98.44,2022-10-14,completed
TXN0000657,CRM000720,194.39,2023-01-07,completed
TXN0007419,CRM004224,735.85,2023-08-25,completed
TXN0009880,CRM006405,27.48,2023-04-18,completed
TXN0004251,CRM003008,321.22,2022-10-26,pending
TXN0007848,CRM008271,428.76,2023-07-20,completed
TXN0001117,CRM000644,377.11,2022-02-14,completed
TXN0006903,CRM008514,51.91,2023-05-11,completed
TXN0000888,CRM005161,,2023-12-04,completed
TXN0005366,CRM004846,245.25,2024-01-25,pending
TXN0000932,CRM009894,191.45,2024-04-25,pending
TXN0000198,CRM005501,143.98,2023-12-09,failed
TXN0000114,GHOST00635,156.88,2022-12-08,completed
TXN0006194,CRM008489,2649.99,2024-01-07,completed
TXN0004584,CRM003995,616.41,2023-01-05,completed
TXN0002002,CRM008380,406.58,2022-03-25,pending
TXN0007778,CRM009993,377.31,2023-12-09,completed
TXN0004456,CRM009341,314.08,2022-09-18,completed
TXN0011057,CRM008506,379.87,2022-04-27,completed
TXN0010441,CRM000642,14.04,2023-02-09,completed
TXN0006093,CRM001294,1456.33,2022-07-06,completed
TXN0002102,CRM003924,158.89,2022-05-09,completed
TXN0009491,CRM006472,59.93,2024-04-05,completed
TXN0009181,CRM009611,273.76,2023-11-04,completed
TXN0010823,CRM002779,86.8,2022-01-31,completed
TXN0005019,CRM005870,463.17,2022-09-25,completed
TXN0004793,CRM009080,244.96,2022-12-21,completed
TXN0008364,CRM006441,305.52,2023-06-18,pending
TXN0005146,CRM010403,23.03,2022-02-27,completed
TXN0002852,CRM001145,55.31,2023-11-24,failed
TXN0004262,CRM006004,81.66,2023-07-17,completed
TXN0002393,CRM004548,281.02,2022-09-26,pending
TXN0000786,CRM000217,132.68,2022-06-20,completed
TXN0006086,CRM003657,92.79,2023-05-18,pending
TXN0002689,CRM000732,2524.67,2023-02-06,completed
TXN0002482,GHOST00966,281.08,2022-06-29,completed
TXN0001128,CRM008082,604.54,2024-03-19,completed
TXN0006234,CRM002626,717.76,2023-03-31,completed
TXN0007469,CRM003975,258.08,2022-05-10,completed
TXN0001598,CRM006613,343.1,2023-01-10,completed
TXN0004723,CRM009180,61.94,2023-01-12,completed
TXN0006202,CRM007944,418.41,2023-02-23,completed
TXN0008207,CRM010216,346.69,2023-11-23,refunded
TXN0007151,CRM000952,286.08,2024-05-27,completed
TXN0003224,CRM004188,55.29,2024-06-15,completed
TXN0005272,CRM005099,1952.75,2022-02-17,completed
TXN0005188,GHOST01178,107.48,2024-05-27,completed
TXN0011483,CRM006122,125.97,2024-03-30,completed
TXN0005585,CRM002852,38.25,2023-06-13,completed
TXN0006705,CRM001050,677.13,2022-12-14,completed
TXN0006596,CRM005112,458.46,2023-02-04,completed
TXN0009443,CRM003210,194.28,2022-11-12,completed
TXN0003917,CRM008878,798.46,2022-03-19,refunded
TXN0000913,CRM007444,871.78,2022-05-31,completed
TXN0002727,CRM004282,,2023-01-04,completed
TXN0008686,CRM007063,85.83,2023-01-12,completed
TXN0007485,CRM007626,40.57,2023-10-20,completed
TXN0006967,CRM010149,63.78,2024-05-09,completed
TXN0010970,CRM001778,199.1,2024-03-24,failed
TXN0011281,CRM008998,2225.6,2022-11-18,completed
TXN0000479,CRM002954,32.37,2023-05-05,completed
TXN0001294,CRM003071,72.78,2024-02-07,completed
TXN0009663,GHOST01110,182.61,2022-06-13,completed
TXN0008328,CRM002450,209.24,2023-05-09,pending
TXN0004398,CRM009620,1781.82,2024-05-01,completed
TXN0007274,CRM004587,201.54,2023-12-30,completed
TXN0005344,CRM004721,124.16,2023-03-26,pending
TXN0005788,CRM002147,7443.94,2022-09-16,completed
TXN0011852,CRM007607,120.02,2022-06-26,completed
TXN0006405,CRM008047,1907.25,2024-03-10,pending
TXN0005456,CRM000035,228.97,2024-03-26,completed
TXN0002269,CRM002452,197.73,2022-07-14,completed
TXN0010912,CRM008113,220.61,2023-01-03,completed
TXN0010104,CRM009547,1763.27,2023-11-14,refunded
TXN0001299,CRM010142,622.91,2022-09-20,completed
TXN0007854,CRM010138,80.59,2022-01-03,failed
TXN0007415,CRM003084,65.04,2023-07-11,completed
TXN0001006,CRM000686,411.39,2023-01-08,completed
TXN0008780,CRM005586,582.05,2022-02-16,completed
TXN0006028,CRM006617,530.66,2022-11-21,completed
TXN0005068,CRM004291,416.96,2023-12-29,completed
TXN0000970,GHOST00746,74.61,2023-01-09,completed
TXN0005417,CRM005647,88.09,2023-05-01,completed
TXN0006769,CRM004530,146.56,2022-08-03,completed
TXN0004858,CRM006837,1830.5,2022-09-15,completed
TXN0002457,CRM006025,212.07,2022-05-15,completed
TXN0011904,CRM007435,236.31,2022-07-25,failed
TXN0005167,CRM007100,341.28,2023-12-21,pending
TXN0007329,CRM005527,196.15,2024-04-21,pending
TXN0004519,CRM007840,43.59,2022-11-16,failed
TXN0005300,CRM000112,1313.16,2022-07-21,completed
TXN0010221,CRM002490,84.34,2023-03-20,pending
TXN0006998,CRM001860,69.28,2023-08-16,pending
TXN0003313,CRM009194,122.9,2023-11-09,pending
TXN0003996,CRM004981,120.34,2023-11-15,completed
TXN0008065,CRM003350,1257.72,2022-08-20,completed
TXN0011549,CRM009366,449.62,2023-07-18,pending
TXN0001664,CRM005716,59.06,2023-03-05,completed
TXN0003989,CRM005201,48.26,2024-02-07,completed
TXN0006119,CRM007994,63.49,2022-06-05,completed
TXN0002867,GHOST00471,619.72,2023-04-24,completed
TXN0000973,CRM009196,,2023-06-22,completed
TXN0010888,CRM003516,224.06,2023-02-19,completed
TXN0001917,CRM004646,123.81,2023-05-15,completed
TXN0010603,CRM002584,450.49,2022-06-02,completed
TXN0004225,CRM009559,161.83,2022-11-04,pending
TXN0005367,CRM005060,1212.05,2022-07-02,pending
TXN0010406,CRM007305,350.34,2023-04-01,completed
TXN0003347,CRM010329,90.38,2023-03-02,completed
TXN0007530,CRM003600,120.73,2022-05-26,completed
TXN0002764,CRM004078,3672.03,2023-12-19,completed
TXN0008426,CRM001071,238.75,2023-03-15,failed
TXN0007597,CRM006516,161.79,2023-01-26,completed
TXN0004761,CRM008941,22.26,2023-12-27,completed
TXN0009143,CRM001546,838.4,2024-04-22,refunded
TXN0001358,CRM001491,137.13,2024-01-18,completed
TXN0009268,CRM003120,300.55,2023-12-25,completed
TXN0005121,CRM005528,110.39,2024-02-26,completed
TXN0005314,CRM006160,373.46,2022-11-29,completed
TXN0011002,GHOST01133,289.57,2022-05-29,completed
TXN0011837,CRM002083,130.52,2022-05-16,completed
TXN0009141,CRM010079,441.65,2022-11-02,completed
TXN0001170,CRM009018,306.32,2023-05-07,completed
TXN0004659,CRM010486,2122.0,2024-01-31,completed
TXN0003573,CRM009971,325.76,2024-02-18,failed
TXN0003604,GHOST00768,229.7,2023-02-18,pending
TXN0004887,CRM004461,10.9,2022-08-14,completed
TXN0002548,CRM009595,31.68,2023-10-10,pending
TXN0009109,CRM003975,1559.0,2022-07-15,completed
TXN0008271,GHOST00472,900.3,2023-08-17,completed
TXN0007286,CRM008961,51.14,2023-04-07,completed
TXN0009023,CRM001602,240.91,2022-08-19,completed
TXN0009501,CRM007284,123.91,2022-12-13,completed
TXN0004630,CRM006482,160.87,2024-05-26,completed
TXN0008448,CRM010372,171.94,2023-08-19,completed
TXN0000571,CRM000422,43.69,2024-01-28,completed
TXN0006510,CRM003147,268.05,2022-11-14,completed
TXN0008958,CRM001279,126.12,2022-10-06,completed
TXN0007180,CRM005804,32.85,2024-03-19,completed
TXN0007435,CRM000542,420.72,2022-04-21,completed
TXN0009134,CRM009150,951.25,2023-03-03,completed
TXN0001934,CRM004549,442.93,2023-02-06,failed
TXN0010409,CRM004638,680.03,2024-02-17,failed
TXN0008127,CRM001860,266.86,2024-03-16,completed
TXN0011548,CRM004742,982.0,2024-04-14,completed
TXN0005248,CRM001412,1713.96,2023-02-18,completed
TXN0002983,CRM006438,77.94,2022-09-11,completed
TXN0000588,CRM000287,136.59,2022-05-01,failed
TXN0001499,CRM009785,144.59,2024-06-14,completed
TXN0003510,CRM002394,24.31,2022-02-07,completed
TXN0009874,CRM008725,581.45,2024-03-08,completed
TXN0000968,CRM002421,323.75,2024-05-30,completed
TXN0009504,GHOST00602,8454.92,2022-09-13,completed
TXN0011294,CRM008596,93.28,2022-07-02,pending
TXN0008141,GHOST00611,134.88,2023-11-28,completed
TXN0009748,CRM007440,1181.54,2024-05-16,completed
TXN0006003,CRM008365,695.4,2022-08-17,failed
TXN0007033,CRM005456,1074.73,2024-04-17,completed
TXN0008929,CRM007739,357.77,2024-06-06,completed
TXN0003318,CRM005410,315.78,2022-08-20,completed
TXN0011921,CRM000737,344.45,2022-09-10,completed
TXN0006506,GHOST01154,53.87,2024-06-12,pending
TXN0004094,CRM002969,16.61,2022-10-31,completed
TXN0004511,CRM003589,607.03,2023-06-04,completed
TXN0005996,CRM007084,265.6,2023-01-09,completed
TXN0009684,CRM009809,87.21,2022-10-16,completed
TXN0010666,CRM008590,214.11,2022-12-30,completed
TXN0003640,CRM004184,1042.85,2022-03-21,completed
TXN0008330,GHOST00667,145.99,2022-06-11,completed
TXN0010951,CRM010059,98.06,2023-04-21,completed
TXN0010869,CRM003154,410.53,2023-08-03,completed
TXN0011094,CRM006625,229.17,2023-04-28,completed
TXN0005840,CRM009563,229.4,2022-04-12,completed
TXN0002905,CRM008411,720.08,2023-01-17,refunded
TXN0005940,CRM002420,505.83,2022-07-04,completed
TXN0003737,CRM007906,94.2,2023-02-14,completed
TXN0005141,CRM010178,302.0,2023-04-20,completed
TXN0001378,CRM001085,580.68,2023-04-19,completed
TXN0003354,CRM000564,725.74,2024-06-11,completed
TXN0008851,CRM005586,1618.52,2023-05-20,failed
TXN0007034,CRM005206,1864.32,2023-07-06,completed
TXN0005241,CRM005193,72.21,2023-02-06,completed
TXN0005901,CRM001208,100.2,2023-06-30,completed
TXN0000671,CRM006194,79.9,2023-11-27,completed
TXN0006207,CRM003654,389.63,2024-03-14,completed
TXN0002981,CRM000466,198.36,2022-05-15,completed
TXN0002325,CRM005966,75.95,2023-05-17,completed
TXN0002545,CRM004682,48.16,2024-01-17,completed
TXN0005552,CRM008723,269.57,2022-08-25,completed
TXN0007282,CRM009266,3693.42,2022-07-31,completed
TXN0009528,CRM007316,336.47,2022-06-17,pending
TXN0008679,CRM000019,88.42,2023-10-18,completed
TXN0003620,GHOST00296,216.66,2024-01-03,completed
TXN0002804,CRM001462,1786.47,2023-03-19,completed
TXN0010191,CRM004172,49.02,2022-10-13,completed
TXN0004607,CRM005778,30.96,2022-08-07,completed
TXN0005818,CRM000138,62.53,2022-01-27,completed
TXN0001649,GHOST00873,1321.87,2022-02-17,failed
TXN0000071,CRM009489,131.1,2023-11-23,completed
TXN0002656,CRM000513,193.32,2022-08-10,completed
TXN0007988,CRM002750,22.44,2024-06-21,completed
TXN0006455,CRM009462,73.69,2022-04-15,completed
TXN0003288,CRM003831,533.36,2023-12-05,refunded
TXN0011462,CRM000718,86.9,2022-01-16,completed
TXN0005484,CRM001919,288.83,2023-08-23,pending
TXN0009703,CRM002407,92.7,2023-06-15,completed
TXN0007895,CRM008456,82.99,2023-11-01,completed
TXN0001295,CRM005226,1625.33,2023-02-21,refunded
TXN0007763,GHOST01129,538.08,2023-11-24,completed
TXN0006525,CRM000515,23.31,2022-03-26,pending
TXN0010416,GHOST00895,26.48,2024-03-23,completed
TXN0001022,CRM000498,776.68,2022-08-27,completed
TXN0003603,CRM005027,184.95,2022-04-10,completed
TXN0000118,CRM005208,22.17,2022-05-09,completed
TXN0000948,CRM005300,102.0,2023-09-26,refunded
TXN0002580,CRM006159,499.17,2022-06-24,completed
TXN0011506,CRM002267,549.3,2024-01-15,completed
TXN0000172,CRM001942,84.14,2023-11-28,completed
TXN0006934,CRM004309,330.05,2023-07-28,completed
TXN0007740,CRM005713,328.39,2023-02-08,completed
TXN0010445,CRM010459,110.04,2022-03-23,refunded
TXN0008852,CRM003038,644.29,2022-04-12,completed
TXN0004737,CRM001467,47.64,2023-05-22,completed
TXN0009015,CRM005669,70.61,2022-09-04,completed
TXN0011694,CRM004557,98.86,2022-03-24,completed
TXN0000978,CRM004097,109.98,2022-10-03,refunded
TXN0004728,CRM004132,513.04,2022-09-04,completed
TXN0008391,CRM006008,119.19,2022-08-10,pending
TXN0003879,CRM006881,855.23,2023-06-09,completed
TXN0002577,GHOST01023,3508.76,2024-06-15,completed
TXN0005259,CRM003419,726.39,2022-07-24,failed
TXN0002929,CRM006579,23.66,2023-10-20,completed
TXN0006167,CRM010409,47.66,2022-12-08,completed
TXN0010710,CRM001276,88.66,2022-01-15,completed
TXN0008826,CRM000638,734.03,2023-11-21,failed
TXN0007880,CRM007422,6151.51,2023-08-06,completed
TXN0010166,GHOST00672,146.41,2023-07-19,failed
TXN0004575,CRM008632,315.35,2022-08-30,pending
TXN0005954,CRM000195,41.42,2022-07-27,completed
TXN0010014,CRM003613,2490.47,2022-10-12,completed
TXN0004589,CRM005798,1826.38,2024-01-22,completed
TXN0009151,CRM002780,61.25,2022-08-07,completed
TXN0002576,CRM003093,940.59,2023-04-19,completed
TXN0009269,CRM005476,286.76,2022-01-04,pending
TXN0006812,GHOST01143,175.22,2022-05-29,completed
TXN0001148,CRM005563,551.39,2022-02-23,pending
TXN0007140,GHOST00218,959.58,2024-01-20,refunded
TXN0010326,CRM004230,1457.54,2022-05-26,completed
TXN0000308,CRM008854,189.04,2022-10-16,completed
TXN0001731,CRM005254,73.57,2023-08-07,completed
TXN0003440,CRM000055,348.57,2022-09-23,completed
TXN0006344,GHOST00713,91.21,2024-03-25,completed
TXN0002810,GHOST00419,339.38,2023-03-21,completed
TXN0005827,CRM002318,91.17,2023-09-23,completed
TXN0011015,GHOST00511,58.4,2022-10-30,completed
TXN0005132,CRM006415,225.03,2023-10-08,refunded
TXN0010995,CRM006753,102.06,2024-04-15,completed
TXN0002448,CRM008440,134.51,2022-03-16,completed
TXN0007642,GHOST00579,53.28,2024-05-18,completed
TXN0007636,CRM000402,918.15,2023-11-18,completed
TXN0008520,CRM008893,112.34,2022-05-31,completed
TXN0004450,CRM009249,16.28,2022-06-14,completed
TXN0004290,CRM000170,35.21,2024-01-27,completed
TXN0010961,GHOST00795,83.73,2022-07-30,completed
TXN0004680,CRM000589,434.48,2022-02-11,completed
TXN0007913,CRM000366,377.69,2022-03-15,completed
TXN0011056,CRM009234,404.34,2023-06-13,completed
TXN0009795,CRM006210,119.93,2023-06-13,completed
TXN0002165,CRM004596,2682.8,2024-03-31,completed
TXN0005493,CRM000259,3464.56,2023-02-02,completed
TXN0008905,CRM007876,192.27,2023-07-08,completed
TXN0003868,CRM007440,70.13,2023-02-26,completed
TXN0009560,CRM005135,1907.71,2024-03-25,completed
TXN0001897,CRM009937,285.56,2022-07-03,completed
TXN0009834,CRM006908,1801.26,2022-07-24,completed
TXN0010160,CRM002996,153.24,2023-07-22,failed
TXN0011569,CRM000016,960.15,2023-11-05,completed
TXN0005870,CRM006482,40.43,2024-01-30,completed
TXN0000628,CRM000288,14.0,2023-05-28,completed
TXN0004629,CRM000861,36.21,2022-03-02,completed
TXN0007235,CRM008003,457.69,2024-03-28,completed
TXN0001127,CRM005679,102.45,2023-09-12,completed
TXN0007969,CRM002329,85.89,2022-05-06,completed
TXN0006910,CRM010480,228.56,2024-02-24,completed
TXN0011872,CRM004162,640.0,2022-04-20,completed
TXN0010956,CRM008072,321.97,2022-01-20,completed
TXN0004616,CRM004604,,2023-06-28,completed
TXN0000167,CRM004902,2645.02,2023-03-26,pending
TXN0000210,CRM007136,79.24,2023-08-29,completed
TXN0006661,CRM007381,68.87,2023-02-17,completed
TXN0004055,CRM006942,65.35,2024-01-25,completed
TXN0003375,CRM000560,52.66,2023-12-28,pending
TXN0006275,CRM007965,140.23,2022-11-28,completed
TXN0005076,CRM000624,177.5,2022-09-30,completed
TXN0003016,CRM003140,63.15,2022-03-04,completed
TXN0001874,CRM000022,92.57,2022-01-26,completed
TXN0002506,CRM007911,117.99,2022-04-01,completed
TXN0001267,CRM008915,396.79,2024-04-30,refunded
TXN0010611,CRM005156,333.55,2023-08-23,completed
TXN0003130,CRM006502,76.44,2024-03-08,completed
TXN0005865,CRM008846,1310.63,2022-01-22,completed
TXN0011814,CRM001149,97.0,2022-12-24,completed
TXN0008387,CRM004565,906.93,2024-01-16,completed
TXN0011093,GHOST00808,376.88,2023-04-02,completed
TXN0007757,CRM007907,240.91,2024-05-16,completed
TXN0004105,CRM008361,365.06,2024-06-13,completed
TXN0004375,CRM009086,172.64,2022-06-03,completed
TXN0006284,CRM007801,181.24,2024-05-26,completed
TXN0007024,CRM010109,239.56,2023-02-26,completed
TXN0009444,CRM009226,1415.48,2022-03-30,completed
TXN0008363,CRM002079,645.54,2022-06-16,completed
TXN0006378,CRM006309,203.58,2022-04-14,failed
TXN0003385,CRM000645,218.91,2022-06-15,completed
TXN0004151,CRM010347,87.68,2022-03-20,failed
TXN0002799,GHOST00024,32.55,2023-10-09,completed
TXN0004414,CRM004804,288.5,2024-05-13,completed
TXN0004459,CRM007666,35.61,2022-08-27,completed
TXN0002624,CRM006954,469.02,2023-03-11,completed
TXN0003991,CRM006897,570.45,2022-08-03,completed
TXN0006379,CRM000125,112.43,2023-12-24,completed
TXN0007974,CRM006964,108.53,2024-04-07,completed
TXN0008264,CRM005594,76.56,2023-10-29,completed
TXN0007075,GHOST00263,507.4,2022-03-12,completed
TXN0007696,CRM000504,222.02,2024-05-15,completed
TXN0004891,CRM006213,187.01,2022-07-31,pending
TXN0005027,CRM005881,166.33,2022-01-30,completed
TXN0000884,CRM002527,1139.64,2022-06-20,pending
TXN0000381,CRM007106,682.39,2024-05-24,completed
TXN0006721,GHOST01120,80.81,2024-01-21,completed
TXN0010230,CRM009015,32.02,2023-12-22,completed
TXN0002633,CRM004660,2758.61,2023-09-09,completed
TXN0003912,CRM001222,44.0,2022-08-03,completed
TXN0002713,CRM008400,81.82,2022-10-28,completed
TXN0005612,CRM005707,139.28,2023-03-20,completed
TXN0011882,CRM002095,956.36,2022-11-30,completed
TXN0004619,GHOST00441,760.49,2024-05-30,completed
TXN0002417,CRM008381,1343.08,2022-03-01,failed
TXN0000670,CRM006764,95.66,2022-11-14,completed
TXN0007055,CRM007146,107.04,2024-05-23,completed
TXN0002858,CRM001086,252.45,2024-06-03,completed
TXN0003343,CRM000143,3303.91,2023-07-11,completed
TXN0011237,CRM009374,1579.16,2022-02-02,completed
TXN0010614,CRM003405,401.52,2022-07-15,completed
TXN0008367,CRM009763,10.84,2024-06-13,completed
TXN0007410,CRM007228,3269.93,2022-01-16,completed
TXN0006110,GHOST00157,307.47,2024-02-11,failed
TXN0008407,CRM002432,551.5,2024-05-05,completed
TXN0000636,CRM000774,28.21,2024-04-02,completed
TXN0010318,CRM002965,1335.52,2023-08-07,failed
TXN0002647,CRM005211,4101.18,2024-05-15,pending
TXN0000056,CRM005425,218.48,2022-05-17,completed
TXN0008746,CRM003794,76.34,2023-09-12,completed
TXN0003433,CRM000760,2070.74,2024-03-23,completed
TXN0009296,CRM004808,442.25,2024-05-15,completed
TXN0001763,CRM003905,247.98,2023-05-01,completed
TXN0011071,CRM000324,69.02,2023-05-23,completed
TXN0008103,GHOST00941,117.34,2022-01-10,completed
TXN0011834,CRM000824,402.44,2023-12-04,completed
TXN0001544,CRM002368,834.77,2024-02-03,completed
TXN0006039,CRM000090,338.52,2022-07-14,refunded
TXN0000317,CRM007506,607.06,2024-04-26,completed
TXN0008272,CRM005538,,2022-01-26,completed
TXN0000828,CRM007635,204.07,2022-01-05,pending
TXN0005096,CRM007762,496.49,2022-05-28,completed
TXN0001872,CRM006370,65.22,2022-11-07,completed
TXN0009335,CRM008934,838.15,2023-09-15,completed
TXN0001021,CRM000709,331.04,2022-08-20,completed
TXN0002851,CRM005575,723.73,2024-03-03,pending
TXN0009618,CRM006565,32.23,2023-02-21,completed
TXN0002519,CRM003804,683.46,2024-06-07,completed
TXN0003612,GHOST00380,487.85,2022-05-27,completed
TXN0008042,CRM003827,4264.94,2023-04-13,completed
TXN0010261,GHOST00095,549.81,2022-07-04,refunded
TXN0000226,GHOST00518,1506.47,2023-12-03,completed
TXN0008138,CRM002142,174.25,2023-07-27,completed
TXN0001325,CRM003326,203.36,2022-04-15,completed
TXN0003253,CRM007115,400.54,2022-06-15,completed
TXN0004813,GHOST01031,1373.88,2023-12-28,completed
TXN0002690,CRM004249,504.02,2023-01-18,completed
TXN0003715,CRM010471,356.43,2022-09-19,pending
TXN0000046,CRM000149,78.39,2022-02-07,completed
TXN0009793,CRM008449,631.91,2022-05-30,completed
TXN0009100,CRM005635,124.48,2023-07-23,completed
TXN0011817,CRM006711,678.3,2022-05-18,pending
TXN0003902,CRM008303,3658.78,2024-01-21,pending
TXN0003673,CRM003422,430.9,2022-10-31,failed
TXN0007985,CRM004935,140.02,2023-11-25,completed
TXN0001554,CRM000950,748.21,2023-04-29,pending
TXN0011233,CRM005843,23.61,2022-09-28,pending
TXN0008632,CRM002046,68.46,2022-05-09,completed
TXN0007810,CRM001672,1445.72,2023-01-31,failed
TXN0003535,GHOST00129,11.27,2023-01-27,completed
TXN0001952,CRM003014,1121.3,2023-03-25,refunded
TXN0011792,CRM002980,23.07,2022-04-24,completed
TXN0011407,CRM009455,55.45,2023-10-04,completed
TXN0009297,GHOST00176,490.67,2023-06-23,completed
TXN0005409,CRM008451,291.4,2023-10-17,completed
TXN0002015,CRM000806,1064.44,2023-07-17,completed
TXN0011526,CRM002633,135.44,2023-10-15,completed
TXN0005319,CRM000279,102.64,2023-03-03,completed
TXN0004954,CRM003960,246.78,2023-10-13,failed
TXN0003677,CRM002122,24.23,2024-05-04,completed
TXN0006638,CRM007070,1173.38,2022-06-02,completed
TXN0001556,CRM009888,55.44,2023-09-16,pending
TXN0008478,CRM003763,326.5,2023-10-22,pending
TXN0000691,CRM004822,614.83,2024-06-01,pending
TXN0006669,CRM000669,1258.9,2023-02-10,completed
TXN0007247,CRM003449,56.12,2023-08-15,completed
TXN0010032,CRM000755,187.88,2022-08-06,completed
TXN0010887,CRM007206,204.19,2024-01-29,completed
TXN0001119,CRM002738,164.66,2023-03-05,completed
TXN0000926,CRM006684,487.55,2022-03-24,completed
TXN0003399,CRM006854,107.25,2023-07-09,completed
TXN0008108,CRM000293,362.35,2023-10-11,pending
TXN0006413,CRM005002,25.22,2023-05-13,completed
TXN0002739,CRM010271,344.76,2024-02-21,completed
TXN0007861,CRM001756,108.37,2023-06-15,completed
TXN0003285,CRM006700,466.35,2024-06-21,completed
TXN0002969,CRM003099,82.91,2022-03-10,completed
TXN0006171,CRM010149,238.02,2023-10-02,refunded
TXN0009347,CRM008604,27.6,2022-09-14,completed
TXN0008344,CRM001820,159.99,2022-05-26,failed
TXN0002693,CRM005218,234.86,2023-11-18,completed
TXN0010864,CRM008276,75.06,2023-09-03,pending
TXN0006376,GHOST00706,304.21,2023-07-08,completed
TXN0009455,CRM006196,235.93,2024-02-23,completed
TXN0009902,CRM000745,223.63,2022-10-05,completed
TXN0008577,CRM005495,101.09,2023-02-18,completed
TXN0005973,CRM008860,7.6,2023-10-23,completed
TXN0000003,CRM003620,206.77,2022-06-14,completed
TXN0006136,CRM001179,94.86,2023-06-11,completed
TXN0002440,CRM007436,1368.56,2022-07-29,completed
TXN0003916,CRM003705,914.14,2023-02-05,completed
TXN0001829,CRM009331,806.77,2022-11-24,completed
TXN0010395,CRM009956,43.46,2023-11-15,completed
TXN0008615,CRM007619,60.87,2023-01-26,completed
TXN0006249,CRM000740,129.64,2023-06-17,completed
TXN0000548,CRM006063,7.95,2023-01-13,completed
TXN0010541,CRM007776,1251.13,2024-02-22,completed
TXN0010577,CRM005034,800.49,2023-07-10,completed
TXN0006654,CRM001649,234.08,2022-08-25,completed
TXN0007175,CRM003503,795.76,2024-04-23,pending
TXN0010902,CRM010222,546.09,2022-01-24,pending
TXN0010360,CRM001282,2115.76,2022-03-21,pending
TXN0003209,CRM002608,564.94,2022-10-11,completed
TXN0011024,CRM007722,2453.65,2022-12-30,completed
TXN0006433,CRM000439,1158.07,2023-06-11,failed
TXN0000755,CRM001319,1976.79,2022-07-24,completed
TXN0003502,CRM009494,267.04,2022-08-07,completed
TXN0002409,CRM009030,149.76,2024-03-03,completed
TXN0006157,CRM007783,476.9,2024-04-26,completed
TXN0006502,CRM006328,195.33,2023-03-11,completed
TXN0002876,CRM001579,309.11,2023-02-10,completed
TXN0008495,CRM010489,115.57,2022-03-07,completed
TXN0002637,CRM008634,75.37,2022-03-29,completed
TXN0002653,GHOST01195,394.37,2022-10-10,completed
TXN0011298,CRM009293,195.78,2024-03-26,completed
TXN0009085,CRM007014,312.82,2024-04-04,completed
TXN0009277,GHOST01030,957.33,2022-01-17,completed
TXN0008235,CRM009631,556.49,2023-12-13,completed
TXN0000394,CRM005860,298.43,2023-09-21,completed
TXN0010969,CRM010261,211.82,2023-08-27,failed
TXN0011584,CRM000373,354.74,2023-03-06,completed
TXN0001292,CRM006594,242.14,2023-09-20,completed
TXN0002166,CRM001761,636.16,2023-10-08,completed
TXN0011369,CRM004444,,2023-01-21,completed
TXN0010152,CRM005487,78.0,2024-06-28,completed
TXN0008745,GHOST00514,35.56,2023-06-06,completed
TXN0011187,CRM009635,185.15,2023-04-15,completed
TXN0005138,CRM009475,159.74,2024-06-18,completed
TXN0011376,CRM002268,124.58,2022-08-31,completed
TXN0009175,CRM002986,119.04,2023-09-29,completed
TXN0005206,CRM002319,270.98,2022-08-25,completed
TXN0000679,CRM008139,430.49,2023-10-07,completed
TXN0004563,CRM010318,4826.42,2024-05-12,completed
TXN0003582,CRM001996,2282.96,2023-04-04,completed
TXN0011615,CRM009970,73.45,2024-04-16,failed
TXN0005475,CRM003668,876.16,2023-11-24,completed
TXN0003928,CRM006505,391.77,2024-03-14,completed
TXN0006966,CRM008181,51.47,2022-12-29,completed
TXN0008393,CRM010456,307.05,2023-06-12,completed
TXN0010883,CRM004326,126.62,2022-04-11,refunded
TXN0002618,CRM008639,315.8,2024-05-27,completed
TXN0008148,CRM002878,87.04,2024-06-03,completed
TXN0006657,CRM005825,3590.83,2022-01-06,failed
TXN0001677,CRM009934,53.43,2024-02-03,completed
TXN0011529,CRM005285,570.06,2023-10-13,completed
TXN0007464,CRM006398,47.51,2023-09-26,completed
TXN0004018,CRM008548,919.64,2023-09-01,completed
TXN0001907,CRM005283,850.36,2023-12-28,completed
TXN0010882,CRM006140,35.89,2022-07-18,completed
TXN0001130,CRM003356,685.3,2024-03-20,completed
TXN0007006,CRM002783,236.58,2023-10-18,pending
TXN0008834,CRM003194,371.57,2023-06-09,completed
TXN0011259,CRM005517,19.4,2023-01-02,pending
TXN0011601,CRM000406,4505.55,2023-11-07,completed
TXN0005657,GHOST00073,278.51,2023-09-06,completed
TXN0011312,CRM006117,194.35,2022-09-12,failed
TXN0002534,CRM004730,264.71,2023-10-24,completed
TXN0010804,CRM000430,170.37,2022-04-22,completed
TXN0003806,CRM010273,1347.83,2022-03-24,failed
TXN0006874,CRM009204,14.84,2023-04-17,completed
TXN0009363,CRM006426,26.49,2023-01-18,completed
TXN0002775,CRM009179,100.24,2022-07-01,failed
TXN0001848,GHOST00402,641.88,2024-05-27,completed
TXN0000257,CRM003608,220.61,2024-04-01,completed
TXN0007919,CRM005594,85.25,2023-03-25,completed
TXN0006488,CRM000651,428.01,2022-07-02,completed
TXN0009522,CRM000063,152.94,2024-02-13,completed
TXN0003748,CRM007549,667.03,2023-07-21,completed
TXN0001836,CRM000676,252.32,2023-03-13,failed
TXN0000199,CRM000006,309.28,2024-05-22,pending
TXN0000845,GHOST00747,52.27,2024-04-19,failed
TXN0011780,GHOST01017,301.55,2023-12-30,completed
TXN0011293,CRM000618,165.91,2023-04-09,completed
TXN0009405,CRM004588,479.6,2023-07-31,completed
TXN0008376,CRM006340,187.48,2023-01-15,completed
TXN0009963,CRM006762,88.21,2023-03-26,completed
TXN0004529,GHOST00644,103.52,2022-04-25,completed
TXN0009301,GHOST00991,225.5,2022-09-30,completed
TXN0005545,CRM001350,302.24,2023-10-29,completed
TXN0004284,CRM008694,161.18,2024-06-05,completed
TXN0009224,CRM005512,208.85,2023-01-24,completed
TXN0011448,CRM009692,96.62,2023-01-17,completed
TXN0005094,CRM009107,273.16,2024-04-26,completed
TXN0002761,CRM005979,,2024-02-04,pending
TXN0004518,CRM008540,512.62,2022-04-13,completed
TXN0008509,CRM005440,137.57,2023-02-22,pending
TXN0003482,GHOST00917,1133.24,2022-06-18,pending
TXN0005070,CRM002131,1030.06,2023-05-01,completed
TXN0009102,CRM006124,81.97,2022-05-01,completed
TXN0005710,CRM001664,208.31,2024-04-22,completed
TXN0002679,CRM006499,710.58,2022-02-26,completed
TXN0009570,CRM009649,184.34,2023-11-06,completed
TXN0000245,GHOST00150,451.17,2022-08-04,completed
TXN0004132,CRM002107,184.92,2024-04-30,pending
TXN0011331,CRM001994,59.55,2022-03-18,completed
TXN0003060,CRM006305,249.5,2022-01-21,failed
TXN0008371,CRM008855,11.74,2023-03-19,completed
TXN0008084,CRM003149,1371.65,2022-09-16,completed
TXN0008968,CRM009776,188.31,2023-02-03,completed
TXN0004112,CRM003884,2454.45,2022-09-03,completed
TXN0005630,GHOST00482,324.8,2023-05-25,completed
TXN0000974,CRM002074,328.7,2022-08-06,completed
TXN0008868,GHOST00101,2935.85,2022-08-02,completed
TXN0009702,CRM003290,218.88,2022-08-19,completed
TXN0005249,CRM009050,68.7,2023-01-03,completed
TXN0010056,CRM005394,46.46,2023-07-31,completed
TXN0006224,GHOST00852,1982.93,2022-12-09,pending
TXN0006651,CRM009515,80.97,2023-10-27,completed
TXN0009150,GHOST00650,336.84,2023-07-10,completed
TXN0008460,CRM003024,61.33,2023-11-25,completed
TXN0003654,CRM007192,253.55,2023-07-02,completed
TXN0006779,GHOST00723,809.34,2022-08-18,completed
TXN0003453,CRM007964,374.0,2023-10-21,pending
TXN0007550,CRM008212,411.28,2023-09-16,completed
TXN0008155,CRM007928,594.65,2023-07-15,completed
TXN0005786,GHOST00310,916.01,2022-01-27,completed
TXN0002481,CRM003357,376.74,2022-11-03,completed
TXN0007968,GHOST00448,41.89,2023-10-15,completed
TXN0005943,CRM004967,362.1,2023-04-08,completed
TXN0004636,CRM001819,7091.12,2022-01-19,pending
TXN0010336,CRM001296,65.37,2023-08-14,completed
TXN0004098,GHOST00728,669.39,2022-03-24,completed
TXN0008466,CRM007031,212.18,2022-12-07,completed
TXN0000151,CRM001863,122.21,2023-11-01,completed
TXN0008349,CRM005064,79.7,2023-01-20,completed
TXN0007099,CRM001757,238.97,2023-10-21,completed
TXN0009045,CRM000018,224.92,2022-01-27,completed
TXN0002361,CRM005498,365.1,2022-05-14,completed
TXN0010605,CRM000074,178.29,2024-04-17,pending
TXN0002320,CRM010388,67.23,2023-05-26,completed
TXN0007381,CRM003691,245.05,2023-03-07,completed
TXN0003714,CRM003835,252.64,2022-07-03,completed
TXN0005510,CRM004029,389.52,2023-07-07,failed
TXN0001795,CRM009833,661.39,2023-11-25,completed
TXN0008512,CRM005256,143.39,2024-06-28,completed
TXN0009688,CRM007945,167.35,2024-04-26,completed
TXN0000119,CRM007240,861.79,2023-11-03,pending
TXN0010834,CRM004076,713.45,2022-12-02,pending
TXN0006300,CRM001384,480.01,2023-06-12,completed
TXN0011003,CRM003752,93.33,2024-06-12,failed
TXN0008556,CRM005751,416.18,2023-04-16,completed
TXN0010154,CRM008363,104.27,2023-07-12,completed
TXN0000513,CRM007813,498.3,2024-05-11,completed
TXN0007281,CRM007988,758.98,2023-05-27,pending
TXN0006744,CRM007016,536.09,2022-09-10,completed
TXN0006554,CRM000322,289.4,2023-06-20,completed
TXN0004868,CRM005563,34.81,2022-10-24,completed
TXN0000744,CRM000933,100.19,2023-09-02,completed
TXN0007794,CRM002288,,2023-10-07,pending
TXN0004512,CRM008524,747.33,2023-02-07,completed
TXN0010814,CRM001194,2262.25,2023-03-15,completed
TXN0008394,CRM002009,,2022-07-13,completed
TXN0005885,CRM008799,528.73,2022-03-02,completed
TXN0003178,CRM010149,131.88,2024-01-15,completed
TXN0009397,CRM005139,122.73,2023-11-07,completed
TXN0009418,CRM004211,185.24,2022-10-29,failed
TXN0000499,CRM002268,28.32,2023-11-02,completed
TXN0004675,GHOST00300,179.93,2022-06-21,pending
TXN0000617,CRM006556,291.01,2023-08-06,completed
TXN0011109,CRM009282,1173.77,2022-09-19,failed
TXN0010872,CRM006152,1496.24,2023-11-20,completed
TXN0008632,CRM002046,68.46,2022-05-09,completed
TXN0005316,CRM009061,187.29,2022-06-03,failed
TXN0011179,CRM007584,24.65,2024-05-22,completed
TXN0001703,CRM002738,683.58,2023-09-02,completed
TXN0004724,CRM009278,487.51,2023-01-04,refunded
TXN0007751,CRM008673,493.67,2023-02-03,completed
TXN0009226,CRM001929,58.49,2023-07-03,completed
TXN0007010,CRM008954,804.99,2022-12-11,completed
TXN0002774,CRM009000,26.69,2022-05-04,completed
TXN0009544,CRM000988,146.51,2022-08-31,completed
TXN0001758,CRM006083,70.26,2023-04-09,completed
TXN0010930,CRM002697,3260.14,2024-03-24,completed
TXN0005561,CRM005005,463.3,2022-06-02,failed
TXN0009414,CRM004829,85.73,2022-03-13,completed
TXN0002850,CRM003396,1827.48,2023-11-17,completed
TXN0003024,CRM000734,109.39,2022-03-25,completed
TXN0007166,CRM004919,7687.07,2023-05-25,completed
TXN0006742,CRM004554,499.65,2023-02-18,refunded
TXN0008605,CRM005603,339.35,2022-09-12,failed
TXN0006393,CRM006131,240.08,2022-09-12,completed
TXN0002583,CRM001640,13.41,2022-08-07,completed
TXN0000090,CRM009132,107.93,2022-03-27,completed
TXN0007807,CRM009549,18.88,2022-10-12,completed
TXN0002378,CRM004152,97.42,2023-01-11,completed
TXN0002750,CRM004687,76.28,2023-06-06,completed
TXN0010035,CRM000333,274.77,2023-09-23,completed
TXN0010012,GHOST00199,,2024-06-27,completed
TXN0010701,CRM002709,271.64,2023-07-21,failed
TXN0002666,CRM010404,2075.88,2023-08-18,completed
TXN0011598,CRM001365,1370.09,2023-12-16,completed
TXN0009909,CRM003106,482.12,2024-02-18,completed
TXN0001061,CRM007609,585.61,2023-11-24,completed
TXN0000141,CRM007850,477.4,2023-07-21,completed
TXN0007170,CRM010057,337.13,2022-05-18,completed
TXN0001273,CRM007200,1157.96,2024-02-26,completed
TXN0007222,CRM000285,213.06,2022-10-08,completed
TXN0006414,CRM009967,253.89,2022-10-09,pending
TXN0011160,CRM002481,238.39,2023-10-14,completed
TXN0002933,CRM003275,245.18,2023-02-20,completed
TXN0004538,GHOST00659,372.01,2022-11-11,completed
TXN0007741,CRM003716,534.58,2022-12-26,completed
TXN0001235,CRM010443,981.65,2023-10-20,completed
TXN0006294,CRM009317,213.13,2022-11-10,completed
TXN0004852,CRM001038,2183.42,2023-01-11,completed
TXN0011643,GHOST01194,140.79,2023-07-20,completed
TXN0007769,CRM008797,164.3,2023-09-11,completed
TXN0009124,CRM007195,483.18,2022-04-07,completed
TXN0000584,CRM002604,67.46,2023-07-25,completed
TXN0009441,CRM009257,59.92,2024-06-19,failed
TXN0006099,CRM001789,587.01,2024-05-24,failed
TXN0005587,CRM006359,107.05,2023-01-18,completed
TXN0006030,CRM005699,615.24,2023-12-27,completed
TXN0006470,CRM001075,224.89,2022-12-09,completed
TXN0004041,CRM003836,930.08,2022-12-10,completed
TXN0006369,CRM000656,342.71,2022-05-25,completed
TXN0008633,CRM000117,847.03,2023-10-11,refunded
TXN0009646,CRM008868,2789.05,2024-03-12,completed
TXN0011620,CRM010006,1178.89,2023-04-11,completed
TXN0008987,CRM002851,301.29,2023-07-16,completed
TXN0010273,CRM007098,281.5,2022-02-05,completed
TXN0003709,CRM005105,60.39,2022-01-31,completed
TXN0010895,CRM004958,110.26,2022-07-29,completed
TXN0010108,CRM002617,250.97,2023-05-24,refunded
TXN0002400,CRM002418,866.87,2022-11-26,pending
TXN0003614,CRM004390,2737.6,2024-02-10,completed
TXN0002254,CRM009519,247.97,2022-03-16,completed
TXN0000202,CRM007716,176.6,2023-11-06,completed
TXN0009439,CRM004946,227.06,2022-05-10,completed
TXN0009775,GHOST01099,340.06,2023-03-17,completed
TXN0005209,CRM007750,258.53,2024-05-17,completed
TXN0000827,CRM003028,333.71,2022-07-27,failed
TXN0007979,CRM000941,470.43,2024-03-11,failed
TXN0005875,CRM004276,701.6,2022-05-12,pending
TXN0010490,CRM000432,409.97,2023-06-07,completed
TXN0002741,CRM010165,1503.14,2022-06-27,completed
TXN0008525,CRM001266,446.41,2023-05-25,completed
TXN0006785,CRM007289,,2022-07-09,pending
TXN0000248,CRM009911,797.85,2022-10-02,completed
TXN0002130,CRM001336,,2024-03-08,completed
TXN0009733,CRM008711,253.85,2024-03-23,completed
TXN0008442,CRM006044,425.56,2022-02-18,completed
TXN0010699,GHOST00700,698.41,2022-10-29,completed
TXN0000665,CRM010495,50.66,2022-06-17,completed
TXN0011470,GHOST00647,168.19,2023-11-08,completed
TXN0005255,CRM006307,182.9,2022-09-28,completed
TXN0005617,CRM009090,75.09,2022-04-05,completed
TXN0007408,CRM007655,333.69,2023-04-25,completed
TXN0001693,CRM001357,89.03,2023-07-02,completed
TXN0007764,GHOST00097,115.81,2023-08-04,pending
TXN0000125,CRM003337,1348.24,2024-03-29,completed
TXN0006036,GHOST00641,79.29,2023-03-06,completed
TXN0003064,CRM000211,122.46,2022-10-30,pending
TXN0005219,CRM003496,871.31,2022-10-27,completed
TXN0003162,CRM001533,239.45,2022-05-13,completed
TXN0010913,CRM001098,1073.19,2023-09-15,completed
TXN0007503,CRM003769,75.11,2023-07-17,completed
TXN0003370,CRM006434,781.43,2024-05-22,completed
TXN0007331,CRM010475,3752.44,2022-10-17,completed
TXN0002199,CRM003121,1139.66,2023-02-24,completed
TXN0009937,CRM006144,336.78,2023-07-31,failed
TXN0005114,CRM002700,309.9,2024-03-26,completed
TXN0008723,CRM009374,47.88,2022-06-07,completed
TXN0000139,CRM006300,109.88,2022-09-08,pending
TXN0004476,GHOST00758,139.81,2022-01-16,completed
TXN0007589,CRM004092,1868.93,2024-05-28,pending
TXN0007113,CRM002171,157.84,2024-06-06,pending
TXN0005481,CRM001381,572.73,2024-06-10,completed
TXN0008576,GHOST00885,524.69,2023-04-07,completed
TXN0011797,CRM005858,144.85,2023-06-05,completed
TXN0008703,CRM007730,145.58,2023-07-03,completed
TXN0002631,GHOST01004,2354.43,2022-02-27,completed
TXN0008048,CRM009298,18.53,2023-06-27,completed
TXN0000065,GHOST00977,357.69,2022-03-15,completed
TXN0009743,CRM007594,247.38,2022-04-18,pending
TXN0010287,CRM001515,1137.44,2024-03-27,completed
TXN0001400,CRM006253,429.29,2022-11-05,completed
TXN0008969,CRM005593,658.93,2022-12-19,completed
TXN0008877,CRM001547,329.45,2022-11-23,completed
TXN0011553,CRM008530,20.99,2023-12-05,completed
TXN0003803,CRM009346,126.11,2022-10-17,completed
TXN0002538,CRM009472,17.76,2022-09-04,completed
TXN0000700,CRM006918,374.9,2022-05-15,refunded
TXN0002103,CRM004433,301.52,2023-04-07,pending
TXN0000765,GHOST00817,246.21,2022-10-31,completed
TXN0005464,CRM004618,262.72,2024-03-10,completed
TXN0006440,CRM004999,486.84,2024-02-14,completed
TXN0011650,CRM006329,575.38,2023-08-03,completed
TXN0003744,CRM000282,163.88,2022-02-23,failed
TXN0000458,CRM008392,122.97,2022-06-14,completed
TXN0009976,CRM008213,1175.51,2022-01-16,completed
TXN0011389,CRM004358,16.29,2022-05-11,pending
TXN0003350,CRM004790,60.84,2023-10-18,pending
TXN0004797,CRM005447,183.04,2023-11-21,completed
TXN0001933,CRM008678,73.64,2022-09-17,completed
TXN0004880,CRM009432,189.18,2022-05-27,completed
TXN0002668,CRM001354,262.0,2024-04-01,completed
TXN0001775,CRM005332,4885.49,2022-02-18,completed
TXN0002991,CRM004715,48.87,2023-05-01,completed
TXN0002922,CRM002177,147.6,2022-03-23,completed
TXN0004144,CRM000162,274.61,2022-11-03,completed
TXN0005646,CRM008236,944.48,2023-06-19,completed
TXN0010556,CRM003876,160.96,2022-03-29,completed
TXN0008248,CRM006585,150.17,2024-06-06,pending
TXN0008004,CRM009944,2642.92,2023-06-16,pending
TXN0004614,CRM001607,636.73,2022-07-29,completed
TXN0002628,CRM010458,208.34,2022-01-31,completed
TXN0011313,CRM001869,675.52,2023-10-30,completed
TXN0007060,CRM004048,101.97,2023-07-20,completed
TXN0000504,CRM006079,264.21,2024-06-30,completed
TXN0000508,GHOST00294,72.61,2023-04-24,failed
TXN0000712,CRM010260,971.32,2023-06-05,completed
TXN0010279,GHOST01060,494.05,2022-07-06,completed
TXN0003933,CRM005997,161.86,2022-04-25,completed
TXN0000623,CRM009860,1020.06,2022-10-08,pending
TXN0001971,CRM007771,145.86,2023-04-03,failed
TXN0001046,GHOST00369,280.94,2023-11-27,failed
TXN0008687,CRM005468,140.76,2022-03-25,completed
TXN0000897,CRM002789,813.89,2024-05-28,completed
TXN0002055,CRM007023,115.77,2023-11-17,failed
TXN0002505,CRM009553,143.82,2023-04-17,completed
TXN0003866,CRM006644,708.6,2023-03-17,completed
TXN0006837,CRM005650,354.25,2022-11-16,completed
TXN0010411,CRM005915,1064.07,2023-03-08,completed
TXN0002436,CRM000443,95.81,2022-05-21,completed
TXN0007824,CRM003571,107.29,2022-10-29,completed
TXN0005437,CRM007816,373.02,2024-01-30,completed
TXN0004497,CRM000911,448.14,2024-01-30,refunded
TXN0002759,CRM000801,95.03,2022-10-22,completed
TXN0001625,CRM005064,683.98,2022-08-24,completed
TXN0001405,CRM009611,342.34,2023-03-27,completed
TXN0008815,GHOST00835,94.12,2022-11-04,completed
TXN0001577,CRM002115,122.59,2024-05-30,completed
TXN0001367,CRM010025,2788.22,2022-08-15,completed
TXN0001685,CRM002900,142.3,2022-12-25,completed
TXN0011919,CRM008717,1793.73,2023-04-28,completed
TXN0001603,CRM008901,267.69,2022-06-27,completed
TXN0010020,CRM004011,1127.36,2023-08-21,completed
TXN0011853,CRM010303,61.7,2023-11-28,completed
TXN0001377,CRM009162,,2023-03-04,completed
TXN0004015,CRM000610,293.45,2022-02-28,pending
TXN0003094,CRM001577,138.44,2022-01-07,completed
TXN0005189,CRM009631,117.69,2024-06-30,completed
TXN0010794,CRM002971,991.61,2023-01-17,completed
TXN0002317,CRM007748,78.62,2022-08-20,completed
TXN0009177,CRM002184,199.97,2023-09-08,completed
TXN0008960,CRM005688,62.85,2022-01-07,completed
TXN0005187,CRM005297,157.85,2022-12-24,completed
TXN0002416,GHOST00136,727.68,2023-05-15,failed
TXN0011354,CRM003438,51.8,2023-02-28,completed
TXN0005643,CRM009230,941.67,2022-07-22,completed
TXN0010843,CRM005920,138.93,2024-05-29,completed
TXN0002861,CRM004306,241.55,2023-06-21,completed
TXN0005854,CRM010366,279.19,2023-01-10,completed
TXN0005271,CRM006182,138.79,2022-11-02,failed
TXN0005318,CRM006900,4138.6,2024-04-02,completed
TXN0005713,CRM007227,89.38,2022-04-24,refunded
TXN0005757,CRM006892,108.0,2022-09-12,completed
TXN0001169,CRM009839,59.84,2023-07-01,completed
TXN0000155,CRM002708,780.22,2022-02-10,completed
TXN0002882,CRM004733,2309.79,2022-12-28,completed
TXN0000379,CRM000211,394.27,2024-04-18,completed
TXN0002148,CRM003975,2793.79,2022-08-21,completed
TXN0003860,CRM002385,27.09,2023-05-20,completed
TXN0005770,CRM007684,43.99,2023-12-22,completed
TXN0002326,CRM005114,548.7,2022-10-21,completed
TXN0004134,CRM005444,118.71,2023-03-21,completed
TXN0008671,CRM002624,214.68,2022-02-15,completed
TXN0001096,CRM001424,150.67,2024-01-15,completed
TXN0002495,CRM003251,961.91,2023-09-25,completed
TXN0004255,CRM008024,176.57,2024-02-16,pending
TXN0003970,CRM004238,2515.61,2023-02-17,completed
TXN0000886,CRM006949,607.53,2022-06-18,completed
TXN0005524,CRM001014,109.52,2022-08-25,completed
TXN0003044,CRM001151,127.43,2023-01-31,completed
TXN0008313,CRM004320,35.15,2022-12-26,failed
TXN0008314,CRM000523,1900.34,2022-12-31,completed
TXN0010038,CRM010180,958.72,2022-01-30,completed
TXN0009484,CRM006809,408.68,2022-10-12,completed
TXN0010468,CRM004548,22.39,2023-04-24,completed
TXN0004874,CRM000227,1345.5,2022-04-25,completed
TXN0008078,CRM007596,179.57,2024-04-08,refunded
TXN0004591,CRM004010,269.23,2023-09-03,pending
TXN0008315,CRM004250,95.13,2022-05-07,completed
TXN0005686,CRM008078,1647.13,2024-01-10,pending
TXN0010373,CRM009308,133.73,2023-05-22,completed
TXN0001408,CRM008705,2179.65,2024-02-09,completed
TXN0010805,CRM006957,612.17,2022-07-26,completed
TXN0001839,CRM004531,1506.0,2024-02-12,completed
TXN0008516,CRM002466,260.02,2024-06-16,completed
TXN0004924,CRM000147,161.5,2022-06-22,completed
TXN0002163,GHOST01039,275.66,2022-06-18,completed
TXN0001878,CRM006955,90.02,2023-09-02,failed
TXN0000380,CRM010130,618.49,2023-10-15,completed
TXN0005080,GHOST00784,166.14,2023-08-10,completed
TXN0002778,CRM003640,,2022-10-24,completed
TXN0005440,CRM002930,41.56,2023-01-28,completed
TXN0000182,CRM000666,284.18,2023-01-23,completed
TXN0006582,CRM000712,80.39,2022-02-28,completed
TXN0009922,GHOST00775,374.7,2023-04-22,pending
TXN0007271,CRM006106,359.69,2023-09-02,pending
TXN0010821,CRM010155,139.22,2022-04-24,completed
TXN0002155,CRM001686,51.04,2022-06-08,completed
TXN0011744,CRM005281,207.01,2022-03-01,failed
TXN0010391,CRM002720,2567.91,2022-11-01,completed
TXN0003589,CRM000952,190.57,2024-04-19,completed
TXN0008035,CRM001327,1316.26,2023-09-24,completed
TXN0001980,CRM003538,567.8,2022-02-21,completed
TXN0000086,CRM008703,104.63,2023-02-24,completed
TXN0007539,CRM008076,173.96,2022-09-29,completed
TXN0007511,CRM002449,419.92,2024-05-04,completed
TXN0000841,CRM003247,129.72,2022-01-22,failed
TXN0010514,CRM008041,77.99,2024-06-12,completed
TXN0001125,CRM002230,108.09,2022-09-24,completed
TXN0004525,CRM001892,436.43,2024-04-08,completed
TXN0003009,CRM002430,115.9,2022-11-03,completed
TXN0005726,CRM004708,189.3,2024-01-02,completed
TXN0000292,CRM004184,402.93,2022-10-19,completed
TXN0006298,GHOST00317,274.94,2023-07-16,failed
TXN0004237,CRM005769,212.12,2022-10-01,completed
TXN0009751,CRM009305,332.92,2023-04-16,completed
TXN0000630,CRM001810,58.42,2022-07-10,completed
TXN0002994,CRM005214,496.83,2022-05-10,completed
TXN0001873,GHOST01115,294.9,2022-09-14,completed
TXN0001308,CRM009791,136.84,2022-03-25,pending
TXN0007233,CRM010420,83.26,2024-05-31,completed
TXN0009928,CRM004411,37.75,2023-08-11,completed
TXN0011746,CRM009781,489.54,2024-04-16,completed
TXN0003077,CRM001105,1706.36,2022-01-04,completed
TXN0010343,CRM003724,713.74,2022-07-24,completed
TXN0007693,CRM009798,1064.75,2022-04-28,refunded
TXN0007450,CRM009329,80.34,2022-02-02,completed
TXN0009079,CRM006663,247.88,2022-12-11,completed
TXN0006586,CRM009282,266.83,2022-06-17,completed
TXN0006277,CRM008497,99.25,2022-09-25,completed
TXN0010147,GHOST00497,192.9,2022-05-16,completed
TXN0002715,GHOST00305,145.09,2022-05-25,completed
TXN0008973,CRM008455,335.64,2024-05-16,completed
TXN0008521,CRM006907,530.87,2024-06-11,completed
TXN0004637,CRM008263,99.87,2023-01-19,completed
TXN0002375,CRM009432,51.02,2022-08-09,completed
TXN0008935,CRM008400,660.28,2024-03-10,completed
TXN0010248,CRM002418,295.64,2023-02-14,completed
TXN0004316,CRM007843,254.84,2022-04-19,completed
TXN0005720,CRM009411,931.55,2023-02-24,completed
TXN0004981,CRM006102,142.37,2022-11-11,completed
TXN0007704,CRM000675,78.12,2022-10-05,pending
TXN0004789,CRM005724,490.21,2022-09-25,pending
TXN0010216,CRM005972,1706.37,2022-10-04,completed
TXN0009982,CRM001231,96.66,2022-09-04,completed
TXN0004286,CRM007837,242.22,2022-01-11,refunded
TXN0003962,GHOST00084,216.09,2023-03-20,completed
TXN0006958,CRM009345,3742.05,2023-07-13,completed
TXN0010262,CRM001188,363.01,2024-01-19,refunded
TXN0011711,CRM004429,59.63,2024-06-10,failed
TXN0003656,GHOST00250,3616.32,2022-11-23,completed
TXN0002262,CRM000397,148.61,2023-01-20,completed
TXN0002672,CRM000915,1006.15,2022-02-12,completed
TXN0006337,CRM005721,133.95,2023-08-03,completed
TXN0001569,CRM004115,393.62,2023-09-12,failed
TXN0008995,CRM005027,35.64,2022-08-31,completed
TXN0006483,CRM001269,149.08,2022-02-28,completed
TXN0005915,CRM004994,31.37,2024-03-26,pending
TXN0005791,CRM007326,505.65,2024-06-24,completed
TXN0011381,CRM001798,278.19,2023-02-07,completed
TXN0007364,CRM008151,1509.73,2022-08-08,completed
TXN0010170,CRM000338,582.05,2022-11-03,completed
TXN0009019,CRM000185,574.69,2023-08-13,completed
TXN0002050,CRM004945,1191.87,2024-01-26,completed
TXN0007954,CRM004859,347.65,2022-07-31,completed
TXN0000533,CRM007650,32.71,2023-12-02,pending
TXN0006334,CRM003509,20.88,2023-10-22,completed
TXN0009188,CRM007554,318.6,2022-11-21,completed
TXN0011098,CRM008472,86.09,2022-05-03,completed
TXN0009879,CRM010202,275.52,2022-12-19,completed
TXN0008869,GHOST00416,568.46,2024-02-01,completed
TXN0004585,CRM002272,15.31,2024-05-08,completed
TXN0002837,CRM000979,5.96,2022-08-13,completed
TXN0006659,CRM004081,10.39,2022-03-15,completed
TXN0006076,GHOST00933,82.69,2024-05-26,completed
TXN0011034,CRM002742,136.78,2022-01-16,completed
TXN0006730,GHOST00338,542.47,2023-12-11,completed
TXN0004996,CRM007064,161.85,2024-02-19,completed
TXN0007859,CRM006843,931.6,2022-12-15,completed
TXN0010833,CRM007478,1017.99,2022-12-11,completed
TXN0006533,CRM005380,174.93,2023-04-14,completed
TXN0002509,CRM003677,372.03,2024-06-01,completed
TXN0003874,CRM009879,45.09,2022-10-14,completed
TXN0006610,CRM008792,315.15,2022-01-30,completed
TXN0008066,GHOST01151,141.2,2022-05-06,refunded
TXN0008734,CRM008419,249.52,2022-04-09,completed
TXN0010968,CRM006295,140.61,2024-05-16,completed
TXN0006514,CRM001375,162.42,2022-10-08,pending
TXN0004961,CRM007119,,2023-04-14,failed
TXN0000019,GHOST00365,95.39,2022-07-14,completed
TXN0003662,CRM007174,667.05,2023-05-08,completed
TXN0004067,CRM004608,212.7,2022-05-13,completed
TXN0000052,CRM008288,118.69,2023-12-03,completed
TXN0001480,CRM004803,332.49,2023-11-27,completed
TXN0000916,CRM007182,,2023-10-21,refunded
TXN0006435,CRM000426,25.34,2022-12-25,failed
TXN0007440,CRM003205,45.98,2023-10-18,completed
TXN0007187,CRM010460,269.61,2024-03-25,completed
TXN0006211,CRM003661,122.96,2022-05-08,completed
TXN0003259,CRM005680,30.8,2022-08-15,pending
TXN0003031,CRM000098,50.81,2023-10-24,pending
TXN0001475,CRM001649,,2022-09-14,completed
TXN0000144,CRM003216,242.97,2023-09-25,completed
TXN0003289,CRM010104,555.36,2023-12-31,pending
TXN0005283,CRM010380,14.7,2022-08-05,completed
TXN0000117,CRM009164,169.82,2022-04-02,completed
TXN0008386,CRM002103,930.31,2023-08-29,failed
TXN0010612,GHOST00763,154.7,2022-11-26,completed
TXN0004690,CRM008532,240.27,2024-04-21,completed
TXN0004729,CRM006516,569.16,2024-05-20,completed
TXN0004825,CRM008329,160.73,2023-04-25,completed
TXN0008174,CRM008347,2598.21,2022-01-12,completed
TXN0003369,CRM003795,27.23,2022-11-25,completed
TXN0004185,CRM000689,143.68,2023-05-18,pending
TXN0004537,CRM004204,1267.39,2024-05-10,completed
TXN0008699,CRM005039,502.66,2022-06-19,completed
TXN0010497,CRM006073,63.74,2022-10-13,completed
TXN0000465,CRM004942,38.5,2023-10-10,completed
TXN0007466,CRM003238,820.38,2022-06-03,completed
TXN0003838,CRM008221,1295.42,2023-06-15,completed
TXN0007460,CRM003842,407.56,2023-07-01,completed
TXN0010942,CRM000183,449.71,2024-02-17,completed
TXN0005130,CRM006809,75.41,2022-07-15,completed
TXN0003767,CRM002746,865.92,2022-11-26,completed
TXN0002839,CRM008951,312.92,2022-01-30,completed
TXN0009029,CRM009335,79.51,2022-05-07,completed
TXN0001915,CRM007146,1004.25,2022-03-25,completed
TXN0001031,CRM005933,1758.94,2022-07-08,completed
TXN0000400,CRM002852,48.63,2023-07-29,completed
TXN0006603,CRM006119,741.49,2023-12-08,completed
TXN0001527,CRM001191,175.9,2023-11-25,failed
TXN0002307,GHOST00676,351.93,2022-07-27,completed
TXN0011174,CRM000260,139.09,2024-02-01,completed
TXN0008337,CRM002519,457.89,2024-05-26,completed
TXN0001023,CRM009297,282.08,2022-12-07,completed
TXN0007231,CRM003485,356.2,2024-01-25,completed
TXN0005142,CRM000262,259.58,2023-04-11,completed
TXN0004036,CRM002897,354.68,2024-02-14,completed
TXN0003055,CRM009172,192.0,2023-05-22,refunded
TXN0007067,CRM000054,66.32,2023-07-20,completed
TXN0009885,CRM008575,127.51,2023-10-12,failed
TXN0004907,GHOST00823,138.18,2022-01-08,completed
TXN0001331,CRM004545,85.32,2022-05-19,pending
TXN0004291,CRM006928,181.77,2023-08-30,completed
TXN0002607,CRM001091,766.48,2022-08-02,completed
TXN0011165,CRM003223,106.06,2024-02-09,failed
TXN0001967,CRM002600,1025.8,2022-03-20,completed
TXN0010141,CRM006278,224.91,2022-12-20,completed
TXN0011613,CRM000328,306.3,2024-06-28,completed
TXN0006201,CRM004862,420.95,2022-02-26,completed
TXN0007833,CRM004582,22.0,2022-06-24,refunded
TXN0001186,CRM005917,938.39,2024-03-06,pending
TXN0001619,CRM010299,143.17,2024-03-27,completed
TXN0003262,CRM002960,131.1,2022-07-08,completed
TXN0007306,CRM003824,1025.02,2022-12-31,failed
TXN0004278,CRM009391,30.97,2023-09-10,failed
TXN0004411,CRM001808,192.07,2023-08-01,completed
TXN0002297,CRM001073,127.28,2023-08-12,completed
TXN0000181,CRM002767,219.95,2022-06-18,completed
TXN0001963,CRM005553,39.0,2022-12-01,completed
TXN0009438,CRM003822,759.76,2024-04-11,completed
TXN0003504,CRM009300,213.59,2022-02-23,completed
TXN0001590,GHOST00183,600.72,2023-02-20,completed
TXN0002359,CRM000791,680.49,2022-07-17,completed
TXN0001407,CRM008623,1945.13,2024-02-17,completed
TXN0004482,CRM006977,844.51,2022-11-22,completed
TXN0005414,CRM006221,53.47,2023-08-19,failed
TXN0010966,CRM002171,1330.74,2022-06-12,completed
TXN0010403,CRM002948,574.16,2022-05-11,failed
TXN0000701,CRM004177,634.69,2024-03-13,failed
TXN0009683,CRM009470,1338.03,2023-01-29,pending
TXN0003768,CRM009691,28.29,2022-10-13,failed
TXN0001717,CRM005603,424.25,2022-06-07,failed
TXN0000524,GHOST01063,250.09,2024-01-23,completed
TXN0000173,CRM008407,456.65,2023-02-18,completed
TXN0010135,GHOST00770,496.47,2022-08-11,completed
TXN0010203,CRM000362,115.41,2023-01-06,pending
TXN0007573,CRM007760,55.38,2022-06-17,failed
TXN0001974,CRM008170,143.04,2023-02-11,completed
TXN0007467,CRM000801,697.83,2022-06-05,completed
TXN0011788,CRM002150,1009.66,2023-04-30,completed
TXN0011928,CRM004499,25.83,2024-05-03,completed
TXN0007569,CRM004486,156.57,2023-03-09,completed
TXN0001138,CRM010029,104.56,2023-12-19,pending
TXN0009606,CRM008234,57.49,2023-01-19,completed
TXN0005467,CRM000644,1130.32,2022-12-18,completed
TXN0011052,CRM003169,73.58,2024-04-26,failed
TXN0005914,CRM010403,117.4,2023-04-17,completed
TXN0000157,CRM003728,582.89,2024-01-05,completed
TXN0010281,CRM004570,1002.78,2023-01-01,completed
TXN0005838,CRM005114,123.38,2022-07-16,completed
TXN0011169,CRM000958,583.53,2023-03-31,completed
TXN0003653,CRM004588,,2023-09-09,completed
TXN0003829,GHOST00614,75.27,2022-10-04,completed
TXN0004668,CRM001460,151.7,2024-06-18,pending
TXN0009131,CRM002331,102.58,2023-04-09,completed
TXN0002053,CRM002399,513.36,2024-01-09,completed
TXN0010766,GHOST01106,77.83,2022-12-09,completed
TXN0005293,CRM003884,573.46,2023-12-06,refunded
TXN0003923,CRM003926,955.82,2022-05-09,completed
TXN0010644,CRM001428,154.9,2022-11-27,completed
TXN0003546,CRM006903,140.74,2023-06-06,completed
TXN0004725,CRM000810,59.88,2022-08-15,completed
TXN0007560,CRM002879,415.34,2023-11-18,pending
TXN0000212,GHOST00251,933.84,2024-01-19,completed
TXN0006870,CRM007570,863.59,2023-01-23,completed
TXN0002824,CRM004591,165.81,2024-03-25,completed
TXN0001909,CRM000301,113.53,2022-05-19,completed
TXN0011090,GHOST00652,471.16,2022-11-01,completed
TXN0003332,CRM002833,1210.51,2024-05-05,completed
TXN0009728,CRM005055,263.41,2023-10-07,pending
TXN0003198,CRM005443,447.66,2024-01-21,completed
TXN0006100,CRM007897,50.37,2024-05-29,completed
TXN0005970,CRM006803,301.83,2023-03-04,completed
TXN0005792,CRM010477,646.91,2022-07-13,completed
TXN0004431,CRM001139,32.39,2022-02-20,completed
TXN0003246,CRM006234,785.65,2023-06-06,completed
TXN0006716,CRM008126,86.35,2022-10-04,pending
TXN0011440,CRM004772,1535.59,2023-07-25,completed
TXN0010139,CRM005630,172.38,2024-02-04,completed
TXN0003945,CRM006576,1384.45,2024-01-28,completed
TXN0010651,GHOST00855,36.53,2023-07-13,completed
TXN0004914,CRM007954,396.74,2022-11-03,completed
TXN0008221,CRM006317,811.79,2022-12-16,completed
TXN0004400,CRM006691,2115.4,2023-06-11,completed
TXN0008708,CRM000284,249.33,2024-02-21,completed
TXN0011740,CRM007106,194.2,2022-06-22,completed
TXN0000287,CRM003809,917.08,2022-01-01,completed
TXN0006964,GHOST00045,218.22,2023-12-26,completed
TXN0007624,CRM007052,430.06,2024-01-29,completed
TXN0003344,CRM010316,40.96,2022-07-23,failed
TXN0008756,GHOST00935,373.26,2023-01-13,pending
TXN0011499,CRM003917,2266.76,2022-01-31,completed
TXN0000299,CRM000036,1055.25,2022-08-02,completed
TXN0003163,CRM002819,53.18,2022-04-09,completed
TXN0008863,CRM008168,1102.3,2023-05-25,pending
TXN0008680,CRM001461,459.01,2023-11-07,completed
TXN0000279,CRM007615,369.62,2024-06-27,completed
TXN0004702,CRM005082,1928.7,2022-02-01,completed
TXN0010728,CRM001207,105.83,2023-09-06,completed
TXN0006887,CRM003942,112.73,2023-07-03,completed
TXN0004441,CRM002498,977.54,2023-03-27,failed
TXN0003272,CRM002145,346.84,2022-07-17,completed
TXN0001473,GHOST00225,252.85,2023-05-04,completed
TXN0008502,CRM000279,144.42,2022-12-30,completed
TXN0009670,CRM000452,289.94,2024-03-25,pending
TXN0004688,GHOST00754,2621.88,2022-01-06,completed
TXN0008030,CRM009055,68.16,2023-05-11,refunded
TXN0006471,CRM003075,750.87,2022-04-08,completed
TXN0008979,CRM002573,781.75,2023-05-30,completed
TXN0011862,CRM009135,88.64,2023-07-10,completed
TXN0001167,GHOST00113,153.09,2022-11-06,completed
TXN0006416,CRM008847,176.01,2022-05-21,completed
TXN0009302,CRM005973,238.92,2022-05-24,completed
TXN0011458,CRM000194,,2023-08-03,completed
TXN0007634,CRM009520,256.2,2024-03-28,completed
TXN0008927,CRM006250,72.32,2022-02-21,completed
TXN0009966,CRM009142,1611.84,2024-03-27,failed
TXN0005678,CRM009350,28.26,2022-02-26,completed
TXN0010641,CRM008985,519.78,2023-03-20,completed
TXN0009189,CRM002983,290.4,2024-04-15,completed
TXN0003896,CRM006946,35.5,2024-03-14,completed
TXN0009121,CRM001767,1304.1,2024-03-14,completed
TXN0008574,CRM004016,508.13,2024-01-29,completed
TXN0002227,GHOST00842,157.17,2022-06-01,completed
TXN0003092,CRM003347,48.15,2022-10-12,completed
TXN0001139,GHOST00947,3360.42,2023-02-13,completed
TXN0009049,CRM000982,1530.95,2022-11-10,pending
TXN0000714,CRM005939,54.4,2023-02-25,failed
TXN0005099,CRM004938,305.51,2022-02-09,pending
TXN0008534,CRM008209,51.92,2023-07-26,completed
TXN0004496,CRM001758,715.57,2022-03-26,completed
TXN0002841,CRM009202,132.13,2022-09-08,completed
TXN0004043,CRM004665,395.21,2023-04-04,pending
TXN0011213,CRM001633,52.09,2022-05-03,completed
TXN0006556,CRM006526,39.58,2022-04-07,completed
TXN0007996,CRM008624,516.75,2022-08-25,completed
TXN0000649,CRM007917,775.54,2023-05-26,completed
TXN0002522,GHOST00033,754.2,2023-02-26,completed
TXN0003936,CRM007104,110.37,2024-01-09,completed
TXN0010974,CRM000537,453.35,2024-02-03,pending
TXN0003852,CRM002294,612.35,2023-09-28,failed
TXN0002243,GHOST00978,368.73,2023-08-11,pending
TXN0006880,CRM000863,332.23,2022-07-18,completed
TXN0003411,CRM009167,53.95,2023-02-14,completed
TXN0008895,CRM004850,225.64,2022-02-25,completed
TXN0007643,CRM007340,567.4,2023-01-30,completed
TXN0002865,CRM001648,84.68,2023-02-23,completed
TXN0001231,CRM006383,64.15,2022-08-22,completed
TXN0001733,CRM004396,229.66,2022-02-10,pending
TXN0004063,CRM003757,118.24,2023-08-27,failed
TXN0007832,CRM001894,325.58,2023-05-10,completed
TXN0004573,CRM004356,279.75,2023-06-10,completed
TXN0005882,CRM003102,4718.56,2022-09-22,completed
TXN0010363,CRM008853,125.17,2023-03-24,completed
TXN0002439,CRM009466,661.38,2024-02-19,completed
TXN0005111,CRM006144,227.66,2022-09-24,completed
TXN0002284,CRM004920,203.23,2023-03-26,failed
TXN0008373,GHOST00105,113.12,2023-02-16,completed
TXN0003419,CRM002995,614.53,2024-04-09,completed
TXN0009101,CRM005224,308.34,2022-05-08,completed
TXN0003685,CRM006157,109.31,2024-04-01,completed
TXN0011960,CRM005675,679.88,2024-06-10,pending
TXN0011500,CRM009982,338.74,2024-03-21,completed
TXN0003722,GHOST00269,166.66,2024-06-01,completed
TXN0006391,CRM008167,226.7,2023-01-18,completed
TXN0002539,CRM005086,1240.19,2022-12-09,completed
TXN0008504,CRM003487,910.28,2024-05-27,pending
TXN0010346,CRM001240,680.35,2022-06-01,completed
TXN0006139,CRM007119,26.16,2023-05-24,completed
TXN0003771,CRM002094,2923.94,2024-04-30,completed
TXN0005310,CRM003241,259.26,2022-06-17,completed
TXN0007808,CRM003078,85.13,2024-04-18,completed
TXN0007174,CRM004473,374.08,2022-04-25,completed
TXN0003519,CRM003077,54.2,2023-11-18,completed
TXN0008425,CRM008609,321.76,2022-12-29,completed
TXN0002480,CRM007401,66.02,2022-11-18,completed
TXN0003304,GHOST00044,227.36,2024-01-11,completed
TXN0005523,GHOST00165,381.45,2023-03-14,completed
TXN0009122,GHOST00403,4214.99,2024-04-21,completed
TXN0006780,CRM001387,302.29,2023-05-20,completed
TXN0002974,CRM006394,32.21,2023-12-29,completed
TXN0010697,CRM001463,652.85,2024-06-04,completed
TXN0011672,CRM008607,201.68,2023-05-28,pending
TXN0003745,CRM002383,95.99,2023-06-09,completed
TXN0009037,CRM009494,106.23,2022-02-12,completed
TXN0010260,CRM006711,1362.53,2023-04-26,completed
TXN0011854,CRM001289,791.87,2024-06-18,failed
TXN0010958,CRM002654,704.2,2022-10-15,completed
TXN0003928,CRM006505,,2024-03-14,completed
TXN0005608,CRM002586,102.19,2022-11-05,completed
TXN0007362,CRM000369,42.67,2024-05-02,completed
TXN0008086,CRM006592,133.81,2022-06-24,completed
TXN0002818,CRM006979,145.28,2024-04-03,pending
TXN0005101,GHOST00464,161.27,2022-06-03,completed
TXN0006652,CRM005097,,2022-03-30,completed
TXN0008109,CRM008877,410.92,2024-04-15,completed
TXN0000507,CRM002503,33.76,2022-05-22,completed
TXN0001150,GHOST00091,3335.25,2022-01-19,completed
TXN0005795,CRM009258,291.31,2023-02-17,completed
TXN0011308,CRM002117,93.28,2023-07-31,completed
TXN0008701,CRM004025,579.25,2022-06-06,refunded
TXN0010060,CRM006549,736.85,2022-01-03,failed
TXN0011944,CRM007388,12.81,2022-04-28,completed
TXN0006776,CRM009402,1207.29,2024-01-10,completed
TXN0011084,CRM003523,1625.57,2022-09-27,completed
TXN0007770,CRM010189,1198.06,2023-10-06,completed
TXN0009796,CRM006036,43.42,2023-01-10,completed
TXN0005395,CRM007424,194.44,2023-11-06,completed
TXN0011303,CRM008207,286.94,2023-06-01,completed
TXN0002860,CRM008601,58.7,2023-08-04,completed
TXN0009346,CRM002574,112.83,2022-06-22,completed
TXN0001754,CRM003937,46.7,2023-01-08,completed
TXN0005844,CRM008705,64.66,2024-05-25,completed
TXN0002362,CRM001529,214.86,2023-04-01,pending
TXN0006105,CRM007116,964.37,2024-05-03,completed
TXN0007980,CRM007601,1020.6,2022-12-04,completed
TXN0003406,CRM001951,110.48,2023-11-05,completed
TXN0004920,CRM005191,72.49,2023-04-25,completed
TXN0008579,GHOST00048,412.78,2023-06-24,failed
TXN0009133,CRM005141,460.79,2023-12-12,completed
TXN0007819,CRM001249,196.86,2024-06-20,completed
TXN0000222,CRM001210,100.01,2022-06-15,completed
TXN0006899,CRM000988,1251.61,2022-05-12,completed
TXN0010085,CRM009877,156.86,2024-04-10,completed
TXN0011167,CRM003097,412.23,2022-11-12,completed
TXN0003581,CRM000344,25.64,2023-03-08,refunded
TXN0007204,CRM010132,237.52,2022-09-30,completed
TXN0005254,CRM003957,215.99,2023-05-04,failed
TXN0006786,CRM003614,173.23,2022-11-09,completed
TXN0003873,CRM002382,292.17,2023-09-17,completed
TXN0006587,CRM007236,545.47,2023-05-03,completed
TXN0009293,CRM002257,314.75,2023-08-27,failed
TXN0000027,CRM003543,280.8,2023-06-07,completed
TXN0007874,CRM008237,3659.29,2023-04-21,completed
TXN0010658,CRM008827,489.41,2022-07-29,pending
TXN0011255,CRM000744,897.12,2024-04-02,completed
TXN0010537,CRM009914,191.25,2022-12-09,pending
TXN0006873,CRM008629,165.4,2022-10-10,completed
TXN0010067,CRM000157,154.08,2024-06-01,pending
TXN0009465,CRM000282,52.5,2023-06-11,completed
TXN0011804,CRM008778,1281.6,2022-09-17,completed
TXN0010132,CRM002748,1504.94,2024-03-12,completed
TXN0001136,GHOST00543,287.93,2023-05-18,pending
TXN0003368,CRM004415,87.04,2024-06-15,completed
TXN0005502,CRM006860,168.8,2023-07-12,completed
TXN0011091,CRM008803,417.15,2022-11-14,completed
TXN0008616,CRM004141,376.81,2023-11-15,completed
TXN0008899,CRM003508,396.33,2023-05-20,completed
TXN0001672,CRM006319,127.79,2022-07-17,completed
TXN0002274,GHOST00532,239.97,2024-04-19,completed
TXN0004682,CRM007834,315.3,2023-04-10,completed
TXN0004531,CRM007404,995.2,2024-02-10,completed
TXN0007604,CRM006522,529.49,2023-07-18,completed
TXN0003825,GHOST00330,354.16,2022-08-20,completed
TXN0001003,CRM004934,78.77,2023-01-26,completed
TXN0004713,CRM002495,511.16,2022-09-05,failed
TXN0006698,CRM009724,618.64,2024-02-17,completed
TXN0000743,CRM010236,133.76,2024-05-27,completed
TXN0006329,CRM007446,66.94,2023-09-03,failed
TXN0011539,CRM007018,282.57,2024-02-13,completed
TXN0002881,CRM005068,3567.71,2024-03-01,pending
TXN0002638,CRM002155,208.02,2023-07-09,completed
TXN0004142,CRM009409,379.7,2023-02-19,completed
TXN0006372,CRM005281,176.05,2023-08-16,pending
TXN0008450,CRM004612,493.02,2024-06-24,failed
TXN0011230,CRM004691,412.67,2023-10-12,pending
TXN0004180,CRM004052,2331.33,2022-06-18,completed
TXN0002870,CRM005675,63.86,2023-10-02,completed
TXN0002289,CRM007700,354.02,2023-02-10,completed
TXN0005980,CRM007756,53.22,2024-03-14,completed
TXN0003980,CRM003469,250.15,2022-11-06,completed
TXN0010106,CRM001221,,2022-09-27,completed
TXN0010592,CRM005825,121.74,2023-03-17,completed
TXN0003319,CRM008371,761.95,2023-11-26,completed
TXN0004336,GHOST00847,217.46,2023-07-07,completed
TXN0004037,CRM006420,,2022-04-05,pending
TXN0009153,CRM006507,66.01,2023-06-30,completed
TXN0001451,GHOST00243,233.27,2023-07-11,completed
TXN0007918,CRM008858,795.29,2024-01-16,completed
TXN0005123,CRM009165,215.11,2022-11-26,completed
TXN0003345,CRM009709,227.97,2023-02-17,completed
TXN0010550,CRM001905,211.69,2023-02-14,pending
TXN0002734,CRM004382,5092.37,2023-09-17,failed
TXN0002223,CRM001738,1331.28,2024-03-07,pending
TXN0008312,CRM007304,,2022-08-13,pending
TXN0000695,CRM004439,54.97,2023-12-17,completed
TXN0009326,CRM008804,300.02,2022-08-02,completed
TXN0007209,CRM003404,95.83,2023-07-30,completed
TXN0009007,CRM009046,82.79,2022-02-24,completed
TXN0003954,CRM005505,133.11,2022-01-09,completed
TXN0001875,CRM009056,755.5,2023-11-27,failed
TXN0010183,CRM005794,169.11,2023-02-13,pending
TXN0006524,CRM007292,332.68,2022-09-02,completed
TXN0002162,CRM008642,223.07,2023-12-04,completed
TXN0010773,CRM005341,147.77,2024-02-21,completed
TXN0006900,CRM006349,217.09,2023-05-30,refunded
TXN0001729,CRM005724,234.37,2022-12-11,completed
TXN0004335,CRM003934,765.11,2023-11-21,refunded
TXN0008918,CRM001237,24.6,2022-11-02,completed
TXN0001600,CRM005665,780.0,2023-05-05,completed
TXN0008864,CRM009932,125.47,2023-06-11,completed
TXN0008781,CRM010484,849.75,2022-03-25,completed
TXN0005336,CRM010414,85.29,2022-04-02,completed
TXN0001512,CRM010216,162.29,2022-10-17,completed
TXN0011484,CRM000150,147.2,2022-10-22,completed
TXN0003312,GHOST00907,207.4,2022-08-08,completed
TXN0011199,CRM003871,595.63,2023-01-07,completed
TXN0007373,CRM002102,826.79,2022-03-08,completed
TXN0007641,GHOST01058,173.53,2023-03-16,pending
TXN0001810,CRM009923,141.81,2022-05-16,completed
TXN0004092,CRM000847,353.14,2023-04-29,failed
TXN0008582,GHOST00841,3562.08,2022-09-30,completed
TXN0001832,CRM010355,40.66,2022-07-26,completed
TXN0002078,CRM010244,1820.73,2023-03-13,completed
TXN0002067,CRM000195,8.63,2022-06-20,refunded
TXN0004007,GHOST00967,1286.89,2022-06-30,completed
TXN0003329,CRM000258,195.76,2024-05-13,completed
TXN0004553,CRM009422,474.62,2022-08-25,completed
TXN0008822,CRM000318,853.69,2022-05-21,completed
TXN0002324,CRM003393,147.17,2024-05-07,failed
TXN0004189,CRM007330,248.25,2023-12-31,failed
TXN0005732,CRM003588,186.72,2023-04-04,refunded
TXN0011630,CRM004537,127.01,2023-01-02,completed
TXN0005512,CRM008641,1452.24,2023-01-28,completed
TXN0008648,CRM009188,7582.7,2022-12-19,completed
TXN0006264,CRM003742,812.41,2023-09-27,completed
TXN0008158,CRM008735,338.73,2023-04-06,completed
TXN0009919,CRM010426,411.51,2022-04-29,completed
TXN0001570,CRM005237,365.77,2024-05-27,completed
TXN0010011,CRM010181,123.42,2023-03-29,pending
TXN0001424,CRM001520,162.08,2023-05-17,completed
TXN0005831,CRM004138,234.32,2023-11-24,completed
TXN0002659,CRM004650,42.84,2023-01-08,completed
TXN0011948,GHOST00938,113.45,2022-03-11,completed
TXN0005779,CRM006243,432.14,2022-01-24,completed
TXN0009672,CRM008048,68.96,2024-03-29,completed
TXN0011668,GHOST00207,362.77,2023-10-28,pending
TXN0006004,CRM010378,95.26,2022-09-23,pending
TXN0007322,CRM003259,804.74,2022-04-27,completed
TXN0005994,CRM008312,94.25,2023-07-19,completed
TXN0005029,CRM005993,118.38,2023-01-24,completed
TXN0006069,CRM009433,185.43,2022-02-10,completed
TXN0000538,CRM005037,26.78,2022-08-31,completed
TXN0008267,CRM004068,287.87,2024-04-24,completed
TXN0003710,CRM009543,740.82,2022-11-15,completed
TXN0000241,CRM006454,426.47,2023-03-22,completed
TXN0003906,CRM007112,17.09,2023-04-07,completed
TXN0006492,CRM009704,785.58,2022-01-10,pending
TXN0007294,GHOST00766,592.06,2023-08-21,pending
TXN0002008,CRM006517,89.35,2022-02-14,completed
TXN0006536,CRM007890,379.94,2023-01-28,completed
TXN0006262,CRM009662,40.91,2022-09-17,completed
TXN0011105,CRM000720,712.19,2024-01-22,completed
TXN0002291,CRM006967,299.47,2023-07-07,completed
TXN0005729,CRM008344,1090.07,2022-02-17,completed
TXN0004652,GHOST00520,258.22,2023-09-01,completed
TXN0005953,CRM007830,107.55,2023-05-21,completed
TXN0010742,CRM007367,314.6,2024-03-08,completed
TXN0005898,CRM005750,500.79,2024-06-16,completed
TXN0002696,CRM005130,40.8,2022-06-16,completed
TXN0004863,CRM001402,174.86,2022-07-13,pending
TXN0008036,CRM000422,502.1,2023-03-14,completed
TXN0008638,CRM010249,751.7,2022-04-02,completed
TXN0011146,CRM003915,256.32,2022-09-28,completed
TXN0009123,GHOST00499,40.99,2023-06-13,refunded
TXN0002508,CRM010264,1201.99,2022-12-22,completed
TXN0006225,CRM008458,26.04,2023-01-27,completed
TXN0006527,CRM006343,1940.54,2023-06-26,pending
TXN0003257,CRM010057,95.59,2024-06-08,completed
TXN0001869,CRM006757,538.5,2023-11-15,failed
TXN0009914,CRM001863,3809.99,2023-11-25,pending
TXN0007363,CRM003961,646.38,2022-09-02,pending
TXN0005238,GHOST00455,34.01,2024-06-25,completed
TXN0009868,CRM004561,71.33,2023-12-04,completed
TXN0007214,CRM002441,673.55,2022-08-20,completed
TXN0009557,CRM008077,103.87,2022-09-28,completed
TXN0005088,CRM000350,316.32,2023-10-19,completed
TXN0006214,CRM003541,86.11,2023-12-15,completed
TXN0011495,CRM005242,126.74,2024-05-04,completed
TXN0007117,GHOST00502,111.73,2022-12-03,completed
TXN0005748,CRM002684,117.95,2023-12-19,completed
TXN0007430,CRM003483,197.76,2022-10-10,completed
TXN0001265,CRM005801,3638.2,2022-10-11,completed
TXN0010137,CRM009413,72.01,2022-02-12,completed
TXN0007042,GHOST01131,201.39,2022-04-06,failed
TXN0008471,CRM007892,216.75,2024-02-02,completed
TXN0006740,CRM007574,212.54,2022-02-26,pending
TXN0000166,GHOST00687,49.25,2023-08-30,completed
TXN0001642,CRM003549,234.08,2023-12-15,completed
TXN0003639,CRM002615,121.17,2022-10-06,refunded
TXN0011603,CRM000853,390.78,2024-01-13,completed
TXN0011581,CRM007089,333.3,2024-06-16,completed
TXN0011415,GHOST01069,603.08,2023-06-04,completed
TXN0006877,CRM009705,108.11,2022-12-22,failed
TXN0011515,GHOST00142,157.35,2022-01-31,completed
TXN0009234,GHOST00346,294.08,2023-06-04,completed
TXN0007691,CRM006749,42.76,2022-03-19,completed
TXN0011327,CRM002824,408.44,2022-07-31,completed
TXN0001608,CRM000350,1388.93,2022-11-29,completed
TXN0002906,CRM009829,119.57,2023-07-23,completed
TXN0000450,CRM002529,828.47,2024-03-15,pending
TXN0005949,CRM002971,80.6,2023-04-19,completed
TXN0009994,CRM006020,192.56,2022-03-04,completed
TXN0001641,CRM003387,45.96,2024-06-26,completed
TXN0007607,CRM006503,225.55,2023-06-27,completed
TXN0002857,CRM000087,178.26,2023-10-15,pending
TXN0010979,CRM003415,722.47,2022-11-29,completed
TXN0005845,CRM010073,415.61,2022-01-11,completed
TXN0004081,CRM010492,,2023-05-01,completed
TXN0004862,CRM006790,164.36,2024-01-04,completed
TXN0001275,CRM007170,94.4,2023-07-10,completed
TXN0003033,CRM008205,1198.67,2022-10-14,completed
TXN0011800,GHOST00983,2339.0,2022-10-02,completed
TXN0009477,CRM006597,5.61,2022-03-02,completed
TXN0001548,GHOST00323,73.66,2022-01-06,completed
TXN0006643,GHOST00377,209.04,2024-06-04,completed
TXN0007563,CRM004884,567.81,2023-07-13,completed
TXN0008041,CRM004978,1245.59,2024-06-16,failed
TXN0007759,CRM006232,48.6,2022-11-16,pending
TXN0008136,CRM008516,500.02,2023-12-16,completed
TXN0010469,CRM005320,120.84,2022-11-20,completed
TXN0005337,CRM003420,94.2,2022-08-02,completed
TXN0005805,CRM006934,,2024-03-06,completed
TXN0011493,CRM002002,292.89,2022-12-09,pending
TXN0005396,CRM000286,472.64,2022-02-21,refunded
TXN0002193,CRM006342,257.11,2022-01-21,completed
TXN0002154,CRM005342,198.64,2023-10-29,completed
TXN0005566,CRM004010,1751.27,2022-01-05,completed
TXN0000194,CRM000174,355.69,2023-05-08,completed
TXN0008161,CRM004218,42.32,2023-07-04,completed
TXN0003759,CRM002681,98.64,2023-08-16,completed
TXN0003522,CRM008741,3220.69,2022-03-27,completed
TXN0009403,CRM000983,595.91,2023-07-25,completed
TXN0001427,CRM009678,278.78,2023-12-13,completed
TXN0009572,CRM007378,889.86,2022-02-27,completed
TXN0008839,CRM000895,650.61,2023-11-17,completed
TXN0007638,CRM006690,453.7,2024-04-22,completed
TXN0005185,CRM000877,184.85,2023-01-18,pending
TXN0005038,CRM000508,269.01,2023-07-28,completed
TXN0003266,CRM008295,45.35,2022-09-25,completed
TXN0009770,CRM004307,612.15,2023-04-29,completed
TXN0008678,CRM003222,1004.62,2022-08-30,completed
TXN0002782,CRM003035,213.75,2023-01-28,failed
TXN0009712,CRM007090,26.05,2024-02-27,completed
TXN0002302,CRM006342,353.12,2022-01-10,completed
TXN0008292,GHOST00429,141.45,2024-04-25,completed
TXN0004360,GHOST00804,,2024-03-23,completed
TXN0009097,CRM005964,100.46,2022-03-18,completed
TXN0009384,CRM004547,518.27,2024-01-23,completed
TXN0000026,CRM008603,486.52,2022-03-27,completed
TXN0003456,CRM002623,37.75,2023-02-11,completed
TXN0001122,GHOST00544,88.62,2022-11-07,completed
TXN0008970,CRM008746,4252.02,2022-09-02,completed
TXN0011194,CRM004324,1286.72,2024-02-21,completed
TXN0002920,CRM004583,43.03,2022-01-09,completed
TXN0007749,CRM001012,126.83,2022-06-10,completed
TXN0007681,CRM003957,247.91,2022-06-03,completed
TXN0011398,GHOST00501,356.36,2022-12-08,completed
TXN0004270,CRM000785,210.62,2023-08-21,failed
TXN0000717,GHOST01156,89.12,2022-08-02,completed
TXN0011220,CRM008027,150.77,2023-04-01,completed
TXN0006511,CRM004327,3123.56,2022-07-24,completed
TXN0001264,CRM005951,298.94,2022-02-01,completed
TXN0002061,CRM004711,2545.99,2024-06-01,completed
TXN0000285,CRM006322,148.91,2022-12-27,completed
TXN0006095,CRM010481,284.03,2022-07-18,completed
TXN0003035,CRM008333,500.34,2023-02-09,refunded
TXN0003740,CRM005567,86.17,2022-08-22,completed
TXN0004020,CRM004810,62.37,2023-08-08,completed
TXN0004916,GHOST00086,166.19,2023-05-19,completed
TXN0006007,GHOST00800,28.49,2023-06-21,completed
TXN0011866,CRM002738,404.1,2023-04-28,completed
TXN0004234,CRM001283,231.68,2024-06-30,completed
TXN0001172,CRM008414,89.3,2022-05-04,completed
TXN0002843,CRM001733,305.25,2023-05-19,completed
TXN0008408,CRM001553,681.2,2023-07-08,completed
TXN0009724,GHOST00483,2005.67,2023-09-21,pending
TXN0007876,CRM010227,427.62,2024-02-04,completed
TXN0009117,GHOST00152,25.88,2023-05-27,completed
TXN0002561,GHOST00337,185.92,2022-02-25,pending
TXN0011844,CRM004763,449.44,2022-03-14,completed
TXN0007959,GHOST00909,162.12,2022-07-11,completed
TXN0004050,CRM000020,232.47,2024-01-28,completed
TXN0002454,CRM007113,305.07,2022-01-23,completed
TXN0008240,CRM005586,393.41,2023-09-24,completed
TXN0007284,GHOST00253,967.85,2024-04-21,completed
TXN0000120,CRM007628,81.07,2022-05-26,completed
TXN0001923,CRM006219,509.78,2023-02-20,completed
TXN0003208,GHOST01054,67.55,2024-01-12,completed
TXN0004382,GHOST00037,344.42,2023-02-01,completed
TXN0011291,CRM002410,803.83,2023-05-30,completed
TXN0002897,CRM010041,411.28,2024-03-25,completed
TXN0009348,GHOST00361,1137.89,2022-07-01,completed
TXN0010909,CRM010171,369.1,2022-07-21,refunded
TXN0011106,CRM004486,495.29,2024-03-02,pending
TXN0004834,CRM007333,295.75,2024-03-16,completed
TXN0003913,CRM001949,633.42,2022-02-12,completed
TXN0006238,CRM000694,35.55,2022-10-02,failed
TXN0003637,CRM008547,1683.47,2022-12-26,completed
TXN0003937,CRM008853,95.12,2023-03-25,refunded
TXN0006832,CRM006600,408.84,2024-05-01,completed
TXN0010568,CRM004740,105.22,2022-02-07,failed
TXN0002006,CRM005472,109.31,2023-06-12,completed
TXN0010673,GHOST00504,339.55,2022-10-21,completed
TXN0009358,CRM007887,1042.31,2022-01-29,pending
TXN0010199,CRM001298,244.24,2023-05-13,completed
TXN0007473,CRM008676,369.42,2022-01-19,failed
TXN0009566,CRM009175,120.89,2022-03-23,pending
TXN0008152,CRM005072,168.79,2022-08-30,completed
TXN0007369,CRM008022,75.25,2023-01-24,completed
TXN0007161,GHOST00383,114.31,2024-01-07,completed
TXN0006029,CRM002236,977.13,2022-03-28,completed
TXN0004899,CRM004734,65.67,2022-08-21,completed
TXN0000910,CRM000682,63.31,2023-06-06,pending
TXN0000575,CRM007884,2311.78,2022-03-31,completed
TXN0009934,GHOST00738,289.42,2024-01-26,completed
TXN0001243,CRM009172,4344.97,2023-09-29,completed
TXN0007899,CRM000548,96.89,2023-09-08,completed
TXN0009476,CRM003162,67.47,2023-05-24,pending
TXN0006720,CRM007717,348.12,2022-11-03,refunded
TXN0003303,CRM002811,107.64,2022-06-14,completed
TXN0003733,CRM002920,12.33,2024-03-27,refunded
TXN0001766,CRM009013,304.33,2024-06-03,completed
TXN0008688,CRM008449,76.65,2022-09-19,refunded
TXN0001175,CRM004763,597.32,2023-12-25,completed
TXN0003252,GHOST00798,118.03,2022-06-19,completed
TXN0006381,CRM004769,126.92,2022-05-28,completed
TXN0003837,CRM010051,222.25,2024-05-16,completed
TXN0002733,CRM008527,302.74,2022-11-16,pending
TXN0001345,CRM006266,2753.21,2022-07-04,completed
TXN0002639,CRM008371,423.64,2022-11-19,completed
TXN0002912,CRM007025,162.73,2022-03-15,completed
TXN0011709,CRM008285,106.16,2024-02-05,pending
TXN0002216,CRM000755,1723.86,2023-08-18,failed
TXN0009827,CRM004458,231.02,2024-03-13,completed
TXN0003948,CRM008788,72.09,2023-02-07,completed
TXN0011863,CRM006382,1352.37,2024-02-06,completed
TXN0009399,CRM001934,813.01,2024-06-26,completed
TXN0010057,CRM006699,1209.73,2024-06-04,pending
TXN0005149,CRM004483,305.74,2022-09-15,pending
TXN0006815,GHOST00304,89.17,2022-06-13,completed
TXN0001683,CRM001753,218.17,2024-06-15,completed
TXN0009803,CRM001909,321.77,2024-06-09,pending
TXN0009645,CRM002948,486.44,2022-05-29,completed
TXN0000369,CRM000223,9860.56,2022-06-15,refunded
TXN0000143,CRM003867,96.29,2023-06-17,completed
TXN0008721,CRM006746,21.41,2022-04-04,completed
TXN0000393,CRM007089,136.69,2023-08-07,completed
TXN0009247,CRM004757,1581.08,2024-04-25,completed
TXN0004998,CRM009285,124.83,2024-01-02,completed
TXN0011366,CRM007395,133.25,2024-03-26,completed
TXN0001490,CRM001324,1648.53,2022-04-01,completed
TXN0000975,CRM005626,197.44,2024-03-13,completed
TXN0005656,CRM004389,137.6,2024-06-30,completed
TXN0005058,CRM010138,561.22,2022-11-30,completed
TXN0008790,GHOST00730,273.74,2022-10-28,completed
TXN0001992,CRM004285,52.46,2022-07-19,completed
TXN0002422,CRM007490,427.52,2022-10-24,completed
TXN0003328,CRM004543,195.3,2024-02-26,completed
TXN0010123,CRM006882,67.59,2024-03-06,failed
TXN0003919,CRM008022,102.57,2023-09-19,failed
TXN0001996,CRM003305,1561.69,2023-09-08,completed
TXN0010884,CRM007039,550.67,2022-08-07,pending
TXN0004272,CRM000416,88.55,2023-06-04,failed
TXN0002487,CRM004598,23.11,2023-03-20,completed
TXN0009386,CRM004510,1743.3,2024-03-19,completed
TXN0006313,GHOST00192,230.87,2022-11-08,completed
TXN0000809,CRM004512,478.54,2022-06-26,completed
TXN0006983,CRM003315,215.9,2022-03-31,completed
TXN0008260,CRM002729,161.15,2022-08-12,completed
TXN0008542,GHOST01021,102.69,2023-12-19,failed
TXN0011574,CRM004966,26.2,2023-01-29,completed
TXN0005826,CRM004499,236.68,2023-06-08,completed
TXN0002238,CRM004510,284.35,2022-03-29,completed
TXN0002235,CRM002891,33.53,2022-12-29,completed
TXN0006817,GHOST00589,1334.75,2024-05-04,completed
TXN0004126,CRM007651,286.62,2024-01-02,pending
TXN0004465,CRM006652,115.93,2023-10-30,completed
TXN0000939,CRM003865,1670.33,2022-01-29,completed
TXN0006442,CRM005152,263.15,2023-12-16,completed
TXN0002379,CRM000569,190.21,2022-12-31,pending
TXN0006778,CRM001293,576.84,2024-03-11,completed
TXN0004587,CRM004872,1569.32,2023-11-11,completed
TXN0007811,CRM000913,89.54,2022-03-09,completed
TXN0009422,CRM010387,190.96,2024-05-19,pending
TXN0011416,CRM005777,1423.19,2023-06-11,completed
TXN0004786,CRM006249,756.2,2023-12-22,pending
TXN0006392,GHOST00661,126.69,2022-08-14,pending
TXN0000456,CRM007222,30.12,2023-08-26,completed
TXN0003511,CRM007660,,2022-12-17,completed
TXN0010691,GHOST00442,897.53,2024-05-29,completed
TXN0011886,CRM007702,1393.32,2024-01-13,completed
TXN0009607,CRM009648,1109.26,2024-06-03,refunded
TXN0005904,CRM001258,829.58,2023-06-12,completed
TXN0001086,CRM005125,305.8,2024-06-09,completed
TXN0003805,CRM004777,153.55,2022-06-29,pending
TXN0000958,CRM001198,289.48,2023-09-21,completed
TXN0006646,CRM008119,264.34,2024-01-01,pending
TXN0009005,CRM008724,556.98,2023-05-18,completed
TXN0001889,CRM005574,332.62,2023-06-20,failed
TXN0009483,CRM006498,1577.87,2022-08-25,completed
TXN0009967,CRM009511,873.46,2022-02-11,completed
TXN0002073,CRM010066,1879.02,2022-03-26,failed
TXN0000942,CRM009459,270.14,2024-06-13,failed
TXN0007825,CRM010084,501.98,2022-08-13,completed
TXN0010077,CRM001313,84.37,2022-10-18,completed
TXN0009442,CRM004787,349.24,2023-09-01,completed
TXN0002678,CRM007551,569.31,2022-01-21,failed
TXN0005071,CRM009361,625.98,2022-08-19,completed
TXN0006750,CRM006502,365.37,2022-06-14,pending
TXN0009970,CRM006876,137.35,2023-04-20,completed
TXN0000007,CRM001199,25.91,2022-12-18,completed
TXN0008054,CRM008133,1393.08,2024-05-12,failed
TXN0006770,CRM006610,650.34,2023-04-19,pending
TXN0003454,CRM005721,19.55,2022-10-04,completed
TXN0009559,CRM004305,162.95,2023-11-30,failed
TXN0001691,CRM000954,124.38,2024-06-30,completed
TXN0001176,CRM000511,,2022-11-17,completed
TXN0000370,CRM007630,913.54,2023-05-24,completed
TXN0002132,CRM007194,264.57,2024-06-01,completed
TXN0003223,CRM010052,994.61,2023-04-01,failed
TXN0005312,CRM006597,222.06,2022-04-18,completed
TXN0007188,GHOST00279,790.87,2024-03-12,completed
TXN0003335,CRM004990,1808.57,2022-02-25,completed
TXN0002309,CRM003084,201.81,2022-05-16,refunded
TXN0001525,CRM004272,799.96,2023-03-25,completed
TXN0010628,CRM005369,4970.89,2023-09-21,completed
TXN0003351,CRM009282,471.15,2024-02-13,completed
TXN0004137,GHOST00245,465.32,2024-02-05,completed
TXN0010799,CRM001188,1814.76,2022-03-05,completed
TXN0008800,GHOST00598,1431.06,2024-01-06,completed
TXN0003599,CRM004061,61.88,2023-04-14,completed
TXN0002731,CRM009450,685.29,2024-04-24,completed
TXN0010330,CRM009200,,2022-10-16,completed
TXN0001165,CRM008122,944.74,2022-08-08,completed
TXN0001879,CRM000185,330.7,2022-03-23,completed
TXN0007672,CRM004545,97.68,2023-02-06,completed
TXN0009616,CRM009670,365.88,2022-01-06,completed
TXN0009582,CRM002462,492.54,2022-10-12,completed
TXN0009999,CRM001441,238.57,2022-07-28,completed
TXN0007264,CRM002121,887.89,2024-05-27,completed
TXN0004443,CRM008561,133.1,2023-07-11,completed
TXN0004804,CRM008753,251.52,2022-11-15,completed
TXN0005634,GHOST00085,148.45,2022-08-12,completed
TXN0005251,GHOST00916,75.27,2022-11-24,completed
TXN0010721,CRM003135,847.7,2022-02-12,completed
TXN0001916,CRM002206,29.97,2023-11-11,completed
TXN0002349,CRM007460,,2023-08-15,refunded
TXN0010637,CRM005597,408.78,2023-09-15,completed
TXN0004125,CRM005995,212.91,2022-01-20,completed
TXN0006578,CRM010181,552.98,2022-04-26,completed
TXN0011000,CRM000180,714.71,2023-02-06,refunded
TXN0011340,CRM007198,102.47,2024-04-29,refunded
TXN0000397,CRM008201,66.17,2023-03-30,completed
TXN0001684,CRM002723,159.92,2023-05-02,completed
TXN0010302,CRM000840,801.8,2022-06-27,refunded
TXN0011404,CRM007382,102.1,2024-02-23,failed
TXN0007933,CRM004209,813.42,2022-04-05,completed
TXN0009417,CRM005645,3194.75,2023-06-22,pending
TXN0002321,GHOST00262,2479.75,2023-01-22,completed
TXN0001902,CRM010156,189.58,2024-05-07,failed
TXN0002568,CRM007798,225.25,2023-06-18,failed
TXN0000208,CRM002586,,2023-09-05,completed
TXN0011534,CRM010254,376.55,2022-12-27,failed
TXN0003982,CRM010418,46.02,2023-01-22,completed
TXN0005203,CRM006030,324.56,2024-05-01,pending
TXN0006053,GHOST00515,1464.6,2023-05-01,refunded
TXN0002776,CRM000438,2568.77,2022-09-17,completed
TXN0008145,CRM006458,398.81,2022-12-13,completed
TXN0000341,GHOST00124,178.76,2022-07-04,completed
TXN0003920,CRM010131,192.45,2023-08-08,pending
TXN0000964,CRM008330,71.46,2022-08-12,pending
TXN0001834,GHOST00679,620.63,2022-01-05,completed
TXN0009647,GHOST00636,82.51,2023-07-26,completed
TXN0008845,CRM005269,135.6,2022-02-10,completed
TXN0011184,CRM003780,852.58,2023-04-26,completed
TXN0001020,CRM005860,316.55,2022-08-28,refunded
TXN0005600,CRM002563,73.09,2022-05-15,completed
TXN0010197,CRM008805,993.95,2023-12-19,pending
TXN0007191,CRM007803,1352.37,2022-04-19,completed
TXN0011402,CRM007590,36.41,2022-12-08,completed
TXN0005966,CRM000896,18.56,2022-06-18,completed
TXN0010686,CRM006169,61.6,2023-03-05,completed
TXN0010643,CRM000280,268.12,2022-12-13,completed
TXN0006761,CRM001927,214.61,2022-03-15,completed
TXN0003139,CRM000111,261.79,2024-02-22,completed
TXN0010563,CRM000530,294.19,2023-09-27,completed
TXN0008594,CRM000057,78.34,2022-06-09,completed
TXN0004749,GHOST00353,147.3,2022-09-19,failed
TXN0003414,CRM003827,455.71,2024-04-13,completed
TXN0009315,CRM005435,242.42,2022-01-07,completed
TXN0006420,CRM002477,191.6,2024-04-26,completed
TXN0006217,CRM008957,465.1,2024-02-17,completed
TXN0003404,CRM007577,1067.89,2023-07-11,completed
TXN0009538,CRM004007,435.32,2023-06-05,completed
TXN0011474,CRM000406,179.31,2023-12-10,pending
TXN0008436,CRM001923,1125.26,2023-07-04,pending
TXN0003731,CRM008614,75.34,2023-08-12,completed
TXN0010836,CRM007849,1378.8,2023-06-07,failed
TXN0001398,CRM001155,395.53,2022-07-13,completed
TXN0005147,CRM001269,111.48,2024-02-05,completed
TXN0010959,CRM003140,778.92,2023-07-10,failed
TXN0005985,GHOST00854,257.64,2022-05-17,pending
TXN0011625,CRM004243,764.79,2022-10-25,pending
TXN0005828,CRM007160,138.75,2024-04-08,completed
TXN0003201,CRM002599,106.71,2024-05-21,completed
TXN0000189,CRM005609,476.32,2022-01-19,pending
TXN0010831,CRM005560,607.7,2023-07-03,completed
TXN0000882,CRM003103,63.03,2023-07-09,pending
TXN0010310,CRM006296,286.07,2024-04-03,failed
TXN0005054,CRM004473,765.36,2023-07-04,completed
TXN0010442,CRM003083,521.99,2022-08-12,completed
TXN0001860,CRM008864,523.93,2023-02-04,pending
TXN0011319,CRM007326,74.04,2023-04-12,pending
TXN0005640,CRM002371,2523.06,2024-02-12,completed
TXN0010195,CRM000776,38.0,2024-05-13,completed
TXN0002028,CRM003059,29.96,2022-03-27,completed
TXN0010188,CRM010277,125.08,2022-01-09,completed
TXN0009977,CRM004610,235.56,2023-01-08,pending
TXN0004832,CRM001612,636.17,2023-03-03,completed
TXN0005131,CRM008449,972.82,2022-10-25,completed
TXN0004784,CRM009014,559.61,2023-10-23,completed
TXN0001194,CRM005437,434.05,2023-01-14,completed
TXN0009494,CRM008628,276.64,2023-01-28,failed
TXN0001365,CRM009701,25.66,2023-12-19,completed
TXN0009639,CRM004048,455.44,2022-12-10,completed
TXN0004935,CRM007952,300.09,2022-08-28,failed
TXN0006990,CRM000431,24.06,2023-01-26,completed
TXN0005968,CRM007044,567.75,2024-03-04,completed
TXN0008426,CRM001071,238.75,2023-03-15,failed
TXN0001506,CRM004592,95.53,2023-11-07,failed
TXN0005567,CRM007714,442.34,2024-04-10,completed
TXN0008562,CRM008137,734.63,2022-02-22,completed
TXN0002878,CRM008338,54.78,2022-04-12,completed
TXN0007830,CRM002546,254.82,2022-04-28,completed
TXN0010939,CRM000607,101.34,2023-01-12,pending
TXN0008033,CRM000191,207.39,2024-01-27,completed
TXN0004506,CRM006175,1080.64,2024-06-14,completed
TXN0009162,CRM010022,752.56,2024-02-04,pending
TXN0009745,CRM003260,2402.77,2024-06-24,completed
TXN0006908,GHOST01117,581.71,2022-11-03,failed
TXN0003843,CRM008415,79.62,2022-03-01,pending
TXN0002328,CRM002054,515.19,2023-10-16,completed
TXN0007640,CRM003865,188.93,2023-01-21,failed
TXN0004122,CRM002146,215.71,2023-07-16,refunded
TXN0002464,CRM007067,632.94,2022-02-04,completed
TXN0001220,CRM006217,70.36,2022-04-21,completed
TXN0002069,CRM001183,153.94,2023-04-23,completed
TXN0000200,CRM003768,84.05,2022-10-28,completed
TXN0009008,CRM005729,124.68,2022-05-08,pending
TXN0005683,GHOST00474,359.0,2024-06-18,refunded
TXN0000795,CRM003367,810.93,2024-02-28,completed
TXN0001529,CRM007791,314.78,2023-12-04,completed
TXN0001906,CRM003130,45.07,2022-02-04,failed
TXN0003848,CRM002724,58.14,2024-05-14,completed
TXN0008210,CRM010144,133.43,2022-10-22,completed
TXN0000417,CRM007521,121.36,2022-09-29,completed
TXN0011669,CRM008662,228.15,2023-09-24,completed
TXN0010454,CRM000520,146.31,2023-01-30,completed
TXN0006491,CRM006011,195.07,2022-11-02,completed
TXN0006768,GHOST00404,231.16,2023-06-26,completed
TXN0001498,CRM008628,16.02,2023-05-02,completed
TXN0000353,CRM002430,253.92,2024-02-04,completed
TXN0007679,CRM005924,357.86,2023-07-24,completed
TXN0000751,CRM002998,188.57,2022-01-02,completed
TXN0004711,CRM005915,142.75,2023-03-28,failed
TXN0003615,GHOST00970,503.78,2023-09-10,completed
TXN0010870,CRM005457,14.32,2022-09-14,completed
TXN0009877,CRM008784,217.9,2023-08-25,pending
TXN0007358,CRM005370,1590.83,2024-03-18,completed
TXN0008071,GHOST00801,1633.3,2023-10-27,completed
TXN0001389,CRM001317,218.81,2022-04-23,completed
TXN0000681,CRM000473,28.06,2024-04-23,completed
TXN0001543,CRM004698,18.74,2023-08-15,completed
TXN0010427,CRM003963,161.17,2022-05-01,completed
TXN0005306,CRM004485,231.1,2024-06-06,pending
TXN0011721,CRM001356,205.36,2022-01-06,completed
TXN0002596,CRM001208,226.9,2023-02-09,pending
TXN0009440,CRM009022,120.27,2023-04-08,completed
TXN0010357,CRM005828,365.55,2023-11-03,completed
TXN0005531,CRM005270,552.17,2022-05-12,completed
TXN0003290,CRM004947,235.68,2023-05-18,failed
TXN0005877,CRM007742,36.25,2024-03-18,completed
TXN0009336,CRM005514,125.56,2022-03-17,completed
TXN0011121,CRM002437,302.9,2023-01-22,completed
TXN0010064,CRM001322,101.17,2023-03-27,completed
TXN0008486,CRM004230,97.44,2022-05-04,refunded
TXN0009845,CRM003235,398.37,2023-02-18,completed
TXN0000042,CRM007231,614.46,2022-11-26,completed
TXN0010807,CRM003736,561.07,2023-12-03,completed
TXN0007011,CRM007899,101.48,2023-06-24,completed
TXN0009419,CRM009792,168.92,2024-02-17,completed
TXN0009993,CRM002853,22.71,2023-12-07,completed
TXN0002797,CRM002207,235.62,2023-04-24,completed
TXN0011232,CRM000400,422.79,2023-12-21,completed
TXN0011375,CRM009642,967.59,2022-02-22,completed
TXN0011912,CRM000280,833.39,2023-08-29,completed
TXN0007357,CRM002374,335.15,2023-04-11,completed
TXN0002547,CRM006487,,2023-07-30,completed
TXN0011280,CRM002854,193.18,2022-11-24,completed
TXN0007434,CRM000766,48.92,2023-12-04,refunded
TXN0005226,CRM009164,29.87,2024-06-03,completed
TXN0008101,CRM007007,1752.55,2022-12-06,completed
TXN0005551,CRM005682,141.15,2023-06-07,completed
TXN0010456,CRM003432,306.17,2022-09-04,completed
TXN0008007,CRM006854,483.82,2022-07-03,completed
TXN0011424,CRM009204,540.22,2023-04-19,completed
TXN0004205,CRM003643,109.12,2023-07-27,completed
TXN0002027,CRM010227,219.14,2022-07-05,completed
TXN0011472,CRM005576,560.53,2022-02-21,completed
TXN0010765,CRM004193,500.38,2022-03-22,completed
TXN0011735,CRM007439,2816.89,2023-10-29,completed
TXN0007197,GHOST00072,845.09,2023-02-05,completed
TXN0000436,GHOST00256,305.55,2022-01-07,pending
TXN0011336,CRM002433,224.12,2024-01-23,pending
TXN0011628,CRM005118,2216.09,2022-12-26,failed
TXN0010487,CRM008307,636.35,2022-08-14,completed
TXN0006316,CRM010417,40.81,2024-05-15,completed
TXN0005819,CRM004059,619.0,2024-04-28,completed
TXN0009275,CRM001543,702.73,2022-04-02,completed
TXN0004730,CRM002433,160.05,2023-09-24,completed
TXN0002732,CRM003278,570.38,2023-03-28,completed
TXN0000146,GHOST00295,264.54,2022-08-28,completed
TXN0002669,CRM000202,353.53,2022-09-05,completed
TXN0006893,CRM002702,801.86,2022-01-27,completed
TXN0001422,CRM001738,1294.93,2023-09-02,completed
TXN0003779,CRM004599,1530.92,2022-06-12,completed
TXN0007253,CRM010052,1508.84,2022-03-24,completed
TXN0006537,CRM002159,62.23,2022-10-28,completed
TXN0011455,CRM009967,1899.46,2023-11-19,completed
TXN0004877,CRM004010,219.36,2023-07-30,completed
TXN0001173,CRM008480,67.72,2024-03-09,completed
TXN0007582,CRM003012,456.56,2024-06-03,completed
TXN0001847,CRM000333,403.02,2024-05-06,completed
TXN0009833,CRM002357,108.1,2023-05-17,completed
TXN0004780,CRM004675,169.41,2023-06-28,completed
TXN0007781,CRM003397,18.49,2022-09-18,completed
TXN0000474,CRM001186,2766.33,2022-10-16,completed
TXN0006288,CRM007809,1081.44,2023-12-13,completed
TXN0008405,CRM000790,66.04,2023-10-26,completed
TXN0000977,CRM010211,1899.1,2024-05-09,completed
TXN0006546,CRM006067,116.13,2023-01-27,completed
TXN0004762,CRM002821,318.01,2022-12-09,completed
TXN0007566,CRM007760,366.41,2022-04-15,refunded
TXN0006090,CRM001545,185.51,2022-04-30,completed
TXN0006208,CRM001066,189.78,2024-03-03,completed
TXN0000455,CRM003807,921.2,2023-09-17,failed
TXN0006849,CRM009820,286.35,2023-02-16,failed
TXN0009071,CRM010022,239.81,2023-04-06,failed
TXN0009291,CRM008725,298.07,2022-11-26,completed
TXN0003943,GHOST00615,443.39,2024-06-07,completed
TXN0011494,CRM004629,20.06,2022-07-06,completed
TXN0006318,CRM009281,432.07,2023-02-10,refunded
TXN0011061,CRM001741,1946.25,2023-09-13,completed
TXN0006519,CRM005890,143.91,2022-03-28,completed
TXN0002018,CRM009253,185.77,2023-07-21,refunded
TXN0000162,CRM009222,1439.47,2023-05-27,refunded
TXN0009759,CRM005139,94.91,2023-08-22,failed
TXN0004712,CRM001127,1600.37,2024-04-04,completed
TXN0001123,CRM000307,849.76,2024-06-06,completed
TXN0006218,CRM004790,209.15,2022-12-06,completed
TXN0011196,CRM004486,285.94,2023-11-03,completed
TXN0009368,CRM001133,551.55,2023-04-28,completed
TXN0008173,CRM002937,1013.4,2022-04-25,pending
TXN0001730,CRM006834,224.18,2022-04-04,completed
TXN0006956,GHOST00972,83.91,2022-11-15,completed
TXN0010247,CRM004941,185.59,2024-04-15,completed
TXN0006593,CRM005533,155.31,2022-05-13,failed
TXN0011698,CRM002179,54.56,2023-08-05,completed
TXN0002396,CRM001031,151.68,2024-01-03,completed
TXN0007296,CRM005978,130.08,2022-10-30,completed
TXN0010501,CRM003978,950.24,2022-11-05,completed
TXN0009640,CRM008293,139.56,2023-10-14,completed
TXN0006628,CRM003744,363.72,2023-10-04,pending
TXN0001773,CRM007898,60.51,2023-12-25,completed
TXN0008611,CRM001202,227.16,2022-01-08,completed
TXN0003944,CRM010202,256.59,2024-05-09,completed
TXN0006473,CRM000423,23.23,2022-11-07,completed
TXN0003441,CRM007386,23.75,2023-11-14,completed
TXN0011644,CRM007021,420.2,2024-04-23,completed
TXN0000607,CRM006554,537.13,2024-04-11,completed
TXN0011657,CRM004270,330.19,2023-12-14,completed
TXN0003073,CRM008130,203.19,2022-06-02,pending
TXN0011351,CRM006473,3070.83,2022-05-03,completed
TXN0009681,CRM007335,29.7,2022-11-21,completed
TXN0010846,CRM005440,201.58,2022-04-01,completed
TXN0000272,CRM005078,37.12,2023-02-11,completed
TXN0009665,CRM010268,42.14,2022-06-27,completed
TXN0006982,CRM008210,524.64,2024-03-18,completed
TXN0010410,CRM009981,195.49,2022-04-10,refunded
TXN0003978,CRM003706,91.58,2023-02-28,completed
TXN0006448,CRM006196,469.51,2023-02-03,pending
TXN0011995,CRM000821,422.83,2022-11-22,completed
TXN0003818,CRM005613,62.27,2023-05-27,completed
TXN0008668,CRM010247,374.72,2023-10-29,pending
TXN0001581,GHOST00374,870.5,2022-01-30,completed
TXN0010043,CRM007021,23.77,2022-05-30,completed
TXN0000952,CRM000289,192.9,2024-03-01,completed
TXN0009626,GHOST00452,210.99,2023-01-13,completed
TXN0007536,CRM008428,32.72,2022-05-31,completed
TXN0004490,CRM004059,105.18,2022-01-25,completed
TXN0000690,CRM008658,553.46,2022-05-15,completed
TXN0003707,GHOST00470,664.2,2022-04-30,completed
TXN0005260,CRM004897,495.51,2023-02-10,completed
TXN0011009,CRM000310,230.4,2022-08-24,completed
TXN0005402,CRM000702,71.23,2023-04-22,failed
TXN0007386,GHOST00135,802.72,2022-05-10,completed
TXN0002663,CRM009142,464.33,2023-07-07,completed
TXN0006071,CRM003641,7.31,2022-12-07,pending
TXN0006691,GHOST01095,173.87,2024-01-25,failed
TXN0007333,CRM004645,15.96,2022-10-14,completed
TXN0002377,GHOST01182,,2023-01-04,completed
TXN0009043,CRM001663,34.8,2022-10-22,completed
TXN0003795,CRM009392,107.01,2023-07-05,completed
TXN0000709,CRM008435,71.02,2023-10-26,completed
TXN0000633,CRM004253,152.0,2022-06-26,completed
TXN0007370,CRM003803,1360.35,2022-08-01,completed
TXN0009675,GHOST00734,273.37,2022-07-25,completed
TXN0003292,CRM003442,1303.02,2022-12-10,completed
TXN0006818,CRM002565,189.07,2024-01-02,completed
TXN0004252,CRM007205,291.94,2022-05-22,completed
TXN0001958,CRM003862,267.69,2022-02-04,pending
TXN0000291,GHOST01170,204.27,2023-09-03,completed
TXN0000266,CRM007067,97.12,2022-12-22,completed
TXN0011531,CRM002568,692.62,2024-05-09,completed
TXN0005086,CRM006311,47.14,2023-07-01,completed
TXN0002900,CRM009037,185.3,2024-06-12,failed
TXN0003624,CRM002125,219.43,2022-02-28,completed
TXN0011816,CRM001067,307.75,2023-04-27,completed
TXN0005377,GHOST00821,57.48,2023-02-01,failed
TXN0002352,CRM004692,485.91,2022-07-14,completed
TXN0006232,CRM007551,155.48,2022-12-12,completed
TXN0008302,CRM008340,1009.43,2023-09-04,completed
TXN0004788,CRM009877,80.35,2024-01-10,completed
TXN0005145,CRM009503,4260.12,2023-07-26,completed
TXN0006902,GHOST01139,27.7,2024-01-17,completed
TXN0011409,CRM000895,297.14,2023-02-21,completed
TXN0008912,CRM008140,1441.66,2022-02-03,completed
TXN0005573,CRM000765,360.61,2023-05-10,refunded
TXN0000490,CRM007953,4009.33,2022-11-14,refunded
TXN0002627,CRM002203,180.35,2024-03-08,pending
TXN0008311,CRM001251,596.2,2023-08-04,completed
TXN0000008,CRM002778,180.63,2022-08-06,completed
TXN0006588,CRM005302,38.2,2023-12-16,completed
TXN0011204,CRM003791,1213.07,2022-07-09,completed
TXN0010898,GHOST00480,632.35,2023-04-15,pending
TXN0005704,CRM000174,155.92,2022-05-26,completed
TXN0002497,GHOST01175,274.68,2024-02-04,completed
TXN0006937,CRM003861,934.12,2024-04-11,completed
TXN0011778,CRM004159,552.22,2024-03-14,failed
TXN0002341,CRM005277,549.31,2023-07-29,completed
TXN0009453,CRM000240,676.92,2022-09-02,completed
TXN0001629,CRM010427,25.82,2024-03-27,completed
TXN0007468,CRM001958,622.34,2024-06-01,completed
TXN0004086,CRM006662,131.46,2023-11-09,completed
TXN0006043,GHOST00189,215.65,2022-10-14,completed
TXN0010297,GHOST01128,1107.79,2023-02-08,completed
TXN0011413,CRM008274,130.5,2022-07-06,completed
TXN0007396,CRM001455,636.67,2022-06-11,completed
TXN0003981,CRM007284,97.14,2022-12-01,pending
TXN0011521,CRM005980,129.32,2022-07-15,completed
TXN0007018,CRM005908,116.36,2024-04-26,refunded
TXN0007760,CRM008661,1264.72,2022-05-08,completed
TXN0000805,CRM007368,377.87,2022-01-17,pending
TXN0001808,CRM008582,214.46,2022-11-21,completed
TXN0006701,CRM003845,444.28,2024-02-10,pending
TXN0005934,CRM003285,99.03,2023-10-01,completed
TXN0002394,CRM005342,894.01,2023-11-24,completed
TXN0005204,GHOST00211,559.71,2023-12-08,failed
TXN0011022,CRM000873,117.05,2023-04-28,completed
TXN0001786,CRM009636,690.21,2024-06-26,completed
TXN0000631,CRM000020,172.43,2024-01-27,completed
TXN0004801,CRM008570,756.18,2022-06-13,failed
TXN0005570,CRM009963,420.22,2023-09-04,refunded
TXN0008327,CRM000752,92.09,2023-04-30,completed
TXN0008400,CRM005513,743.19,2023-10-03,completed
TXN0008766,CRM001364,237.89,2023-08-03,completed
TXN0003859,CRM001301,470.98,2023-05-31,completed
TXN0000101,CRM004284,1097.28,2022-02-05,completed
TXN0007183,CRM003041,319.21,2022-11-09,failed
TXN0003226,CRM002101,67.08,2022-12-21,completed
TXN0001589,CRM002096,18.17,2022-06-15,refunded
TXN0003751,CRM002456,143.67,2023-03-29,pending
TXN0001568,CRM003377,1253.85,2024-01-08,failed
TXN0011441,GHOST00833,559.63,2022-06-26,completed
TXN0004758,CRM003870,196.76,2022-07-22,completed
TXN0006752,CRM006033,897.5,2023-04-20,completed
TXN0002152,CRM003786,257.28,2023-08-19,refunded
TXN0007297,CRM003456,319.89,2024-05-29,completed
TXN0006345,CRM005072,379.05,2024-02-29,completed
TXN0007733,GHOST01003,37.11,2022-08-21,completed
TXN0000590,CRM001832,443.89,2022-10-02,completed
TXN0011087,CRM000377,317.64,2024-01-11,completed
TXN0003149,CRM002330,966.19,2022-12-04,completed
TXN0000618,CRM005739,1203.24,2023-03-23,completed
TXN0006822,CRM005691,4457.2,2024-05-09,completed
TXN0011535,CRM000290,25.98,2024-04-03,pending
TXN0008096,CRM003951,245.51,2023-07-24,refunded
TXN0007553,GHOST00381,252.65,2024-02-05,completed
TXN0006478,CRM004446,215.66,2023-04-03,pending
TXN0009832,CRM009789,380.41,2023-07-02,completed
TXN0011550,CRM004226,947.55,2023-08-02,completed
TXN0006142,CRM000658,165.61,2022-11-02,completed
TXN0008796,CRM001929,278.52,2023-05-10,completed
TXN0001998,CRM005309,625.93,2023-05-04,completed
TXN0008324,CRM006203,255.32,2023-05-24,failed
TXN0001812,CRM008186,700.83,2022-09-15,completed
TXN0003774,CRM008176,333.43,2022-10-05,completed
TXN0009838,CRM002561,237.75,2023-07-27,completed
TXN0002431,CRM009662,643.91,2022-11-17,completed
TXN0004384,CRM002626,471.02,2022-04-10,completed
TXN0005589,CRM009000,116.41,2023-12-25,completed
TXN0006459,GHOST00301,264.5,2023-05-12,completed
TXN0009649,CRM005721,301.76,2022-09-14,pending
TXN0011579,CRM006123,235.52,2022-12-18,completed
TXN0009604,CRM004495,98.57,2024-04-30,pending
TXN0010462,CRM003950,78.3,2023-09-20,completed
TXN0011766,CRM003608,1079.0,2022-03-18,refunded
TXN0005749,CRM010108,55.5,2023-03-17,failed
TXN0001206,CRM006146,97.04,2023-08-08,completed
TXN0008150,CRM006389,541.74,2023-05-26,completed
TXN0009856,CRM000855,815.28,2022-11-21,completed
TXN0011442,CRM003371,926.75,2024-04-03,completed
TXN0009904,CRM000929,314.02,2023-10-08,completed
TXN0011203,CRM006558,1289.23,2023-06-06,failed
TXN0000902,CRM000582,212.37,2023-08-04,pending
TXN0002364,CRM006714,174.07,2023-02-07,completed
TXN0011380,CRM000902,359.68,2023-02-28,completed
TXN0002716,CRM000235,84.03,2023-08-19,completed
TXN0005504,CRM002955,239.96,2023-08-11,completed
TXN0009276,CRM006196,844.35,2022-03-30,completed
TXN0007328,CRM003571,72.5,2022-08-12,completed
TXN0000601,CRM003842,306.83,2022-05-13,failed
TXN0000211,CRM000633,27.93,2022-01-19,completed
TXN0008117,CRM000320,41.56,2022-10-08,completed
TXN0002076,CRM004379,242.76,2024-04-24,completed
TXN0000934,CRM006796,115.34,2022-09-21,completed
TXN0000652,CRM004302,2954.85,2022-07-04,completed
TXN0008691,CRM009377,473.91,2022-09-03,completed
TXN0010198,CRM000229,681.08,2024-03-11,completed
TXN0002035,CRM004366,133.87,2022-10-28,completed
TXN0000169,CRM000424,27.71,2024-04-19,completed
TXN0005143,CRM006568,499.31,2023-11-12,failed
TXN0004848,CRM003077,523.06,2024-04-28,completed
TXN0009312,CRM007504,62.68,2024-02-12,completed
TXN0001482,CRM009250,147.35,2022-02-18,completed
TXN0007064,GHOST00134,53.1,2022-09-22,completed
TXN0011173,CRM007076,18.03,2024-01-14,completed
TXN0007925,CRM009472,153.51,2022-02-22,completed
TXN0007953,CRM001015,230.25,2023-07-02,pending
TXN0004407,CRM009665,447.49,2024-04-23,completed
TXN0007743,CRM007747,1057.87,2023-02-25,completed
TXN0011911,CRM008664,179.23,2022-03-15,completed
TXN0003478,CRM007245,23.46,2022-09-12,pending
TXN0011701,CRM000183,59.62,2023-03-16,completed
TXN0009947,CRM005968,207.9,2023-03-29,completed
TXN0010196,CRM009844,141.67,2024-01-26,completed
TXN0007673,CRM004813,261.35,2022-12-14,completed
TXN0003424,CRM008382,89.76,2022-12-14,failed
TXN0006581,CRM004569,37.59,2024-06-22,completed
TXN0009136,CRM008587,25.07,2023-01-30,pending
TXN0002158,CRM004102,138.95,2022-10-20,pending
TXN0010478,CRM003532,,2023-05-23,pending
TXN0008223,GHOST00430,196.7,2023-09-06,failed
TXN0005162,GHOST00619,240.87,2023-01-05,completed
TXN0008975,CRM003152,165.47,2022-09-18,refunded
TXN0001500,CRM001463,90.91,2022-09-22,completed
TXN0007098,CRM008094,28.63,2022-10-29,pending
TXN0002682,CRM006034,114.75,2023-05-08,completed
TXN0001960,CRM001242,110.46,2023-11-21,completed
TXN0008412,CRM008314,483.95,2023-10-29,completed
TXN0004034,CRM006401,426.84,2024-01-11,completed
TXN0002833,CRM004740,481.1,2024-06-20,pending
TXN0006574,CRM003732,936.98,2022-03-10,completed
TXN0010600,CRM000631,145.13,2022-11-02,completed
TXN0002159,CRM005061,,2023-06-08,completed
TXN0008556,CRM005751,416.18,2023-04-16,completed
TXN0011562,CRM003427,2416.5,2024-05-28,completed
TXN0005782,CRM009066,237.5,2022-09-22,completed
TXN0009272,CRM003305,217.41,2023-10-07,completed
TXN0003569,CRM001637,411.31,2022-02-18,completed
TXN0008493,CRM000511,512.8,2024-05-01,completed
TXN0002237,CRM003162,54.01,2024-02-16,completed
TXN0011292,CRM001937,259.16,2024-01-13,completed
TXN0011229,CRM002878,466.06,2023-03-19,completed
TXN0008824,CRM008411,587.8,2024-06-04,pending
TXN0002072,CRM002226,37.62,2022-11-12,completed
TXN0011980,CRM010314,12133.43,2024-02-06,completed
TXN0001320,CRM002312,87.8,2024-06-28,pending
TXN0011747,CRM001757,3267.73,2024-06-15,completed
TXN0001051,CRM001559,296.13,2022-04-18,completed
TXN0008902,CRM002356,213.42,2022-10-21,completed
TXN0002888,CRM007650,2252.88,2022-11-03,completed
TXN0010855,CRM004779,213.45,2022-01-03,pending
TXN0001707,CRM007642,237.58,2023-07-31,completed
TXN0011763,CRM000125,499.49,2023-03-09,completed
TXN0001204,CRM009029,20.55,2022-06-04,failed
TXN0006430,CRM009053,190.81,2022-10-06,completed
TXN0005626,CRM004841,190.69,2022-07-07,failed
TXN0010677,CRM005461,72.74,2023-12-27,completed
TXN0000895,CRM004743,209.46,2023-03-12,completed
TXN0005245,GHOST00506,2452.25,2022-03-09,completed
TXN0005590,CRM004014,1066.14,2022-03-12,completed
TXN0000559,CRM009285,148.49,2023-06-19,completed
TXN0009576,CRM004696,187.99,2022-03-30,completed
TXN0007346,CRM008800,164.23,2024-06-06,completed
TXN0006529,CRM005139,601.35,2023-07-04,completed
TXN0011420,CRM004469,481.93,2024-01-22,completed
TXN0003484,CRM005839,89.58,2023-08-02,completed
TXN0009842,CRM008247,661.97,2023-12-16,completed
TXN0004633,CRM002146,120.45,2022-01-10,pending
TXN0004075,CRM005937,484.56,2023-03-31,completed
TXN0006833,GHOST00008,253.06,2024-05-11,completed
TXN0007037,CRM000770,375.62,2023-12-19,completed
TXN0010133,CRM000070,482.4,2023-07-18,completed
TXN0003688,CRM007271,808.08,2023-10-21,completed
TXN0009886,GHOST01163,117.07,2023-09-19,completed
TXN0002635,CRM002328,18.86,2024-01-28,completed
TXN0005183,CRM003032,216.71,2023-04-09,completed
TXN0001114,CRM005613,198.02,2022-09-11,completed
TXN0006056,CRM001379,234.75,2023-12-19,completed
TXN0005110,CRM004223,81.68,2022-12-26,pending
TXN0002085,GHOST01092,28.8,2023-10-20,completed
TXN0010985,CRM007548,188.3,2022-11-16,completed
TXN0008131,CRM005210,142.85,2023-03-20,pending
TXN0010668,CRM003916,101.79,2023-07-05,completed
TXN0007528,CRM010403,1033.21,2023-09-18,completed
TXN0000233,CRM004440,624.44,2023-08-19,completed
TXN0001045,CRM005893,322.41,2022-10-24,completed
TXN0001989,CRM000631,176.68,2023-06-02,completed
TXN0010973,CRM001984,244.01,2024-06-04,failed
TXN0005405,CRM006698,286.52,2022-06-27,completed
TXN0002246,CRM000785,2077.43,2022-07-26,completed
TXN0000719,CRM002249,599.23,2022-11-06,completed
TXN0001159,CRM000204,48.75,2023-11-22,completed
TXN0007586,CRM007045,426.44,2022-05-23,completed
TXN0010703,CRM005475,647.71,2022-07-02,completed
TXN0005262,CRM001782,101.47,2023-05-18,completed
TXN0008124,CRM003146,219.62,2024-05-05,completed
TXN0001838,CRM006327,,2023-02-19,failed
TXN0009763,CRM004321,49.34,2024-05-17,completed
TXN0002706,CRM000921,78.71,2022-12-10,completed
TXN0007756,CRM002710,374.34,2022-09-12,completed
TXN0007818,CRM000159,1204.49,2024-04-02,completed
TXN0003587,CRM002422,620.71,2022-09-27,completed
TXN0001069,CRM006576,275.14,2023-07-08,pending
TXN0010557,CRM005943,91.83,2023-07-04,completed
TXN0008735,CRM006687,30.28,2023-07-12,completed
TXN0002722,GHOST01185,155.75,2022-03-30,completed
TXN0003062,CRM003187,109.8,2022-11-24,completed
TXN0002619,CRM006824,422.83,2022-01-03,completed
TXN0005284,GHOST00727,419.56,2024-02-23,pending
TXN0002224,CRM006396,74.77,2023-02-28,pending
TXN0009360,CRM008328,150.02,2023-02-12,failed
TXN0006623,CRM004856,88.4,2023-02-25,completed
TXN0004083,CRM002316,303.99,2022-10-01,completed
TXN0001479,CRM002654,114.66,2023-05-12,pending
TXN0010288,CRM002724,122.96,2023-03-23,refunded
TXN0002592,CRM006942,33.34,2022-08-28,completed
TXN0008257,CRM003421,205.05,2023-04-21,completed
TXN0010554,CRM008302,504.47,2023-09-02,pending
TXN0001461,CRM004673,866.23,2023-04-28,completed
TXN0000462,CRM003841,295.32,2023-10-24,pending
TXN0010374,CRM005283,3557.21,2022-02-28,refunded
TXN0006162,CRM003367,224.72,2023-12-02,completed
TXN0009831,CRM006955,214.69,2024-05-14,completed
TXN0003834,CRM003497,221.78,2022-04-02,completed
TXN0007561,CRM001913,325.23,2023-03-02,completed
TXN0008787,CRM009528,102.53,2023-09-20,completed
TXN0006453,CRM005542,496.19,2022-01-04,completed
TXN0010929,CRM002080,724.77,2022-06-02,completed
TXN0007502,CRM000717,110.23,2024-01-22,completed
TXN0006425,CRM003687,19.24,2024-02-21,completed
TXN0006092,CRM005524,94.98,2024-03-03,completed
TXN0002531,CRM010486,143.66,2022-09-15,pending
TXN0000024,CRM001763,408.18,2023-08-01,completed
TXN0002128,CRM010291,38.51,2022-11-13,failed
TXN0001709,GHOST00286,303.7,2024-05-28,completed
TXN0009135,CRM002343,376.8,2024-06-01,failed
TXN0008943,GHOST00454,83.65,2022-04-14,completed
TXN0001421,CRM003841,94.52,2023-10-03,completed
TXN0001783,CRM008860,559.9,2022-05-01,completed
TXN0003863,CRM008511,465.25,2024-03-31,completed
TXN0008887,CRM008375,521.99,2022-12-15,completed
TXN0004303,CRM006102,2549.64,2024-02-05,refunded
TXN0004199,CRM009066,75.23,2022-05-31,failed
TXN0008704,CRM002499,17.0,2024-06-24,pending
TXN0006766,CRM004922,531.97,2023-05-08,completed
TXN0004689,CRM001437,3123.88,2023-04-06,completed
TXN0003638,CRM007820,716.27,2024-02-09,completed
TXN0007201,CRM005776,,2023-12-11,completed
TXN0011702,CRM003358,1055.76,2022-12-05,completed
TXN0010066,CRM006584,603.44,2022-02-09,pending
TXN0009028,CRM002645,55.76,2022-04-16,completed
TXN0000667,CRM009120,309.12,2022-10-09,completed
TXN0006558,GHOST00526,29.82,2023-06-04,completed
TXN0007739,GHOST00264,157.76,2024-06-17,completed
TXN0011865,CRM003806,308.0,2023-10-31,completed
TXN0007367,CRM009193,2018.28,2024-04-10,completed
TXN0009771,CRM001670,844.67,2022-02-20,pending
TXN0007912,CRM002761,845.48,2024-04-08,completed
TXN0011509,CRM004046,616.59,2022-04-27,pending
TXN0005016,CRM004312,107.91,2022-03-04,failed
TXN0010505,CRM002616,231.53,2022-04-24,completed
TXN0005498,CRM003171,554.15,2024-01-19,refunded
TXN0007230,CRM010121,133.85,2022-12-22,completed
TXN0002226,CRM000148,2296.53,2022-01-04,completed
TXN0000707,CRM008821,887.39,2024-01-08,completed
TXN0002532,CRM000593,49.4,2023-11-27,pending
TXN0007328,CRM003571,72.5,2022-08-12,completed
TXN0006441,CRM005924,1163.48,2023-02-22,completed
TXN0005084,CRM002138,311.18,2023-05-25,completed
TXN0006112,CRM008860,10.06,2022-05-15,completed
TXN0004717,GHOST00896,47.57,2024-01-14,completed
TXN0005944,CRM002028,142.05,2023-10-19,completed
TXN0007782,CRM006675,860.21,2024-03-21,completed
TXN0010417,CRM006821,930.8,2022-01-29,failed
TXN0000537,CRM008205,136.59,2022-10-31,completed
TXN0008951,CRM003221,26099.0,2023-03-15,completed
TXN0010920,CRM006427,162.2,2023-08-07,refunded
TXN0004099,CRM000733,58.69,2022-08-20,pending
TXN0011697,CRM009275,19.54,2023-05-19,completed
TXN0000804,CRM006428,40.85,2023-12-01,refunded
TXN0010053,CRM004663,559.25,2022-08-07,completed
TXN0005765,CRM006003,128.79,2022-04-14,completed
TXN0006144,CRM000809,225.58,2022-02-05,completed
TXN0009083,CRM010244,297.23,2023-03-03,completed
TXN0003856,CRM009754,2314.82,2024-01-21,completed
TXN0002263,CRM003038,102.63,2022-06-21,completed
TXN0008795,CRM006030,724.92,2022-01-27,completed
TXN0001326,CRM006807,1241.24,2023-06-01,failed
TXN0004409,CRM010078,216.3,2022-10-08,completed
TXN0008803,CRM003414,103.33,2022-06-24,completed
TXN0007177,CRM001587,1496.24,2023-09-21,completed
TXN0001887,CRM009249,127.24,2022-11-29,completed
TXN0009401,CRM007583,396.33,2024-05-30,completed
TXN0011835,CRM003725,55.96,2023-11-27,completed
TXN0002446,CRM005332,32.44,2023-10-09,completed
TXN0008785,CRM001388,342.05,2022-05-17,completed
TXN0003952,CRM009959,71.57,2024-01-25,completed
TXN0001283,CRM000813,324.42,2022-09-21,failed
TXN0007715,CRM004303,72.07,2024-05-30,completed
TXN0006693,CRM009610,492.57,2022-04-08,completed
TXN0005596,CRM001969,73.19,2022-06-25,completed
TXN0011306,CRM006297,1272.51,2024-06-20,completed
TXN0009206,GHOST00850,1933.92,2022-10-16,completed
TXN0011893,CRM000181,91.35,2023-08-01,completed
TXN0005668,CRM006219,45.39,2024-06-21,completed
TXN0005487,GHOST01049,1946.09,2023-10-25,pending
TXN0004661,CRM006503,2018.29,2023-02-10,completed
TXN0000376,CRM009600,103.61,2024-06-14,completed
TXN0002542,CRM005238,1669.79,2024-03-07,failed
TXN0000152,CRM008194,1468.42,2022-07-09,completed
TXN0001724,CRM000521,316.28,2023-03-13,completed
TXN0010815,CRM008384,105.44,2023-09-29,completed
TXN0007865,CRM000749,115.7,2024-06-01,failed
TXN0008833,CRM007556,52.07,2024-01-15,completed
TXN0008006,CRM005019,429.07,2024-04-16,completed
TXN0003552,CRM009494,59.56,2024-05-18,completed
TXN0003363,CRM010040,90.76,2023-09-13,completed
TXN0005083,CRM007343,1843.59,2022-10-14,completed
TXN0009475,GHOST00527,314.21,2022-06-09,completed
TXN0006404,CRM000040,150.24,2023-10-23,completed
TXN0010886,CRM001509,300.55,2023-09-09,completed
TXN0011741,GHOST00794,111.23,2024-04-08,failed
TXN0009292,CRM006637,181.68,2023-11-04,completed
TXN0004040,CRM006199,227.24,2022-07-25,completed
TXN0010447,CRM003433,1070.1,2023-05-28,failed
TXN0008304,CRM006942,87.65,2022-10-02,completed
TXN0000082,CRM009762,48.98,2022-11-09,completed
TXN0007288,CRM007804,461.27,2023-06-20,completed
TXN0002314,CRM009483,247.85,2022-11-23,pending
TXN0011718,CRM010428,959.09,2022-09-19,completed
TXN0001187,CRM004701,44.49,2024-05-10,completed
TXN0010129,CRM006458,216.25,2022-11-06,completed
TXN0007662,GHOST00856,22.43,2023-05-10,completed
TXN0009223,CRM009130,292.68,2022-05-19,completed
TXN0002346,GHOST00908,39.24,2023-01-29,completed
TXN0008348,CRM003448,339.24,2024-01-26,completed
TXN0004011,CRM009563,224.23,2022-10-18,completed
TXN0009860,CRM009846,499.69,2022-07-16,failed
TXN0007380,CRM006745,376.57,2022-07-18,completed
TXN0009564,CRM001932,1242.25,2022-01-20,completed
TXN0011667,CRM009333,376.11,2024-01-14,completed
TXN0003734,CRM003599,46.77,2023-10-18,completed
TXN0010542,CRM000429,1283.56,2023-09-25,completed
TXN0006446,CRM003455,107.68,2023-12-09,completed
TXN0008850,CRM000825,85.56,2022-11-19,completed
TXN0000403,CRM004995,1150.47,2022-03-27,completed
TXN0003283,CRM006321,483.86,2022-12-14,pending
TXN0000017,CRM007044,142.35,2023-10-18,completed
TXN0004321,GHOST00329,380.66,2023-03-10,completed
TXN0002745,CRM010449,1758.38,2022-03-01,pending
TXN0006338,CRM010427,1157.99,2023-06-24,pending
TXN0003591,CRM004422,126.64,2023-06-21,completed
TXN0007603,GHOST00764,476.47,2023-05-12,completed
TXN0004980,CRM001486,146.77,2022-05-05,completed
TXN0000614,CRM005893,152.76,2022-11-17,pending
TXN0011393,CRM000431,130.23,2023-04-11,completed
TXN0008974,CRM010208,504.71,2024-06-06,completed
TXN0005989,CRM005690,107.92,2022-01-15,pending
TXN0008184,CRM003098,659.24,2023-08-06,completed
TXN0006051,CRM005145,889.26,2022-06-07,completed
TXN0002425,GHOST00111,107.33,2023-11-26,completed
TXN0006204,CRM004133,531.51,2024-05-09,completed
TXN0004937,CRM003270,357.6,2022-12-08,completed
TXN0010572,GHOST01153,705.01,2022-08-10,completed
TXN0004726,CRM001834,171.93,2023-10-29,completed
TXN0008891,CRM010012,1671.88,2022-04-18,completed
TXN0000170,CRM010246,48.06,2024-03-28,completed
TXN0011330,CRM004650,840.97,2023-10-04,completed
TXN0011543,CRM002621,195.01,2022-12-02,completed
TXN0011964,CRM001964,24.96,2022-08-21,completed
TXN0007588,CRM008558,183.54,2022-09-01,completed
TXN0006991,CRM006378,330.31,2024-02-22,completed
TXN0006531,CRM002880,178.77,2023-03-12,refunded
TXN0009338,CRM000011,280.51,2022-03-03,completed
TXN0005700,GHOST01009,35.67,2023-02-02,completed
TXN0006175,CRM002691,139.22,2023-01-24,completed
TXN0008217,CRM009511,1598.73,2022-02-18,completed
TXN0007853,GHOST00809,1421.71,2023-06-10,failed
TXN0006987,CRM010385,283.72,2024-01-21,completed
TXN0007975,GHOST00871,1698.7,2024-05-01,pending
TXN0004978,CRM005781,165.42,2022-05-27,pending
TXN0002360,CRM006865,50.48,2023-10-26,pending
TXN0006731,CRM006564,178.2,2023-11-25,pending
TXN0008120,CRM004060,717.56,2022-09-07,completed
TXN0004610,CRM001790,477.93,2024-04-13,completed
TXN0003823,CRM005860,519.24,2023-04-20,completed
TXN0006314,GHOST00510,88.98,2024-02-25,completed
TXN0001601,CRM001567,44.18,2022-03-18,completed
TXN0002106,CRM004012,20.05,2022-06-03,completed
TXN0000791,CRM009561,6.75,2024-02-17,completed
TXN0005853,CRM003638,125.88,2023-05-28,completed
TXN0008091,CRM006828,76.71,2022-09-19,pending
TXN0008077,CRM000153,122.29,2022-12-10,refunded
TXN0003395,CRM006706,87.75,2022-11-16,completed
TXN0004646,CRM006328,178.83,2023-11-23,completed
TXN0011092,CRM001498,295.8,2023-11-27,completed
TXN0009888,CRM002748,38.51,2022-12-28,completed
TXN0003384,CRM007959,637.57,2023-12-14,completed
TXN0009255,CRM000234,464.26,2022-11-05,failed
TXN0001453,CRM002091,1188.32,2022-03-29,completed
TXN0001428,CRM000159,225.13,2022-10-25,completed
TXN0007126,CRM005292,279.72,2023-01-28,completed
TXN0005830,CRM008598,76.94,2023-01-15,completed
TXN0001694,CRM005707,60.27,2024-04-01,refunded
TXN0011987,CRM002998,175.02,2024-02-21,completed
TXN0007105,GHOST00426,37.03,2024-03-06,completed
TXN0008825,GHOST01137,156.58,2022-03-28,completed
TXN0006583,CRM005400,240.81,2024-03-13,completed
TXN0009319,CRM008884,404.94,2023-03-29,pending
TXN0001214,CRM001801,384.03,2023-07-19,pending
TXN0005605,CRM009957,386.99,2022-06-24,completed
TXN0005229,CRM006332,367.59,2022-12-03,refunded
TXN0008882,CRM008876,184.18,2022-11-28,completed
TXN0005327,CRM010416,4455.03,2023-07-06,pending
TXN0000711,CRM003064,130.34,2022-01-27,completed
TXN0010826,CRM004072,1939.54,2023-04-05,failed
TXN0006707,CRM004337,361.15,2022-02-18,pending
TXN0008731,CRM004712,276.84,2023-01-13,completed
TXN0006666,CRM008636,106.63,2023-02-18,refunded
TXN0007356,CRM001633,221.9,2024-03-05,completed
TXN0010290,CRM007596,42.25,2023-06-28,completed
TXN0006799,CRM002209,1027.7,2024-05-16,completed
TXN0010472,CRM002909,243.39,2022-12-31,completed
TXN0004474,CRM002476,1720.6,2024-02-06,completed
TXN0001944,CRM000896,359.04,2023-11-18,completed
TXN0010565,CRM002879,110.4,2023-08-14,refunded
TXN0002565,CRM006660,352.22,2022-01-24,completed
TXN0006113,CRM005682,1525.24,2022-05-15,completed
TXN0003120,CRM008851,773.99,2022-10-30,completed
TXN0005937,CRM009641,636.61,2024-01-18,completed
TXN0000871,CRM010413,42.67,2023-06-22,completed
TXN0008971,CRM004144,321.74,2023-05-10,pending
TXN0008190,GHOST00420,2576.81,2022-10-19,pending
TXN0010366,CRM003839,464.82,2024-04-21,completed
TXN0007548,CRM004197,50.07,2023-01-09,completed
TXN0011008,CRM002925,79.77,2022-06-01,pending
TXN0010124,GHOST00354,44.69,2022-10-13,completed
TXN0007337,CRM010067,303.64,2022-06-06,refunded
TXN0003046,GHOST00610,522.66,2024-06-28,completed
TXN0002601,CRM000604,1262.12,2022-05-11,completed
TXN0005932,CRM009810,70.49,2023-12-13,completed
TXN0001080,CRM009666,142.72,2022-05-17,completed
TXN0007244,CRM005994,235.33,2023-03-11,completed
TXN0002020,CRM010254,401.95,2022-10-20,completed
TXN0002602,CRM001843,542.36,2022-12-12,completed
TXN0008659,GHOST00414,131.43,2023-11-04,completed
TXN0005059,CRM007063,553.97,2024-02-04,completed
TXN0009577,CRM009139,2837.32,2024-02-14,completed
TXN0006066,CRM010360,297.98,2022-07-29,completed
TXN0008513,CRM002161,44.29,2023-11-11,completed
TXN0004383,CRM004789,34.37,2022-12-19,completed
TXN0010558,CRM000743,1809.16,2022-08-21,completed
TXN0005814,CRM001495,123.5,2022-11-07,completed
TXN0006268,CRM008537,57.36,2024-05-04,completed
TXN0006072,CRM007797,55.77,2023-01-28,pending
TXN0007581,CRM003937,545.98,2023-01-21,completed
TXN0003061,CRM001721,135.77,2023-11-30,pending
TXN0010835,GHOST00997,40.62,2022-09-25,completed
TXN0011377,CRM006110,54.95,2023-10-21,completed
TXN0006913,CRM005742,37.76,2022-04-27,failed
TXN0008062,CRM006384,795.55,2024-05-22,failed
TXN0008491,CRM003628,4256.58,2023-08-25,completed
TXN0010726,CRM007758,109.28,2023-10-05,failed
TXN0003227,CRM008282,72.19,2022-10-04,completed
TXN0008552,CRM006251,106.13,2023-10-19,completed
TXN0006672,CRM006623,102.2,2022-06-03,completed
TXN0001886,CRM004374,406.25,2024-04-28,completed
TXN0005706,CRM000145,12.59,2023-02-27,failed
TXN0009024,CRM002929,18.33,2022-11-03,completed
TXN0000578,CRM008493,31.19,2024-05-22,completed
TXN0011311,CRM007384,4218.02,2022-09-02,completed
TXN0008665,CRM006991,,2023-03-03,completed
TXN0005592,CRM004697,542.13,2023-03-13,completed
TXN0004566,CRM010076,603.71,2023-07-15,pending
TXN0008831,CRM001422,603.49,2023-04-20,completed
TXN0001493,CRM002563,250.99,2022-08-25,completed
TXN0008683,GHOST00893,166.96,2024-02-23,completed
TXN0004535,CRM007767,480.83,2023-08-10,completed
TXN0011662,CRM000947,138.22,2023-04-29,completed
TXN0001746,GHOST00238,2465.19,2023-12-12,completed
TXN0010998,CRM007739,432.2,2023-02-03,failed
TXN0010993,CRM002887,215.35,2023-11-14,completed
TXN0006128,CRM006675,99.99,2022-09-17,completed
TXN0002567,CRM007928,169.63,2022-11-10,completed
TXN0010616,GHOST01051,159.35,2022-04-13,refunded
TXN0000350,CRM002895,95.65,2022-06-28,completed
TXN0002479,CRM006627,479.26,2023-03-18,completed
TXN0010210,CRM008930,64.98,2022-02-24,completed
TXN0005942,CRM004317,62.11,2023-08-15,completed
TXN0004710,CRM009351,457.83,2024-05-24,completed
TXN0003832,CRM005622,266.24,2022-08-03,failed
TXN0002862,CRM003099,890.57,2024-05-24,completed
TXN0009979,CRM005208,61.43,2023-05-25,completed
TXN0001044,CRM008590,125.2,2024-01-19,failed
TXN0005434,CRM005618,52.64,2023-07-22,completed
TXN0005036,GHOST01105,86.89,2022-09-26,failed
TXN0007321,GHOST00468,179.66,2022-12-19,completed
TXN0006732,CRM007938,166.43,2023-03-03,completed
TXN0004154,CRM009455,647.33,2024-06-25,completed
TXN0000153,CRM006269,101.38,2022-06-05,completed
TXN0000295,GHOST00395,149.23,2022-01-15,completed
TXN0011811,CRM006862,1072.19,2024-05-13,completed
TXN0008789,CRM009411,35.55,2024-06-22,pending
TXN0010274,CRM004938,332.2,2023-08-29,completed
TXN0006963,CRM008505,230.95,2022-08-13,failed
TXN0004572,GHOST00367,105.99,2023-11-10,completed
TXN0007657,CRM002159,207.71,2022-01-11,completed
TXN0000243,CRM009707,59.32,2022-10-25,pending
TXN0011734,CRM001007,35.54,2023-09-03,completed
TXN0007323,CRM004826,298.96,2022-03-31,completed
TXN0010208,CRM000595,51.18,2024-03-31,completed
TXN0003172,CRM007979,590.24,2022-12-10,completed
TXN0000653,CRM002281,,2023-04-18,refunded
TXN0007008,CRM006912,91.89,2023-05-31,completed
TXN0002564,CRM004713,223.41,2023-05-10,completed
TXN0002738,CRM003844,125.46,2022-07-11,pending
TXN0010379,CRM009216,851.88,2024-05-19,completed
TXN0010448,CRM004414,129.24,2022-02-13,completed
TXN0010291,CRM004045,93.11,2023-12-20,pending
TXN0010352,CRM005713,52.0,2022-04-04,completed
TXN0004333,CRM001305,386.94,2023-03-19,completed
TXN0009950,CRM005302,389.69,2022-05-02,completed
TXN0003988,CRM009466,52.72,2023-01-30,completed
TXN0009677,CRM007446,648.5,2023-08-01,completed
TXN0002895,CRM001625,2517.92,2023-06-18,completed
TXN0010098,CRM001447,572.12,2023-08-26,completed
TXN0008463,CRM008912,194.69,2023-12-08,completed
TXN0010978,CRM007026,33.19,2024-06-30,completed
TXN0007637,CRM007821,809.27,2023-04-24,completed
TXN0010515,CRM008558,1795.21,2023-11-27,pending
TXN0010355,CRM002428,151.62,2022-01-26,completed
TXN0011256,CRM004096,214.07,2023-06-14,pending
TXN0001794,GHOST01016,129.87,2022-10-20,completed
TXN0007606,CRM007039,534.34,2022-10-29,completed
TXN0004379,CRM007301,380.52,2022-07-03,completed
TXN0010121,CRM003713,210.6,2022-03-04,completed
TXN0002546,CRM008171,212.49,2022-07-12,completed
TXN0003078,CRM007735,539.77,2023-08-15,completed
TXN0003820,CRM009093,83.3,2023-12-24,completed
TXN0010975,GHOST00995,362.97,2022-10-18,failed
TXN0001864,CRM008539,162.53,2022-08-11,completed
TXN0000730,CRM006331,,2022-02-17,completed
TXN0011244,CRM009908,3389.17,2022-08-27,completed
TXN0005341,CRM005768,220.46,2022-04-05,completed
TXN0005629,CRM006718,132.3,2022-12-30,completed
TXN0000076,CRM004781,34.76,2022-11-14,completed
TXN0008063,CRM003382,24.01,2022-11-12,completed
TXN0005253,CRM007309,2292.26,2022-10-16,pending
TXN0006957,CRM008490,63.15,2023-01-04,completed
TXN0009635,CRM006941,172.41,2023-03-07,completed
TXN0001160,CRM003996,249.34,2023-11-24,completed
TXN0001278,CRM000688,341.76,2023-02-01,completed
TXN0010841,CRM009926,116.33,2023-07-26,pending
TXN0002419,CRM008422,400.68,2024-03-21,pending
TXN0006789,CRM006027,188.61,2022-06-30,pending
TXN0006973,CRM003456,645.86,2024-05-29,completed
TXN0010034,CRM004542,110.66,2023-12-12,completed
TXN0004484,CRM004127,3430.28,2022-05-23,completed
TXN0001383,CRM003551,129.77,2023-08-20,refunded
TXN0011181,CRM002541,1648.82,2022-08-11,completed
TXN0010619,CRM005166,115.59,2024-02-15,completed
TXN0011717,CRM007463,691.61,2023-09-15,pending
TXN0008866,GHOST00063,138.87,2023-08-30,completed
TXN0006842,CRM000290,550.49,2023-12-25,completed
TXN0001134,CRM008849,480.67,2024-03-15,completed
TXN0009408,CRM000220,1284.2,2022-03-30,completed
TXN0009081,CRM001140,123.53,2022-10-30,completed
TXN0010003,CRM004116,484.72,2023-07-29,completed
TXN0007534,CRM006085,353.59,2023-05-11,completed
TXN0007836,CRM008208,296.12,2023-01-22,completed
TXN0001018,CRM007626,699.45,2023-04-25,completed
TXN0002931,CRM009683,114.6,2022-12-31,completed
TXN0009093,CRM004390,663.15,2022-03-17,completed
TXN0000651,GHOST01020,53.1,2023-08-22,failed
TXN0001286,CRM006206,111.27,2023-05-07,completed
TXN0003271,CRM003114,894.93,2022-01-08,completed
TXN0000497,CRM009807,258.27,2022-04-15,completed
TXN0010041,GHOST00488,635.23,2024-02-13,completed
TXN0009916,CRM000774,464.78,2022-02-15,completed
TXN0003124,GHOST00751,151.9,2024-02-11,refunded
TXN0005155,CRM004361,406.83,2023-10-24,completed
TXN0010680,CRM000375,283.11,2023-04-27,completed
TXN0007198,CRM008427,209.29,2022-11-18,refunded
TXN0003365,CRM006821,168.34,2023-05-07,completed
TXN0007431,CRM008090,251.71,2023-01-31,completed
TXN0003788,CRM009825,199.61,2023-06-30,refunded
TXN0006864,CRM001227,420.49,2023-02-07,pending
TXN0007002,CRM000507,67.26,2023-10-19,completed
TXN0011914,CRM008568,91.91,2023-09-15,completed
TXN0001354,CRM007562,659.41,2024-05-12,completed
TXN0003317,CRM000278,20.84,2022-07-12,completed
TXN0001105,CRM010297,414.91,2022-12-05,completed
TXN0004955,CRM000374,1603.47,2023-07-01,completed
TXN0010333,CRM009727,186.29,2022-12-29,completed
TXN0005912,CRM000076,111.1,2023-10-22,completed
TXN0011181,CRM002541,,2022-08-11,completed
TXN0004750,CRM005039,631.8,2022-01-24,completed
TXN0003186,CRM002524,167.86,2022-05-06,completed
TXN0011540,CRM002626,591.42,2024-06-06,refunded
TXN0007065,CRM009423,398.65,2023-11-23,pending
TXN0001338,CRM001307,755.27,2022-01-17,completed
TXN0007491,CRM001515,1475.86,2022-02-27,completed
TXN0006458,CRM007404,130.78,2023-05-09,completed
TXN0005653,CRM002873,152.6,2022-07-11,completed
TXN0005447,CRM009019,301.04,2022-08-14,failed
TXN0009861,CRM008893,321.3,2022-04-07,completed
TXN0001858,CRM001849,129.3,2022-04-25,completed
TXN0009929,CRM002543,271.4,2023-02-10,completed
TXN0005356,CRM007958,100.01,2023-04-04,pending
TXN0008453,CRM001651,76.91,2024-04-27,failed
TXN0005196,CRM001219,318.54,2022-01-19,completed
TXN0006619,CRM009823,164.84,2022-09-29,completed
TXN0008870,GHOST01007,441.54,2024-06-06,refunded
TXN0008329,CRM009664,57.03,2024-03-26,completed
TXN0002429,CRM002687,19.63,2022-04-13,completed
TXN0011478,CRM001513,472.98,2023-10-18,completed
TXN0003758,CRM009080,415.86,2024-01-26,completed
TXN0007252,CRM005188,135.64,2023-06-27,completed
TXN0001323,CRM006903,257.89,2022-01-16,completed
TXN0011156,CRM009190,188.71,2023-01-17,completed
TXN0004574,CRM002746,522.02,2022-12-25,completed
TXN0002201,CRM003478,191.01,2022-04-03,completed
TXN0006981,CRM001519,120.32,2022-11-20,completed
TXN0011930,CRM001176,3601.08,2023-12-08,completed
TXN0010403,CRM002948,574.16,2022-05-11,failed
TXN0010959,CRM003140,778.92,2023-07-10,failed
TXN0007091,GHOST00934,1436.86,2022-10-17,completed
TXN0010474,CRM007161,658.02,2022-10-15,completed
TXN0008798,CRM004161,528.21,2022-06-18,completed
TXN0007353,CRM000570,534.22,2023-05-07,pending
TXN0000993,CRM006286,346.08,2023-07-18,completed
TXN0006180,CRM004804,68.09,2023-04-30,completed
TXN0005023,CRM006063,169.78,2022-05-24,failed
TXN0000145,CRM001937,110.9,2023-12-31,completed
TXN0011035,CRM008482,537.12,2024-05-30,completed
TXN0009147,CRM006606,3095.68,2022-11-25,completed
TXN0007134,CRM001939,229.41,2024-05-19,completed
TXN0006724,CRM005814,105.16,2022-11-01,failed
TXN0005397,CRM006098,63.85,2024-02-11,completed
TXN0004560,CRM004884,17.74,2022-02-15,completed
TXN0011716,CRM004382,230.09,2024-03-03,completed
TXN0000418,CRM003027,258.8,2022-06-24,completed
TXN0008438,CRM008540,403.7,2023-11-15,completed
TXN0009446,CRM008849,136.53,2022-12-25,pending
TXN0010231,GHOST00213,131.03,2024-05-20,completed
TXN0010863,CRM005087,518.93,2024-01-26,completed
TXN0009382,CRM003896,119.16,2022-04-06,completed
TXN0008461,GHOST00590,19.52,2022-10-05,completed
TXN0004528,CRM007316,148.68,2023-08-22,refunded
TXN0005406,CRM000561,372.87,2022-08-01,completed
TXN0000012,CRM007293,216.63,2023-09-06,completed
TXN0004898,GHOST00131,244.55,2022-01-22,completed
TXN0001212,CRM002172,56.11,2024-03-04,refunded
TXN0002942,CRM008378,3860.79,2023-01-19,completed
TXN0006649,CRM001332,326.49,2023-09-11,completed
TXN0006402,CRM001572,88.88,2022-09-24,pending
TXN0009470,CRM009543,157.98,2022-06-24,refunded
TXN0003072,CRM009215,49.69,2022-04-08,completed
TXN0009400,CRM005874,167.94,2022-10-22,completed
TXN0007317,CRM004378,1312.7,2023-03-28,completed
TXN0007208,CRM007501,80.12,2023-03-10,completed
TXN0010460,GHOST00019,1489.81,2023-10-14,completed
TXN0009168,CRM001780,93.77,2023-01-04,completed
TXN0001491,CRM008997,111.49,2023-10-02,failed
TXN0011924,CRM006410,103.89,2022-01-10,completed
TXN0002954,CRM009104,250.94,2022-01-11,completed
TXN0009354,CRM009205,45.7,2023-04-06,failed
TXN0011116,CRM008868,247.64,2022-07-23,completed
TXN0010751,CRM002303,743.02,2023-11-14,completed
TXN0007436,CRM001443,74.13,2022-12-26,completed
TXN0003833,CRM006184,41.23,2023-01-26,completed
TXN0002849,CRM003514,429.46,2022-10-02,completed
TXN0010082,GHOST00979,140.82,2023-09-28,completed
TXN0000468,CRM007249,366.57,2022-02-04,pending
TXN0009257,CRM002869,205.37,2023-01-31,completed
TXN0008415,CRM002748,290.34,2023-07-11,completed
TXN0001412,CRM010235,818.9,2024-03-22,completed
TXN0003819,CRM000029,124.8,2022-02-13,pending
TXN0007466,CRM003238,820.38,2022-06-03,completed
TXN0001436,CRM000439,33.43,2022-04-06,completed
TXN0009287,CRM002703,2537.63,2022-10-10,completed
TXN0001032,CRM009180,73.96,2022-09-10,completed
TXN0007978,CRM004378,1654.33,2022-03-10,completed
TXN0003655,CRM006807,412.42,2023-10-11,completed
TXN0004231,GHOST00191,388.23,2022-02-05,failed
TXN0010095,CRM003341,127.12,2024-04-16,refunded
TXN0001723,CRM000589,363.39,2024-02-07,completed
TXN0003264,CRM002174,224.7,2023-04-04,completed
TXN0009799,CRM008132,258.2,2022-11-03,failed
TXN0011498,CRM005329,53.72,2023-10-07,completed
TXN0000503,GHOST00276,2014.26,2024-02-25,completed
TXN0003322,CRM007717,78.62,2023-05-06,completed
TXN0003941,CRM006506,193.51,2022-10-20,pending
TXN0010667,CRM005102,403.52,2022-07-25,pending
TXN0005362,CRM007296,178.59,2022-11-02,completed
TXN0008068,CRM004440,139.86,2024-01-03,completed
TXN0005864,CRM002622,512.97,2024-04-12,completed
TXN0011796,GHOST00246,158.57,2022-01-04,completed
TXN0008358,CRM004002,710.59,2024-01-22,completed
TXN0000726,CRM004430,435.95,2023-03-27,completed
TXN0005257,GHOST00244,95.75,2022-10-26,refunded
TXN0011221,GHOST00059,241.62,2023-09-27,completed
TXN0003383,CRM005036,823.01,2022-09-11,completed
TXN0008350,CRM002712,289.12,2024-01-12,completed
TXN0009777,CRM009792,88.07,2023-05-20,completed
TXN0011785,CRM001859,277.13,2023-10-26,completed
TXN0011023,CRM000427,1446.66,2022-10-13,pending
TXN0005051,CRM007600,256.04,2023-10-26,completed
TXN0004569,CRM007309,161.03,2023-05-28,failed
TXN0001017,CRM010214,63.45,2022-11-21,completed
TXN0011297,CRM004252,356.65,2024-06-08,pending
TXN0011073,CRM006720,1414.35,2023-08-03,completed
TXN0007920,CRM001850,234.93,2022-05-27,completed
TXN0006431,GHOST01103,265.12,2022-11-14,completed
TXN0006259,CRM009701,558.29,2022-11-29,pending
TXN0005392,CRM000447,490.59,2022-09-08,completed
TXN0001233,GHOST01135,1487.47,2023-12-12,pending
TXN0009974,CRM005837,141.67,2023-08-19,completed
TXN0011082,CRM004822,313.04,2024-02-07,completed
TXN0007731,CRM000755,1537.63,2022-06-13,completed
TXN0007007,CRM010358,1848.9,2023-10-31,completed
TXN0009456,CRM010377,556.18,2022-08-05,completed
TXN0008547,CRM009376,632.87,2023-04-10,completed
TXN0009816,CRM003925,937.7,2023-07-25,failed
TXN0007378,CRM008102,,2022-06-28,pending
TXN0004599,CRM008741,1119.71,2024-05-22,refunded
TXN0000920,CRM003837,315.98,2023-12-11,completed
TXN0002029,CRM000902,17.93,2023-05-02,completed
TXN0005917,CRM008949,451.41,2023-05-11,completed
TXN0006709,CRM009789,1002.16,2022-11-24,completed
TXN0006468,CRM003982,154.2,2023-10-12,completed
TXN0007809,CRM000555,288.99,2023-07-08,completed
TXN0009356,CRM004906,401.51,2023-01-20,failed
TXN0003341,GHOST00322,291.23,2023-02-26,completed
TXN0006756,CRM003360,6709.27,2022-01-11,completed
TXN0006828,CRM001571,71.41,2023-09-07,completed
TXN0007559,CRM001239,122.02,2023-02-21,failed
TXN0011426,CRM008745,2085.64,2024-06-26,completed
TXN0009653,CRM007635,,2022-08-10,completed
TXN0007684,CRM000839,884.63,2023-05-03,completed
TXN0011263,CRM008452,111.3,2023-09-07,completed
TXN0010609,CRM002499,119.25,2023-07-29,completed
TXN0001276,CRM007357,416.33,2022-03-07,refunded
TXN0002356,CRM005519,356.56,2023-11-22,completed
TXN0002815,CRM009512,1803.74,2022-05-27,completed
TXN0008697,CRM002055,123.36,2023-03-15,pending
TXN0004719,CRM000459,31.45,2023-03-17,completed
TXN0009479,CRM001249,146.68,2023-09-22,pending
TXN0001266,GHOST00123,631.53,2023-03-16,refunded
TXN0009450,CRM002739,160.77,2022-01-04,completed
TXN0007178,CRM008993,473.62,2023-03-14,completed
TXN0005330,CRM009656,86.34,2023-10-21,completed
TXN0004417,CRM003594,711.15,2022-11-04,completed
TXN0001090,CRM007674,564.12,2023-04-03,completed
TXN0006436,CRM009316,1611.84,2022-01-16,completed
TXN0000290,CRM003073,242.15,2024-04-23,completed
TXN0009487,CRM002532,812.62,2024-04-26,completed
TXN0009766,CRM000764,121.76,2023-03-10,completed
TXN0000999,CRM005283,517.98,2022-09-07,completed
TXN0004069,CRM007945,90.65,2022-06-08,pending
TXN0001999,CRM006690,189.5,2023-07-06,completed
TXN0010340,GHOST00460,3169.61,2023-03-23,completed
TXN0001311,CRM005936,385.38,2022-12-18,pending
TXN0000640,CRM006158,177.98,2022-09-26,completed
TXN0010394,CRM003050,57.6,2023-03-03,failed
TXN0001801,CRM003377,6397.5,2023-10-03,completed
TXN0001439,CRM000865,164.97,2023-05-07,completed
TXN0002270,CRM001728,193.71,2022-08-06,pending
TXN0010036,CRM001735,1365.38,2023-06-20,completed
TXN0010113,CRM005516,87.35,2022-08-09,completed
TXN0003670,CRM005714,293.88,2023-03-31,completed
TXN0006289,CRM006775,303.61,2024-05-29,completed
TXN0005987,CRM002619,190.37,2024-04-13,completed
TXN0006221,CRM004255,441.85,2023-02-12,completed
TXN0003270,CRM009149,169.58,2023-08-17,completed
TXN0003284,CRM006182,28.22,2023-06-25,completed
TXN0009757,GHOST00177,92.0,2022-09-25,completed
TXN0006270,CRM007028,261.69,2022-10-24,pending
TXN0007228,CRM000548,374.81,2023-08-13,pending
TXN0000594,CRM004923,115.72,2022-03-11,completed
TXN0006846,CRM002663,683.66,2024-05-17,completed
TXN0007315,CRM006180,1197.84,2023-10-17,pending
TXN0010767,CRM001781,60.0,2022-08-21,completed
TXN0006450,CRM006222,895.64,2023-07-01,completed
TXN0009730,GHOST00285,27.55,2023-04-20,completed
TXN0010982,CRM004976,139.98,2023-02-20,completed
TXN0006062,GHOST00796,154.08,2022-08-22,refunded
TXN0005884,CRM007914,94.47,2023-08-16,completed
TXN0000278,CRM002554,65.03,2024-03-08,completed
TXN0000650,CRM000813,229.17,2022-02-14,pending
TXN0003169,CRM005242,217.09,2024-06-14,completed
TXN0003563,CRM001124,95.13,2022-12-13,completed
TXN0006608,CRM007342,78.81,2022-12-08,completed
TXN0011391,CRM006473,564.86,2023-10-04,completed
TXN0007262,CRM000483,406.19,2023-10-05,completed
TXN0011901,CRM000837,31.11,2022-02-15,completed
TXN0005701,CRM010106,430.41,2023-12-06,completed
TXN0004481,CRM008543,40.1,2022-08-08,completed
TXN0011142,CRM002275,481.58,2024-04-05,completed
TXN0002175,CRM004706,642.48,2022-08-01,completed
TXN0008445,GHOST00307,164.43,2024-04-21,completed
TXN0003308,CRM006824,64.15,2022-11-09,refunded
TXN0003926,CRM008957,,2022-01-23,completed
TXN0008548,CRM008465,45.02,2022-03-29,completed
TXN0010498,CRM000904,78.78,2022-01-13,completed
TXN0002345,CRM002105,72.23,2023-12-13,completed
TXN0004733,CRM004593,95.72,2024-06-03,completed
TXN0000014,CRM001195,113.74,2024-02-19,completed
TXN0011285,CRM006020,69.32,2022-06-11,completed
TXN0001576,CRM007016,93.14,2023-06-15,completed
TXN0002435,CRM007966,28.47,2022-01-05,completed
TXN0004782,CRM001411,1971.77,2023-05-18,failed
TXN0000385,CRM004448,49.17,2023-10-28,completed
TXN0010414,CRM010498,20.55,2022-10-25,completed
TXN0006655,CRM003348,156.56,2022-05-22,completed
TXN0000541,CRM008079,98.47,2023-10-31,completed
TXN0009377,CRM005526,32.33,2023-05-31,failed
TXN0007092,CRM003874,78.78,2023-04-23,completed
TXN0003694,CRM005829,193.38,2023-07-28,pending
TXN0008126,CRM009240,379.47,2024-03-15,completed
TXN0003040,CRM009151,190.76,2024-03-20,completed
TXN0000546,CRM003477,147.82,2024-04-04,completed
TXN0003821,GHOST00265,132.15,2023-02-06,failed
TXN0004867,CRM005922,863.0,2022-01-12,completed
TXN0009718,CRM000117,485.08,2024-02-19,failed
TXN0001444,GHOST00220,617.02,2022-01-20,refunded
TXN0010258,CRM007887,140.84,2023-07-29,completed
TXN0009895,CRM004818,131.18,2022-10-27,completed
TXN0005789,CRM006360,211.04,2022-04-19,completed
TXN0009723,CRM010314,450.17,2023-12-14,completed
TXN0006749,CRM007178,2046.54,2023-03-26,completed
TXN0004838,CRM006927,1376.01,2024-05-21,completed
TXN0001770,CRM007944,8892.29,2024-03-15,pending
TXN0011935,CRM003937,559.11,2023-11-07,completed
TXN0000984,CRM002044,196.6,2024-02-09,pending
TXN0006865,CRM000733,367.81,2023-05-31,refunded
TXN0003549,CRM009603,1515.46,2023-01-16,completed
TXN0009839,CRM000088,1472.61,2024-03-04,completed
TXN0008829,GHOST00696,1535.33,2023-11-01,refunded
TXN0002133,CRM008420,47.38,2022-06-14,failed
TXN0011916,CRM009787,381.64,2022-02-11,completed
TXN0000165,GHOST00298,1055.07,2024-03-12,refunded
TXN0007203,CRM007317,133.88,2023-07-03,pending
TXN0009340,CRM000801,333.0,2024-02-18,completed
TXN0000363,CRM006755,421.29,2022-08-28,completed
TXN0006248,CRM003977,642.3,2024-05-12,completed
TXN0006410,CRM002453,115.4,2022-03-22,pending
TXN0009187,GHOST00179,381.67,2023-08-30,completed
TXN0002610,CRM008579,822.29,2022-08-04,completed
TXN0002999,CRM010454,397.29,2024-05-01,completed
TXN0008733,CRM000301,354.88,2022-11-01,completed
TXN0004778,CRM000562,2673.04,2022-01-14,completed
TXN0000682,GHOST00314,171.6,2024-03-22,pending
TXN0007257,CRM006893,901.94,2022-07-12,refunded
TXN0003769,CRM002838,3293.97,2023-11-18,completed
TXN0008203,CRM010166,1631.84,2024-05-05,completed
TXN0000316,CRM007930,363.36,2024-01-17,completed
TXN0004929,CRM008772,369.31,2022-09-16,completed
TXN0002426,CRM002020,582.27,2023-11-10,completed
TXN0001987,CRM000054,1022.37,2023-01-04,completed
TXN0011418,CRM009588,603.47,2023-04-26,pending
TXN0003523,CRM003656,329.31,2022-06-21,completed
TXN0009182,CRM000154,95.37,2022-09-09,completed
TXN0003741,CRM001948,130.48,2022-04-13,failed
TXN0001303,CRM003862,276.95,2023-08-24,completed
TXN0001612,GHOST00173,57.1,2022-04-15,completed
TXN0007382,CRM000568,322.02,2023-08-19,completed
TXN0004226,CRM005922,173.61,2024-01-29,completed
TXN0008087,CRM010062,662.61,2023-11-19,completed
TXN0005046,GHOST00436,276.38,2022-01-30,completed
TXN0007501,CRM005752,834.37,2023-01-23,refunded
TXN0000530,CRM004987,221.05,2024-04-27,completed
TXN0000923,GHOST00685,182.73,2023-11-29,pending
TXN0008835,CRM003687,368.4,2023-05-02,pending
TXN0000023,GHOST00750,689.1,2023-12-02,completed
TXN0000928,CRM006317,102.55,2022-09-24,completed
TXN0000214,CRM003438,922.59,2022-05-25,completed
TXN0000472,CRM003641,119.53,2023-07-22,completed
TXN0002501,CRM000544,92.33,2022-09-30,pending
TXN0008672,CRM000233,259.04,2023-05-21,completed
TXN0009551,CRM003673,59.67,2022-12-03,completed
TXN0003483,CRM000508,51.07,2024-04-21,refunded
TXN0010173,GHOST01192,590.47,2023-03-26,failed
TXN0004025,CRM009376,1113.55,2022-11-06,completed
TXN0005540,CRM010036,487.01,2023-01-05,completed
TXN0009148,CRM002957,15.43,2022-02-03,completed
TXN0000570,CRM009201,415.18,2024-01-20,completed
TXN0009893,CRM001031,69.9,2023-03-09,completed
TXN0003233,CRM000032,160.97,2022-12-12,refunded
TXN0007115,CRM002563,840.97,2022-04-22,completed
TXN0002118,CRM005509,92.96,2024-02-19,completed
TXN0001985,CRM001998,303.05,2023-09-12,completed
TXN0000655,CRM008863,294.75,2023-10-22,completed
TXN0006252,CRM010162,275.1,2022-10-04,completed
TXN0008738,CRM005652,189.45,2023-01-15,refunded
TXN0011341,CRM005003,561.42,2023-05-04,completed
TXN0011843,CRM007852,528.76,2022-05-16,refunded
TXN0008853,CRM004099,59.51,2023-10-15,completed
TXN0010503,CRM003542,259.09,2022-05-26,refunded
TXN0000110,CRM010228,39.88,2022-09-25,refunded
TXN0003125,CRM006393,688.83,2023-09-23,completed
TXN0001767,CRM002521,2036.06,2024-06-29,completed
TXN0000093,CRM001074,852.68,2024-05-29,completed
TXN0007212,CRM005886,263.19,2022-11-07,completed
TXN0003265,CRM001353,105.53,2023-04-02,completed
TXN0000946,CRM001394,201.75,2023-11-29,failed
TXN0008052,CRM008160,134.54,2023-01-18,completed
TXN0006924,CRM002855,409.37,2022-07-17,completed
TXN0002009,CRM004631,215.17,2023-10-01,completed
TXN0006544,CRM002761,440.51,2023-11-18,failed
TXN0000002,CRM008227,1121.36,2023-02-09,completed
TXN0008256,CRM003433,102.03,2024-05-13,completed
TXN0006215,CRM001465,1919.19,2024-04-22,completed
TXN0009373,CRM002741,,2022-04-24,completed
TXN0002079,CRM000800,68.55,2023-01-08,completed
TXN0002794,CRM002632,119.92,2022-07-28,completed
TXN0009021,CRM000272,38.89,2023-01-25,completed
TXN0007581,CRM003937,545.98,2023-01-21,completed
TXN0003206,CRM008176,25.47,2023-03-02,completed
TXN0011582,CRM007275,216.42,2022-03-03,pending
TXN0010033,CRM006176,62.82,2023-04-08,completed
TXN0003871,CRM000560,522.59,2023-01-20,completed
TXN0000220,CRM003438,2215.43,2022-02-23,completed
TXN0000802,CRM002473,1006.71,2022-05-31,completed
TXN0003595,CRM009459,948.41,2023-04-07,completed
TXN0010784,CRM006795,45.92,2022-01-10,completed
TXN0002105,CRM004891,157.51,2023-08-25,completed
TXN0009161,CRM004666,686.98,2023-09-13,completed
TXN0005577,CRM004903,375.48,2023-11-04,completed
TXN0006328,CRM004139,73.86,2023-01-10,completed
TXN0010024,GHOST00654,772.03,2024-01-08,completed
TXN0008586,CRM003059,403.75,2023-10-21,completed
TXN0010653,CRM000189,159.62,2022-04-22,completed
TXN0008695,CRM006256,,2024-01-30,completed
TXN0004285,CRM008223,54.84,2022-04-06,failed
TXN0003898,CRM007317,187.04,2023-06-24,completed
TXN0008820,CRM002625,303.64,2022-01-26,completed
TXN0000603,CRM006813,235.63,2024-04-05,refunded
TXN0009881,CRM008111,90.94,2022-04-08,completed
TXN0007569,CRM004486,156.57,2023-03-09,completed
TXN0000121,CRM007016,466.52,2022-05-24,completed
TXN0006834,CRM008104,159.54,2023-06-02,completed
TXN0003062,CRM003187,109.8,2022-11-24,completed
TXN0002286,CRM010209,116.65,2024-02-12,completed
TXN0011950,CRM006060,65.48,2022-10-30,completed
TXN0010949,CRM008252,492.69,2023-07-23,completed
TXN0008949,CRM009302,23.17,2022-01-02,completed
TXN0001823,CRM009058,,2023-05-12,completed
TXN0001935,CRM009895,190.71,2022-02-04,completed
TXN0003316,CRM000029,1409.71,2022-02-18,refunded
TXN0000542,CRM002283,2339.05,2023-12-24,pending
TXN0007942,CRM009734,206.64,2022-05-29,failed
TXN0003028,CRM001036,1073.3,2022-03-22,completed
TXN0004602,CRM004042,200.14,2024-03-03,completed
TXN0005813,CRM006193,60.31,2023-03-08,completed
TXN0009125,CRM001468,281.43,2024-05-29,completed
TXN0006228,CRM006506,102.56,2023-04-29,completed
TXN0000989,CRM007746,289.75,2022-01-05,completed
TXN0006517,CRM006257,3875.68,2024-04-23,completed
TXN0003736,CRM005714,56.51,2022-07-02,completed
TXN0001082,CRM007045,299.21,2023-04-11,completed
TXN0009020,CRM001030,389.34,2022-09-08,completed
TXN0008948,CRM004559,109.05,2023-07-13,completed
TXN0003473,CRM001410,162.93,2022-08-20,completed
TXN0003781,CRM002057,325.53,2024-05-22,completed
TXN0005936,CRM005620,1709.83,2022-08-06,pending
TXN0011049,CRM010427,58.99,2022-07-07,completed
TXN0006760,CRM004751,20.0,2022-08-12,completed
TXN0005331,CRM004432,3121.2,2022-06-11,completed
TXN0001661,CRM001637,505.87,2023-09-25,completed
TXN0003713,CRM005427,226.48,2023-08-20,completed
TXN0011938,CRM009619,279.53,2023-08-18,completed
TXN0006824,CRM007729,,2023-04-18,completed
TXN0000609,CRM007670,60.41,2023-04-24,completed
TXN0010270,CRM003408,428.22,2022-11-16,completed
TXN0000815,CRM006001,1612.21,2023-10-16,pending
TXN0009227,CRM002957,326.22,2024-06-01,completed
TXN0003143,CRM000095,18.33,2024-01-17,completed
TXN0010319,CRM001678,878.11,2023-05-18,completed
TXN0002042,GHOST00883,402.95,2022-01-24,failed
TXN0003701,CRM008341,108.69,2023-12-01,completed
TXN0000962,GHOST01162,516.9,2022-07-25,completed
TXN0007635,CRM001276,32.85,2022-04-26,completed
TXN0005784,GHOST01094,688.64,2023-10-25,completed
TXN0001739,CRM007865,,2023-12-01,failed
TXN0004297,CRM003062,133.71,2022-06-29,completed
TXN0006624,CRM007884,56.88,2024-05-04,pending
TXN0004233,CRM010156,822.46,2023-10-02,completed
TXN0001019,CRM000447,2255.91,2024-05-10,completed
TXN0002975,CRM008573,296.3,2023-04-04,completed
TXN0003888,CRM002918,437.28,2024-04-05,completed
TXN0005816,CRM006007,51.9,2023-09-09,completed
TXN0003182,CRM008404,291.92,2022-09-18,completed
TXN0003245,CRM009831,,2023-09-26,completed
TXN0001883,CRM005987,130.78,2022-12-07,completed
TXN0011775,CRM007573,805.62,2022-02-02,completed
TXN0001132,GHOST00241,176.14,2023-08-01,failed
TXN0002923,CRM001166,23.43,2024-01-17,completed
TXN0009323,CRM007722,587.28,2022-12-19,refunded
TXN0003435,CRM001308,15.05,2023-04-13,pending
TXN0000040,CRM008961,1691.03,2023-06-29,completed
TXN0006722,CRM003783,64.27,2022-11-01,refunded
TXN0011439,CRM007234,83.35,2024-03-26,pending
TXN0008944,CRM010424,215.75,2022-12-01,completed
TXN0003449,GHOST00900,61.14,2022-02-02,completed
TXN0009907,CRM005070,156.06,2022-08-15,failed
TXN0008031,CRM003556,77.88,2024-04-12,completed
TXN0009344,CRM007966,39.34,2022-02-01,completed
TXN0008446,CRM004955,100.51,2023-03-16,completed
TXN0011288,CRM000755,67.71,2022-11-26,completed
TXN0002499,CRM002599,2238.36,2022-11-26,failed
TXN0005191,GHOST00550,193.25,2023-10-29,completed
TXN0005503,GHOST00332,108.67,2023-04-01,completed
TXN0009195,CRM001002,211.18,2024-01-09,completed
TXN0004951,CRM003278,75.26,2023-07-22,completed
TXN0008706,CRM008730,284.98,2022-11-04,failed
TXN0000708,CRM004332,493.48,2023-06-20,completed
TXN0004938,CRM005409,192.63,2022-08-07,completed
TXN0007648,CRM010108,,2022-07-10,completed
TXN0002423,CRM008644,356.85,2022-09-20,refunded
TXN0006528,GHOST00820,1514.09,2023-03-22,completed
TXN0004701,CRM001966,271.71,2024-01-24,completed
TXN0008439,CRM010158,114.27,2022-05-07,completed
TXN0002827,CRM001507,136.91,2023-09-29,completed
TXN0009322,CRM005380,67.04,2023-02-24,completed
TXN0008297,CRM002652,423.19,2022-08-20,failed
TXN0009355,CRM009802,767.21,2023-04-19,pending
TXN0001072,CRM003549,132.96,2023-08-12,pending
TXN0007702,GHOST00780,64.54,2023-09-10,failed
TXN0001302,CRM004294,324.82,2022-10-08,completed
TXN0011335,CRM005758,2570.96,2024-05-30,completed
TXN0007259,GHOST00208,1066.58,2022-01-22,completed
TXN0000286,CRM004573,393.98,2022-11-21,completed
TXN0005236,CRM003016,78.37,2024-02-29,completed
TXN0009692,CRM000351,,2022-01-16,completed
TXN0002452,CRM009943,136.5,2023-10-13,completed
TXN0000589,GHOST00282,75.58,2024-03-14,completed
TXN0001486,CRM000827,181.48,2022-11-22,completed
TXN0009694,CRM001438,134.99,2022-12-08,completed
TXN0005509,CRM004411,199.54,2023-02-08,completed
TXN0005602,CRM010404,,2023-07-29,completed
TXN0001039,CRM010174,233.53,2023-11-23,completed
TXN0004673,CRM001313,67.23,2022-04-27,completed
TXN0010783,CRM006490,228.55,2022-05-15,refunded
TXN0002126,CRM009316,863.76,2023-02-16,completed
TXN0001171,CRM000465,408.01,2024-04-04,completed
TXN0010149,CRM009329,310.6,2023-10-15,completed
TXN0005500,CRM005836,684.73,2023-09-17,completed
TXN0010453,CRM002607,35.41,2022-02-15,completed
TXN0000304,CRM006425,264.77,2022-06-12,completed
TXN0010004,CRM005763,423.74,2024-04-20,completed
TXN0010480,CRM006768,1661.24,2023-02-11,completed
TXN0009018,CRM005439,145.25,2023-03-15,completed
TXN0002474,CRM002195,171.35,2022-02-11,completed
TXN0004115,CRM009793,81.36,2022-06-01,completed
TXN0011408,GHOST00200,1957.49,2023-07-19,completed
TXN0003849,CRM007304,17.55,2023-03-19,pending
TXN0011282,GHOST01144,60.4,2024-05-12,failed
TXN0002793,CRM004872,164.03,2022-12-26,completed
TXN0011257,GHOST01172,133.16,2022-11-18,completed
TXN0005302,CRM009914,144.1,2022-08-13,completed
TXN0002886,CRM004491,252.56,2022-02-14,completed
TXN0009261,GHOST00479,3177.91,2022-10-30,completed
TXN0000574,CRM009309,1794.01,2022-11-29,completed
TXN0010911,CRM000114,373.61,2023-12-29,completed
TXN0004934,CRM005611,702.55,2022-10-22,completed
TXN0002540,CRM004382,564.95,2024-02-16,completed
TXN0003846,CRM002249,313.43,2023-04-26,pending
TXN0004410,CRM002636,61.99,2023-03-05,completed
TXN0010176,CRM009112,42.51,2024-06-20,completed
TXN0002676,CRM001400,391.97,2023-02-23,completed
TXN0000373,CRM005831,225.87,2022-05-23,completed
TXN0007122,CRM000360,253.16,2022-03-20,completed
TXN0001762,CRM007658,259.94,2023-09-25,completed
TXN0002203,CRM000657,70.46,2023-07-29,completed
TXN0003331,CRM006029,80.86,2023-01-03,completed
TXN0002453,CRM007910,1369.34,2023-03-16,completed
TXN0007521,CRM007698,904.33,2024-04-02,completed
TXN0004436,CRM007031,154.86,2024-05-09,completed
TXN0009735,CRM008093,734.42,2023-03-13,completed
TXN0001350,CRM000819,258.21,2022-06-12,pending
TXN0011530,CRM003001,182.51,2023-12-05,completed
TXN0004044,CRM004984,136.99,2024-05-03,completed
TXN0006357,CRM000249,123.51,2022-01-21,completed
TXN0001644,CRM004117,367.07,2022-03-01,completed
TXN0011486,CRM003435,145.65,2022-04-19,completed
TXN0002228,CRM006785,840.41,2024-06-03,completed
TXN0002466,CRM010322,1115.15,2023-02-22,refunded
TXN0000327,GHOST00846,1084.34,2023-06-02,completed
TXN0009774,CRM004098,150.87,2023-06-23,completed
TXN0005387,CRM001827,187.18,2023-02-13,failed
TXN0005218,CRM004547,1225.96,2022-04-11,completed
TXN0004153,CRM006540,98.79,2022-10-23,completed
TXN0009230,CRM006280,1459.6,2024-05-15,completed
TXN0003104,CRM002922,815.8,2023-07-24,completed
TXN0010171,CRM000971,440.26,2023-03-03,completed
TXN0008455,CRM009338,252.09,2024-01-16,completed
TXN0009351,CRM004195,259.33,2022-03-15,completed
TXN0005451,CRM006006,51.64,2022-04-30,completed
TXN0004088,CRM001879,174.09,2024-06-29,completed
TXN0005527,GHOST00845,28.06,2023-01-30,refunded
TXN0004250,CRM006531,975.3,2023-05-13,completed
TXN0001005,GHOST00363,75.36,2024-02-18,completed
TXN0007497,CRM007542,779.05,2022-10-20,completed
TXN0009423,CRM003323,,2023-05-31,completed
TXN0000983,CRM003459,796.0,2022-02-21,completed
TXN0009871,GHOST00302,198.71,2022-07-21,completed
TXN0010017,GHOST00902,422.51,2023-03-06,completed
TXN0009807,CRM002613,1136.81,2023-12-18,completed
TXN0011384,CRM002060,171.07,2023-06-13,completed
TXN0005161,CRM001992,145.74,2023-03-01,refunded
TXN0011906,CRM009384,41.01,2023-04-20,completed
TXN0009427,GHOST00222,44.04,2023-09-06,completed
TXN0007701,CRM001109,,2022-03-05,completed
TXN0001696,CRM000165,251.42,2023-06-28,completed
TXN0001328,CRM002841,146.84,2022-02-17,completed
TXN0001426,CRM008171,1593.23,2023-03-14,completed
TXN0001993,CRM002035,162.86,2024-06-28,completed
TXN0004810,CRM001691,144.5,2022-05-23,completed
TXN0010499,CRM000413,91.59,2022-08-06,completed
TXN0000921,CRM004980,400.58,2022-11-22,pending
TXN0007493,CRM004666,89.62,2023-06-04,completed
TXN0005017,CRM006228,88.68,2022-11-16,completed
TXN0008128,CRM000796,1168.2,2024-06-06,completed
TXN0008420,CRM003111,112.45,2022-06-18,completed
TXN0011477,CRM007518,2903.63,2022-03-15,completed
TXN0010580,CRM008154,84.55,2023-01-02,pending
TXN0009286,CRM002754,613.6,2023-02-07,completed
TXN0002537,CRM004167,971.24,2024-01-03,failed
TXN0007872,CRM008193,47.77,2023-12-09,completed
TXN0010381,CRM009941,40.18,2022-10-26,completed
TXN0010054,CRM004042,102.42,2023-08-16,pending
TXN0001973,CRM003320,90.05,2023-08-29,refunded
TXN0002811,CRM000232,107.45,2022-11-24,completed
TXN0000750,CRM006683,421.29,2022-10-13,completed
TXN0007417,CRM005467,299.73,2023-11-23,pending
TXN0008472,CRM008263,107.34,2022-03-19,completed
TXN0001856,CRM002584,1260.27,2023-09-25,refunded
TXN0003958,CRM005994,78.12,2022-03-23,completed
TXN0006579,CRM001523,1402.35,2023-06-12,completed
TXN0000965,CRM008129,,2023-05-19,completed
TXN0002332,GHOST00255,245.23,2023-10-15,completed
TXN0000850,CRM001074,291.98,2022-06-28,refunded
TXN0007478,CRM007107,764.89,2024-01-09,completed
TXN0001437,CRM002655,620.71,2024-02-21,completed
TXN0003666,CRM002916,45.17,2022-03-23,pending
TXN0009321,CRM006511,166.96,2023-01-02,completed
TXN0005586,CRM004201,62.46,2022-06-28,pending
TXN0008045,GHOST00151,245.04,2023-09-13,completed
TXN0005850,GHOST00339,1363.33,2024-04-11,completed
TXN0008099,CRM001589,8.84,2023-01-07,completed
TXN0001928,CRM001192,246.05,2023-07-08,completed
TXN0008428,CRM008876,,2023-10-25,completed
TXN0007697,CRM000938,67.67,2023-06-21,completed
TXN0009917,CRM009209,3985.22,2022-07-27,completed
TXN0000831,CRM003550,33.35,2022-06-02,refunded
TXN0004944,CRM004296,646.83,2022-12-11,refunded
TXN0010793,CRM004539,12.2,2023-04-08,completed
TXN0010579,CRM001831,138.0,2023-05-25,completed
TXN0002938,CRM003653,235.17,2022-07-10,completed
TXN0008284,GHOST01033,132.06,2022-06-15,failed
TXN0009402,GHOST00461,546.26,2023-04-30,completed
TXN0007723,CRM007081,115.15,2022-02-03,completed
TXN0008280,CRM001196,88.96,2023-11-01,failed
TXN0004623,GHOST00075,464.84,2023-02-17,completed
TXN0002704,CRM009028,77.52,2022-12-27,completed
TXN0010880,CRM005731,110.17,2023-02-18,completed
TXN0009137,CRM006728,1015.7,2023-03-17,pending
TXN0008857,CRM009766,246.18,2022-03-12,completed
TXN0008051,CRM005601,57.99,2022-06-02,completed
TXN0004516,CRM009418,183.01,2022-04-09,completed
TXN0000150,CRM002692,78.42,2022-06-05,completed
TXN0006645,CRM003366,84.5,2023-08-29,completed
TXN0002095,GHOST00710,772.26,2023-08-02,pending
TXN0011158,CRM003839,263.82,2022-06-15,completed
TXN0001200,CRM000269,669.05,2023-03-28,completed
TXN0002112,GHOST00196,113.68,2023-02-12,completed
TXN0003869,CRM001808,216.58,2022-05-01,completed
TXN0004564,CRM008421,351.25,2023-12-20,completed
TXN0003526,CRM008075,1693.33,2023-07-16,completed
TXN0008416,CRM000749,327.4,2024-01-15,pending
TXN0010712,CRM001880,180.47,2022-05-06,completed
TXN0007269,CRM008120,262.87,2023-02-17,pending
TXN0004487,CRM007716,354.56,2024-04-03,completed
TXN0009709,CRM001729,59.62,2023-11-11,completed
TXN0001831,CRM003406,52.35,2023-02-21,completed
TXN0003610,CRM001855,102.82,2023-11-11,completed
TXN0000280,CRM008424,108.17,2023-07-19,completed
TXN0008666,CRM008660,88.46,2024-04-26,completed
TXN0002094,CRM000157,1069.92,2023-10-01,failed
TXN0009249,CRM001394,2225.94,2023-04-23,pending
TXN0011825,CRM008554,416.85,2022-12-06,completed
TXN0003922,CRM003859,123.96,2022-08-02,completed
TXN0010265,CRM003891,175.68,2022-02-18,completed
TXN0004471,CRM008648,189.01,2022-03-03,failed
TXN0000563,CRM005707,111.31,2023-07-15,completed
TXN0003333,CRM003181,1227.96,2022-02-03,completed
TXN0009171,GHOST00824,145.08,2023-09-03,pending
TXN0008732,GHOST01097,222.62,2022-04-14,completed
TXN0009575,CRM005613,145.72,2024-04-19,completed
TXN0007648,CRM010108,80.61,2022-07-10,completed
TXN0007777,CRM004833,439.25,2022-07-02,completed
TXN0000949,CRM000343,778.56,2023-05-20,refunded
TXN0011243,CRM003650,234.23,2022-06-27,completed
TXN0006830,CRM002970,303.2,2022-10-21,completed
TXN0007909,CRM003568,393.12,2023-07-05,completed
TXN0008457,CRM003759,63.82,2024-02-13,completed
TXN0007326,CRM003420,1100.02,2022-11-20,completed
TXN0004402,CRM003259,1739.52,2022-02-13,refunded
TXN0003066,GHOST00489,4704.21,2023-09-27,failed
TXN0000135,CRM003685,1087.37,2022-02-24,completed
TXN0008204,CRM007953,130.17,2023-12-14,completed
TXN0002740,CRM005868,799.19,2024-05-17,completed
TXN0007338,CRM009824,52.68,2022-05-01,completed
TXN0003315,CRM002674,1329.86,2022-05-17,failed
TXN0009627,CRM004204,129.56,2023-04-05,completed
TXN0007908,CRM007231,153.21,2023-09-23,completed
TXN0005549,CRM002448,437.65,2023-12-28,completed
TXN0000635,CRM005461,587.4,2022-11-26,completed
TXN0011067,CRM004842,104.49,2023-06-17,completed
TXN0001517,CRM001290,333.64,2023-05-22,completed
TXN0004626,CRM001400,102.97,2022-12-16,completed
TXN0003126,CRM004862,70.3,2022-10-16,completed
TXN0009372,CRM002932,716.44,2022-11-02,pending
TXN0002490,CRM010053,183.4,2023-01-28,completed
TXN0005237,CRM003581,3774.92,2024-02-09,completed
TXN0003387,CRM002454,98.37,2023-02-04,completed
TXN0006929,CRM004178,33.51,2023-02-14,pending
TXN0001551,CRM000401,178.46,2023-01-20,completed
TXN0009262,CRM007837,96.89,2022-11-10,completed
TXN0001572,GHOST00031,311.31,2022-07-29,completed
TXN0011144,CRM003040,,2024-05-16,pending
TXN0004356,CRM007686,193.3,2024-02-26,pending
TXN0007901,CRM009731,497.24,2023-12-18,completed
TXN0009060,CRM005645,65.89,2022-11-14,completed
TXN0004559,CRM002006,221.91,2024-06-19,completed
TXN0000401,CRM001247,207.1,2023-06-09,failed
TXN0010298,CRM004529,559.18,2024-02-02,completed
TXN0007324,CRM002249,167.4,2024-04-02,failed
TXN0006078,CRM004509,153.45,2022-06-09,completed
TXN0008826,CRM000638,734.03,2023-11-21,failed
TXN0004945,CRM001179,1694.67,2022-12-30,completed
TXN0010943,CRM002067,116.18,2024-04-07,completed
TXN0008465,CRM009464,91.28,2023-08-30,completed
TXN0008268,CRM007403,737.32,2023-05-15,completed
TXN0011969,CRM004691,207.99,2024-04-12,completed
TXN0004110,CRM009722,228.7,2022-11-16,completed
TXN0011686,CRM009671,899.44,2024-05-18,pending
TXN0006798,CRM005710,1923.07,2022-06-30,completed
TXN0005476,CRM008081,97.53,2022-09-25,pending
TXN0004581,CRM006674,471.36,2022-05-09,completed
TXN0007319,GHOST00799,390.66,2023-10-08,completed
TXN0002492,CRM000417,184.09,2022-05-26,completed
TXN0005762,CRM004633,124.88,2022-01-31,completed
TXN0001809,GHOST00012,183.54,2023-07-13,pending
TXN0011832,CRM008224,46.15,2023-01-06,refunded
TXN0011891,CRM000382,22.7,2024-02-13,completed
TXN0000348,CRM009235,156.67,2022-02-02,completed
TXN0008637,CRM009370,147.76,2024-04-03,completed
TXN0001381,CRM006145,294.38,2023-01-10,completed
TXN0011678,CRM010031,927.35,2023-02-24,completed
TXN0008206,CRM003139,392.83,2023-11-26,completed
TXN0003743,CRM002090,156.7,2022-12-09,completed
TXN0000339,CRM008800,260.37,2024-06-27,completed
TXN0010797,CRM000538,105.23,2022-07-24,completed
TXN0003087,CRM001252,2338.49,2023-10-29,completed
TXN0007158,GHOST00539,106.66,2023-04-09,completed
TXN0004207,CRM006321,1025.37,2024-03-23,failed
TXN0010094,CRM006884,133.35,2022-09-28,completed
TXN0002392,CRM001998,752.15,2022-03-24,completed
TXN0006857,CRM004628,,2023-04-29,pending
TXN0007207,CRM008973,201.49,2023-07-21,refunded
TXN0004318,CRM009003,599.47,2023-01-21,completed
TXN0003651,CRM002795,390.3,2024-06-27,completed
TXN0009912,CRM003259,390.84,2023-07-03,completed
TXN0008592,GHOST00389,767.04,2022-11-29,completed
TXN0004324,CRM000473,324.47,2022-10-28,completed
TXN0011671,CRM009523,889.13,2024-03-17,pending
TXN0011679,GHOST00580,7.33,2023-09-18,pending
TXN0006359,CRM000831,250.77,2023-08-17,completed
TXN0001695,GHOST00362,168.02,2022-09-22,completed
TXN0009376,CRM008576,703.04,2024-01-20,failed
TXN0000063,CRM007016,14284.57,2023-02-21,completed
TXN0001277,CRM008402,361.21,2024-05-22,failed
TXN0005920,CRM006836,218.0,2022-02-08,completed
TXN0005288,CRM004432,28.58,2022-07-28,completed
TXN0002413,CRM009609,957.77,2022-10-06,completed
TXN0002182,CRM009382,400.42,2022-03-31,completed
TXN0001575,CRM008508,220.11,2023-05-20,pending
TXN0007831,CRM001093,27.72,2023-12-27,completed
TXN0000158,CRM004682,349.23,2022-11-13,completed
TXN0000496,CRM000331,467.96,2022-11-09,completed
TXN0006295,GHOST00118,168.6,2022-09-04,completed
TXN0007889,GHOST01091,176.05,2024-01-16,completed
TXN0007301,CRM002213,424.21,2024-03-20,failed
TXN0001822,GHOST00062,285.16,2023-11-14,completed
TXN0009183,CRM009012,1482.81,2023-06-12,completed
TXN0007930,GHOST00198,44.39,2022-03-15,pending
TXN0010246,CRM007995,168.5,2023-08-22,refunded
TXN0011097,CRM004217,42.84,2022-04-09,completed
TXN0007690,CRM004620,2343.93,2023-11-06,pending
TXN0006386,CRM002365,563.88,2023-10-10,completed
TXN0004994,CRM003057,16.53,2023-03-01,completed
TXN0002785,CRM006716,25.93,2023-01-20,failed
TXN0006959,GHOST00910,479.51,2024-03-29,completed
TXN0004268,CRM008401,146.35,2022-06-09,completed
TXN0001373,CRM002338,75.34,2024-06-03,completed
TXN0011512,CRM007493,147.66,2022-03-07,completed
TXN0008608,CRM004502,950.56,2022-02-12,completed
TXN0009580,CRM000553,46.48,2024-04-30,completed
TXN0011488,CRM006008,1869.38,2022-11-29,completed
TXN0011877,CRM006109,1133.72,2022-06-19,completed
TXN0010527,CRM000912,726.98,2022-01-17,completed
TXN0011149,CRM006388,445.89,2023-09-19,completed
TXN0003963,CRM000601,316.69,2022-11-26,completed
TXN0008569,CRM001452,26.62,2022-02-06,completed
TXN0004241,CRM001691,130.24,2023-07-03,completed
TXN0010955,CRM003010,9135.48,2023-04-21,refunded
TXN0004927,CRM010309,767.15,2023-03-03,failed
TXN0002945,CRM002506,902.98,2022-03-12,completed
TXN0001433,CRM006597,660.32,2023-09-21,failed
TXN0006107,CRM002027,320.35,2022-02-26,refunded
TXN0003155,CRM006290,114.19,2022-06-15,completed
TXN0011069,CRM006960,956.38,2022-05-14,completed
TXN0003732,CRM010108,219.97,2024-01-14,completed
TXN0011571,CRM002849,36.87,2023-07-29,completed
TXN0010937,CRM000570,79.04,2024-06-24,completed
TXN0003112,CRM002556,402.0,2022-10-04,pending
TXN0003052,CRM005165,71.56,2022-03-10,refunded
TXN0010168,CRM007693,479.71,2023-12-20,failed
TXN0008880,CRM007567,940.74,2024-04-08,completed
TXN0006310,CRM004430,155.5,2023-07-12,completed
TXN0009040,GHOST00457,360.56,2024-05-03,completed
TXN0004387,CRM004454,940.4,2023-02-28,completed
TXN0000666,CRM000593,982.76,2022-12-04,completed
TXN0011813,CRM007084,,2022-05-18,completed
TXN0002136,CRM008372,192.07,2022-12-09,completed
TXN0000352,CRM008434,67.96,2022-08-05,completed
TXN0008265,CRM003553,1465.15,2024-03-31,completed
TXN0001678,CRM009763,245.48,2022-09-30,pending
TXN0007341,CRM010498,725.11,2022-04-14,completed
TXN0005956,CRM006505,373.33,2023-06-11,completed
TXN0007387,CRM008082,147.3,2024-06-27,completed
TXN0011411,CRM000336,,2023-07-14,completed
TXN0008459,CRM009973,33501.33,2023-03-18,failed
TXN0005632,CRM004373,833.98,2022-02-23,completed
TXN0010560,CRM009596,363.64,2023-02-27,completed
TXN0010648,CRM003922,591.17,2024-04-09,refunded
TXN0011320,CRM007403,22.11,2022-01-30,completed
TXN0000078,CRM006291,225.81,2024-04-17,completed
TXN0005004,CRM008746,1594.85,2022-02-23,completed
TXN0010546,CRM008148,256.5,2023-01-10,completed
TXN0008867,CRM003572,303.59,2023-01-04,completed
TXN0011290,CRM001207,235.22,2024-01-17,completed
TXN0002113,CRM006543,530.11,2022-09-01,pending
TXN0002613,CRM006979,169.51,2024-02-04,completed
TXN0001339,CRM006319,191.08,2022-05-15,completed
TXN0006040,CRM001558,441.84,2024-06-04,completed
TXN0007576,CRM007617,448.81,2022-06-06,completed
TXN0001342,CRM007898,832.99,2024-01-20,completed
TXN0008658,CRM002059,796.3,2024-01-22,completed
TXN0011111,CRM000335,280.34,2024-03-09,completed
TXN0002671,CRM001110,837.84,2022-09-18,completed
TXN0002645,CRM000006,910.47,2023-05-22,completed
TXN0003278,CRM003047,681.69,2022-04-24,completed
TXN0002845,GHOST01102,207.47,2023-06-07,completed
TXN0004971,CRM005716,141.73,2024-03-02,completed
TXN0004346,CRM002058,110.5,2023-12-20,completed
TXN0011809,CRM000960,700.7,2022-08-24,pending
TXN0002168,GHOST00948,298.83,2024-02-03,completed
TXN0002752,CRM009127,208.56,2022-04-15,completed
TXN0001435,CRM005389,63.08,2023-08-02,completed
TXN0010917,CRM002569,87.67,2022-07-15,completed
TXN0011820,CRM009567,1000.24,2023-12-13,completed
TXN0007283,CRM002702,2381.34,2024-02-29,completed
TXN0001316,CRM002505,29.67,2024-03-07,completed
TXN0000829,CRM005521,162.39,2023-09-17,completed
TXN0001607,CRM009811,83.92,2023-12-28,completed
TXN0011608,GHOST00704,139.31,2022-01-21,completed
TXN0004697,CRM001891,378.47,2023-03-08,refunded
TXN0011831,CRM000495,188.38,2022-10-07,refunded
TXN0004982,CRM009040,306.07,2023-01-25,completed
TXN0003697,GHOST00571,1142.37,2024-02-01,completed
TXN0006203,CRM001067,304.29,2023-09-13,completed
TXN0007048,CRM006868,116.53,2022-12-25,completed
TXN0010387,GHOST00027,204.94,2022-08-14,failed
TXN0008942,CRM005914,169.16,2022-02-19,completed
TXN0004295,CRM000127,,2023-12-22,completed
TXN0001346,CRM007734,2290.7,2023-05-12,completed
TXN0009352,CRM008651,251.05,2024-04-02,completed
TXN0003548,CRM000043,403.57,2022-06-03,failed
TXN0003801,GHOST00680,338.84,2023-06-15,completed
TXN0004366,CRM006218,156.81,2022-04-06,failed
TXN0002265,CRM003795,59.58,2022-05-20,failed
TXN0009208,CRM001795,1305.55,2023-02-28,completed
TXN0004554,GHOST01142,260.91,2022-02-27,completed
TXN0006324,GHOST00531,57.3,2024-02-14,completed
TXN0000972,CRM010078,1806.52,2022-02-23,completed
TXN0000848,CRM008449,5581.59,2022-08-11,completed
TXN0005150,CRM005945,413.05,2023-08-02,completed
TXN0006801,CRM006343,265.85,2023-11-15,refunded
TXN0008585,CRM009939,842.43,2024-03-21,completed
TXN0005777,CRM009598,1064.29,2024-01-29,failed
TXN0004677,CRM007066,42.62,2022-04-28,pending
TXN0002610,CRM008579,822.29,2022-08-04,completed
TXN0009761,CRM000504,738.92,2022-05-04,pending
TXN0005361,CRM008190,237.04,2022-03-10,completed
TXN0011640,CRM007456,855.67,2022-03-22,completed
TXN0011010,CRM000011,83.5,2023-09-28,completed
TXN0003141,GHOST00292,1218.13,2024-05-20,failed
TXN0003780,CRM006212,167.77,2022-08-16,failed
TXN0007994,GHOST00410,204.05,2023-05-09,completed
TXN0007421,CRM005245,213.55,2024-02-27,completed
TXN0006914,CRM002108,41.22,2023-03-07,completed
TXN0003393,CRM004581,237.48,2022-11-19,completed
TXN0003403,CRM005555,333.45,2023-10-25,refunded
TXN0007425,CRM000758,,2022-10-27,refunded
TXN0008750,CRM000115,50.52,2023-03-22,completed
TXN0006120,CRM003179,144.34,2022-05-29,completed
TXN0000858,CRM005807,,2022-11-09,failed
TXN0003559,CRM008113,527.12,2022-08-18,pending
TXN0011412,CRM003061,884.63,2022-11-30,completed
TXN0007858,CRM004583,523.4,2022-07-24,completed
TXN0000057,CRM009191,529.27,2023-04-17,pending
TXN0003547,CRM000117,338.08,2023-08-25,completed
TXN0006479,CRM010312,261.56,2022-07-14,completed
TXN0010365,CRM002982,167.15,2023-01-25,pending
TXN0001532,CRM001562,103.59,2022-03-19,pending
TXN0005014,CRM007830,,2022-05-10,completed
TXN0008262,CRM006061,345.29,2023-01-27,completed
TXN0003428,CRM002828,120.91,2023-01-24,pending
TXN0006184,CRM009199,381.5,2024-01-18,completed
TXN0005069,CRM002134,3569.71,2022-06-30,completed
TXN0009385,CRM002178,1613.9,2022-06-29,completed
TXN0005957,CRM010394,514.42,2022-01-04,completed
TXN0010634,CRM010281,985.5,2022-06-27,completed
TXN0007238,CRM000150,322.36,2022-07-21,pending
TXN0005235,CRM009302,564.25,2022-06-25,completed
TXN0006835,CRM007607,141.34,2022-03-17,pending
TXN0005648,CRM006628,136.41,2022-01-26,completed
TXN0000792,CRM007430,188.65,2023-03-18,pending
TXN0002127,CRM010308,160.04,2023-10-12,completed
TXN0011623,CRM003581,325.04,2022-05-30,completed
TXN0007518,CRM004367,566.97,2024-03-21,completed
TXN0008707,GHOST00818,91.75,2023-04-15,completed
TXN0005659,GHOST01126,,2023-04-12,completed
TXN0004653,CRM002042,207.89,2023-01-14,failed
TXN0010808,CRM000294,197.81,2022-07-13,completed
TXN0002791,CRM001617,246.59,2022-12-13,pending
TXN0002141,CRM001420,65.52,2022-08-04,completed
TXN0009155,CRM001276,99.66,2023-11-11,failed
TXN0000980,CRM001568,757.22,2022-08-16,completed
TXN0008282,CRM002958,182.56,2023-07-28,completed
TXN0002553,CRM009362,416.06,2024-06-25,completed
TXN0010736,CRM008960,770.65,2022-06-05,completed
TXN0009429,CRM002683,33.21,2022-03-19,completed
TXN0001819,CRM010358,60.56,2023-09-26,completed
TXN0010253,CRM000761,1381.51,2023-02-23,completed
TXN0004551,CRM008782,120.65,2022-08-27,completed
TXN0006896,CRM007113,278.21,2022-04-24,completed
TXN0010184,CRM007673,312.21,2022-09-18,completed
TXN0005334,CRM002820,1452.86,2023-05-05,refunded
TXN0008764,CRM005061,99.12,2024-02-02,pending
TXN0003807,CRM007245,92.74,2022-06-02,completed
TXN0004367,CRM005058,898.21,2023-12-07,completed
TXN0000710,CRM000852,107.38,2023-03-25,refunded
TXN0003528,CRM009231,759.69,2022-08-12,completed
TXN0005087,CRM001871,826.45,2024-06-07,completed
TXN0000996,GHOST00554,196.72,2023-10-17,completed
TXN0011903,CRM000134,396.72,2023-05-20,completed
TXN0010676,CRM006932,1137.72,2023-12-14,completed
TXN0002787,CRM000996,1396.16,2024-02-12,completed
TXN0004895,CRM007356,2877.67,2022-01-12,completed
TXN0011680,CRM007575,147.52,2022-10-02,failed
TXN0006494,CRM001673,98.89,2022-11-07,completed
TXN0006141,CRM006659,2363.94,2023-09-27,completed
TXN0003674,CRM002956,72.46,2023-01-02,completed
TXN0005455,CRM004710,416.87,2023-12-04,completed
TXN0002052,GHOST00735,102.64,2023-07-20,refunded
TXN0001241,CRM010192,123.77,2023-06-22,completed
TXN0005115,CRM006821,279.34,2024-01-12,completed
TXN0011900,CRM004184,1258.82,2024-01-10,completed
TXN0006976,CRM007895,89.16,2024-05-20,completed
TXN0003703,CRM007520,88.32,2022-08-18,completed
TXN0006668,CRM009025,1647.84,2023-01-02,completed
TXN0008843,CRM005374,110.97,2022-06-02,completed
TXN0007170,CRM010057,337.13,2022-05-18,completed
TXN0008294,CRM007394,692.67,2022-04-27,completed
TXN0008811,CRM004597,87.2,2024-03-06,completed
TXN0008197,CRM006881,441.67,2023-07-28,completed
TXN0011387,CRM008741,837.43,2023-12-24,completed
TXN0001681,CRM003503,214.65,2023-09-17,completed
TXN0000553,CRM002866,94.73,2022-05-22,completed
TXN0009004,GHOST00920,1479.97,2023-10-12,completed
TXN0008193,CRM007197,175.51,2024-02-26,completed
TXN0004334,CRM001572,475.6,2024-05-03,completed
TXN0006634,GHOST00834,548.66,2023-11-26,completed
TXN0003606,GHOST01183,123.24,2022-09-17,completed
TXN0008623,GHOST00630,28.77,2023-10-30,completed
TXN0009783,CRM008160,179.97,2022-05-02,pending
TXN0007312,CRM010098,1095.52,2022-04-21,completed
TXN0002782,CRM003035,213.75,2023-01-28,failed
TXN0005178,CRM002247,91.21,2024-02-25,completed
TXN0006696,CRM002557,509.19,2022-08-16,completed
TXN0004796,CRM001029,395.87,2023-07-29,completed
TXN0004138,CRM006255,233.71,2024-02-25,pending
TXN0001914,GHOST00491,,2022-03-07,completed
TXN0011532,CRM009485,68.88,2024-04-08,failed
TXN0002951,CRM001857,710.26,2023-05-09,completed
TXN0003114,CRM009790,174.09,2023-02-23,completed
TXN0009650,CRM003115,1377.84,2022-06-07,completed
TXN0001701,CRM001305,141.11,2022-04-15,completed
TXN0003513,CRM004658,963.89,2023-03-14,completed
TXN0003574,CRM009330,959.28,2024-01-22,completed
TXN0011687,CRM002974,527.62,2022-10-08,completed
TXN0001852,CRM002208,1279.59,2023-04-23,completed
TXN0003907,CRM001475,230.43,2024-02-24,completed
TXN0003461,CRM002554,160.18,2023-05-10,completed
TXN0007399,CRM007856,265.49,2022-05-04,completed
TXN0011798,CRM006183,574.1,2023-11-02,completed
TXN0005261,CRM003621,,2023-02-07,completed
TXN0006192,CRM006728,99.08,2024-06-18,completed
TXN0009034,CRM000006,2611.34,2024-02-10,completed
TXN0011367,GHOST00950,448.22,2023-07-25,completed
TXN0000131,CRM005889,582.65,2022-04-13,completed
TXN0006125,CRM000630,441.12,2024-06-18,completed
TXN0003990,CRM007185,114.65,2024-02-11,completed
TXN0004580,CRM006418,399.32,2023-03-17,completed
TXN0007347,CRM006097,69.39,2022-07-06,completed
TXN0003632,CRM010167,201.61,2023-11-21,completed
TXN0000853,CRM009584,146.47,2022-08-22,completed
TXN0010097,CRM004368,71.62,2022-02-06,pending
TXN0008008,CRM003151,1364.24,2023-06-26,completed
TXN0001015,CRM006241,27.63,2024-01-22,completed
TXN0008001,CRM006628,801.01,2022-05-27,failed
TXN0010661,CRM005370,92.45,2022-02-15,completed
TXN0011723,CRM001729,1807.75,2023-10-30,completed
TXN0002514,CRM004139,395.14,2024-01-20,completed
TXN0008788,GHOST00013,8751.08,2022-01-27,completed
TXN0010825,CRM008639,289.01,2022-01-04,pending
TXN0000356,CRM000355,836.64,2022-09-18,completed
TXN0000839,CRM005253,466.66,2023-02-13,completed
TXN0006340,CRM002330,63.22,2023-09-25,completed
TXN0005939,CRM003383,103.97,2022-09-15,completed
TXN0002178,CRM007546,344.15,2023-09-18,completed
TXN0010296,CRM007096,170.76,2024-04-07,completed
TXN0000818,CRM005272,379.52,2024-03-22,pending
TXN0004863,CRM001402,174.86,2022-07-13,pending
TXN0007095,CRM004089,554.78,2022-08-23,pending
TXN0002747,CRM002214,1124.15,2022-12-30,completed
TXN0000098,CRM009353,123.61,2022-12-18,completed
TXN0004349,CRM007110,31.79,2023-03-04,completed
TXN0003865,CRM009078,339.92,2023-08-06,completed
TXN0002970,CRM004254,976.51,2023-09-12,completed
TXN0002441,GHOST00739,284.05,2023-06-01,refunded
TXN0011487,CRM000285,1157.89,2022-04-10,completed
TXN0003320,CRM007924,511.83,2024-04-27,pending
TXN0008083,CRM007945,,2023-01-03,completed
TXN0006534,GHOST00956,536.72,2023-03-26,completed
TXN0011250,CRM006061,160.62,2024-03-20,completed
TXN0007533,CRM005268,42.29,2023-03-21,refunded
TXN0006196,CRM007713,868.98,2024-02-03,pending
TXN0001925,CRM003952,8241.49,2023-03-02,completed
TXN0004746,CRM009313,47.61,2022-07-09,refunded
TXN0010321,CRM009055,176.79,2023-03-21,completed
TXN0002718,GHOST01140,11.44,2023-05-22,failed
TXN0002310,CRM006188,1394.35,2022-07-29,completed
TXN0005530,CRM009757,75.97,2023-01-17,completed
TXN0002406,CRM004592,85.86,2022-08-31,completed
TXN0000979,CRM004832,785.04,2024-05-16,completed
TXN0001155,CRM005639,251.23,2023-08-13,completed
TXN0011079,CRM010165,711.27,2023-10-12,completed
TXN0002271,GHOST00786,223.38,2023-06-28,pending
TXN0000432,CRM009088,569.93,2022-11-11,completed
TXN0000951,CRM002414,114.05,2022-09-27,completed
TXN0009701,CRM007819,925.5,2024-01-14,completed
TXN0008904,CRM000580,217.18,2022-01-03,completed
TXN0010504,CRM003476,80.69,2022-06-15,completed
TXN0005565,CRM005812,92.72,2022-05-15,pending
TXN0005948,CRM006540,217.12,2024-02-01,completed
TXN0005902,CRM005670,55.88,2023-06-25,completed
TXN0007882,CRM009132,,2023-01-19,completed
TXN0005725,CRM009919,296.28,2024-06-19,refunded
TXN0008360,CRM005801,267.19,2024-03-19,pending
TXN0001237,CRM009785,63.71,2022-05-17,pending
TXN0005925,CRM004338,1327.81,2024-01-31,completed
TXN0008619,CRM007163,488.91,2024-06-21,completed
TXN0002030,CRM004369,181.44,2023-10-18,completed
TXN0004135,GHOST01147,755.07,2024-02-07,pending
TXN0010624,CRM009936,89.29,2022-12-11,completed
TXN0003792,CRM008565,382.77,2023-09-30,completed
TXN0002059,CRM007950,1085.33,2024-03-21,completed
TXN0004150,CRM000773,351.6,2023-02-28,pending
TXN0001285,CRM004366,441.68,2023-02-07,failed
TXN0002259,CRM009043,247.71,2024-02-03,completed
TXN0002786,GHOST01112,90.24,2022-05-31,refunded
TXN0009433,CRM004443,180.77,2024-06-12,completed
TXN0002257,GHOST01149,1064.18,2024-06-04,completed
TXN0004805,CRM008286,101.7,2022-07-05,completed
TXN0005294,CRM005869,2604.92,2023-02-05,completed
TXN0006150,GHOST00384,338.16,2024-03-01,completed
TXN0006751,CRM003166,509.14,2022-11-09,completed
TXN0008022,CRM006579,503.17,2023-02-13,completed
TXN0007141,CRM008662,58.56,2022-03-19,failed
TXN0009768,CRM009334,1805.8,2022-11-25,completed
TXN0010327,CRM008118,197.16,2022-01-18,pending
TXN0010819,CRM004240,139.95,2023-03-30,pending
TXN0010928,CRM003620,75.65,2024-03-01,pending
TXN0002200,CRM002148,252.17,2024-05-19,completed
TXN0001097,CRM004040,188.13,2023-12-11,completed
TXN0000621,CRM009538,215.91,2024-06-09,completed
TXN0004351,CRM000919,366.37,2024-01-12,completed
TXN0011104,CRM000883,46.85,2022-02-14,completed
TXN0007790,GHOST00399,454.99,2022-03-29,completed
TXN0000081,CRM005204,118.12,2022-05-07,pending
TXN0007758,CRM000674,56.25,2023-06-13,completed
TXN0002977,GHOST00767,149.08,2023-08-19,completed
TXN0004960,CRM002320,374.22,2022-08-27,completed
TXN0009764,CRM002410,474.03,2023-05-13,completed
TXN0011379,CRM005248,32.55,2022-08-06,refunded
TXN0006590,CRM006706,374.86,2022-08-22,completed
TXN0009699,CRM005752,574.26,2023-06-16,pending
TXN0009309,CRM003049,359.13,2022-04-03,refunded
TXN0008231,CRM004214,160.99,2022-09-02,completed
TXN0005625,CRM008681,81.0,2023-02-24,pending
TXN0006117,CRM006988,414.99,2022-02-15,completed
TXN0003485,CRM001627,1473.78,2022-08-10,completed
TXN0005572,GHOST00944,,2023-05-25,pending
TXN0002632,GHOST00453,355.75,2024-03-24,completed
TXN0000182,CRM000666,284.18,2023-01-23,completed
TXN0008388,CRM005495,849.84,2022-11-04,completed
TXN0002708,GHOST00585,2475.21,2023-12-11,completed
TXN0005410,CRM004863,154.44,2024-02-29,completed
TXN0003631,CRM006913,50.99,2023-07-24,completed
TXN0008801,CRM007631,955.75,2024-04-09,completed
TXN0001968,CRM009862,,2024-02-13,completed
TXN0011329,CRM005270,310.89,2022-01-04,refunded
TXN0000242,CRM010392,934.65,2022-11-02,completed
TXN0001657,CRM003371,,2022-05-01,completed
TXN0008208,CRM010028,5.34,2022-03-17,completed
TXN0009562,CRM003700,672.25,2023-01-06,failed
TXN0003588,CRM002283,70.69,2024-03-08,completed
TXN0005689,CRM001610,23.23,2022-11-04,failed
TXN0002056,CRM008261,1074.74,2022-07-15,completed
TXN0002902,CRM007299,245.02,2024-06-25,completed
TXN0011357,CRM004152,545.51,2024-06-15,pending
TXN0010852,CRM003773,85.58,2023-06-18,completed
TXN0001382,CRM001765,1011.1,2024-03-24,completed
TXN0008742,CRM005638,,2022-02-28,completed
TXN0001675,CRM001262,291.99,2022-06-23,failed
TXN0005443,CRM005902,733.78,2023-08-11,completed
TXN0002122,CRM006763,625.17,2023-02-23,completed
TXN0007596,CRM000121,150.21,2023-08-08,completed
TXN0002286,CRM010209,116.65,2024-02-12,completed
TXN0010131,GHOST01088,221.51,2023-07-09,completed
TXN0006206,CRM009566,196.37,2022-11-22,refunded
TXN0000268,CRM009457,479.01,2022-11-24,completed
TXN0011459,CRM002951,591.48,2023-04-01,completed
TXN0010508,CRM005563,38.37,2022-09-19,completed
TXN0009339,CRM007765,34.2,2022-01-26,failed
TXN0003853,CRM001652,285.02,2023-06-04,pending
TXN0002088,CRM009866,524.87,2023-01-28,completed
TXN0007186,CRM010378,101.33,2023-01-17,completed
TXN0004358,CRM001747,490.91,2023-05-20,completed
TXN0001977,GHOST00869,,2022-07-03,completed
TXN0001888,CRM004044,118.27,2024-02-05,completed
TXN0010030,GHOST01166,344.1,2023-03-16,completed
TXN0006407,CRM004155,83.77,2022-01-18,completed
TXN0011419,CRM006211,485.44,2023-02-04,refunded
TXN0006457,GHOST01036,40.23,2024-06-30,completed
TXN0004330,CRM002793,503.94,2024-03-13,completed
TXN0000231,CRM009738,60.77,2023-02-03,pending
TXN0009156,CRM008115,71.45,2022-07-04,completed
TXN0010271,CRM002624,285.96,2022-03-11,failed
TXN0009586,CRM005360,21.36,2023-05-08,completed
TXN0006647,CRM000177,,2024-01-03,completed
TXN0011519,CRM008872,179.33,2023-09-01,completed
TXN0000872,CRM005359,283.75,2023-10-22,completed
TXN0004413,GHOST00576,87.91,2023-01-18,pending
TXN0005718,CRM001101,,2023-12-20,completed
TXN0002623,CRM008582,485.98,2022-09-20,completed
TXN0000122,CRM004752,83.17,2022-03-17,completed
TXN0009077,CRM005486,242.91,2022-09-25,completed
TXN0006132,CRM005521,82.53,2023-12-18,completed
TXN0008421,CRM008683,422.5,2022-02-06,completed
TXN0008894,CRM010295,2891.65,2023-03-08,completed
TXN0007700,CRM007223,209.44,2023-11-27,completed
TXN0000006,CRM003680,33.9,2023-05-06,completed
TXN0005499,CRM005728,135.07,2023-12-21,completed
TXN0009357,CRM005814,866.14,2024-03-21,completed
TXN0011077,CRM002439,177.02,2023-09-11,completed
TXN0004449,CRM001227,1627.2,2022-08-18,completed
TXN0001095,CRM002299,,2024-05-21,completed
TXN0002662,CRM001131,309.19,2023-08-21,completed
TXN0008664,CRM001628,628.62,2022-12-23,completed
TXN0009605,CRM001152,92.52,2024-02-16,completed
TXN0003842,CRM005798,370.89,2023-05-01,completed
TXN0010873,CRM008538,36.55,2023-06-26,completed
TXN0003616,CRM003091,265.24,2023-05-26,completed
TXN0007184,CRM006030,173.51,2023-02-09,completed
TXN0011043,CRM007086,576.55,2023-02-26,completed
TXN0006960,GHOST00557,182.22,2023-08-03,completed
TXN0005780,CRM008667,320.06,2022-06-23,refunded
TXN0001658,CRM010213,65.12,2022-06-07,completed
TXN0001792,CRM002104,293.92,2022-10-03,completed
TXN0010800,CRM005572,501.56,2022-01-29,completed
TXN0011197,CRM003965,35.74,2023-12-06,completed
TXN0011430,CRM009184,,2022-09-09,completed
TXN0009762,CRM009219,572.77,2023-03-09,completed
TXN0003924,GHOST00517,148.63,2023-01-23,completed
TXN0011777,GHOST00753,279.68,2022-03-16,completed
TXN0010838,CRM010125,341.34,2022-09-02,failed
TXN0010443,CRM009972,1581.2,2023-09-11,completed
TXN0001821,CRM001640,13.34,2023-03-29,completed
TXN0005558,CRM003504,662.04,2022-03-09,failed
TXN0002814,CRM009147,406.75,2023-06-06,completed
TXN0011786,CRM005956,63.55,2024-02-13,completed
TXN0002543,CRM007842,328.01,2024-03-07,completed
TXN0006930,CRM006634,129.33,2023-01-16,pending
TXN0007088,CRM005363,665.1,2022-10-19,completed
TXN0008166,CRM007785,178.11,2022-10-09,completed
TXN0009948,CRM003635,131.9,2023-03-13,completed
TXN0004327,CRM000839,23.37,2023-07-16,completed
TXN0006547,CRM001535,370.06,2022-09-05,completed
TXN0010631,CRM008299,703.24,2023-01-13,completed
TXN0009614,CRM007568,41.59,2023-10-19,completed
TXN0010629,GHOST01057,,2024-05-15,completed
TXN0000239,CRM008348,506.97,2023-10-12,completed
TXN0008485,CRM004733,1592.4,2024-04-06,completed
TXN0007774,CRM009872,1164.05,2022-07-05,completed
TXN0010061,CRM006200,376.48,2024-02-25,pending
TXN0006342,CRM007081,281.58,2022-07-11,completed
TXN0003699,CRM007987,65.74,2022-12-20,completed
TXN0006462,CRM001010,36.49,2024-05-16,completed
TXN0004766,CRM009535,52.71,2023-06-30,failed
TXN0000130,GHOST00663,87.22,2023-07-28,completed
TXN0007856,CRM006879,262.35,2023-05-22,completed
TXN0006403,CRM000950,121.75,2024-02-29,completed
TXN0001334,CRM007167,59.52,2022-11-05,completed
TXN0002037,CRM006681,39.05,2023-04-18,completed
TXN0011599,CRM002636,529.33,2024-02-03,completed
TXN0011545,CRM005665,345.03,2024-02-28,completed
TXN0010545,CRM005960,,2023-03-09,completed
TXN0005910,GHOST00406,178.91,2022-04-13,completed
TXN0008378,CRM000501,237.86,2022-09-30,failed
TXN0003175,CRM007408,189.62,2023-08-28,completed
TXN0011347,CRM007174,207.01,2024-06-24,completed
TXN0007078,GHOST00433,79.09,2023-07-26,completed
TXN0011383,CRM000902,283.93,2024-05-29,pending
TXN0007888,CRM010110,3429.24,2023-05-20,completed
TXN0003438,CRM002727,171.1,2022-12-31,pending
TXN0008398,CRM005307,218.81,2022-01-06,completed
TXN0011527,CRM003418,226.89,2023-09-28,completed
TXN0006032,GHOST00558,245.03,2022-09-14,completed
TXN0006687,CRM009644,46.82,2022-03-27,completed
TXN0002875,CRM004185,115.78,2022-11-21,pending
TXN0000947,CRM004908,341.12,2023-10-15,completed
TXN0001702,CRM004759,286.61,2024-01-01,completed
TXN0005274,GHOST00021,86.92,2024-05-03,completed
TXN0005278,CRM006234,110.38,2024-04-04,completed
TXN0004755,CRM009652,705.92,2022-05-18,completed
TXN0007004,CRM005552,16.84,2022-08-05,completed
TXN0000375,CRM010412,1485.55,2022-02-16,completed
TXN0002188,CRM003012,592.76,2024-05-14,completed
TXN0008375,CRM002260,111.58,2024-01-29,refunded
TXN0008954,CRM004346,14.22,2022-12-14,completed
TXN0000058,CRM000684,870.75,2023-05-30,completed
TXN0000659,CRM000289,671.67,2022-10-03,completed
TXN0000312,CRM010219,6155.97,2022-07-24,pending
TXN0011258,CRM005997,1947.23,2024-03-05,refunded
TXN0005971,CRM004890,1156.7,2024-01-17,completed
TXN0001313,CRM000120,1965.74,2023-11-16,completed
TXN0010524,CRM006883,27.67,2023-02-13,completed
TXN0004561,CRM007804,226.93,2023-11-14,pending
TXN0003747,CRM002267,165.31,2022-01-09,completed
TXN0004260,CRM004347,51.54,2023-05-29,pending
TXN0002957,CRM005063,396.69,2022-09-10,completed
TXN0006671,GHOST00242,189.29,2024-04-12,completed
TXN0010761,CRM009309,512.79,2023-12-13,completed
TXN0010735,CRM002785,370.55,2022-04-20,completed
TXN0005394,GHOST00732,250.44,2023-02-24,completed
TXN0011511,CRM007192,248.93,2023-07-20,completed
TXN0010771,CRM006345,382.32,2022-09-22,completed
TXN0007135,CRM003935,86.17,2023-03-15,completed
TXN0007444,GHOST00724,36.05,2022-12-22,completed
TXN0010214,CRM003378,106.98,2022-03-28,completed
TXN0010436,CRM007676,152.27,2023-12-12,completed
TXN0002665,CRM004781,255.03,2024-04-17,completed
TXN0002463,CRM001582,233.54,2022-01-07,completed
TXN0000539,CRM004938,1114.22,2023-02-11,completed
TXN0006552,CRM009423,278.47,2023-08-06,pending
TXN0007179,CRM002468,27.78,2023-10-02,completed
TXN0006867,CRM005530,4326.39,2023-06-18,completed
TXN0004014,CRM003397,327.95,2022-04-10,completed
TXN0011789,CRM008099,146.86,2023-06-25,completed
TXN0005743,CRM007888,203.5,2022-01-15,completed
TXN0011454,CRM006286,3435.8,2022-10-03,completed
TXN0008179,GHOST00096,120.64,2023-03-14,completed
TXN0007783,CRM004585,539.43,2024-05-27,completed
TXN0006970,GHOST00984,723.72,2022-05-22,refunded
TXN0010437,CRM006816,415.74,2023-01-08,pending
TXN0000692,CRM009993,221.29,2022-01-02,completed
TXN0004309,CRM000772,820.57,2022-12-23,failed
TXN0000687,CRM000637,380.81,2023-03-23,completed
TXN0003358,CRM008678,45.62,2024-01-19,completed
TXN0001947,GHOST00601,,2023-05-14,completed
TXN0008702,CRM009279,11.47,2023-11-29,completed
TXN0010179,CRM002558,331.79,2022-07-14,completed
TXN0009337,CRM004460,1719.72,2023-09-25,completed
TXN0007902,GHOST00886,116.18,2022-09-26,completed
TXN0006199,CRM006142,488.18,2023-06-27,completed
TXN0006261,CRM005268,549.38,2022-07-05,pending
TXN0006412,CRM000525,2644.16,2022-06-26,pending
TXN0007558,CRM006050,30.33,2022-04-09,pending
TXN0008049,CRM002070,142.69,2024-03-12,completed
TXN0000784,CRM010019,993.67,2023-10-11,completed
TXN0006428,CRM009137,426.16,2022-11-05,completed
TXN0001966,CRM003522,88.88,2023-10-23,completed
TXN0003930,CRM007040,78.95,2023-12-06,pending
TXN0006443,CRM008949,133.53,2022-03-16,completed
TXN0004424,CRM003443,2768.44,2022-03-31,completed
TXN0005727,GHOST00538,57.75,2022-04-28,completed
TXN0008164,CRM008419,171.46,2022-07-14,completed
TXN0011075,CRM001083,411.37,2024-01-15,failed
TXN0004282,GHOST00154,125.2,2022-03-12,refunded
TXN0006137,CRM003876,193.69,2023-02-24,completed
TXN0003681,CRM009817,120.64,2022-12-03,completed
TXN0002910,CRM006438,177.82,2022-03-07,failed
TXN0005606,CRM009598,86.84,2022-07-03,completed
TXN0003570,CRM003977,133.29,2023-06-16,completed
TXN0006501,CRM006548,78.21,2022-12-17,completed
TXN0000142,CRM000841,59.25,2023-08-11,completed
TXN0007242,CRM009889,729.14,2022-12-17,completed
TXN0005033,CRM006371,37.4,2022-11-28,completed
TXN0002247,CRM010407,1976.93,2023-01-13,refunded
TXN0010601,CRM001071,309.78,2022-06-29,completed
TXN0007947,CRM009658,479.75,2024-03-15,completed
TXN0003269,CRM003716,153.66,2023-10-18,completed
TXN0004995,CRM004193,42.95,2022-08-08,completed
TXN0004771,CRM006321,57.82,2022-02-16,refunded
TXN0005267,GHOST01199,603.51,2023-02-14,completed
TXN0011378,CRM009695,192.62,2022-01-17,pending
TXN0007863,CRM009022,291.1,2022-11-11,completed
TXN0004385,CRM006486,126.05,2022-04-29,completed
TXN0001371,CRM004581,187.8,2023-01-31,completed
TXN0010485,CRM003754,987.81,2024-01-02,completed
TXN0010962,CRM005124,179.12,2022-09-03,completed
TXN0007200,CRM004290,86.5,2023-08-19,completed
TXN0009810,CRM001916,573.17,2023-01-12,completed
TXN0007139,CRM002077,197.71,2024-03-02,completed
TXN0008241,CRM003370,79.06,2022-01-15,completed
TXN0006415,CRM006271,399.08,2022-07-01,completed
TXN0009779,CRM001080,109.82,2024-04-30,completed
TXN0011458,CRM000194,1396.94,2023-08-03,completed
TXN0007077,CRM009500,106.19,2022-09-05,completed
TXN0010623,GHOST01125,666.93,2023-01-04,completed
TXN0004660,CRM003114,265.15,2022-10-14,completed
TXN0010593,CRM001391,116.67,2022-10-09,refunded
TXN0004808,CRM002533,212.24,2022-11-05,completed
TXN0007194,CRM004299,224.84,2024-06-14,pending
TXN0001289,CRM002287,588.82,2023-10-27,completed
TXN0003467,CRM002585,22.93,2022-10-08,failed
TXN0002892,CRM006516,226.94,2023-07-13,completed
TXN0004854,GHOST00976,240.34,2023-10-28,completed
TXN0006727,GHOST01124,69.23,2022-04-22,failed
TXN0010311,CRM005887,241.72,2023-05-19,completed
TXN0004999,CRM006445,2919.39,2024-03-05,completed
TXN0008123,CRM002132,153.35,2023-09-09,completed
TXN0008814,CRM009042,56.67,2023-08-30,pending
TXN0008657,CRM005793,157.39,2023-05-22,pending
TXN0001110,CRM000201,167.72,2023-04-16,completed
TXN0010452,CRM006260,221.09,2024-01-20,pending
TXN0004489,CRM000555,161.3,2024-05-30,completed
TXN0000794,CRM009225,397.34,2023-07-07,completed
TXN0010638,CRM004528,284.53,2023-12-13,failed
TXN0009105,CRM000552,207.36,2022-08-11,completed
TXN0000256,CRM009625,256.57,2022-09-24,completed
TXN0010031,CRM004071,265.33,2024-06-10,completed
TXN0007443,CRM000684,835.71,2023-02-07,completed
TXN0003515,CRM006924,201.91,2023-02-23,completed
TXN0010552,CRM006285,244.42,2022-02-28,pending
TXN0010285,CRM001236,239.14,2023-11-12,completed
TXN0005120,GHOST00975,997.33,2024-06-02,completed
TXN0004674,CRM008354,2116.49,2023-10-07,completed
TXN0005723,CRM001931,1210.86,2023-05-17,completed
TXN0008162,CRM006010,208.12,2022-08-19,completed
TXN0000740,CRM003214,657.91,2022-11-26,completed
TXN0011812,CRM005766,147.1,2023-11-21,completed
TXN0002110,CRM005247,586.9,2022-11-30,refunded
TXN0006164,CRM000292,303.41,2023-07-04,completed
TXN0006787,CRM002581,204.35,2024-03-01,completed
TXN0007449,CRM007513,294.21,2022-02-21,completed
TXN0004296,CRM006400,350.55,2024-04-09,completed
TXN0004949,CRM007332,804.81,2022-06-01,completed
TXN0011212,CRM000513,34.25,2023-06-11,completed
TXN0011602,CRM006590,130.67,2022-10-28,pending
TXN0007340,CRM009299,74.54,2023-08-26,completed
TXN0007393,CRM004345,69.42,2023-12-06,completed
TXN0001511,CRM010111,194.87,2024-02-27,completed
TXN0006155,CRM006288,235.2,2023-08-11,completed
TXN0010126,GHOST00247,791.27,2022-01-31,completed
TXN0011247,CRM004552,561.7,2023-01-07,pending
TXN0002062,CRM000501,4455.68,2023-03-01,completed
TXN0008401,GHOST00114,91.1,2023-07-21,completed
TXN0000416,CRM001454,77.0,2024-06-04,refunded
TXN0000395,CRM001901,434.62,2022-08-21,completed
TXN0011560,CRM005279,239.84,2022-08-11,completed
TXN0011609,CRM006232,298.55,2022-10-07,completed
TXN0010625,CRM003776,264.6,2023-08-11,failed
TXN0001689,CRM009602,1239.98,2023-03-02,completed
TXN0011690,CRM002729,208.89,2023-09-14,failed
TXN0004923,GHOST00620,1347.3,2023-03-24,completed
TXN0011572,CRM001310,388.26,2024-06-15,refunded
TXN0007168,CRM010059,1014.17,2023-12-31,completed
TXN0004039,GHOST00897,114.44,2022-08-26,pending
TXN0004276,CRM002628,1082.42,2022-03-25,completed
TXN0007660,CRM006826,959.85,2024-05-20,pending
TXN0008645,CRM000140,191.66,2022-04-02,completed
TXN0002260,CRM007722,237.01,2023-02-08,completed
TXN0010286,CRM001611,861.83,2022-12-19,completed
TXN0001047,CRM001688,977.13,2024-05-01,completed
TXN0005276,CRM004672,212.9,2023-08-30,completed
TXN0007629,CRM009353,784.75,2022-11-06,pending
TXN0007618,CRM009430,69.41,2022-05-29,completed
TXN0009232,CRM008909,172.84,2023-05-18,completed
TXN0002950,CRM006939,61.94,2024-02-26,refunded
TXN0000010,CRM001184,855.88,2022-04-29,refunded
TXN0010412,CRM003377,126.42,2024-01-12,completed
TXN0001898,CRM002070,678.06,2024-04-07,completed
TXN0004943,CRM001869,435.8,2023-05-06,completed
TXN0000263,CRM001593,683.62,2022-01-20,pending
TXN0007225,CRM000796,1616.67,2022-11-07,completed
TXN0005873,CRM009458,160.19,2023-07-20,completed
TXN0003417,CRM000861,1582.5,2024-03-22,completed
TXN0007929,CRM008948,1695.55,2024-01-12,completed
TXN0001633,CRM007833,15.25,2023-05-28,completed
TXN0011452,CRM004680,199.79,2023-08-27,completed
TXN0000953,CRM000387,89.68,2022-09-18,completed
TXN0002856,CRM005270,135.88,2022-11-16,completed
TXN0010988,CRM006448,85.38,2023-08-30,completed
TXN0008112,CRM003920,10.84,2022-04-09,completed
TXN0006306,GHOST00622,83.18,2022-10-23,completed
TXN0005477,CRM006262,67.25,2023-04-13,failed
TXN0007519,CRM009324,100.07,2022-01-29,completed
TXN0007302,CRM005242,269.42,2024-05-11,failed
TXN0006210,CRM005582,1094.41,2024-06-23,completed
TXN0003884,CRM009867,33.63,2024-01-10,completed
TXN0004975,CRM001721,386.8,2024-03-21,failed
TXN0005108,CRM008273,410.13,2022-08-26,completed
TXN0011271,CRM005840,365.42,2023-01-09,completed
TXN0000557,CRM000251,184.98,2022-05-01,completed
TXN0007694,CRM002982,130.73,2023-09-27,completed
TXN0002820,CRM003142,206.03,2022-12-31,completed
TXN0003826,CRM009718,35.57,2022-12-09,completed
TXN0007014,CRM008040,516.96,2022-09-10,failed
TXN0009590,CRM003648,1811.49,2022-04-12,completed
TXN0004597,CRM004533,128.98,2023-08-07,completed
TXN0000688,CRM006357,583.17,2023-09-14,completed
TXN0007788,CRM002663,287.28,2023-02-14,completed
TXN0008783,CRM007419,54.61,2023-12-16,completed
TXN0005213,CRM004880,1248.74,2024-02-13,completed
TXN0011324,CRM003506,39.03,2024-02-04,completed
TXN0011275,CRM003941,287.89,2023-07-19,refunded
TXN0001394,CRM008372,66.03,2022-10-09,pending
TXN0007314,CRM006709,972.18,2023-08-12,completed
TXN0011959,CRM000247,19.04,2023-03-18,completed
TXN0008897,CRM005387,768.51,2022-09-03,completed
TXN0002777,CRM004280,264.23,2022-02-21,completed
TXN0003423,CRM007039,1234.09,2022-04-10,completed
TXN0008277,CRM002260,473.18,2022-07-17,completed
TXN0009848,CRM003508,40.62,2023-04-09,completed
TXN0003686,CRM000501,123.41,2023-05-29,completed
TXN0011552,CRM008010,,2022-01-30,completed
TXN0005803,CRM005964,456.62,2022-04-10,completed
TXN0003469,CRM009103,316.71,2022-01-18,completed
TXN0001293,CRM000420,470.16,2023-07-05,completed
TXN0006364,GHOST00345,645.51,2024-03-27,completed
TXN0009697,CRM008251,455.49,2022-01-11,completed
TXN0005505,CRM002515,556.57,2024-06-27,completed
TXN0011304,CRM008010,778.76,2023-11-04,completed
TXN0011429,CRM003010,61.92,2022-01-11,completed
TXN0004293,CRM006241,359.25,2024-02-27,completed
TXN0005052,CRM002532,21.71,2022-10-14,failed
TXN0001912,CRM009871,324.11,2022-08-28,pending
TXN0006490,CRM007772,88.51,2024-03-18,completed
TXN0002416,GHOST00136,727.68,2023-05-15,failed
TXN0002167,CRM000810,17172.22,2022-06-28,refunded
TXN0000138,GHOST00552,133.6,2023-09-14,completed
TXN0005175,CRM009979,920.54,2024-02-15,failed
TXN0000957,CRM003039,130.89,2022-12-18,completed
TXN0000849,CRM009151,19.45,2024-03-03,completed
TXN0007789,CRM009103,1979.76,2023-03-19,completed
TXN0001583,GHOST00359,94.52,2022-03-13,pending
TXN0001251,GHOST00170,674.39,2023-11-10,completed
TXN0000520,CRM007156,582.91,2024-03-08,completed
TXN0010464,CRM010036,648.03,2023-05-04,refunded
TXN0006712,CRM007946,215.73,2022-06-23,completed
TXN0003160,CRM005086,134.48,2023-12-04,completed
TXN0010426,CRM005288,536.38,2022-09-27,completed
TXN0009836,CRM009639,308.82,2023-06-08,failed
TXN0009331,CRM002956,155.44,2024-05-18,completed
TXN0008881,CRM010204,79.77,2022-11-23,pending
TXN0006808,CRM002128,174.44,2022-05-17,completed
TXN0009525,CRM004654,202.63,2023-07-08,completed
TXN0003816,CRM009838,130.9,2022-07-29,completed
TXN0011730,CRM003175,390.68,2024-04-30,completed
TXN0004990,CRM006132,266.98,2023-03-22,completed
TXN0004886,GHOST00743,49.46,2022-10-26,failed
TXN0004392,CRM005591,529.06,2022-11-29,completed
TXN0002672,CRM000915,1006.15,2022-02-12,completed
TXN0009146,CRM005876,719.18,2023-03-20,completed
TXN0004307,GHOST00621,92.06,2022-11-05,completed
TXN0010687,CRM000181,1456.83,2022-12-13,completed
TXN0005457,CRM006923,63.81,2024-04-11,completed
TXN0003003,CRM004241,119.39,2022-09-03,completed
TXN0006775,CRM002152,130.84,2024-03-23,completed
TXN0001870,CRM010142,51.51,2024-02-28,completed
TXN0003584,CRM005760,974.69,2022-09-28,completed
TXN0007630,CRM001809,2911.27,2022-08-01,completed
TXN0003230,CRM006755,183.17,2022-08-23,pending
TXN0010289,CRM004122,1198.7,2024-05-29,completed
TXN0009600,CRM010169,340.8,2023-12-27,completed
TXN0001364,CRM005111,168.01,2022-05-04,completed
TXN0004437,CRM008189,129.68,2022-01-23,failed
TXN0007705,CRM003583,1493.71,2022-12-16,completed
TXN0008939,CRM006411,365.43,2023-05-13,completed
TXN0010138,CRM005204,273.15,2022-12-05,completed
TXN0008928,CRM006486,1064.69,2023-08-05,completed
TXN0011626,CRM009387,350.31,2023-03-20,completed
TXN0010320,CRM005393,244.41,2022-02-07,failed
TXN0009840,CRM010358,35.68,2022-11-25,pending
TXN0010862,CRM009053,489.61,2023-12-21,completed
TXN0005699,CRM008133,1642.01,2024-06-14,completed
TXN0006346,CRM004892,567.34,2023-05-24,pending
TXN0001592,GHOST00695,327.24,2022-11-20,completed
TXN0009662,CRM004230,1190.82,2024-05-11,completed
TXN0002754,CRM002114,62.48,2023-09-16,refunded
TXN0004170,CRM001009,1855.09,2023-12-18,completed
TXN0011491,CRM001962,64.64,2022-12-03,pending
TXN0006487,CRM000003,2889.28,2023-10-13,completed
TXN0001226,CRM001771,103.82,2023-01-09,completed
TXN0005449,GHOST00082,844.79,2024-01-28,refunded
TXN0001594,CRM001329,164.54,2024-01-02,completed
TXN0007256,CRM003633,55.29,2022-03-27,completed
TXN0002611,CRM000254,364.68,2023-04-12,completed
TXN0000982,CRM003018,53.88,2024-01-22,completed
TXN0007445,CRM002012,197.64,2022-06-19,pending
TXN0006923,CRM001037,479.43,2022-09-03,completed
TXN0004987,CRM006251,466.26,2022-05-26,completed
TXN0006995,CRM004311,388.59,2023-07-24,completed
TXN0008234,CRM010082,270.79,2023-01-25,completed
TXN0004455,CRM000565,324.12,2024-06-12,completed
TXN0009165,CRM000111,249.48,2024-05-15,pending
TXN0005491,CRM003088,300.78,2023-10-29,completed
TXN0007537,CRM002467,286.52,2022-08-29,completed
TXN0009601,CRM009300,81.17,2022-12-18,pending
TXN0004864,CRM009903,111.41,2024-01-25,completed
TXN0006723,CRM007077,625.4,2022-03-01,completed
TXN0011480,CRM003198,457.56,2023-11-28,completed
TXN0005462,CRM008189,751.91,2022-11-03,completed
TXN0005313,CRM006231,359.63,2024-01-30,completed
TXN0008080,CRM009328,204.91,2022-05-05,pending
TXN0002221,CRM001031,360.85,2023-12-13,completed
TXN0001094,CRM004845,175.04,2023-05-03,completed
TXN0011099,CRM001716,1084.17,2023-07-10,completed
TXN0001202,CRM000907,449.69,2022-08-14,completed
TXN0003739,CRM003562,133.41,2024-06-11,completed
TXN0007866,CRM006278,157.13,2022-07-20,completed
TXN0005746,CRM009914,258.98,2022-09-13,completed
TXN0011434,CRM005400,465.49,2022-01-01,completed
TXN0007395,CRM006604,407.79,2023-04-05,completed
TXN0004620,CRM006163,1125.62,2024-05-26,completed
TXN0007470,CRM008392,1062.42,2024-06-05,completed
TXN0005124,CRM000216,616.91,2022-12-22,completed
TXN0008564,CRM010376,446.7,2022-12-07,refunded
TXN0004702,CRM005082,1928.7,2022-02-01,completed
TXN0005089,CRM000099,256.87,2024-03-06,completed
TXN0002859,CRM004915,469.79,2022-05-10,completed
TXN0000741,CRM004657,1190.03,2023-02-03,completed
TXN0010280,CRM003087,469.61,2023-08-23,completed
TXN0002573,GHOST00670,479.12,2023-04-03,completed
TXN0004486,CRM003436,110.18,2022-12-05,completed
TXN0004289,CRM000871,556.68,2022-09-03,completed
TXN0008306,CRM004351,222.33,2022-05-17,failed
TXN0011942,CRM009948,357.54,2023-07-11,completed
TXN0000406,CRM002587,486.12,2023-06-05,completed
TXN0007389,CRM006664,79.71,2022-02-15,completed
TXN0008988,GHOST00756,1131.09,2022-08-30,completed
TXN0004621,CRM002560,81.14,2022-12-28,completed
TXN0001409,CRM009605,6541.38,2022-03-04,completed
TXN0011653,CRM008136,4540.93,2024-04-21,completed
TXN0009026,CRM005045,451.52,2022-06-08,completed
TXN0006082,CRM005005,53.4,2022-02-27,completed
TXN0005112,CRM004183,240.26,2023-03-25,completed
TXN0002993,GHOST00867,5610.53,2022-09-10,completed
TXN0010802,GHOST00331,198.24,2022-10-31,refunded
TXN0005802,GHOST01109,498.02,2022-11-17,completed
TXN0003875,CRM008140,,2023-06-11,completed
TXN0003536,CRM000452,395.72,2023-05-13,pending
TXN0007565,CRM008001,11.98,2023-12-02,refunded
TXN0007001,CRM009320,2201.48,2022-06-10,completed
TXN0010146,CRM009415,319.11,2023-07-17,completed
TXN0002207,CRM001211,833.68,2023-06-08,completed
TXN0005256,CRM002883,173.8,2023-12-01,completed
TXN0005224,CRM006648,354.15,2022-03-03,pending
TXN0001623,CRM007495,26.09,2022-10-23,completed
TXN0004196,CRM008932,102.2,2022-08-04,completed
TXN0001157,CRM001281,184.85,2022-05-19,completed
TXN0002863,CRM001802,164.94,2023-12-29,completed
TXN0003050,CRM005567,2007.96,2022-01-17,completed
TXN0002575,GHOST01029,56.78,2022-05-13,completed
TXN0006154,CRM000965,873.96,2022-05-22,completed
TXN0009107,CRM008181,29.64,2023-05-16,completed
TXN0011301,CRM001148,834.14,2022-07-10,completed
TXN0007366,GHOST00669,157.79,2024-04-09,pending
TXN0000752,CRM004532,302.61,2022-06-07,completed
TXN0007801,CRM009692,22.62,2023-08-29,completed
TXN0007755,CRM001040,63.59,2023-12-18,refunded
TXN0000425,CRM004273,130.9,2023-06-20,completed
TXN0011648,CRM007588,34.2,2024-01-20,completed
TXN0009972,CRM007965,172.36,2022-10-08,refunded
TXN0005905,CRM003329,797.75,2022-11-18,completed
TXN0007883,CRM000013,73.83,2023-08-18,completed
TXN0000851,CRM001372,41.18,2024-01-05,completed
TXN0003359,CRM003783,168.46,2023-09-30,completed
TXN0004090,CRM005264,56.38,2022-02-20,completed
TXN0009047,CRM004516,357.13,2023-01-04,pending
TXN0008533,CRM006612,1224.87,2024-05-23,completed
TXN0000430,CRM004888,154.75,2022-04-18,completed
TXN0011568,CRM004038,512.74,2022-01-13,completed
TXN0010083,CRM001250,87.26,2023-08-11,failed
TXN0006941,CRM010420,63.26,2022-12-05,completed
TXN0009209,CRM002642,417.22,2022-06-06,completed
TXN0011390,GHOST00812,883.4,2023-01-31,completed
TXN0011801,CRM004390,600.48,2022-10-11,completed
TXN0002144,CRM000408,28.94,2022-07-26,completed
TXN0009186,CRM006401,1069.63,2022-09-12,completed
TXN0011026,CRM004835,1047.65,2022-09-20,completed
TXN0003466,CRM001551,1036.85,2024-01-07,completed
TXN0005886,GHOST00055,323.63,2023-05-22,completed
TXN0004224,CRM002625,249.18,2023-05-25,failed
TXN0010923,CRM006358,686.05,2023-04-01,completed
TXN0004508,CRM001333,126.91,2023-06-28,completed
TXN0007940,CRM004727,110.34,2022-02-24,pending
TXN0001098,CRM000383,156.27,2024-04-30,pending
TXN0004027,CRM000983,116.47,2023-07-05,pending
TXN0005694,CRM001111,180.77,2023-09-28,completed
TXN0008226,CRM002012,71.54,2022-10-23,completed
TXN0005544,CRM005087,481.31,2022-01-10,completed
TXN0005892,CRM008725,850.48,2023-03-09,completed
TXN0002813,CRM009334,189.12,2022-12-31,completed
TXN0005201,GHOST00507,812.13,2022-08-21,completed
TXN0004117,CRM008525,498.07,2023-03-20,refunded
TXN0010025,CRM010008,144.0,2023-09-27,refunded
TXN0002498,CRM008719,117.25,2023-10-21,completed
TXN0007029,CRM005529,1083.39,2023-11-12,completed
TXN0010399,CRM005858,3593.15,2023-08-06,failed
TXN0001744,CRM001125,883.59,2024-05-17,pending
TXN0000877,CRM002524,72.06,2023-07-11,completed
TXN0006477,CRM005037,74.46,2022-01-11,completed
TXN0009332,CRM002379,100.76,2022-11-11,completed
TXN0006041,CRM006445,177.85,2022-03-30,completed
TXN0008758,CRM005477,259.71,2023-11-18,completed
TXN0002917,CRM004039,92.74,2022-05-10,completed
TXN0011586,CRM001068,142.99,2022-01-29,completed
TXN0004745,CRM003683,351.46,2024-03-25,completed
TXN0009800,GHOST00415,1298.73,2024-04-07,completed
TXN0009457,CRM009913,277.71,2022-07-20,completed
TXN0011309,CRM010222,319.3,2023-02-16,completed
TXN0010089,CRM006209,241.84,2022-08-08,completed
TXN0002560,CRM008850,363.76,2022-05-23,pending
TXN0007103,GHOST00065,882.97,2023-07-15,completed
TXN0007598,CRM000909,993.44,2024-04-30,completed
TXN0002928,CRM002688,322.16,2022-08-07,completed
TXN0006855,CRM008550,248.5,2023-07-27,failed
TXN0006045,CRM002431,27.05,2022-06-03,completed
TXN0010540,CRM004933,86.84,2022-04-13,completed
TXN0004581,CRM006674,471.36,2022-05-09,completed
TXN0010218,GHOST00067,133.35,2022-01-27,completed
TXN0007632,CRM001126,198.99,2022-11-16,refunded
TXN0010093,CRM009891,320.75,2024-05-23,completed
TXN0006662,CRM004474,142.78,2023-12-03,completed
TXN0002550,CRM002916,1544.49,2023-11-14,completed
TXN0006806,CRM001876,224.01,2024-03-14,pending
TXN0010739,CRM001117,306.74,2024-04-02,completed
TXN0011456,CRM002941,356.06,2024-02-07,completed
TXN0011558,CRM004759,43.58,2024-01-30,completed
TXN0002205,CRM010360,1211.16,2023-06-05,completed
TXN0011619,CRM004219,733.12,2022-04-14,completed
TXN0005340,CRM008099,664.32,2023-08-21,completed
TXN0011874,CRM005056,1958.09,2022-09-03,pending
TXN0002819,CRM006311,243.68,2023-03-18,completed
TXN0007457,CRM000382,113.72,2023-06-06,completed
TXN0003605,CRM005068,170.41,2023-09-24,completed
TXN0001736,CRM008559,168.1,2023-07-07,refunded
TXN0004373,CRM001379,15.91,2023-06-24,completed
TXN0003236,CRM007031,,2022-09-22,completed
TXN0008355,CRM008954,118.91,2022-10-16,completed
TXN0010769,CRM002813,236.93,2022-10-10,completed
TXN0007202,CRM008713,693.27,2023-07-14,completed
TXN0000600,CRM006054,20.97,2024-01-30,pending
TXN0009924,GHOST00903,372.96,2024-04-24,completed
TXN0004187,CRM003936,1234.05,2023-06-01,completed
TXN0003436,CRM005078,578.6,2022-01-06,completed
TXN0007613,CRM004667,108.68,2022-01-07,pending
TXN0003776,CRM002342,18.69,2024-02-03,pending
TXN0000577,CRM005391,95.29,2022-05-06,pending
TXN0005391,CRM002014,2129.65,2022-10-07,pending
TXN0008023,GHOST00549,1885.51,2023-06-01,completed
TXN0011343,CRM000197,235.92,2023-03-17,completed
TXN0000528,CRM001303,250.64,2023-07-24,pending
TXN0001115,CRM008059,259.08,2023-01-13,completed
TXN0001720,CRM000498,285.09,2024-01-10,completed
TXN0009454,CRM006229,1045.67,2024-06-13,pending
TXN0001991,CRM004569,258.1,2022-11-24,completed
TXN0011827,CRM008354,204.9,2024-06-21,pending
TXN0001185,CRM000626,58.16,2022-02-26,completed
TXN0002916,CRM001217,206.74,2024-05-03,completed
TXN0006115,CRM009910,409.43,2023-06-01,completed
TXN0008535,CRM001020,294.8,2022-06-28,completed
TXN0009173,CRM007403,448.34,2022-10-14,completed
TXN0011976,CRM006709,342.86,2023-06-01,completed
TXN0005329,CRM002409,77.07,2024-04-27,pending
TXN0000856,CRM005461,1258.6,2022-05-28,completed
TXN0008538,CRM002295,114.92,2022-03-13,completed
TXN0004890,GHOST00078,345.9,2023-05-20,completed
TXN0011940,CRM006879,3128.79,2022-08-02,completed
TXN0011895,CRM001033,213.62,2022-12-30,completed
TXN0000656,CRM009822,208.59,2024-03-16,completed
TXN0004594,CRM007456,1818.72,2022-10-10,completed
TXN0006993,CRM001214,674.75,2022-01-13,completed
TXN0008211,GHOST00825,72.7,2023-09-23,failed
TXN0007279,CRM006613,1857.7,2024-03-08,completed
TXN0007164,CRM001992,134.37,2023-04-13,completed
TXN0004259,CRM006550,49.09,2023-05-23,completed
TXN0007226,CRM007759,22.38,2023-01-18,completed
TXN0009432,CRM000767,163.92,2023-01-29,completed
TXN0000904,GHOST00811,198.37,2022-03-25,completed
TXN0005010,CRM000631,29.4,2022-08-17,completed
TXN0005472,CRM007889,61.03,2022-10-29,completed
TXN0005376,CRM006619,1556.95,2024-03-15,pending
TXN0000005,CRM004759,718.11,2024-01-02,completed
TXN0003136,CRM003165,227.27,2024-04-18,completed
TXN0005851,CRM009262,227.44,2022-07-01,completed
TXN0003213,CRM003688,1692.27,2024-01-14,completed
TXN0011145,CRM001215,241.69,2022-01-30,completed
TXN0002562,CRM001433,397.08,2022-11-08,completed
TXN0003968,CRM004866,175.94,2023-04-13,completed
TXN0004915,CRM003375,5382.55,2022-01-13,completed
TXN0010175,CRM005654,455.72,2023-07-14,failed
TXN0007720,GHOST00349,735.3,2022-10-05,failed
TXN0006635,CRM004968,1395.77,2024-04-21,completed
TXN0006467,CRM000056,169.12,2023-09-27,completed
TXN0001183,CRM000490,265.79,2023-10-03,completed
TXN0011765,GHOST00788,221.04,2024-05-09,completed
TXN0000592,CRM007716,468.15,2023-11-14,pending
TXN0003878,GHOST00324,332.63,2024-03-21,completed
TXN0004263,CRM008951,452.24,2022-09-27,completed
TXN0000880,CRM005216,288.01,2023-09-02,completed
TXN0010450,CRM002246,111.75,2022-04-03,completed
TXN0011266,CRM008613,113.49,2023-03-26,completed
TXN0006084,CRM002148,149.72,2023-08-02,completed
TXN0009611,CRM001259,320.53,2024-02-17,completed
TXN0006803,CRM006673,68.74,2023-10-18,pending
TXN0006170,CRM009680,139.81,2023-05-27,completed
TXN0009411,CRM002224,121.64,2023-05-07,completed
TXN0011189,CRM006447,71.8,2023-12-28,completed
TXN0004624,CRM006882,111.23,2024-03-05,completed
TXN0008399,CRM000066,75.2,2024-06-08,completed
TXN0006845,GHOST00271,127.21,2022-07-01,completed
TXN0002438,GHOST00892,229.29,2023-10-18,completed
TXN0004919,CRM009494,76.75,2023-08-08,completed
TXN0008216,CRM007287,269.66,2023-05-21,completed
TXN0003032,CRM007966,42.45,2023-11-01,completed
TXN0005783,CRM009533,333.48,2024-04-12,refunded
TXN0007169,CRM000216,133.15,2023-12-18,completed
TXN0008953,CRM002322,772.98,2023-08-10,failed
TXN0010934,CRM001473,1085.32,2022-05-04,completed
TXN0001901,CRM000881,146.59,2022-08-18,completed
TXN0006152,CRM004843,386.02,2022-12-10,refunded
TXN0000554,CRM000043,957.15,2022-11-15,completed
TXN0002884,GHOST00291,107.14,2024-04-02,completed
TXN0005961,CRM002074,414.76,2022-04-03,completed
TXN0005754,CRM002201,1057.31,2023-06-08,failed
TXN0007409,CRM000740,251.59,2024-04-05,completed
TXN0007551,CRM002767,43.59,2023-07-07,completed
TXN0007773,CRM001095,198.01,2022-06-13,completed
TXN0008320,CRM009788,300.8,2023-06-13,completed
TXN0011677,CRM009768,46.4,2024-01-04,pending
TXN0000808,GHOST00184,197.3,2023-10-14,completed
TXN0001459,CRM006786,508.79,2024-05-20,completed
TXN0011017,CRM005515,5888.44,2023-12-17,completed
TXN0000160,CRM008330,1561.02,2022-03-12,completed
TXN0008024,CRM007478,396.26,2022-01-24,failed
TXN0003093,CRM004717,52.42,2023-12-11,completed
TXN0001743,GHOST00617,581.67,2023-08-19,completed
TXN0011395,CRM006794,336.37,2022-04-30,completed
TXN0004131,CRM002337,373.21,2022-07-22,completed
TXN0007666,CRM010059,383.9,2022-02-10,completed
TXN0003977,CRM009188,349.15,2024-05-06,completed
TXN0002807,CRM008585,550.45,2024-06-13,completed
TXN0001955,CRM003299,268.42,2024-06-09,failed
TXN0005599,CRM001803,578.9,2022-01-04,failed
TXN0000587,CRM007954,250.68,2023-12-12,failed
TXN0006901,CRM008414,48.1,2022-01-27,completed
TXN0006016,CRM002415,23.84,2022-10-19,completed
TXN0001876,CRM005422,176.29,2024-01-06,completed
TXN0010534,CRM002112,66.91,2022-02-13,completed
TXN0008546,CRM008336,125.72,2022-06-08,completed
TXN0003488,CRM006941,13917.84,2023-11-14,completed
TXN0003420,CRM009526,945.05,2022-02-05,completed
TXN0011676,CRM009665,191.38,2022-01-28,completed
TXN0006274,CRM004554,11.98,2023-05-29,completed
TXN0003058,CRM008709,137.64,2022-08-03,completed
TXN0001011,CRM005013,2753.1,2023-03-29,completed
TXN0010776,CRM003959,131.28,2022-03-20,completed
TXN0000197,CRM005969,135.15,2022-12-02,completed
TXN0009584,CRM002610,237.86,2022-02-25,completed
TXN0005240,CRM003242,711.5,2024-06-29,completed
TXN0000721,CRM007924,61.77,2024-01-21,completed
TXN0011941,CRM006142,684.63,2022-12-05,completed
TXN0000627,CRM004751,29.32,2024-03-08,completed
TXN0000311,CRM004189,47.39,2023-08-14,completed
TXN0003516,CRM003302,31.79,2024-01-28,completed
TXN0011996,CRM009168,245.88,2023-07-03,completed
TXN0001092,CRM006221,1894.44,2022-02-25,failed
TXN0011045,CRM007685,965.65,2024-04-25,failed
TXN0003540,CRM004275,508.74,2023-01-29,completed
TXN0001102,CRM001136,10.04,2023-04-02,completed
TXN0011004,CRM000058,111.98,2023-03-09,completed
TXN0002272,CRM007798,587.93,2022-01-26,completed
TXN0009689,CRM009198,937.21,2022-04-11,completed
TXN0007547,CRM002556,902.42,2024-04-05,pending
TXN0008434,CRM000098,519.28,2023-11-13,completed
TXN0007894,GHOST01098,31.25,2024-05-12,completed
TXN0011621,CRM004539,790.24,2022-07-14,completed
TXN0004776,CRM000018,414.71,2024-02-04,completed
TXN0007898,CRM004034,185.89,2022-06-10,failed
TXN0009251,CRM006098,173.6,2023-11-24,failed
TXN0008220,CRM006750,839.83,2022-10-12,completed
TXN0011566,CRM005219,105.87,2024-04-07,completed
TXN0005758,GHOST00837,196.69,2022-12-18,completed
TXN0009398,CRM009208,108.92,2024-01-30,completed
TXN0007220,GHOST00004,445.3,2024-06-22,completed
TXN0005034,CRM009162,210.39,2023-09-24,completed
TXN0000232,CRM008039,970.9,2023-03-16,pending
TXN0003447,CRM002561,546.25,2022-09-24,failed
TXN0006060,CRM002313,202.61,2022-10-08,completed
TXN0010965,CRM010483,117.81,2023-06-20,completed
TXN0008992,CRM007038,56.82,2022-04-11,completed
TXN0003532,GHOST00108,53.74,2022-09-22,completed
TXN0001750,CRM009166,27.15,2022-04-12,refunded
TXN0007090,CRM005168,466.6,2022-07-21,completed
TXN0001077,CRM010214,111.4,2022-06-13,completed
TXN0003542,CRM001819,2333.93,2024-01-20,completed
TXN0008274,CRM002902,209.14,2023-06-26,completed
TXN0009393,CRM003222,161.69,2023-12-28,completed
TXN0003659,CRM004121,209.13,2022-05-05,pending
TXN0011223,CRM001673,20.64,2022-12-05,completed
TXN0011604,CRM002681,108.2,2022-10-15,completed
TXN0004870,CRM000571,131.48,2022-09-14,completed
TXN0004625,CRM005703,74.27,2023-07-19,completed
TXN0001255,GHOST00771,1996.24,2023-02-10,failed
TXN0006183,CRM008464,212.78,2022-07-20,completed
TXN0009984,GHOST00064,97.8,2022-11-28,completed
TXN0004104,GHOST00104,937.78,2022-07-21,pending
TXN0005053,CRM003929,234.46,2024-01-09,completed
TXN0009750,CRM009683,164.66,2023-06-20,completed
TXN0004622,CRM005588,682.29,2022-12-11,completed
TXN0007142,CRM000774,120.11,2023-04-28,pending
TXN0005859,CRM008743,12.26,2023-04-09,completed
TXN0008581,CRM007520,61.48,2024-01-14,completed
TXN0000985,CRM001561,259.35,2024-06-28,completed
TXN0011738,CRM000511,1208.33,2024-01-23,completed
TXN0002948,CRM001785,160.84,2023-02-18,failed
TXN0004562,CRM005767,47.26,2023-11-13,failed
TXN0005117,CRM003368,90.96,2023-04-29,pending
TXN0003043,CRM008882,715.18,2023-12-10,refunded
TXN0002267,CRM008831,189.66,2024-02-10,completed
TXN0000102,CRM009210,48.08,2022-03-13,completed
TXN0007945,CRM010278,110.16,2022-03-23,completed
TXN0002629,GHOST01159,1112.7,2022-09-12,completed
TXN0011685,CRM007827,190.77,2023-10-07,completed
TXN0008675,CRM006580,140.26,2022-09-24,completed
TXN0004320,CRM007572,1107.23,2022-06-11,completed
TXN0009899,CRM004744,1090.86,2022-05-30,completed
TXN0005697,CRM006925,1000.46,2022-10-02,completed
TXN0001704,CRM004159,,2024-01-24,pending
TXN0010155,CRM002832,3242.5,2024-04-08,completed
TXN0011693,CRM008918,142.85,2024-06-18,completed
TXN0006371,CRM009826,702.69,2023-05-21,failed
TXN0006469,CRM001732,113.55,2023-10-08,completed
TXN0004628,GHOST00230,152.01,2023-11-05,pending
TXN0001189,CRM004368,141.0,2023-06-06,pending
TXN0002322,CRM003062,14.73,2022-06-27,completed
TXN0010140,CRM007973,230.58,2022-11-11,completed
TXN0003261,CRM007286,217.49,2022-01-27,completed
TXN0007609,CRM007642,17.04,2022-03-15,completed
TXN0010525,CRM006489,276.96,2022-04-08,completed
TXN0007360,CRM001581,26.95,2023-12-15,completed
TXN0003197,CRM009227,1520.87,2022-03-08,pending
TXN0004678,CRM004255,491.13,2024-01-18,completed
TXN0005580,CRM008664,266.91,2024-01-14,completed
TXN0002111,GHOST00201,37.08,2022-09-18,completed
TXN0009458,CRM004189,467.46,2022-02-17,refunded
TXN0009054,CRM005432,190.42,2023-09-28,completed
TXN0011988,CRM002247,234.49,2023-11-30,completed
TXN0000270,CRM000420,132.71,2022-06-16,completed
TXN0011876,CRM001666,471.63,2023-04-01,completed
TXN0004178,CRM010029,278.83,2023-08-16,completed
TXN0005692,CRM006227,368.65,2022-02-19,completed
TXN0006805,CRM007585,30.36,2024-02-28,completed
TXN0008345,GHOST00864,943.82,2023-04-22,completed
TXN0008381,CRM004858,244.53,2022-01-01,completed
TXN0001862,CRM004760,243.11,2023-06-30,completed
TXN0004871,CRM000851,928.43,2023-10-01,pending
TXN0008602,CRM006836,746.75,2024-05-18,failed
TXN0002455,CRM008432,356.82,2024-05-18,failed
TXN0006885,CRM006852,535.15,2024-03-14,failed
TXN0005919,CRM006294,132.69,2024-03-17,completed
TXN0002019,GHOST00308,436.94,2023-04-02,completed
TXN0003059,CRM000949,442.39,2022-12-25,completed
TXN0008917,CRM004759,111.25,2022-05-02,completed
TXN0001903,CRM003230,50.04,2022-12-02,completed
TXN0001793,CRM000038,346.42,2024-06-20,refunded
TXN0002990,CRM004186,728.76,2023-12-15,completed
TXN0011722,CRM007572,1055.74,2023-04-20,completed
TXN0008567,CRM004858,1355.65,2022-09-07,completed
TXN0002048,CRM005793,1170.21,2024-03-24,completed
TXN0009821,CRM002742,142.81,2023-07-21,completed
TXN0006729,CRM010365,235.68,2022-05-30,completed
TXN0007298,CRM002159,376.72,2023-05-27,failed
TXN0002889,CRM001687,122.41,2024-04-05,completed
TXN0000680,CRM005501,391.22,2022-11-23,completed
TXN0010255,CRM005132,326.26,2022-07-05,pending
TXN0002582,CRM002299,138.11,2022-12-18,completed
TXN0011905,CRM009175,130.54,2022-05-27,completed
TXN0004406,CRM004788,92.32,2022-01-26,failed
TXN0009592,CRM004698,3209.27,2022-03-22,completed
TXN0011776,CRM004530,174.01,2023-06-07,completed
TXN0009039,CRM005110,172.96,2023-10-04,completed
TXN0006461,CRM010122,115.0,2023-08-18,completed
TXN0001990,CRM009080,148.21,2024-04-13,completed
TXN0007325,GHOST00752,529.59,2023-05-13,completed
TXN0000204,CRM003317,56.06,2022-07-09,completed
TXN0007995,CRM004616,145.75,2024-04-21,completed
TXN0003012,CRM003863,127.94,2023-08-01,completed
TXN0008228,CRM009972,339.74,2023-08-13,refunded
TXN0002397,CRM006590,542.84,2023-08-27,completed
TXN0004517,CRM000001,61.76,2023-01-25,completed
TXN0009199,CRM001105,288.63,2024-04-18,completed
TXN0004341,CRM002875,256.06,2023-04-26,failed
TXN0011759,CRM009546,168.8,2023-11-01,refunded
TXN0000209,CRM007129,1189.28,2022-12-25,completed
TXN0003609,CRM009494,1172.98,2022-04-28,completed
TXN0005074,CRM004090,137.57,2024-03-03,completed
TXN0005693,CRM002006,1989.59,2024-02-10,completed
TXN0010193,CRM009922,24.23,2022-04-06,completed
TXN0005951,CRM003781,307.12,2024-02-19,completed
TXN0011269,CRM008258,35.57,2022-02-04,failed
TXN0001765,CRM007390,96.03,2022-05-23,pending
TXN0005324,CRM010295,97.96,2024-05-15,failed
TXN0005403,GHOST01155,4398.19,2023-08-27,completed
TXN0011985,CRM004677,1339.47,2024-05-25,completed
TXN0006710,CRM002196,2158.44,2024-06-04,completed
TXN0001577,CRM002115,122.59,2024-05-30,completed
TXN0006017,CRM001020,217.33,2023-03-25,completed
TXN0008390,CRM006406,1084.92,2022-12-15,completed
TXN0000881,CRM007113,32.32,2022-10-05,completed
TXN0004872,CRM010451,44.25,2022-10-06,completed
TXN0010633,CRM004996,94.14,2024-03-04,completed
TXN0000720,CRM007096,174.1,2024-02-13,completed
TXN0011654,CRM001793,19.98,2023-01-29,completed
TXN0011497,CRM000208,56.54,2022-09-24,completed
TXN0003802,CRM004196,1813.9,2023-12-12,completed
TXN0001692,CRM008176,113.24,2023-11-30,completed
TXN0007485,CRM007626,40.57,2023-10-20,completed
TXN0007766,CRM005400,428.09,2024-04-04,completed
TXN0011968,CRM004883,30.74,2023-09-30,completed
TXN0003683,CRM004514,74.09,2024-05-12,completed
TXN0001329,GHOST00936,149.32,2023-06-23,completed
TXN0006772,CRM002582,5.99,2023-05-05,completed
TXN0001913,CRM009541,172.02,2023-01-01,completed
TXN0005386,CRM009205,125.09,2023-04-17,completed
TXN0003872,CRM004723,69.09,2023-08-11,failed
TXN0003397,CRM009900,1702.45,2024-06-28,completed
TXN0001546,CRM000059,185.03,2022-05-09,failed
TXN0011955,CRM008169,809.91,2022-01-21,completed
TXN0008218,CRM006382,119.86,2023-10-10,completed
TXN0002060,CRM003688,408.89,2023-01-18,completed
TXN0000684,CRM008845,343.88,2022-10-27,completed
TXN0003857,CRM006462,172.6,2023-01-18,completed
TXN0004542,CRM005120,196.92,2022-11-19,completed
TXN0005688,CRM005109,196.81,2022-11-26,completed
TXN0005733,CRM003503,2520.13,2023-08-06,pending
TXN0009142,CRM001383,83.96,2022-07-24,completed
TXN0007738,CRM006969,212.94,2023-03-26,completed
TXN0009732,CRM007911,3326.71,2023-07-09,completed
TXN0006026,CRM009005,58.42,2022-06-23,completed
TXN0011163,CRM001980,109.51,2023-05-04,completed
TXN0006969,CRM003863,389.08,2023-01-08,refunded
TXN0001344,CRM008053,225.04,2024-04-01,completed
TXN0007600,CRM001379,546.23,2023-09-09,completed
TXN0010711,CRM008717,783.77,2022-06-27,completed
TXN0011807,CRM008560,283.78,2024-05-27,completed
TXN0005750,GHOST00352,56.9,2022-11-12,completed
TXN0010507,CRM001862,195.94,2023-12-20,completed
TXN0009986,CRM008846,73.73,2022-09-05,refunded
TXN0001719,CRM001773,1229.0,2023-06-05,completed
TXN0005607,CRM005102,97.85,2023-11-27,completed
TXN0009095,CRM000590,171.83,2022-06-09,completed
TXN0000644,GHOST00437,70.09,2024-02-07,completed
TXN0003730,CRM003575,144.47,2023-08-07,completed
TXN0002767,CRM002750,972.73,2022-11-22,completed
TXN0011559,CRM009618,841.98,2024-05-29,completed
TXN0010055,CRM001940,346.02,2023-03-30,pending
TXN0011217,CRM010222,960.29,2023-09-24,completed
TXN0011108,GHOST00656,18.95,2024-03-27,completed
TXN0006080,CRM008803,51.3,2022-08-04,pending
TXN0003247,CRM009182,404.02,2024-05-09,completed
TXN0011819,CRM008366,462.49,2024-04-27,completed
TXN0010182,CRM006047,1741.82,2023-07-05,completed
TXN0006858,CRM007514,72.34,2024-05-03,completed
TXN0001091,GHOST00559,3093.91,2022-06-04,completed
TXN0004770,CRM010443,10.97,2023-10-17,completed
TXN0003334,CRM004856,1036.94,2024-03-23,completed
TXN0001735,GHOST00861,337.7,2023-02-17,completed
TXN0007089,CRM008765,663.88,2023-08-28,completed
TXN0006550,CRM002448,279.29,2022-06-04,completed
TXN0007787,CRM006745,84.37,2024-01-31,completed
TXN0001817,CRM005760,1096.43,2022-06-02,failed
TXN0006187,CRM004579,75.84,2023-07-02,refunded
TXN0005268,CRM006744,1518.32,2022-01-17,failed
TXN0008993,CRM003325,564.28,2024-04-23,completed
TXN0007617,CRM006657,103.73,2023-07-26,pending
TXN0002868,CRM009186,254.49,2023-02-24,completed
TXN0000890,CRM008502,768.14,2022-05-10,completed
TXN0008078,CRM007596,179.57,2024-04-08,refunded
TXN0001535,GHOST00206,2097.53,2022-01-25,failed
TXN0007234,CRM009617,326.24,2024-01-10,completed
TXN0007937,CRM007507,553.66,2022-07-05,completed
TXN0006143,CRM003867,1114.91,2022-07-18,completed
TXN0005286,CRM000033,233.45,2023-12-04,completed
TXN0000213,CRM005368,535.1,2022-04-29,completed
TXN0004617,CRM008114,55.54,2023-01-26,pending
TXN0007136,CRM008846,584.86,2023-03-04,completed
TXN0009307,CRM006092,2411.52,2024-02-02,completed
TXN0007108,CRM003609,1261.78,2022-12-16,completed
TXN0000518,CRM006558,66.36,2022-12-11,completed
TXN0007593,CRM005451,282.8,2023-01-08,completed
TXN0001060,GHOST00435,128.94,2024-01-31,completed
TXN0003953,CRM003638,293.88,2023-06-22,completed
TXN0011178,CRM002127,106.91,2022-05-08,completed
TXN0008335,CRM002242,,2023-07-31,completed
TXN0005205,CRM005277,293.14,2024-03-28,completed
TXN0010027,CRM006020,1380.81,2022-03-28,refunded
TXN0008380,CRM001834,263.49,2022-11-10,completed
TXN0011265,CRM009350,696.76,2023-09-19,completed
TXN0002805,CRM005464,177.69,2022-08-11,completed
TXN0009239,CRM004266,382.22,2023-01-08,failed
TXN0002525,CRM002054,270.43,2024-05-05,completed
TXN0007418,CRM003194,146.64,2024-02-26,failed
TXN0003193,CRM008995,162.78,2023-05-16,completed
TXN0008622,CRM005240,1124.32,2022-10-19,completed
TXN0006452,CRM003784,1070.67,2024-06-20,completed
TXN0003188,CRM004985,42.51,2024-04-03,completed
TXN0006358,CRM000347,62.46,2022-06-16,completed
TXN0010752,CRM005388,1592.68,2023-01-26,completed
TXN0003663,CRM007827,319.56,2022-10-23,completed
TXN0006057,CRM003393,113.55,2023-02-13,completed
TXN0000402,CRM006087,506.76,2024-05-15,completed
TXN0006928,CRM010420,113.27,2022-02-01,completed
TXN0005776,CRM003354,759.53,2022-06-01,completed
TXN0005412,CRM009692,461.78,2024-01-15,pending
TXN0009951,CRM001930,1252.29,2024-05-27,failed
TXN0002769,CRM007574,736.66,2024-06-21,completed
TXN0002089,CRM002356,106.34,2022-06-15,completed
TXN0005620,CRM003537,177.95,2024-04-27,completed
TXN0002640,CRM007908,1406.05,2023-12-13,completed
TXN0008230,CRM004205,624.46,2022-07-05,completed
TXN0000067,CRM001853,31.34,2023-12-25,failed
TXN0002124,CRM004406,188.21,2023-02-14,completed
TXN0005430,CRM007400,292.81,2022-03-18,completed
TXN0007411,CRM001642,189.28,2022-03-16,completed
TXN0008921,GHOST00411,217.36,2022-06-07,pending
TXN0008805,CRM006305,271.29,2022-04-11,completed
TXN0006505,CRM002074,33.33,2024-06-24,completed
TXN0005000,CRM005102,1265.08,2024-04-27,completed
TXN0005028,GHOST00061,898.51,2022-06-13,completed
TXN0009520,CRM010375,341.69,2022-12-26,completed
TXN0000906,CRM001605,44.67,2023-06-05,completed
TXN0008760,CRM006979,386.34,2023-09-04,completed
TXN0008139,CRM004153,192.65,2024-02-03,completed
TXN0007059,CRM005530,99.45,2023-05-09,completed
TXN0008113,CRM000854,234.17,2022-01-02,completed
TXN0006617,CRM005927,811.11,2022-05-25,completed
TXN0008090,CRM007460,171.84,2022-09-24,completed
TXN0001048,CRM006807,2759.7,2023-04-15,completed
TXN0009725,GHOST00951,423.21,2023-08-29,completed
TXN0007843,GHOST00290,64.22,2022-06-29,completed
TXN0011848,CRM007797,78.6,2022-04-01,completed
TXN0001026,CRM004138,1384.5,2022-08-05,completed
TXN0010449,CRM001883,92.11,2024-05-10,completed
TXN0004421,GHOST00463,1068.14,2024-01-29,refunded
TXN0000168,CRM005782,598.37,2022-02-16,completed
TXN0005834,CRM000888,1073.83,2022-03-02,completed
TXN0007069,CRM009344,620.27,2022-07-12,refunded
TXN0009956,CRM006427,82.65,2024-05-27,completed
TXN0008213,GHOST01077,47.97,2024-01-01,completed
TXN0003956,CRM007750,3.19,2022-08-12,completed
TXN0011096,CRM005430,909.77,2023-08-16,completed
TXN0011972,CRM005203,44.59,2023-07-04,completed
TXN0001053,CRM000380,133.12,2022-06-22,refunded
TXN0003161,CRM001250,162.38,2022-01-06,completed
TXN0007768,CRM006188,301.8,2023-08-18,pending
TXN0004058,CRM000657,426.92,2022-01-08,completed
TXN0001638,CRM000487,356.01,2024-06-06,completed
TXN0010423,CRM003484,130.51,2023-01-04,completed
TXN0003242,CRM006268,37.9,2023-06-19,completed
TXN0008452,GHOST00839,284.12,2022-09-07,completed
TXN0000799,GHOST00088,281.1,2022-09-13,completed
TXN0011036,CRM009489,51.36,2022-07-16,completed
TXN0009933,CRM001221,,2022-07-08,failed
TXN0007299,CRM003795,229.51,2022-04-22,completed
TXN0005644,GHOST01028,335.5,2023-11-21,failed
TXN0006409,CRM008858,90.07,2024-02-16,refunded
TXN0009815,CRM002778,229.96,2023-08-23,pending
TXN0007240,CRM010320,77.94,2024-06-04,pending
TXN0002684,CRM010034,377.32,2023-02-18,failed
TXN0007725,CRM003378,304.38,2023-07-29,completed
TXN0011317,GHOST00819,98.42,2023-12-05,completed
TXN0010510,GHOST00299,263.67,2022-12-28,completed
TXN0008663,CRM004989,66.75,2023-01-31,completed
TXN0010530,CRM001575,186.71,2023-06-11,completed
TXN0010839,CRM004755,171.62,2023-06-03,failed
TXN0009031,CRM003682,1303.99,2022-10-03,completed
TXN0010914,CRM003578,107.49,2024-04-24,completed
TXN0005550,CRM004805,79.36,2022-07-20,failed
TXN0011382,CRM005126,513.0,2022-09-07,completed
TXN0009078,CRM004819,754.07,2023-01-03,completed
TXN0004004,CRM002419,720.31,2024-04-10,completed
TXN0003658,CRM006676,292.59,2024-03-18,pending
TXN0011704,CRM000113,88.21,2022-04-17,completed
TXN0001580,GHOST00035,46.63,2023-08-01,completed
TXN0001304,CRM004672,70.82,2022-03-07,completed
TXN0007951,CRM000831,211.91,2022-04-10,completed
TXN0001959,CRM004684,88.85,2023-07-09,completed
TXN0004792,CRM005226,,2022-08-23,completed
TXN0003088,CRM007187,206.94,2024-05-16,completed
TXN0002808,CRM008474,329.11,2024-03-03,completed
TXN0000196,CRM006915,124.25,2022-08-15,completed
TXN0010267,CRM009408,1540.53,2022-07-19,completed
TXN0009415,CRM009246,107.05,2023-10-08,failed
TXN0002822,CRM007957,439.3,2024-04-10,completed
TXN0002109,CRM004711,90.35,2023-07-26,completed
TXN0008069,CRM003937,193.12,2023-04-17,completed
TXN0002630,GHOST01083,49.37,2023-06-27,completed
TXN0009526,CRM008923,418.7,2023-06-30,completed
TXN0008901,CRM000517,43.46,2024-06-30,completed
TXN0011399,CRM005422,60.9,2023-05-30,completed
TXN0006573,CRM002094,1668.09,2022-02-04,completed
TXN0003479,CRM009206,63.04,2022-09-24,completed
TXN0004685,CRM008580,1005.21,2022-08-20,completed
TXN0001219,CRM004018,81.55,2023-07-13,completed
TXN0006597,CRM007251,871.39,2023-04-18,completed
TXN0005200,GHOST00612,1302.49,2022-07-14,completed
TXN0005468,CRM001148,418.98,2024-04-04,completed
TXN0002504,GHOST00434,92.26,2022-04-07,completed
TXN0007147,CRM003580,247.44,2023-01-26,failed
TXN0010867,CRM000284,425.09,2024-06-05,completed
TXN0000793,CRM005229,745.21,2022-01-22,failed
TXN0001742,GHOST00523,459.33,2024-04-05,completed
TXN0008549,CRM002480,902.16,2023-09-18,completed
TXN0011414,CRM010073,561.45,2022-07-10,completed
TXN0011673,CRM004084,336.27,2023-07-14,completed
TXN0011954,CRM009219,300.13,2023-11-12,pending
TXN0005736,CRM001377,23.45,2023-02-16,failed
TXN0004555,CRM010320,825.85,2022-10-06,completed
TXN0000481,CRM001717,479.17,2023-02-18,completed
TXN0006439,CRM008587,224.06,2022-11-02,completed
TXN0005894,CRM006343,233.39,2023-03-11,completed
TXN0011592,GHOST00321,263.86,2022-07-02,completed
TXN0005343,CRM007474,246.17,2023-02-01,completed
TXN0005547,CRM009299,168.78,2022-10-10,completed
TXN0000887,CRM004794,1447.95,2022-08-08,completed
TXN0007474,CRM003925,80.62,2024-02-27,completed
