customer_id,name,email,signup_date,city
CRM010304,Rahul Bose,rahul.bose239@gmail.com,2022-02-09,Vadodara
CRM006432,Deepa Kumar,deepa.kumar616@yahoo.com,2023-05-27,Lucknow
CRM000305,Rahul Mishra,rahul.mishra260@hotmail.com,2022-08-16,Kolkata
CRM009603,Kritika Singh,kritika.singh830@gmail.com,2024-01-04,Patna
CRM007384,Arjun Sharma,arjun.sharma411@yahoo.com,2023-11-09,Mumbai
CRM007989,Arjun Sinha,arjun.sinha902@hotmail.com,2023-03-14,Indore
CRM003920,Amit Chatterjee,amit.chatterjee886@outlook.com,2022-01-20,Vadodara
CRM004338,Arjun Mishra,arjun.mishra745@hotmail.com,2023-04-15,Lucknow
CRM006931,Vihaan Reddy,vihaan.reddy583@yahoo.com,2022-09-13,Jaipur
CRM000968,Sai Gupta,sai.gupta416@gmail.com,2023-09-28,UNKNOWN
CRM005796,Aadhya Mishra,aadhya.mishra112@outlook.com,2023-01-13,Chennai
CRM000108,Riya Mehta,riya.mehta530@rediff.com,2022-06-17,Bangalore
CRM003211,Vijay Sharma,vijay.sharma320@rediff.com,2024-01-28,Kanpur
CRM002555,Aadhya Shah,aadhya.shah828@outlook.com,2024-03-17,Delhi
CRM005480,Suresh Rao,suresh.rao113@yahoo.com,2024-06-19,Jaipur
CRM009367,Pooja Shah,pooja.shah138@yahoo.com,2023-03-05,Nagpur
CRM004984,Priya Shah,priya.shah14@gmail.com,2024-05-15,Jaipur
CRM000775,Riya Reddy,riya.reddy384@rediff.com,2022-05-10,Chennai
CRM007572,Kritika Joshi,,2023-11-05,Lucknow
CRM000347,Deepa Mishra,deepa.mishra806@outlook.com,2022-01-09,Thane
CRM010368,Vihaan Iyer,vihaan.iyer247@yahoo.com,2023-09-27,Delhi
CRM005216,Ananya Joshi,ananya.joshi960@gmail.com,2022-04-05,Coimbatore
CRM007019,Priya Bose,priya.bose420@outlook.com,2024-02-05,Surat
CRM001122,Priya Gupta,priya.gupta135@gmail.com,2022-06-18,Ahmedabad
CRM005007,Vivaan Patel,vivaan.patel770@yahoo.com,2024-03-12,Mumbai
CRM000928,Priya Das,priya.das573@yahoo.com,2022-02-24,Bhopal
CRM008351,Pooja Joshi,,2022-09-12,Thane
CRM000096,Rohan Verma,rohan.verma128@yahoo.com,2022-01-29,Nagpur
CRM007956,Priya Tiwari,priya.tiwari712@gmail.com,2023-12-04,Jaipur
CRM007967,Saanvi Joshi,saanvi.joshi914@outlook.com,2024-02-07,Pune
CRM005697,Rahul Tiwari,rahul.tiwari866@gmail.com,2024-04-09,Bhopal
CRM009746,Sai Shah,sai.shah35@gmail.com,2023-07-14,XX_CITY
CRM007536,Nisha Das,nisha.das237@hotmail.com,2022-01-17,XX_CITY
CRM009069,Pooja Gupta,pooja.gupta341@yahoo.com,2022-07-12,Nagpur
CRM001878,Rohan Das,rohan.das355@yahoo.com,2023-10-03,Coimbatore
CRM010082,Meera Nair,meera.nair442@hotmail.com,2024-02-12,Bangalore
CRM005392,Vivaan Kumar,vivaan.kumar346@outlook.com,2023-10-30,Bangalore
CRM006038,Raj Mehta,raj.mehta318@yahoo.com,2023-12-16,Mumbai
CRM008608,Meera Das,meera.das378@rediff.com,2022-01-29,Indore
CRM009371,Ananya Das,ananya.das509@gmail.com,2022-05-31,Ahmedabad
CRM002031,Nisha Verma,nisha.verma234@yahoo.com,2022-02-01,Coimbatore
CRM003155,Deepa Reddy,deepa.reddy58@gmail.com,2022-08-11,Nagpur
CRM003330,Riya Iyer,riya.iyer555@rediff.com,2023-09-01,Vadodara
CRM000695,Aarav Joshi,aarav.joshi668@yahoo.com,2022-12-13,Delhi
CRM007936,Ishaan Mehta,ishaan.mehta727@gmail.com,2024-05-12,Delhi
CRM008913,Nisha Rao,nisha.rao514@hotmail.com,2023-11-16,Bangalore
CRM007939,Meera Gupta,meera.gupta608@gmail.com,2022-09-16,Kanpur
CRM009962,Kavya Rao,kavya.rao725@yahoo.com,2023-07-20,Mumbai
CRM004992,Sneha Gupta,sneha.gupta883@gmail.com,2022-12-18,Mumbai
CRM007950,Kritika Reddy,kritika.reddy438@hotmail.com,2022-04-17,Kolkata
CRM000102,Raj Kumar,raj.kumar739@yahoo.com,2022-06-02,Ahmedabad
CRM003843,Vihaan Nair,vihaan.nair27@gmail.com,2024-02-20,Mumbai
CRM000034,Vivaan Shah,vivaan.shah564@yahoo.com,2022-05-02,Surat
CRM004316,Aditya Sinha,aditya.sinha43@hotmail.com,2023-02-17,Ahmedabad
CRM004632,Deepa Pillai,deepa.pillai800@outlook.com,2023-10-02,--
CRM010255,Rahul Mehta,rahul.mehta301@yahoo.com,2022-09-18,Vadodara
CRM002770,Pooja Joshi,pooja.joshi309@gmail.com,2024-04-28,Bangalore
CRM002520,Vihaan Pillai,vihaan.pillai446@hotmail.com,2022-11-14,Vadodara
CRM004731,Deepa Tiwari,,2022-05-12,Kanpur
CRM000851,Aadhya Tiwari,aadhya.tiwari157@hotmail.com,2022-08-22,Bangalore
CRM003818,Raj Iyer,raj.iyer107@gmail.com,2024-05-22,Patna
CRM000304,Priya Pillai,priya.pillai546@gmail.com,2023-09-03,Bhopal
CRM004768,Vijay Mehta,vijay.mehta869@rediff.com,2024-04-24,Thane
CRM004231,Diya Chatterjee,diya.chatterjee989@outlook.com,2024-01-24,Patna
CRM009836,Sai Singh,sai.singh778@outlook.com,2023-11-21,Mumbai
CRM007761,Pooja Rao,pooja.rao134@rediff.com,2022-08-03,Lucknow
CRM005004,Ishaan Rao,ishaan.rao455@outlook.com,2023-01-20,Visakhapatnam
CRM008138,Reyan Sinha,reyan.sinha697@hotmail.com,2024-02-04,Mumbai
CRM008748,Diya Chatterjee,,2022-12-26,Vadodara
CRM005681,Meera Singh,meera.singh207@gmail.com,2023-04-19,Patna
CRM009618,Kabir Mehta,kabir.mehta839@outlook.com,2023-11-15,Surat
CRM009590,Riya Gupta,riya.gupta198@outlook.com,2024-02-15,Surat
CRM000593,Priya Sinha,priya.sinha277@rediff.com,2023-06-10,Ahmedabad
CRM003892,Kabir Tiwari,kabir.tiwari746@yahoo.com,2024-06-18,Mumbai
CRM003388,Diya Pillai,diya.pillai126@gmail.com,2022-07-04,Kanpur
CRM006561,Raj Reddy,raj.reddy241@gmail.com,2023-03-22,Chennai
CRM003674,Ananya Sharma,ananya.sharma33@yahoo.com,2024-05-20,Bangalore
CRM004399,Kavya Kumar,kavya.kumar587@rediff.com,2023-08-08,Surat
CRM002814,Raj Mishra,raj.mishra714@rediff.com,2023-09-29,Visakhapatnam
CRM004050,Ananya Verma,ananya.verma267@hotmail.com,2023-08-23,Bangalore
CRM003922,Ishaan Shah,ishaan.shah310@hotmail.com,2023-07-27,Delhi
CRM000488,Pooja Tiwari,pooja.tiwari499@yahoo.com,2023-03-09,Surat
CRM006532,Aditya Mishra,aditya.mishra290@gmail.com,2022-01-01,Patna
CRM004395,Kavya Nair,kavya.nair616@hotmail.com,2023-05-13,Kolkata
CRM010184,Priya Iyer,priya.iyer905@outlook.com,2022-05-01,Patna
CRM007856,Aadhya Verma,aadhya.verma624@yahoo.com,2022-09-28,Pune
CRM002772,Sai Mishra,sai.mishra69@hotmail.com,2023-02-04,Bhopal
CRM010385,Suresh Singh,suresh.singh393@outlook.com,2024-04-15,Bangalore
CRM008343,Nisha Pillai,nisha.pillai187@yahoo.com,2022-11-07,Thane
CRM006498,Kavya Pillai,kavya.pillai407@outlook.com,2022-09-23,Delhi
CRM007451,Suresh Rao,suresh.rao127@hotmail.com,2023-11-25,Indore
CRM001069,Ishaan Singh,ishaan.singh131@yahoo.com,2022-01-27,Surat
CRM009142,Ananya Tiwari,,2022-10-18,Bangalore
CRM005492,Aadhya Mishra,aadhya.mishra457@yahoo.com,2022-07-10,Jaipur
CRM001531,Vijay Rao,vijay.rao387@outlook.com,2023-03-18,Hyderabad
CRM007982,Aarav Kumar,aarav.kumar830@hotmail.com,2023-04-16,Chennai
CRM004133,Nisha Mishra,nisha.mishra512@rediff.com,2023-11-30,Bhopal
CRM006588,Aadhya Pillai,aadhya.pillai869@yahoo.com,2023-04-30,Ahmedabad
CRM008292,Deepa Das,deepa.das716@rediff.com,2022-07-22,Patna
CRM007201,Nisha Mishra,nisha.mishra903@outlook.com,2023-08-11,Kolkata
CRM000766,Vivaan Bose,vivaan.bose285@gmail.com,2022-03-04,Lucknow
CRM009016,Vihaan Gupta,vihaan.gupta489@rediff.com,2023-08-30,Visakhapatnam
CRM001181,Saanvi Tiwari,saanvi.tiwari651@rediff.com,2023-05-21,Vadodara
CRM008932,Nisha Das,nisha.das582@outlook.com,2023-02-07,Bhopal
CRM004150,Rahul Rao,rahul.rao110@outlook.com,2022-04-09,Vadodara
CRM005831,Vijay Iyer,vijay.iyer560@gmail.com,2022-07-08,Mumbai
CRM001714,Aarav Bose,aarav.bose545@rediff.com,2022-03-29,Patna
CRM001924,Ananya Kumar,ananya.kumar834@outlook.com,2023-04-29,Coimbatore
CRM009558,Sneha Sharma,sneha.sharma235@gmail.com,2023-02-28,Vadodara
CRM001023,Rohan Pillai,rohan.pillai128@gmail.com,2023-11-16,Ahmedabad
CRM008470,Riya Singh,riya.singh444@outlook.com,2024-01-29,Thane
CRM000564,Riya Kumar,riya.kumar468@gmail.com,2022-05-14,Hyderabad
CRM005219,Rohan Tiwari,rohan.tiwari415@yahoo.com,2022-07-10,Kanpur
CRM009871,Vihaan Sharma,vihaan.sharma651@rediff.com,2022-03-10,Visakhapatnam
CRM006308,Nisha Verma,nisha.verma937@hotmail.com,2022-03-20,Mumbai
CRM003870,Aadhya Rao,aadhya.rao591@hotmail.com,2023-02-15,Patna
CRM000425,Amit Iyer,amit.iyer593@rediff.com,2023-10-27,Indore
CRM009652,Riya Patel,,2023-07-30,Mumbai
CRM006467,Arjun Sinha,arjun.sinha699@yahoo.com,2022-09-14,Bhopal
CRM001852,Ananya Nair,ananya.nair228@hotmail.com,2023-12-31,Visakhapatnam
CRM002288,Amit Iyer,amit.iyer530@gmail.com,2024-05-02,Bhopal
CRM002819,Diya Iyer,diya.iyer308@gmail.com,2022-11-03,Lucknow
CRM005598,Ishaan Mehta,ishaan.mehta238@gmail.com,2023-04-12,Mumbai
CRM001251,Ananya Tiwari,ananya.tiwari595@rediff.com,2022-07-31,Thane
CRM006707,Reyan Shah,reyan.shah106@gmail.com,2022-01-27,Bhopal
CRM003571,Raj Mishra,raj.mishra284@outlook.com,2022-09-15,Chennai
CRM000915,Priya Mishra,priya.mishra989@gmail.com,2023-05-26,Coimbatore
CRM008127,Kavya Chatterjee,kavya.chatterjee421@hotmail.com,2022-07-18,Ahmedabad
CRM001651,Diya Joshi,diya.joshi845@gmail.com,2024-03-17,Pune
CRM004903,Vivaan Sinha,,2023-06-08,Ahmedabad
CRM006838,Saanvi Gupta,saanvi.gupta122@hotmail.com,2022-05-21,Vadodara
CRM004953,Vihaan Gupta,vihaan.gupta607@hotmail.com,2023-05-21,Patna
CRM007262,Aditya Gupta,aditya.gupta372@rediff.com,2023-09-04,Ahmedabad
CRM000901,Ananya Reddy,ananya.reddy401@rediff.com,2022-05-12,Jaipur
CRM008049,Diya Singh,diya.singh975@hotmail.com,2023-11-13,Delhi
CRM007092,Ishaan Kumar,ishaan.kumar549@yahoo.com,2024-02-08,Delhi
CRM009840,Riya Sinha,riya.sinha557@rediff.com,2024-03-29,Lucknow
CRM006652,Riya Tiwari,riya.tiwari66@hotmail.com,2022-11-06,Kanpur
CRM003350,Pooja Shah,pooja.shah584@outlook.com,2022-02-15,Coimbatore
CRM009253,Suresh Patel,suresh.patel910@yahoo.com,2023-12-26,Nagpur
CRM004148,Diya Kumar,diya.kumar793@rediff.com,2023-11-26,Delhi
CRM002961,Sneha Sinha,sneha.sinha716@gmail.com,2023-02-26,Ahmedabad
CRM010260,Vihaan Kumar,vihaan.kumar41@outlook.com,2023-11-08,Coimbatore
CRM000252,Diya Das,diya.das387@yahoo.com,2023-02-15,Nagpur
CRM000368,Ishaan Iyer,ishaan.iyer270@outlook.com,2022-03-07,Thane
CRM004120,Sai Verma,sai.verma407@outlook.com,2023-03-26,Patna
CRM001499,Reyan Mehta,reyan.mehta664@hotmail.com,2023-07-10,Hyderabad
CRM001656,Kabir Sharma,kabir.sharma718@rediff.com,2022-01-08,Coimbatore
CRM005594,Sai Tiwari,sai.tiwari56@outlook.com,2022-04-22,Surat
CRM006497,Aarav Iyer,aarav.iyer755@gmail.com,2024-05-03,Mumbai
CRM009939,Kabir Sinha,kabir.sinha330@yahoo.com,2022-08-12,Vadodara
CRM001285,Riya Reddy,riya.reddy103@gmail.com,2023-05-06,Visakhapatnam
CRM010117,Vihaan Patel,vihaan.patel866@yahoo.com,2023-11-12,Jaipur
CRM007954,Priya Sinha,priya.sinha755@rediff.com,2022-07-26,Mumbai
CRM003059,Deepa Gupta,deepa.gupta721@gmail.com,2024-04-30,UNKNOWN
CRM001196,Aadhya Kumar,aadhya.kumar693@gmail.com,2023-12-14,Vadodara
CRM000534,Nisha Verma,nisha.verma726@rediff.com,2022-08-07,Visakhapatnam
CRM007145,Rohan Mehta,rohan.mehta565@yahoo.com,2023-11-21,Nagpur
CRM004901,Meera Pillai,meera.pillai265@rediff.com,2022-12-07,Bangalore
CRM008301,Rahul Mehta,rahul.mehta957@yahoo.com,2024-03-24,Hyderabad
CRM005983,Aadhya Singh,aadhya.singh861@outlook.com,2022-05-01,Bhopal
CRM005390,Rohan Kumar,rohan.kumar349@outlook.com,2023-11-10,Delhi
CRM004041,Reyan Sharma,reyan.sharma118@hotmail.com,2022-07-23,Pune
CRM000884,Rohan Reddy,rohan.reddy179@hotmail.com,2023-11-25,Delhi
CRM007482,Kavya Kumar,kavya.kumar392@yahoo.com,2024-02-27,Patna
CRM004337,Vijay Pillai,,2022-08-15,Patna
CRM005063,Aadhya Sinha,aadhya.sinha480@gmail.com,2024-05-31,Coimbatore
CRM009267,Arjun Sinha,arjun.sinha161@hotmail.com,2022-08-16,Hyderabad
CRM006240,Suresh Das,suresh.das120@yahoo.com,2023-11-12,Lucknow
CRM005268,Ananya Mehta,ananya.mehta366@outlook.com,2023-08-04,Pune
CRM004827,Kritika Chatterjee,kritika.chatterjee105@outlook.com,2024-01-12,Chennai
CRM002453,Sai Singh,sai.singh258@hotmail.com,2022-09-01,Visakhapatnam
CRM007074,Kabir Das,kabir.das910@yahoo.com,2023-10-11,Jaipur
CRM004369,Pooja Rao,,2023-06-30,Chennai
CRM009812,Sai Bose,sai.bose684@hotmail.com,2022-07-15,Kanpur
CRM003653,Diya Kumar,diya.kumar570@gmail.com,2022-10-12,Kolkata
CRM007624,Priya Reddy,priya.reddy37@outlook.com,2022-03-27,Kanpur
CRM006642,Sai Verma,sai.verma440@hotmail.com,2022-06-07,Nagpur
CRM008113,Sai Nair,sai.nair844@outlook.com,2022-07-06,Visakhapatnam
CRM009258,Suresh Bose,suresh.bose167@gmail.com,2022-12-21,Jaipur
CRM006823,Vijay Joshi,vijay.joshi585@outlook.com,2022-01-20,Surat
CRM009347,Vihaan Tiwari,vihaan.tiwari262@gmail.com,2022-10-10,Pune
CRM006793,Riya Sharma,riya.sharma697@yahoo.com,2023-07-07,Mumbai
CRM001512,Vihaan Bose,vihaan.bose466@yahoo.com,2022-05-29,Kanpur
CRM009272,Deepa Reddy,deepa.reddy415@outlook.com,2023-03-24,Chennai
CRM001834,Kritika Kumar,kritika.kumar64@rediff.com,2023-06-11,Bhopal
CRM001596,Raj Kumar,raj.kumar855@rediff.com,2023-01-20,Visakhapatnam
CRM005719,Rohan Sharma,rohan.sharma82@hotmail.com,2023-12-19,Bhopal
CRM003140,Vihaan Patel,vihaan.patel908@rediff.com,2023-02-19,Lucknow
CRM009327,Kabir Sinha,kabir.sinha463@outlook.com,2024-01-28,Lucknow
CRM010392,Ishaan Mishra,ishaan.mishra989@outlook.com,2023-03-10,Pune
CRM006095,Saanvi Patel,saanvi.patel988@gmail.com,2024-03-12,Chennai
CRM003885,Priya Das,priya.das460@hotmail.com,2022-07-30,Kolkata
CRM008769,Raj Sinha,raj.sinha396@outlook.com,2023-03-04,Patna
CRM000361,Arjun Tiwari,arjun.tiwari100@gmail.com,2024-03-21,Delhi
CRM003932,Rohan Chatterjee,rohan.chatterjee589@hotmail.com,2022-03-27,Chennai
CRM003449,Raj Joshi,raj.joshi827@rediff.com,2022-10-15,Bangalore
CRM008415,Vijay Mishra,vijay.mishra271@rediff.com,2023-07-28,Delhi
CRM003899,Sneha Nair,sneha.nair429@rediff.com,2024-05-30,Mumbai
CRM003861,Amit Pillai,amit.pillai280@hotmail.com,2023-08-24,Coimbatore
CRM008557,Deepa Nair,deepa.nair776@hotmail.com,2022-01-08,Ahmedabad
CRM009243,Rahul Reddy,rahul.reddy994@gmail.com,2024-03-28,Nagpur
CRM009455,Kritika Verma,kritika.verma530@hotmail.com,2022-07-08,Hyderabad
CRM006202,Amit Chatterjee,amit.chatterjee405@outlook.com,2023-02-07,Jaipur
CRM005851,Priya Tiwari,priya.tiwari899@gmail.com,2023-04-05,Visakhapatnam
CRM006821,Saanvi Chatterjee,saanvi.chatterjee907@rediff.com,2024-05-24,Mumbai
CRM006250,Aditya Verma,aditya.verma497@hotmail.com,2022-06-19,Hyderabad
CRM007523,Kavya Das,kavya.das327@yahoo.com,2022-11-04,Indore
CRM001384,Arjun Chatterjee,arjun.chatterjee928@gmail.com,2022-10-15,Jaipur
CRM002086,Ishaan Joshi,ishaan.joshi941@hotmail.com,2024-05-13,Mumbai
CRM003039,Kavya Tiwari,kavya.tiwari367@yahoo.com,2022-09-19,Pune
CRM008272,Kritika Chatterjee,kritika.chatterjee689@outlook.com,2022-08-29,Hyderabad
CRM010460,Sai Bose,sai.bose490@hotmail.com,2024-06-17,Bangalore
CRM008472,Sneha Das,sneha.das284@rediff.com,2022-12-31,Mumbai
CRM006799,Meera Das,meera.das37@gmail.com,2024-06-02,Mumbai
CRM006721,Aarav Pillai,aarav.pillai235@yahoo.com,2024-06-17,Chennai
CRM001984,Aadhya Kumar,aadhya.kumar641@yahoo.com,2022-08-06,Indore
CRM007795,Arjun Singh,arjun.singh473@gmail.com,2023-01-15,Patna
CRM005815,Raj Patel,raj.patel983@gmail.com,2023-04-05,Hyderabad
CRM005560,Ananya Mishra,ananya.mishra355@rediff.com,2023-09-24,Mumbai
CRM002345,Kritika Kumar,kritika.kumar483@hotmail.com,2022-10-15,Surat
CRM005857,Aarav Mishra,aarav.mishra688@hotmail.com,2023-01-25,Visakhapatnam
CRM001434,Vijay Shah,vijay.shah430@yahoo.com,2022-12-12,Surat
CRM002792,Sneha Reddy,sneha.reddy194@yahoo.com,2022-04-25,UNKNOWN
CRM006182,Aarav Tiwari,,2023-08-23,Mumbai
CRM007686,Pooja Kumar,pooja.kumar973@gmail.com,2022-04-27,Mumbai
CRM008919,Diya Singh,,2023-06-29,Kolkata
CRM008249,Amit Reddy,amit.reddy537@outlook.com,2023-05-05,Bhopal
CRM010230,Rahul Verma,rahul.verma891@rediff.com,2022-03-21,Vadodara
CRM000669,Pooja Rao,pooja.rao103@outlook.com,2022-06-21,Bangalore
CRM006984,Aadhya Iyer,aadhya.iyer51@rediff.com,2022-09-21,Jaipur
CRM009095,Aadhya Joshi,aadhya.joshi589@rediff.com,2024-01-11,Indore
CRM009132,Aadhya Mishra,aadhya.mishra144@hotmail.com,2022-02-24,Kanpur
CRM005696,Amit Joshi,amit.joshi571@rediff.com,2022-07-27,Coimbatore
CRM009194,Sai Rao,sai.rao831@rediff.com,2023-11-17,Thane
CRM005404,Vivaan Shah,vivaan.shah261@yahoo.com,2022-01-03,Jaipur
CRM000036,Aditya Shah,aditya.shah958@hotmail.com,2022-01-02,Visakhapatnam
CRM001435,Kavya Sharma,kavya.sharma112@rediff.com,2024-06-29,Kolkata
CRM007809,Reyan Patel,reyan.patel199@yahoo.com,2023-10-23,Chennai
CRM003038,Reyan Shah,reyan.shah758@yahoo.com,2023-04-05,Visakhapatnam
CRM002610,Amit Tiwari,amit.tiwari905@outlook.com,2023-08-01,Bhopal
CRM005567,Reyan Bose,reyan.bose371@outlook.com,2022-08-09,Mumbai
CRM000563,Reyan Joshi,reyan.joshi204@yahoo.com,2022-04-18,Delhi
CRM005654,Sai Patel,sai.patel682@outlook.com,2022-09-05,Kanpur
CRM001711,Priya Mishra,,2024-01-04,Kanpur
CRM000040,Sai Rao,sai.rao112@gmail.com,2024-01-12,Delhi
CRM008575,Riya Iyer,riya.iyer357@yahoo.com,2023-12-16,Delhi
CRM002856,Diya Rao,diya.rao954@outlook.com,2023-07-19,Delhi
CRM009700,Rahul Sinha,rahul.sinha281@outlook.com,2024-04-14,Hyderabad
CRM007627,Suresh Kumar,suresh.kumar588@hotmail.com,2023-01-01,Delhi
CRM007825,Kavya Das,kavya.das130@rediff.com,2022-04-01,Kanpur
CRM010348,Suresh Patel,suresh.patel938@rediff.com,2023-10-14,Delhi
CRM002733,Nisha Shah,nisha.shah348@hotmail.com,2023-03-30,Nagpur
CRM003669,Aarav Mehta,aarav.mehta607@outlook.com,2022-08-07,Hyderabad
CRM001826,Arjun Pillai,arjun.pillai192@hotmail.com,2022-08-06,Thane
CRM001146,Kavya Mishra,kavya.mishra379@rediff.com,2022-01-09,Coimbatore
CRM001808,Priya Singh,priya.singh101@hotmail.com,2022-11-10,Kanpur
CRM000015,Ishaan Sharma,ishaan.sharma115@rediff.com,2022-03-27,Bangalore
CRM004076,Riya Kumar,riya.kumar275@hotmail.com,2023-09-10,Pune
CRM003317,Kavya Patel,kavya.patel612@gmail.com,2023-03-22,Thane
CRM007906,Sneha Sharma,sneha.sharma288@hotmail.com,2022-05-24,Delhi
CRM008872,Amit Mishra,amit.mishra809@outlook.com,2023-12-04,Delhi
CRM008494,Nisha Reddy,nisha.reddy546@outlook.com,2022-03-11,Nagpur
CRM005859,Kritika Singh,kritika.singh531@hotmail.com,2022-04-22,Kanpur
CRM008583,Kritika Chatterjee,kritika.chatterjee497@outlook.com,2024-04-21,Kanpur
CRM000840,Amit Pillai,amit.pillai358@hotmail.com,2022-01-11,Hyderabad
CRM006028,Ananya Patel,ananya.patel557@hotmail.com,2024-05-21,Lucknow
CRM005271,Suresh Kumar,suresh.kumar790@outlook.com,2023-02-02,Vadodara
CRM006007,Vihaan Shah,,2024-06-12,Mumbai
CRM006667,Reyan Mehta,reyan.mehta710@hotmail.com,2023-06-18,Thane
CRM009660,Riya Chatterjee,riya.chatterjee56@yahoo.com,2023-10-11,Nagpur
CRM003255,Rohan Gupta,rohan.gupta623@gmail.com,2023-03-30,Delhi
CRM007160,Kavya Shah,kavya.shah468@hotmail.com,2023-07-15,Vadodara
CRM002040,Arjun Mishra,arjun.mishra15@rediff.com,2022-03-03,Jaipur
CRM000266,Aarav Das,aarav.das208@rediff.com,2023-08-15,Surat
CRM002956,Vijay Shah,vijay.shah154@hotmail.com,2024-04-10,Kanpur
CRM001455,Reyan Verma,reyan.verma24@outlook.com,2023-09-07,Delhi
CRM008495,Riya Chatterjee,riya.chatterjee787@rediff.com,2024-04-01,Pune
CRM001942,Aditya Nair,aditya.nair787@gmail.com,2024-06-30,Delhi
CRM000040,Sai Rao,sai.rao112@gmail.com,2024-01-12,Delhi
CRM002168,Vihaan Bose,vihaan.bose710@gmail.com,2023-06-07,Coimbatore
CRM009748,Kavya Rao,kavya.rao827@hotmail.com,2023-01-23,Patna
CRM006605,Rohan Iyer,rohan.iyer12@gmail.com,2024-06-02,Bhopal
CRM007332,Diya Sinha,diya.sinha202@gmail.com,2022-11-23,Delhi
CRM001748,Sneha Sinha,sneha.sinha601@rediff.com,2023-12-09,Delhi
CRM001262,Amit Singh,amit.singh41@gmail.com,2023-05-16,Patna
CRM009615,Kritika Kumar,kritika.kumar495@hotmail.com,2023-03-19,Coimbatore
CRM002485,Suresh Bose,suresh.bose387@gmail.com,2023-11-19,Pune
CRM008778,Vijay Shah,vijay.shah97@yahoo.com,2023-12-04,Bhopal
CRM008168,Riya Pillai,riya.pillai395@gmail.com,2024-03-20,Bhopal
CRM001088,Diya Chatterjee,,2022-06-22,Pune
CRM002710,Kavya Rao,kavya.rao672@hotmail.com,2024-02-02,Vadodara
CRM006593,Ananya Rao,ananya.rao17@yahoo.com,2023-12-22,Bangalore
CRM007755,Vijay Sinha,vijay.sinha898@hotmail.com,2023-07-01,Vadodara
CRM004526,Vihaan Patel,vihaan.patel182@outlook.com,2022-11-01,Hyderabad
CRM007413,Rahul Gupta,rahul.gupta362@gmail.com,2022-01-09,Bangalore
CRM008140,Amit Iyer,amit.iyer735@rediff.com,2022-07-11,Bangalore
CRM003026,Aditya Iyer,aditya.iyer263@hotmail.com,2024-06-12,Ahmedabad
CRM003849,Aadhya Iyer,aadhya.iyer119@rediff.com,2024-03-20,Bhopal
CRM004024,Ananya Nair,ananya.nair653@gmail.com,2024-06-05,Kanpur
CRM007559,Aarav Tiwari,aarav.tiwari823@rediff.com,2022-09-08,Mumbai
CRM003207,Riya Sharma,riya.sharma460@gmail.com,2023-08-28,Surat
CRM008225,Vijay Patel,vijay.patel192@yahoo.com,2023-04-10,Pune
CRM003747,Sai Joshi,sai.joshi789@yahoo.com,2022-08-11,Thane
CRM006867,Nisha Iyer,nisha.iyer400@outlook.com,2023-07-19,Kolkata
CRM008618,Arjun Verma,arjun.verma639@outlook.com,2023-01-22,Kanpur
CRM004481,Priya Tiwari,priya.tiwari504@hotmail.com,2022-02-02,Kanpur
CRM009515,Aditya Tiwari,aditya.tiwari948@hotmail.com,2022-08-23,Coimbatore
CRM003486,Riya Joshi,riya.joshi659@yahoo.com,2022-04-05,Pune
CRM010153,Diya Das,diya.das253@gmail.com,2023-10-29,Kanpur
CRM008350,Raj Pillai,raj.pillai719@rediff.com,2022-06-30,--
CRM009983,Sai Das,sai.das337@outlook.com,2024-06-09,Mumbai
CRM010129,Sai Nair,sai.nair250@outlook.com,2022-06-17,Kanpur
CRM005145,Meera Kumar,meera.kumar629@hotmail.com,2023-01-14,Patna
CRM006189,Saanvi Bose,saanvi.bose260@gmail.com,2022-02-08,Vadodara
CRM004550,Amit Sinha,amit.sinha208@yahoo.com,2024-02-11,Jaipur
CRM004825,Priya Rao,priya.rao953@yahoo.com,2023-06-23,Chennai
CRM008674,Priya Reddy,priya.reddy854@hotmail.com,2023-03-16,Lucknow
CRM003786,Diya Bose,diya.bose845@rediff.com,2024-03-27,Delhi
CRM007729,Kavya Kumar,kavya.kumar258@hotmail.com,2023-11-17,Hyderabad
CRM004925,Aditya Tiwari,aditya.tiwari264@rediff.com,2022-10-06,Vadodara
CRM007177,Vivaan Tiwari,vivaan.tiwari866@hotmail.com,2022-03-31,Indore
CRM000748,Vihaan Sharma,vihaan.sharma982@rediff.com,2024-05-09,Mumbai
CRM000519,Pooja Mishra,pooja.mishra623@outlook.com,2024-06-06,Ahmedabad
CRM008058,Vijay Chatterjee,vijay.chatterjee637@outlook.com,2023-12-29,Ahmedabad
CRM003542,Kritika Reddy,kritika.reddy220@rediff.com,2024-02-06,Thane
CRM005170,Amit Tiwari,amit.tiwari829@hotmail.com,2022-07-09,Thane
CRM000583,Reyan Tiwari,reyan.tiwari768@hotmail.com,2022-03-21,Patna
CRM006640,Meera Mehta,meera.mehta696@hotmail.com,2023-02-27,Patna
CRM010479,Raj Sinha,raj.sinha825@yahoo.com,2023-06-25,Pune
CRM003858,Arjun Sharma,arjun.sharma72@hotmail.com,2024-03-08,Bangalore
CRM006715,Aarav Rao,aarav.rao465@yahoo.com,2022-05-21,Kanpur
CRM009234,Aditya Kumar,aditya.kumar864@yahoo.com,2023-02-03,Kolkata
CRM005071,Riya Tiwari,riya.tiwari808@outlook.com,2024-03-12,Ahmedabad
CRM002612,Meera Iyer,meera.iyer324@outlook.com,2023-09-05,Kolkata
CRM008974,Rahul Reddy,rahul.reddy433@gmail.com,2023-12-31,Indore
CRM004886,Sneha Rao,sneha.rao21@outlook.com,2023-03-31,Surat
CRM003949,Aadhya Reddy,aadhya.reddy27@hotmail.com,2022-06-20,Vadodara
CRM008759,Vijay Chatterjee,vijay.chatterjee94@gmail.com,2022-04-24,Lucknow
CRM003028,Aditya Sinha,aditya.sinha998@gmail.com,2022-03-16,Coimbatore
CRM008854,Rahul Verma,rahul.verma843@gmail.com,2023-01-06,Nagpur
CRM006390,Sneha Singh,sneha.singh465@gmail.com,2023-08-22,Delhi
CRM001537,Kavya Patel,kavya.patel525@outlook.com,2023-02-07,Thane
CRM005640,Vihaan Kumar,vihaan.kumar350@rediff.com,2023-03-05,Coimbatore
CRM003729,Priya Iyer,priya.iyer563@outlook.com,2022-04-05,Indore
CRM007024,Priya Sharma,priya.sharma941@outlook.com,2023-02-25,Kanpur
CRM004171,Vijay Shah,vijay.shah782@hotmail.com,2023-07-20,Coimbatore
CRM004614,Ananya Mehta,ananya.mehta194@rediff.com,2024-04-18,Mumbai
CRM001563,Aditya Rao,aditya.rao561@hotmail.com,2023-06-10,Vadodara
CRM002626,Amit Rao,amit.rao280@gmail.com,2023-07-16,Thane
CRM003078,Ishaan Chatterjee,ishaan.chatterjee529@rediff.com,2022-05-05,Delhi
CRM003992,Aadhya Iyer,aadhya.iyer177@gmail.com,2023-09-02,Mumbai
CRM004373,Rahul Bose,rahul.bose263@yahoo.com,2023-03-19,Chennai
CRM000319,Amit Das,amit.das837@gmail.com,2024-04-18,Pune
CRM006910,Raj Mishra,,2022-03-22,Patna
CRM006393,Reyan Kumar,reyan.kumar428@rediff.com,2022-01-02,Thane
CRM004025,Aadhya Verma,aadhya.verma88@yahoo.com,2022-01-29,Pune
CRM008928,Sneha Singh,sneha.singh789@rediff.com,2022-10-24,Coimbatore
CRM000399,Deepa Tiwari,deepa.tiwari832@outlook.com,2022-03-24,Ahmedabad
CRM007959,Vijay Iyer,vijay.iyer277@rediff.com,2022-02-28,Jaipur
CRM002129,Sai Bose,sai.bose100@outlook.com,2023-11-20,Patna
CRM008954,Raj Sinha,raj.sinha899@outlook.com,2023-10-28,Bangalore
CRM000953,Meera Rao,meera.rao81@yahoo.com,2023-10-14,Ahmedabad
CRM000933,Raj Reddy,raj.reddy886@rediff.com,2022-03-19,Kanpur
CRM009706,Aditya Joshi,aditya.joshi119@yahoo.com,2024-01-06,Patna
CRM008519,Aadhya Verma,aadhya.verma911@gmail.com,2022-12-17,Surat
CRM003232,Vijay Singh,vijay.singh252@yahoo.com,2024-05-03,Pune
CRM008310,Aditya Joshi,aditya.joshi208@outlook.com,2022-12-11,Mumbai
CRM007929,Reyan Pillai,reyan.pillai692@hotmail.com,2023-08-11,Kolkata
CRM008288,Ananya Das,ananya.das949@gmail.com,2023-04-02,Ahmedabad
CRM005961,Kabir Das,kabir.das122@rediff.com,2024-04-18,Visakhapatnam
CRM000136,Vivaan Iyer,vivaan.iyer93@gmail.com,2023-11-11,Patna
CRM010300,Vihaan Das,vihaan.das358@yahoo.com,2024-01-26,Delhi
CRM001951,Aditya Pillai,aditya.pillai458@outlook.com,2024-01-16,Ahmedabad
CRM000440,Rahul Bose,rahul.bose478@hotmail.com,2023-04-08,Hyderabad
CRM001218,Diya Verma,diya.verma162@yahoo.com,2023-06-25,Jaipur
CRM001704,Vihaan Joshi,vihaan.joshi316@gmail.com,2022-01-22,Hyderabad
CRM003574,Saanvi Reddy,saanvi.reddy716@rediff.com,2022-08-24,Indore
CRM009917,Rohan Mishra,rohan.mishra433@hotmail.com,2023-11-03,Kanpur
CRM009303,Rohan Mishra,rohan.mishra422@outlook.com,2022-08-15,Nagpur
CRM005554,Amit Iyer,amit.iyer999@yahoo.com,2022-05-16,Lucknow
CRM005255,Nisha Patel,nisha.patel655@rediff.com,2022-12-02,Thane
CRM007489,Ananya Reddy,ananya.reddy770@rediff.com,2022-05-08,Lucknow
CRM001246,Arjun Reddy,arjun.reddy655@outlook.com,2023-02-06,Chennai
CRM007073,Arjun Rao,arjun.rao757@gmail.com,2022-08-10,Thane
CRM000400,Sneha Singh,sneha.singh302@rediff.com,2022-09-26,Indore
CRM000938,Amit Iyer,amit.iyer752@hotmail.com,2022-04-30,Hyderabad
CRM004903,Vivaan Sinha,vivaan.sinha10@yahoo.com,2023-06-08,N/A
CRM004163,Riya Shah,riya.shah47@outlook.com,2022-01-05,Bangalore
CRM004090,Aarav Bose,aarav.bose853@yahoo.com,2023-04-18,Patna
CRM002586,Vivaan Gupta,vivaan.gupta722@hotmail.com,2023-11-19,Ahmedabad
CRM003541,Priya Tiwari,priya.tiwari529@hotmail.com,2022-07-20,Vadodara
CRM010486,Saanvi Mishra,saanvi.mishra210@hotmail.com,2023-01-09,Hyderabad
CRM007061,Amit Gupta,amit.gupta31@rediff.com,2023-05-30,Mumbai
CRM002318,Kavya Verma,kavya.verma994@gmail.com,2022-11-16,Delhi
CRM005198,Ananya Pillai,ananya.pillai833@hotmail.com,2023-04-09,Bangalore
CRM009039,Pooja Rao,pooja.rao589@outlook.com,2024-05-08,Thane
CRM009434,Aditya Kumar,aditya.kumar719@hotmail.com,2023-02-17,Ahmedabad
CRM001663,Ananya Tiwari,ananya.tiwari951@hotmail.com,2022-05-21,Nagpur
CRM008911,Kabir Sharma,kabir.sharma357@rediff.com,2023-06-05,Visakhapatnam
CRM002178,Diya Joshi,diya.joshi279@yahoo.com,2022-12-25,Hyderabad
CRM001806,Priya Joshi,priya.joshi918@outlook.com,2022-07-29,Ahmedabad
CRM008655,Reyan Rao,reyan.rao317@gmail.com,2023-03-24,Mumbai
CRM004465,Sai Chatterjee,sai.chatterjee539@hotmail.com,2023-04-30,Vadodara
CRM003405,Sneha Iyer,sneha.iyer956@hotmail.com,2022-07-12,XX_CITY
CRM004442,Raj Singh,raj.singh728@gmail.com,2023-08-03,Bhopal
CRM000867,Priya Patel,priya.patel837@gmail.com,2023-04-22,Kolkata
CRM001195,Vijay Rao,vijay.rao332@yahoo.com,2024-06-23,Indore
CRM007277,Riya Reddy,riya.reddy40@hotmail.com,2023-12-29,Hyderabad
CRM005899,Kritika Singh,kritika.singh671@outlook.com,2023-08-26,Hyderabad
CRM004059,Kritika Tiwari,kritika.tiwari196@outlook.com,2022-04-10,Mumbai
CRM006725,Kavya Das,kavya.das638@hotmail.com,2024-06-27,Thane
CRM009403,Kabir Sharma,kabir.sharma888@outlook.com,2022-04-19,Bangalore
CRM000036,Aditya Shah,aditya.shah958@hotmail.com,2022-01-02,Visakhapatnam
CRM006439,Saanvi Joshi,saanvi.joshi623@hotmail.com,2023-02-10,Vadodara
CRM002233,Priya Joshi,priya.joshi962@hotmail.com,2023-10-25,Surat
CRM008305,Kavya Das,kavya.das184@hotmail.com,2024-06-26,Bangalore
CRM007041,Ishaan Sinha,ishaan.sinha658@hotmail.com,2024-05-23,Nagpur
CRM001892,Rahul Kumar,rahul.kumar829@yahoo.com,2024-04-13,Mumbai
CRM006951,Vihaan Singh,vihaan.singh490@hotmail.com,2024-03-03,Lucknow
CRM005873,Ananya Shah,ananya.shah365@outlook.com,2024-03-03,Vadodara
CRM000484,Sneha Mishra,sneha.mishra880@rediff.com,2022-10-29,Patna
CRM000544,Amit Singh,amit.singh987@outlook.com,2023-05-19,Mumbai
CRM006850,Aditya Iyer,aditya.iyer366@hotmail.com,2023-11-14,Bhopal
CRM005740,Vivaan Shah,vivaan.shah225@rediff.com,2022-06-01,Thane
CRM001510,Diya Das,diya.das464@gmail.com,2023-10-13,Delhi
CRM004609,Reyan Rao,reyan.rao498@hotmail.com,2022-05-01,Vadodara
CRM001577,Nisha Singh,nisha.singh342@rediff.com,2023-12-25,Mumbai
CRM001670,Ananya Iyer,ananya.iyer305@gmail.com,2023-01-21,Chennai
CRM010309,Riya Chatterjee,riya.chatterjee253@outlook.com,2023-04-06,Kolkata
CRM000004,Arjun Singh,arjun.singh555@outlook.com,2024-02-20,Mumbai
CRM001356,Nisha Mehta,,2022-02-26,Kolkata
CRM003746,Ishaan Kumar,ishaan.kumar11@yahoo.com,2022-09-19,Thane
CRM010120,Saanvi Bose,saanvi.bose724@yahoo.com,2023-04-04,Visakhapatnam
CRM006831,Vivaan Das,vivaan.das939@rediff.com,2024-06-02,Patna
CRM009306,Saanvi Chatterjee,saanvi.chatterjee156@rediff.com,2023-12-07,Mumbai
CRM005024,Kavya Sinha,kavya.sinha674@outlook.com,2023-12-12,Nagpur
CRM008870,Saanvi Kumar,saanvi.kumar264@hotmail.com,2023-03-19,Bhopal
CRM004191,Sai Chatterjee,sai.chatterjee924@hotmail.com,2023-01-23,Bhopal
CRM000609,Deepa Singh,deepa.singh596@hotmail.com,2023-07-19,Bangalore
CRM009032,Kritika Bose,kritika.bose230@rediff.com,2023-08-28,Chennai
CRM005363,Pooja Pillai,pooja.pillai967@hotmail.com,2022-03-07,Bhopal
CRM008833,Ananya Sinha,ananya.sinha409@rediff.com,2023-05-22,Pune
CRM001331,Rahul Verma,rahul.verma173@outlook.com,2022-06-05,Bhopal
CRM004561,Ananya Verma,ananya.verma191@yahoo.com,2022-02-11,Chennai
CRM007733,Deepa Sharma,deepa.sharma390@rediff.com,2023-03-11,Nagpur
CRM006207,Vihaan Mehta,vihaan.mehta616@outlook.com,2024-01-26,Chennai
CRM009733,Deepa Bose,deepa.bose297@hotmail.com,2023-03-17,Mumbai
CRM002496,Ishaan Chatterjee,ishaan.chatterjee518@outlook.com,2022-04-06,Bangalore
CRM009231,Sneha Singh,sneha.singh780@outlook.com,2023-04-25,Surat
CRM005366,Riya Verma,riya.verma678@yahoo.com,2023-02-28,Pune
CRM002679,Aarav Reddy,aarav.reddy203@outlook.com,2023-11-09,Hyderabad
CRM007714,Vihaan Nair,vihaan.nair521@gmail.com,2022-06-17,Coimbatore
CRM001407,Sneha Verma,sneha.verma642@yahoo.com,2023-11-29,Thane
CRM000652,Priya Rao,priya.rao984@rediff.com,2022-03-23,Hyderabad
CRM007865,Vivaan Rao,vivaan.rao811@yahoo.com,2022-02-24,Delhi
CRM006673,Amit Mishra,amit.mishra747@outlook.com,2023-07-11,Kanpur
CRM008559,Saanvi Gupta,saanvi.gupta584@rediff.com,2023-07-07,Ahmedabad
CRM005166,Raj Chatterjee,,2022-09-06,Visakhapatnam
CRM006959,Diya Pillai,diya.pillai213@gmail.com,2024-03-22,Patna
CRM009417,Aarav Singh,aarav.singh923@hotmail.com,2022-03-03,Lucknow
CRM007308,Saanvi Verma,saanvi.verma874@rediff.com,2022-08-07,Lucknow
CRM009607,Rohan Mishra,rohan.mishra549@rediff.com,2023-08-05,Lucknow
CRM007779,Riya Chatterjee,riya.chatterjee381@rediff.com,2022-10-04,Coimbatore
CRM009266,Reyan Joshi,reyan.joshi705@outlook.com,2024-05-24,Thane
CRM008603,Vihaan Shah,vihaan.shah889@gmail.com,2024-06-05,Bhopal
CRM009318,Sneha Gupta,sneha.gupta335@outlook.com,2022-11-19,Indore
CRM002393,Rahul Patel,rahul.patel164@hotmail.com,2023-12-09,Lucknow
CRM002302,Ishaan Pillai,ishaan.pillai131@outlook.com,2022-08-27,Mumbai
CRM004348,Riya Chatterjee,riya.chatterjee392@gmail.com,2024-06-20,Delhi
CRM000853,Reyan Nair,reyan.nair443@hotmail.com,2022-07-11,Nagpur
CRM006554,Aditya Patel,aditya.patel701@rediff.com,2022-12-10,Vadodara
CRM003563,Priya Gupta,priya.gupta50@outlook.com,2023-07-25,Bangalore
CRM003990,Raj Patel,raj.patel404@gmail.com,2023-05-13,Bhopal
CRM002875,Vivaan Kumar,vivaan.kumar473@hotmail.com,2023-09-09,Chennai
CRM006180,Deepa Bose,deepa.bose816@gmail.com,2023-08-06,Mumbai
CRM005380,Reyan Singh,reyan.singh641@yahoo.com,2022-12-02,Coimbatore
CRM009576,Diya Chatterjee,,2024-03-20,Coimbatore
CRM000408,Kavya Bose,kavya.bose795@rediff.com,2022-02-18,Patna
CRM003280,Sai Patel,sai.patel714@yahoo.com,2024-05-27,Chennai
CRM004100,Saanvi Shah,saanvi.shah729@gmail.com,2022-05-02,Pune
CRM009102,Deepa Shah,deepa.shah591@outlook.com,2022-04-07,Surat
CRM004162,Sai Mishra,sai.mishra489@yahoo.com,2023-02-28,Jaipur
CRM001057,Aditya Chatterjee,aditya.chatterjee27@rediff.com,2024-04-06,Thane
CRM002376,Saanvi Iyer,saanvi.iyer516@yahoo.com,2023-08-09,Bangalore
CRM006464,Diya Rao,diya.rao784@outlook.com,2022-08-25,Surat
CRM008907,Vihaan Gupta,vihaan.gupta535@rediff.com,2022-04-22,Thane
CRM000511,Ishaan Mishra,ishaan.mishra982@hotmail.com,2022-01-29,Bhopal
CRM004788,Kritika Rao,kritika.rao700@yahoo.com,2024-04-29,Hyderabad
CRM005834,Kavya Bose,kavya.bose833@outlook.com,2023-12-18,Visakhapatnam
CRM002200,Pooja Bose,pooja.bose380@outlook.com,2024-05-15,Bhopal
CRM001513,Raj Reddy,raj.reddy745@hotmail.com,2022-09-04,Bangalore
CRM010407,Kritika Sharma,kritika.sharma783@yahoo.com,2023-04-11,Kanpur
CRM008822,Saanvi Sinha,saanvi.sinha679@hotmail.com,2022-11-25,Thane
CRM003245,Rahul Pillai,rahul.pillai153@outlook.com,2023-11-13,Patna
CRM002099,Aadhya Rao,aadhya.rao716@hotmail.com,2024-02-09,Coimbatore
CRM002076,Sneha Kumar,sneha.kumar241@rediff.com,2022-01-15,Pune
CRM007214,Aditya Verma,aditya.verma28@gmail.com,2023-11-12,Delhi
CRM006555,Suresh Shah,suresh.shah308@outlook.com,2022-10-04,Kanpur
CRM001794,Nisha Bose,nisha.bose737@rediff.com,2022-01-08,Patna
CRM008160,Aadhya Tiwari,aadhya.tiwari648@rediff.com,2023-12-15,Delhi
CRM009659,Ananya Nair,ananya.nair306@gmail.com,2023-08-02,Mumbai
CRM003947,Aarav Nair,aarav.nair272@rediff.com,2023-08-10,Bangalore
CRM006068,Kabir Mehta,kabir.mehta766@rediff.com,2023-12-04,Thane
CRM007506,Aadhya Pillai,aadhya.pillai711@hotmail.com,2022-01-24,Thane
CRM010016,Kabir Rao,kabir.rao42@rediff.com,2023-12-01,Delhi
CRM005883,Vihaan Das,vihaan.das408@yahoo.com,2024-01-09,Jaipur
CRM007448,Sneha Reddy,sneha.reddy338@gmail.com,2023-06-13,Visakhapatnam
CRM005994,Vijay Sharma,vijay.sharma77@outlook.com,2022-03-11,Indore
CRM007835,Riya Pillai,riya.pillai928@yahoo.com,2022-09-23,Bhopal
CRM003786,Diya Bose,diya.bose845@rediff.com,2024-03-27,Delhi
CRM003051,Raj Das,raj.das545@gmail.com,2022-05-15,Ahmedabad
CRM006384,Raj Verma,raj.verma123@yahoo.com,2022-09-24,N/A
CRM002817,Riya Sinha,riya.sinha475@gmail.com,2023-03-14,Chennai
CRM004727,Ananya Mishra,ananya.mishra639@gmail.com,2022-12-01,Bhopal
CRM003618,Vivaan Kumar,vivaan.kumar410@hotmail.com,2024-01-04,Bangalore
CRM003414,Raj Kumar,raj.kumar209@yahoo.com,2023-09-20,Coimbatore
CRM002019,Meera Shah,meera.shah858@gmail.com,2022-09-06,Bangalore
CRM002158,Aadhya Nair,aadhya.nair415@yahoo.com,2022-05-17,Ahmedabad
CRM005099,Nisha Sharma,,2022-06-12,Surat
CRM007760,Meera Reddy,meera.reddy425@gmail.com,2022-11-19,Kanpur
CRM000132,Diya Pillai,diya.pillai803@gmail.com,2023-04-17,Kolkata
CRM002110,Meera Rao,meera.rao394@rediff.com,2022-06-18,Thane
CRM010155,Rahul Iyer,rahul.iyer831@rediff.com,2023-02-07,Kanpur
CRM001759,Pooja Gupta,pooja.gupta990@gmail.com,2024-06-16,Bhopal
CRM000097,Rohan Mishra,rohan.mishra932@gmail.com,2024-01-14,Mumbai
CRM003678,Pooja Sharma,pooja.sharma240@yahoo.com,2022-05-06,Indore
CRM000312,Rohan Gupta,rohan.gupta913@rediff.com,2023-08-14,Kanpur
CRM002289,Vivaan Iyer,vivaan.iyer844@outlook.com,2024-05-25,Bangalore
CRM009009,Kavya Mehta,kavya.mehta459@rediff.com,2023-09-10,Mumbai
CRM000470,Riya Nair,riya.nair426@gmail.com,2022-09-15,Mumbai
CRM010036,Nisha Singh,nisha.singh75@rediff.com,2023-03-24,Pune
CRM001598,Meera Rao,meera.rao910@outlook.com,2022-04-02,Kanpur
CRM000120,Rohan Patel,rohan.patel725@gmail.com,2023-11-22,Surat
CRM003062,Priya Reddy,priya.reddy883@rediff.com,2023-03-16,Indore
CRM008296,Ananya Shah,ananya.shah173@outlook.com,2024-04-18,Delhi
CRM003423,Ananya Mishra,ananya.mishra147@outlook.com,2022-05-10,Patna
CRM001091,Ishaan Verma,ishaan.verma892@rediff.com,2024-06-18,Bangalore
CRM008720,Saanvi Verma,saanvi.verma660@outlook.com,2024-05-04,Thane
CRM008728,Aarav Singh,aarav.singh983@outlook.com,2023-07-31,Lucknow
CRM005946,Raj Rao,raj.rao639@gmail.com,2022-01-13,Coimbatore
CRM002320,Priya Verma,priya.verma671@gmail.com,2023-11-02,Patna
CRM001692,Riya Verma,riya.verma976@outlook.com,2023-07-02,Visakhapatnam
CRM002577,Pooja Bose,pooja.bose48@rediff.com,2022-04-04,Delhi
CRM007499,Suresh Bose,suresh.bose419@hotmail.com,2023-05-19,Ahmedabad
CRM003548,Aadhya Tiwari,aadhya.tiwari300@hotmail.com,2022-11-19,Ahmedabad
CRM004748,Aditya Chatterjee,aditya.chatterjee878@gmail.com,2023-06-26,Jaipur
CRM008629,Vihaan Joshi,vihaan.joshi286@hotmail.com,2024-03-13,Thane
CRM006152,Kavya Sharma,kavya.sharma140@rediff.com,2023-08-28,Nagpur
CRM009300,Kabir Bose,kabir.bose797@yahoo.com,2023-09-11,Bangalore
CRM001865,Rahul Nair,rahul.nair933@gmail.com,2024-05-26,Coimbatore
CRM009963,Nisha Joshi,nisha.joshi808@hotmail.com,2023-04-09,Coimbatore
CRM001433,Meera Kumar,meera.kumar331@yahoo.com,2023-02-20,Pune
CRM005832,Suresh Nair,suresh.nair904@yahoo.com,2022-12-16,Patna
CRM000961,Deepa Singh,deepa.singh151@rediff.com,2022-03-14,Pune
CRM007883,Amit Iyer,amit.iyer493@outlook.com,2023-01-08,Visakhapatnam
CRM001158,Meera Kumar,meera.kumar730@hotmail.com,2022-08-27,Pune
CRM008417,Raj Iyer,raj.iyer423@rediff.com,2024-06-17,Bangalore
CRM007793,Riya Mehta,riya.mehta491@yahoo.com,2022-12-22,XX_CITY
CRM010411,Suresh Kumar,suresh.kumar951@hotmail.com,2022-08-27,Coimbatore
CRM001209,Nisha Reddy,nisha.reddy213@hotmail.com,2022-02-05,Mumbai
CRM000451,Suresh Chatterjee,suresh.chatterjee930@rediff.com,2023-08-19,Mumbai
CRM008181,Aadhya Nair,aadhya.nair345@rediff.com,2022-12-31,Coimbatore
CRM001966,Ananya Pillai,ananya.pillai990@rediff.com,2022-04-16,Surat
CRM000294,Kabir Das,kabir.das807@rediff.com,2022-09-14,Kolkata
CRM006859,Ananya Reddy,ananya.reddy498@outlook.com,2023-03-21,Bhopal
CRM001627,Saanvi Chatterjee,saanvi.chatterjee839@gmail.com,2024-05-15,Delhi
CRM003380,Sai Bose,sai.bose545@gmail.com,2024-05-07,Delhi
CRM009204,Vivaan Joshi,vivaan.joshi840@hotmail.com,2024-02-14,Visakhapatnam
CRM010457,Suresh Joshi,suresh.joshi482@yahoo.com,2022-04-30,Ahmedabad
CRM006999,Ananya Chatterjee,ananya.chatterjee140@gmail.com,2024-04-16,Mumbai
CRM005574,Kavya Tiwari,kavya.tiwari612@rediff.com,2024-06-07,Ahmedabad
CRM005376,Vihaan Reddy,vihaan.reddy32@rediff.com,2022-02-22,Visakhapatnam
CRM006706,Deepa Pillai,deepa.pillai152@gmail.com,2023-11-02,Ahmedabad
CRM005029,Diya Gupta,diya.gupta261@gmail.com,2023-05-24,Surat
CRM006019,Rohan Sharma,rohan.sharma71@gmail.com,2024-04-01,Kanpur
CRM002665,Rahul Rao,rahul.rao351@hotmail.com,2024-03-16,Visakhapatnam
CRM010456,Priya Mehta,priya.mehta191@outlook.com,2022-03-02,Delhi
CRM003060,Priya Singh,priya.singh370@rediff.com,2023-01-15,Chennai
CRM004355,Kavya Nair,kavya.nair876@gmail.com,2024-05-08,Lucknow
CRM010495,Amit Tiwari,amit.tiwari493@rediff.com,2024-01-04,Mumbai
CRM003170,Diya Pillai,diya.pillai593@gmail.com,2022-01-14,Kolkata
CRM004044,Aadhya Patel,aadhya.patel123@rediff.com,2023-05-27,Bangalore
CRM001454,Rohan Sinha,rohan.sinha278@yahoo.com,2022-12-10,Nagpur
CRM005260,Ishaan Pillai,,2023-07-17,Bangalore
CRM005763,Ishaan Bose,ishaan.bose845@gmail.com,2024-05-26,Mumbai
CRM002021,Vivaan Kumar,vivaan.kumar227@hotmail.com,2022-12-09,Lucknow
CRM005826,Raj Patel,raj.patel626@gmail.com,2022-10-04,Surat
CRM008129,Rahul Tiwari,rahul.tiwari757@outlook.com,2024-03-17,Patna
CRM008412,Vihaan Patel,vihaan.patel139@hotmail.com,2023-03-29,Pune
CRM003205,Ananya Sharma,ananya.sharma251@yahoo.com,2023-02-18,Pune
CRM005703,Suresh Sinha,suresh.sinha131@hotmail.com,2022-07-12,Coimbatore
CRM000501,Sai Shah,sai.shah394@rediff.com,2023-02-16,Lucknow
CRM004451,Deepa Das,deepa.das286@gmail.com,2022-01-23,Patna
CRM002629,Meera Sinha,meera.sinha239@gmail.com,2023-02-10,Indore
CRM008352,Kritika Gupta,kritika.gupta52@rediff.com,2023-02-05,Bhopal
CRM001672,Diya Singh,diya.singh929@rediff.com,2023-08-25,Jaipur
CRM004973,Saanvi Mishra,saanvi.mishra186@gmail.com,2022-04-19,Nagpur
CRM008737,Aadhya Tiwari,aadhya.tiwari584@yahoo.com,2024-05-31,Indore
CRM000260,Vijay Reddy,vijay.reddy48@outlook.com,2022-09-19,Kanpur
CRM002955,Deepa Singh,deepa.singh124@rediff.com,2024-01-28,Pune
CRM008395,Priya Nair,priya.nair306@outlook.com,2023-09-12,Kolkata
CRM005730,Rohan Tiwari,rohan.tiwari77@outlook.com,2023-08-19,Nagpur
CRM004276,Sai Kumar,,2022-01-06,Indore
CRM005050,Sneha Rao,sneha.rao85@hotmail.com,2024-03-31,Indore
CRM005959,Vijay Verma,vijay.verma153@hotmail.com,2023-08-18,Indore
CRM009060,Aditya Shah,,2022-11-17,Jaipur
CRM004594,Kabir Rao,kabir.rao127@gmail.com,2023-11-26,Bangalore
CRM007786,Rahul Sharma,rahul.sharma481@hotmail.com,2022-11-15,Kolkata
CRM004368,Kritika Patel,kritika.patel565@rediff.com,2024-06-09,Coimbatore
CRM005933,Vihaan Nair,vihaan.nair147@yahoo.com,2022-01-22,Visakhapatnam
CRM010245,Raj Tiwari,raj.tiwari330@hotmail.com,2023-06-07,Thane
CRM009847,Vihaan Reddy,vihaan.reddy266@yahoo.com,2024-02-22,Ahmedabad
CRM008969,Meera Verma,meera.verma618@rediff.com,2023-11-04,Lucknow
CRM001609,Diya Sinha,diya.sinha534@outlook.com,2022-12-14,Kolkata
CRM008444,Raj Chatterjee,raj.chatterjee234@hotmail.com,2023-03-16,Surat
CRM010426,Saanvi Singh,saanvi.singh808@gmail.com,2023-07-21,Delhi
CRM008078,Rohan Gupta,rohan.gupta325@rediff.com,2022-05-06,Mumbai
CRM001719,Ananya Chatterjee,ananya.chatterjee571@yahoo.com,2023-07-11,Mumbai
CRM004996,Arjun Gupta,arjun.gupta317@gmail.com,2023-04-07,Bhopal
CRM005008,Ananya Pillai,ananya.pillai313@gmail.com,2022-06-08,Surat
CRM002185,Diya Sinha,diya.sinha830@yahoo.com,2022-12-08,Mumbai
CRM001150,Amit Das,amit.das189@gmail.com,2022-03-31,Pune
CRM008403,Reyan Joshi,reyan.joshi461@yahoo.com,2024-03-13,Surat
CRM010388,Vijay Kumar,vijay.kumar478@rediff.com,2023-08-13,Bangalore
CRM005699,Aditya Mehta,aditya.mehta960@yahoo.com,2022-09-04,Pune
CRM001776,Arjun Gupta,arjun.gupta975@hotmail.com,2022-05-22,Indore
CRM005118,Arjun Bose,arjun.bose789@yahoo.com,2022-03-12,Jaipur
CRM006272,Kabir Singh,,2024-05-14,UNKNOWN
CRM000959,Arjun Kumar,arjun.kumar229@hotmail.com,2024-02-25,Mumbai
CRM002928,Kabir Tiwari,kabir.tiwari421@outlook.com,2023-01-30,Pune
CRM002749,Aadhya Iyer,aadhya.iyer265@gmail.com,2024-04-19,Lucknow
CRM003027,Amit Reddy,amit.reddy575@outlook.com,2023-11-24,Mumbai
CRM004851,Kavya Bose,kavya.bose478@yahoo.com,2023-02-01,Visakhapatnam
CRM006516,Sai Verma,sai.verma750@hotmail.com,2023-08-15,Bangalore
CRM005397,Riya Kumar,riya.kumar592@rediff.com,2024-04-25,Delhi
CRM005065,Vijay Reddy,vijay.reddy759@yahoo.com,2023-03-01,Mumbai
CRM005665,Aadhya Nair,aadhya.nair904@hotmail.com,2022-01-08,Indore
CRM005861,Ishaan Sharma,ishaan.sharma802@yahoo.com,2023-01-23,Pune
CRM009881,Vijay Iyer,vijay.iyer862@rediff.com,2022-02-16,Visakhapatnam
CRM008091,Pooja Singh,pooja.singh825@hotmail.com,2022-02-08,Thane
CRM001741,Reyan Chatterjee,reyan.chatterjee928@hotmail.com,2024-06-11,Delhi
CRM003896,Meera Bose,meera.bose368@rediff.com,2023-06-18,Jaipur
CRM008002,Aadhya Reddy,aadhya.reddy210@outlook.com,2022-11-10,Bangalore
CRM007299,Vivaan Iyer,vivaan.iyer62@hotmail.com,2022-03-07,Thane
CRM009158,Suresh Gupta,suresh.gupta420@hotmail.com,2022-10-14,Ahmedabad
CRM002392,Amit Reddy,amit.reddy161@yahoo.com,2024-05-01,Thane
CRM003528,Arjun Das,arjun.das282@yahoo.com,2024-06-10,Kanpur
CRM007937,Priya Joshi,priya.joshi478@gmail.com,2023-10-10,Patna
CRM000566,Suresh Bose,suresh.bose313@outlook.com,2022-03-20,Surat
CRM007832,Riya Chatterjee,riya.chatterjee369@yahoo.com,2024-04-07,Coimbatore
CRM008702,Kritika Shah,kritika.shah730@rediff.com,2022-06-27,Nagpur
CRM008280,Arjun Mishra,arjun.mishra110@yahoo.com,2023-10-01,Mumbai
CRM009679,Amit Kumar,amit.kumar596@outlook.com,2024-03-17,Mumbai
CRM007434,Diya Pillai,diya.pillai34@outlook.com,2022-12-23,Jaipur
CRM008382,Sneha Gupta,sneha.gupta293@hotmail.com,2023-11-30,Pune
CRM001124,Aditya Reddy,aditya.reddy835@hotmail.com,2023-05-05,Coimbatore
CRM008863,Suresh Kumar,suresh.kumar410@hotmail.com,2023-07-04,Hyderabad
CRM000674,Rahul Verma,rahul.verma210@rediff.com,2022-08-01,Bhopal
CRM009070,Vijay Reddy,vijay.reddy464@hotmail.com,2023-07-07,Bangalore
CRM001732,Meera Gupta,meera.gupta551@hotmail.com,2022-09-04,Patna
CRM004194,Aarav Chatterjee,aarav.chatterjee56@hotmail.com,2024-04-29,Vadodara
CRM003886,Aditya Das,aditya.das234@outlook.com,2022-12-15,Hyderabad
CRM009798,Amit Mehta,amit.mehta994@rediff.com,2022-08-22,Visakhapatnam
CRM008056,Ishaan Mehta,ishaan.mehta281@hotmail.com,2024-04-15,Lucknow
CRM005062,Kabir Pillai,kabir.pillai208@yahoo.com,2023-12-18,Thane
CRM001804,Vijay Shah,vijay.shah176@rediff.com,2023-10-26,Visakhapatnam
CRM008383,Deepa Gupta,deepa.gupta934@gmail.com,2023-12-07,Bangalore
CRM004631,Arjun Nair,arjun.nair325@outlook.com,2024-02-04,Indore
CRM002927,Deepa Patel,deepa.patel558@hotmail.com,2022-02-26,Hyderabad
CRM007847,Diya Das,diya.das337@rediff.com,2023-05-20,Thane
CRM000322,Pooja Das,pooja.das303@gmail.com,2024-01-11,Visakhapatnam
CRM008464,Sneha Sinha,sneha.sinha710@yahoo.com,2023-08-12,Mumbai
CRM000427,Kritika Reddy,kritika.reddy986@yahoo.com,2023-04-11,Surat
CRM000428,Sai Bose,sai.bose921@yahoo.com,2023-08-27,Hyderabad
CRM002532,Rahul Reddy,rahul.reddy496@rediff.com,2023-02-15,Patna
CRM005609,Diya Nair,diya.nair908@hotmail.com,2024-05-04,Delhi
CRM003523,Pooja Shah,pooja.shah124@yahoo.com,2023-06-01,Patna
CRM007817,Saanvi Bose,saanvi.bose903@outlook.com,2023-05-23,Patna
CRM003781,Suresh Reddy,suresh.reddy445@hotmail.com,2024-06-18,Bangalore
CRM006002,Vihaan Das,vihaan.das105@gmail.com,2022-03-10,Indore
CRM001184,Kabir Nair,kabir.nair61@hotmail.com,2024-04-19,Bangalore
CRM006302,Kritika Pillai,kritika.pillai128@yahoo.com,2022-11-23,Bangalore
CRM000081,Saanvi Gupta,saanvi.gupta930@rediff.com,2022-04-04,Ahmedabad
CRM004054,Priya Sinha,priya.sinha867@yahoo.com,2022-01-03,Lucknow
CRM009725,Vivaan Das,vivaan.das425@outlook.com,2023-11-20,Coimbatore
CRM003306,Kritika Mehta,kritika.mehta534@rediff.com,2023-02-02,Surat
CRM000336,Arjun Kumar,arjun.kumar472@outlook.com,2022-06-01,Chennai
CRM003096,Riya Mishra,riya.mishra32@rediff.com,2022-07-06,Visakhapatnam
CRM002927,Deepa Patel,deepa.patel558@hotmail.com,2022-02-26,Hyderabad
CRM004650,Aarav Joshi,aarav.joshi187@yahoo.com,2022-07-10,Indore
CRM002253,Raj Chatterjee,raj.chatterjee838@yahoo.com,2022-03-05,Nagpur
CRM002246,Kritika Nair,kritika.nair920@outlook.com,2022-07-24,Patna
CRM008574,Saanvi Verma,saanvi.verma628@yahoo.com,2022-02-17,Thane
CRM002693,Aadhya Patel,aadhya.patel197@outlook.com,2023-03-05,Hyderabad
CRM000319,Amit Das,amit.das837@gmail.com,2024-04-18,Pune
CRM009029,Deepa Bose,deepa.bose177@yahoo.com,2024-05-06,Delhi
CRM000331,Ishaan Chatterjee,ishaan.chatterjee844@yahoo.com,2024-06-17,Mumbai
CRM003264,Rohan Reddy,rohan.reddy759@outlook.com,2023-07-01,Surat
CRM005741,Sneha Shah,sneha.shah279@rediff.com,2022-10-05,Mumbai
CRM010321,Kavya Singh,kavya.singh821@rediff.com,2024-06-24,Nagpur
CRM009325,Aarav Bose,aarav.bose751@gmail.com,2022-03-28,Patna
CRM000292,Sneha Gupta,sneha.gupta482@rediff.com,2022-03-14,Chennai
CRM002821,Vijay Nair,vijay.nair622@yahoo.com,2024-04-01,Nagpur
CRM007170,Priya Pillai,priya.pillai589@rediff.com,2022-06-06,Surat
CRM003300,Saanvi Reddy,saanvi.reddy428@outlook.com,2023-12-04,Vadodara
CRM008542,Kabir Patel,kabir.patel910@outlook.com,2022-12-24,Delhi
CRM009396,Vijay Mehta,vijay.mehta367@yahoo.com,2023-06-04,Nagpur
CRM000458,Reyan Mehta,reyan.mehta918@gmail.com,2022-12-03,Bangalore
CRM002614,Suresh Shah,suresh.shah820@outlook.com,2023-03-13,Delhi
CRM009191,Sneha Bose,sneha.bose840@gmail.com,2023-04-25,Visakhapatnam
CRM002681,Vivaan Kumar,vivaan.kumar416@hotmail.com,2023-10-16,Visakhapatnam
CRM007525,Aarav Mishra,aarav.mishra110@yahoo.com,2023-05-25,Hyderabad
CRM007476,Diya Sinha,diya.sinha708@hotmail.com,2022-05-24,XX_CITY
CRM000032,Nisha Mehta,nisha.mehta55@hotmail.com,2022-01-03,Jaipur
CRM006818,Kabir Gupta,kabir.gupta665@outlook.com,2024-06-22,Kolkata
CRM007394,Aarav Singh,aarav.singh982@gmail.com,2022-07-15,Kanpur
CRM008406,Saanvi Iyer,saanvi.iyer913@gmail.com,2024-02-10,Indore
CRM005994,Vijay Sharma,vijay.sharma77@outlook.com,2022-03-11,Indore
CRM001480,Vivaan Sinha,vivaan.sinha957@gmail.com,2022-04-26,Ahmedabad
CRM001594,Amit Sinha,amit.sinha277@outlook.com,2022-07-23,Bangalore
CRM005014,Raj Verma,raj.verma41@rediff.com,2023-05-10,Hyderabad
CRM001524,Rohan Iyer,rohan.iyer450@outlook.com,2023-06-16,Delhi
CRM009546,Kritika Pillai,kritika.pillai610@rediff.com,2023-08-25,Bangalore
CRM010270,Suresh Sinha,suresh.sinha382@rediff.com,2023-07-10,Jaipur
CRM009386,Kavya Tiwari,kavya.tiwari886@gmail.com,2024-01-06,Lucknow
CRM007671,Aadhya Bose,aadhya.bose498@outlook.com,2022-11-19,Kolkata
CRM008547,Ishaan Reddy,ishaan.reddy474@outlook.com,2022-08-28,Thane
CRM007400,Aarav Chatterjee,aarav.chatterjee851@rediff.com,2022-03-25,Coimbatore
CRM009304,Sai Verma,sai.verma20@gmail.com,2023-04-06,Delhi
CRM009699,Suresh Rao,suresh.rao229@hotmail.com,2024-01-23,Thane
CRM003032,Ishaan Gupta,ishaan.gupta820@yahoo.com,2023-06-19,Thane
CRM009819,Pooja Patel,pooja.patel926@hotmail.com,2022-05-19,Nagpur
CRM008831,Saanvi Rao,saanvi.rao60@outlook.com,2023-07-05,Surat
CRM001369,Ananya Nair,ananya.nair941@yahoo.com,2023-09-19,Visakhapatnam
CRM008841,Riya Reddy,,2023-04-25,Ahmedabad
CRM006429,Amit Rao,amit.rao808@hotmail.com,2022-04-02,Vadodara
CRM000374,Kritika Sharma,kritika.sharma507@hotmail.com,2023-12-01,Lucknow
CRM003882,Kritika Patel,kritika.patel906@outlook.com,2022-09-16,Bangalore
CRM009466,Riya Patel,riya.patel419@rediff.com,2024-05-26,Mumbai
CRM003650,Deepa Reddy,deepa.reddy821@gmail.com,2024-04-04,Bangalore
CRM009237,Deepa Patel,deepa.patel286@rediff.com,2022-04-19,Bhopal
CRM006915,Rohan Mishra,rohan.mishra353@rediff.com,2023-08-16,Mumbai
CRM006193,Vihaan Bose,vihaan.bose492@yahoo.com,2022-09-09,Chennai
CRM008349,Aarav Joshi,aarav.joshi987@hotmail.com,2023-03-25,Ahmedabad
CRM002615,Ishaan Iyer,ishaan.iyer636@gmail.com,2023-11-15,Vadodara
CRM000170,Deepa Gupta,deepa.gupta751@rediff.com,2022-03-27,Kolkata
CRM009764,Kritika Patel,kritika.patel47@outlook.com,2023-09-23,Kanpur
CRM003644,Vihaan Mishra,vihaan.mishra680@hotmail.com,2022-08-14,Chennai
CRM001370,Nisha Mishra,nisha.mishra378@outlook.com,2023-01-24,Ahmedabad
CRM002639,Meera Singh,meera.singh171@gmail.com,2023-02-28,Vadodara
CRM002413,Deepa Gupta,deepa.gupta816@gmail.com,2022-05-29,Chennai
CRM001954,Vivaan Nair,vivaan.nair731@yahoo.com,2022-04-29,Patna
CRM001255,Nisha Reddy,nisha.reddy928@gmail.com,2022-08-28,Vadodara
CRM007158,Arjun Sharma,arjun.sharma21@rediff.com,2023-03-04,Bhopal
CRM006557,Raj Gupta,raj.gupta878@gmail.com,2022-07-16,Visakhapatnam
CRM008020,Saanvi Patel,saanvi.patel59@yahoo.com,2024-01-14,Chennai
CRM008420,Pooja Mishra,pooja.mishra399@yahoo.com,2023-08-01,Bangalore
CRM005122,Aadhya Mishra,aadhya.mishra34@yahoo.com,2022-02-06,Surat
CRM007357,Aarav Iyer,aarav.iyer90@hotmail.com,2023-02-17,Bangalore
CRM007077,Suresh Joshi,suresh.joshi875@yahoo.com,2022-04-25,Ahmedabad
CRM000857,Vihaan Sharma,,2024-05-18,Lucknow
CRM004217,Rahul Sinha,rahul.sinha412@rediff.com,2023-05-20,Bhopal
CRM008099,Kavya Pillai,kavya.pillai680@hotmail.com,2023-08-25,Coimbatore
CRM000316,Deepa Singh,deepa.singh147@gmail.com,2023-11-13,Delhi
CRM002535,Vijay Mishra,vijay.mishra973@rediff.com,2023-03-29,Hyderabad
CRM003777,Rohan Kumar,rohan.kumar824@outlook.com,2023-12-04,Pune
CRM005606,Nisha Verma,nisha.verma853@rediff.com,2022-10-17,Thane
CRM010302,Reyan Gupta,reyan.gupta351@gmail.com,2022-04-09,Surat
CRM007212,Vijay Iyer,vijay.iyer802@yahoo.com,2023-10-22,Lucknow
CRM008389,Rohan Joshi,rohan.joshi788@outlook.com,2024-06-16,Lucknow
CRM009684,Raj Gupta,raj.gupta479@rediff.com,2023-05-04,Kolkata
CRM007257,Pooja Sinha,pooja.sinha348@gmail.com,2023-12-03,Thane
CRM001936,Rahul Das,rahul.das196@hotmail.com,2024-05-05,Bangalore
CRM002936,Suresh Reddy,suresh.reddy778@yahoo.com,2023-08-05,Mumbai
CRM002517,Vihaan Kumar,,2023-06-25,Kolkata
CRM001278,Saanvi Kumar,saanvi.kumar495@outlook.com,2022-04-05,Coimbatore
CRM000796,Sneha Kumar,sneha.kumar16@outlook.com,2023-02-25,Bangalore
CRM007568,Kavya Chatterjee,kavya.chatterjee647@outlook.com,2023-08-03,Visakhapatnam
CRM004304,Vivaan Kumar,vivaan.kumar865@hotmail.com,2024-03-02,Bhopal
CRM005028,Deepa Mehta,deepa.mehta684@outlook.com,2022-04-16,Thane
CRM009246,Vivaan Kumar,vivaan.kumar591@outlook.com,2024-02-02,Patna
CRM000048,Rahul Sinha,rahul.sinha37@gmail.com,2022-02-10,Patna
CRM009171,Raj Verma,raj.verma38@rediff.com,2024-05-25,Vadodara
CRM006435,Aadhya Chatterjee,aadhya.chatterjee306@gmail.com,2022-07-13,Visakhapatnam
CRM001985,Sai Verma,sai.verma992@rediff.com,2024-01-20,Ahmedabad
CRM004476,Suresh Nair,,2024-02-26,Visakhapatnam
CRM005684,Rahul Mehta,rahul.mehta228@gmail.com,2022-03-14,Delhi
CRM001143,Suresh Bose,suresh.bose483@yahoo.com,2022-11-29,Visakhapatnam
CRM006023,Sneha Mishra,sneha.mishra221@rediff.com,2023-06-21,Coimbatore
CRM007628,Raj Bose,raj.bose617@rediff.com,2023-12-07,Mumbai
CRM007390,Vivaan Tiwari,vivaan.tiwari256@gmail.com,2022-10-13,Indore
CRM004505,Vijay Bose,vijay.bose726@hotmail.com,2023-09-07,Delhi
CRM004510,Amit Tiwari,amit.tiwari282@hotmail.com,2023-02-13,Bangalore
CRM003464,Deepa Singh,deepa.singh113@hotmail.com,2024-05-13,Jaipur
CRM003461,Aditya Iyer,aditya.iyer509@rediff.com,2024-05-28,Jaipur
CRM004422,Sai Nair,sai.nair619@outlook.com,2023-05-16,Kolkata
CRM010337,Suresh Joshi,,2023-04-17,Kolkata
CRM001394,Meera Rao,,2024-05-31,Coimbatore
CRM010211,Amit Das,amit.das934@gmail.com,2022-02-10,Surat
CRM000714,Arjun Iyer,arjun.iyer210@yahoo.com,2022-10-03,Mumbai
CRM007442,Pooja Sharma,pooja.sharma947@gmail.com,2022-10-17,Patna
CRM006912,Rahul Chatterjee,rahul.chatterjee419@yahoo.com,2023-09-21,Mumbai
CRM006905,Ishaan Gupta,ishaan.gupta262@outlook.com,2022-12-27,Pune
CRM006837,Sai Reddy,sai.reddy308@hotmail.com,2024-04-03,Delhi
CRM009045,Raj Mehta,raj.mehta458@rediff.com,2024-06-17,Kolkata
CRM002454,Diya Verma,diya.verma895@yahoo.com,2022-06-18,Kolkata
CRM000896,Sai Bose,sai.bose893@rediff.com,2023-09-01,Vadodara
CRM003772,Nisha Kumar,,2023-03-26,Bangalore
CRM010326,Riya Sinha,riya.sinha362@hotmail.com,2022-01-05,Patna
CRM002222,Aditya Bose,aditya.bose951@outlook.com,2024-02-18,Pune
CRM009114,Reyan Mehta,reyan.mehta492@gmail.com,2022-12-28,Pune
CRM004658,Kabir Patel,kabir.patel650@outlook.com,2022-01-06,Ahmedabad
CRM005517,Vihaan Patel,vihaan.patel724@outlook.com,2022-01-02,Delhi
CRM001085,Kabir Chatterjee,kabir.chatterjee516@outlook.com,2024-01-11,Mumbai
CRM002329,Priya Gupta,priya.gupta297@outlook.com,2022-07-22,Indore
CRM001661,Saanvi Tiwari,saanvi.tiwari530@rediff.com,2023-02-28,Ahmedabad
CRM001119,Kabir Bose,kabir.bose55@rediff.com,2024-01-06,UNKNOWN
CRM002070,Kavya Iyer,kavya.iyer721@rediff.com,2022-05-17,Bhopal
CRM003998,Aadhya Gupta,aadhya.gupta944@gmail.com,2024-04-13,Mumbai
CRM009093,Arjun Nair,arjun.nair687@yahoo.com,2022-11-09,Mumbai
CRM005604,Nisha Bose,nisha.bose798@hotmail.com,2023-04-16,Kolkata
CRM002120,Sai Shah,sai.shah182@hotmail.com,2024-06-29,Mumbai
CRM007797,Ishaan Gupta,ishaan.gupta133@hotmail.com,2022-08-24,Mumbai
CRM000533,Raj Joshi,raj.joshi174@rediff.com,2022-02-24,Bangalore
CRM007676,Vivaan Joshi,vivaan.joshi962@yahoo.com,2022-06-08,Pune
CRM006385,Arjun Shah,arjun.shah15@hotmail.com,2023-09-30,--
CRM007524,Aditya Kumar,aditya.kumar162@gmail.com,2024-04-23,Ahmedabad
CRM007052,Vihaan Pillai,vihaan.pillai412@rediff.com,2022-05-25,Kanpur
CRM007220,Sai Reddy,sai.reddy185@rediff.com,2022-11-11,Jaipur
CRM007526,Nisha Rao,nisha.rao558@rediff.com,2022-03-02,Jaipur
CRM004342,Deepa Das,deepa.das474@yahoo.com,2024-06-15,Bhopal
CRM004225,Raj Shah,raj.shah713@rediff.com,2023-09-01,Indore
CRM005350,Kavya Reddy,kavya.reddy204@yahoo.com,2022-08-20,Visakhapatnam
CRM006527,Pooja Sharma,pooja.sharma256@yahoo.com,2024-02-20,Thane
CRM004140,Deepa Mehta,deepa.mehta772@gmail.com,2023-05-16,Lucknow
CRM004849,Arjun Sharma,arjun.sharma344@gmail.com,2023-05-29,Hyderabad
CRM008044,Pooja Chatterjee,pooja.chatterjee482@hotmail.com,2022-08-07,Kanpur
CRM005468,Deepa Kumar,deepa.kumar920@outlook.com,2023-11-18,Jaipur
CRM007291,Saanvi Bose,saanvi.bose42@outlook.com,2023-04-10,Mumbai
CRM002488,Amit Patel,amit.patel589@outlook.com,2023-02-17,Kolkata
CRM005112,Reyan Rao,,2022-02-17,Hyderabad
CRM003873,Aarav Mishra,aarav.mishra40@outlook.com,2022-02-03,Indore
CRM009420,Diya Kumar,diya.kumar904@gmail.com,2022-08-05,Kanpur
CRM004166,Kritika Mehta,kritika.mehta481@yahoo.com,2023-03-11,Indore
CRM002957,Priya Gupta,priya.gupta838@yahoo.com,2023-08-31,Coimbatore
CRM000734,Aarav Verma,aarav.verma408@yahoo.com,2023-10-14,Delhi
CRM005816,Rahul Iyer,rahul.iyer677@gmail.com,2022-02-03,Pune
CRM005903,Deepa Das,deepa.das693@hotmail.com,2022-10-22,Kanpur
CRM009787,Ishaan Joshi,ishaan.joshi328@rediff.com,2023-03-04,Jaipur
CRM002908,Pooja Tiwari,pooja.tiwari357@gmail.com,2023-06-16,Delhi
CRM002630,Suresh Reddy,suresh.reddy617@outlook.com,2024-01-08,Mumbai
CRM000711,Kabir Bose,kabir.bose196@rediff.com,2023-07-29,Delhi
CRM005077,Kabir Patel,kabir.patel332@gmail.com,2024-04-02,Kanpur
CRM003551,Meera Verma,meera.verma106@yahoo.com,2024-02-05,Vadodara
CRM006171,Deepa Singh,deepa.singh262@rediff.com,2023-08-15,Thane
CRM009943,Pooja Patel,pooja.patel710@rediff.com,2024-03-07,Mumbai
CRM000217,Riya Sharma,riya.sharma544@rediff.com,2023-06-27,Ahmedabad
CRM009639,Ananya Rao,ananya.rao952@outlook.com,2022-02-21,Bhopal
CRM010167,Vijay Patel,vijay.patel686@outlook.com,2022-01-08,Chennai
CRM008411,Priya Joshi,priya.joshi349@yahoo.com,2022-02-04,Surat
CRM008774,Deepa Bose,,2023-08-14,Bhopal
CRM001769,Arjun Mishra,arjun.mishra158@outlook.com,2023-09-20,Mumbai
CRM000543,Ananya Reddy,ananya.reddy969@yahoo.com,2024-02-08,Patna
CRM001471,Sneha Das,sneha.das906@hotmail.com,2023-12-04,Patna
CRM001161,Suresh Shah,suresh.shah219@gmail.com,2023-05-30,Bhopal
CRM002499,Deepa Verma,deepa.verma832@gmail.com,2024-04-28,Chennai
CRM007766,Suresh Rao,suresh.rao854@yahoo.com,2022-11-21,Lucknow
CRM008543,Saanvi Nair,saanvi.nair338@yahoo.com,2024-03-17,Kolkata
CRM006174,Ishaan Mehta,ishaan.mehta412@rediff.com,2023-01-26,Indore
CRM008689,Kavya Rao,kavya.rao330@outlook.com,2023-01-06,Ahmedabad
CRM008024,Kabir Nair,kabir.nair775@hotmail.com,2024-06-14,Delhi
CRM004626,Deepa Pillai,deepa.pillai186@outlook.com,2023-03-15,Coimbatore
CRM004394,Deepa Reddy,deepa.reddy413@yahoo.com,2022-05-20,Nagpur
CRM005738,Ananya Shah,ananya.shah181@hotmail.com,2022-08-21,Patna
CRM000625,Vivaan Tiwari,vivaan.tiwari654@outlook.com,2022-11-20,Vadodara
CRM005573,Sai Verma,sai.verma798@rediff.com,2022-11-16,Kolkata
CRM003525,Rohan Sharma,rohan.sharma560@hotmail.com,2023-04-08,Lucknow
CRM001473,Saanvi Kumar,saanvi.kumar884@yahoo.com,2023-07-18,Bhopal
CRM010222,Saanvi Mishra,saanvi.mishra226@rediff.com,2023-04-26,Chennai
CRM008721,Rahul Singh,rahul.singh639@yahoo.com,2024-03-31,Coimbatore
CRM009521,Kabir Chatterjee,kabir.chatterjee448@outlook.com,2022-06-07,Nagpur
CRM009448,Kavya Mehta,kavya.mehta560@rediff.com,2022-10-24,Kolkata
CRM006488,Suresh Nair,suresh.nair864@hotmail.com,2022-10-30,Jaipur
CRM004449,Nisha Rao,nisha.rao934@outlook.com,2024-06-02,Lucknow
CRM009213,Kritika Iyer,kritika.iyer678@rediff.com,2022-12-30,Indore
CRM008998,Diya Iyer,diya.iyer398@rediff.com,2024-02-07,Nagpur
CRM000622,Aadhya Reddy,aadhya.reddy157@gmail.com,2023-03-20,Delhi
CRM007583,Suresh Reddy,suresh.reddy522@hotmail.com,2022-02-28,Pune
CRM002589,Vihaan Joshi,vihaan.joshi721@outlook.com,2023-12-01,Delhi
CRM008698,Aarav Singh,aarav.singh371@yahoo.com,2023-09-11,Bangalore
CRM008842,Vihaan Tiwari,vihaan.tiwari612@rediff.com,2023-01-05,Mumbai
CRM002123,Nisha Sharma,nisha.sharma574@yahoo.com,2022-08-29,Patna
CRM010437,Diya Mehta,diya.mehta172@rediff.com,2024-06-06,Delhi
CRM009935,Meera Patel,meera.patel629@rediff.com,2022-11-13,Bhopal
CRM003321,Kavya Rao,kavya.rao629@rediff.com,2022-11-12,Pune
CRM007700,Aditya Shah,aditya.shah633@hotmail.com,2023-10-28,Bangalore
CRM009225,Ishaan Patel,ishaan.patel541@hotmail.com,2022-12-12,XX_CITY
CRM005119,Reyan Chatterjee,reyan.chatterjee628@rediff.com,2023-11-16,Delhi
CRM007647,Nisha Gupta,nisha.gupta402@outlook.com,2022-09-05,Delhi
CRM008518,Deepa Mehta,deepa.mehta289@hotmail.com,2022-08-02,Delhi
CRM009829,Saanvi Mehta,saanvi.mehta138@gmail.com,2023-10-09,Delhi
CRM000296,Ananya Patel,ananya.patel923@gmail.com,2023-11-25,Visakhapatnam
CRM003594,Sai Kumar,sai.kumar197@yahoo.com,2023-07-08,Lucknow
CRM004383,Vivaan Joshi,vivaan.joshi355@outlook.com,2023-12-10,Lucknow
CRM001747,Nisha Singh,nisha.singh475@rediff.com,2022-01-16,Hyderabad
CRM003953,Deepa Pillai,deepa.pillai794@gmail.com,2023-05-27,Kanpur
CRM003693,Vijay Reddy,vijay.reddy605@gmail.com,2023-03-19,Patna
CRM006099,Arjun Shah,,2022-12-27,Mumbai
CRM000762,Pooja Verma,pooja.verma178@gmail.com,2023-12-24,Delhi
CRM004092,Aarav Gupta,aarav.gupta14@hotmail.com,2022-08-25,Delhi
CRM000287,Sneha Mishra,sneha.mishra989@gmail.com,2023-06-15,Jaipur
CRM004924,Reyan Gupta,reyan.gupta472@hotmail.com,2023-05-20,Surat
CRM006947,Sai Nair,sai.nair793@yahoo.com,2022-01-07,N/A
CRM005031,Suresh Chatterjee,suresh.chatterjee428@hotmail.com,2024-04-18,Patna
CRM008285,Pooja Gupta,pooja.gupta436@outlook.com,2022-04-28,Thane
CRM009800,Sneha Kumar,sneha.kumar791@hotmail.com,2023-11-03,Bangalore
CRM004772,Ishaan Shah,ishaan.shah512@gmail.com,2024-06-25,Mumbai
CRM004377,Aarav Joshi,aarav.joshi78@gmail.com,2023-02-09,Delhi
CRM007072,Vivaan Joshi,vivaan.joshi420@yahoo.com,2022-06-26,Pune
CRM002725,Rahul Patel,rahul.patel469@outlook.com,2023-07-21,Nagpur
CRM000334,Ananya Reddy,ananya.reddy527@yahoo.com,2024-06-24,Bangalore
CRM003044,Pooja Sharma,pooja.sharma425@hotmail.com,2022-04-19,Pune
CRM005913,Reyan Gupta,reyan.gupta305@yahoo.com,2022-11-04,Hyderabad
CRM009619,Riya Singh,riya.singh320@outlook.com,2023-08-29,Nagpur
CRM008154,Saanvi Pillai,saanvi.pillai518@hotmail.com,2022-03-11,Surat
CRM009439,Diya Reddy,diya.reddy948@outlook.com,2023-05-06,Bhopal
CRM006078,Aadhya Chatterjee,aadhya.chatterjee247@rediff.com,2024-05-14,Surat
CRM000550,Vivaan Chatterjee,vivaan.chatterjee485@gmail.com,2022-06-15,Vadodara
CRM003371,Ishaan Rao,ishaan.rao551@outlook.com,2023-02-04,Indore
CRM010335,Vivaan Nair,vivaan.nair828@hotmail.com,2022-06-16,Surat
CRM001459,Ananya Mishra,ananya.mishra358@rediff.com,2023-08-15,Mumbai
CRM000677,Diya Kumar,diya.kumar472@outlook.com,2023-01-26,Coimbatore
CRM004000,Vihaan Kumar,vihaan.kumar836@outlook.com,2022-01-25,Ahmedabad
CRM002628,Suresh Gupta,suresh.gupta185@yahoo.com,2023-03-18,Surat
CRM008529,Vihaan Bose,vihaan.bose59@outlook.com,2022-06-08,Kanpur
CRM002575,Ananya Sinha,ananya.sinha725@yahoo.com,2024-01-27,Hyderabad
CRM004951,Arjun Bose,arjun.bose999@hotmail.com,2022-02-09,Jaipur
CRM004272,Kabir Chatterjee,kabir.chatterjee576@yahoo.com,2023-05-23,Indore
CRM009220,Saanvi Reddy,saanvi.reddy314@yahoo.com,2022-05-11,Surat
CRM001114,Aadhya Sinha,aadhya.sinha267@hotmail.com,2022-04-01,Bhopal
CRM006806,Ishaan Joshi,ishaan.joshi218@yahoo.com,2022-07-02,Ahmedabad
CRM007164,Kritika Nair,kritika.nair573@rediff.com,2023-11-25,Vadodara
CRM006976,Vihaan Shah,vihaan.shah704@rediff.com,2024-04-11,Mumbai
CRM005269,Priya Tiwari,priya.tiwari552@yahoo.com,2022-06-22,Ahmedabad
CRM008028,Sai Iyer,sai.iyer274@hotmail.com,2024-06-02,Chennai
CRM003329,Vihaan Shah,vihaan.shah124@gmail.com,2023-07-16,Bhopal
CRM009703,Ishaan Pillai,ishaan.pillai470@gmail.com,2022-09-08,Patna
CRM009186,Arjun Singh,arjun.singh527@yahoo.com,2022-07-27,Bhopal
CRM006232,Arjun Das,arjun.das429@hotmail.com,2022-05-07,Delhi
CRM000089,Arjun Rao,arjun.rao276@rediff.com,2022-02-22,Bangalore
CRM008732,Nisha Pillai,nisha.pillai946@hotmail.com,2023-04-18,Indore
CRM008523,Nisha Singh,nisha.singh51@rediff.com,2022-05-25,Jaipur
CRM006692,Kabir Pillai,kabir.pillai684@rediff.com,2023-03-03,Indore
CRM000409,Vihaan Pillai,,2024-04-08,Coimbatore
CRM009907,Diya Rao,diya.rao858@gmail.com,2023-02-13,Coimbatore
CRM003004,Riya Patel,riya.patel185@rediff.com,2022-05-24,Chennai
CRM007701,Saanvi Sinha,saanvi.sinha233@hotmail.com,2023-08-21,Delhi
CRM010144,Sai Das,sai.das864@yahoo.com,2023-05-19,Mumbai
CRM003188,Sai Iyer,sai.iyer987@hotmail.com,2022-02-09,Visakhapatnam
CRM006217,Ananya Iyer,ananya.iyer622@gmail.com,2022-07-02,Delhi
CRM006124,Nisha Joshi,nisha.joshi374@hotmail.com,2023-05-17,Patna
CRM009921,Deepa Verma,deepa.verma810@rediff.com,2024-02-06,Surat
CRM008785,Reyan Joshi,reyan.joshi855@rediff.com,2023-02-15,Thane
CRM004330,Priya Sinha,priya.sinha173@rediff.com,2022-02-13,Vadodara
CRM004124,Ananya Tiwari,ananya.tiwari248@outlook.com,2023-09-28,Thane
CRM006626,Raj Iyer,raj.iyer676@hotmail.com,2024-04-15,Delhi
CRM008347,Nisha Tiwari,nisha.tiwari917@hotmail.com,2023-09-26,Ahmedabad
CRM002877,Sai Kumar,sai.kumar823@yahoo.com,2022-08-09,Bhopal
CRM005607,Vijay Patel,vijay.patel497@rediff.com,2023-04-03,Patna
CRM004694,Aadhya Nair,aadhya.nair774@rediff.com,2022-12-28,Kanpur
CRM006503,Saanvi Gupta,saanvi.gupta925@gmail.com,2023-11-09,Hyderabad
CRM005129,Vijay Pillai,vijay.pillai710@outlook.com,2022-12-25,Indore
CRM000211,Kavya Joshi,kavya.joshi419@outlook.com,2024-02-01,Bangalore
CRM004640,Rohan Iyer,rohan.iyer469@rediff.com,2023-07-19,Kolkata
CRM009774,Pooja Reddy,pooja.reddy691@rediff.com,2023-11-28,Visakhapatnam
CRM001787,Kritika Gupta,kritika.gupta336@hotmail.com,2024-05-15,Bangalore
CRM004186,Reyan Kumar,reyan.kumar175@rediff.com,2023-09-12,Mumbai
CRM007263,Kabir Patel,kabir.patel213@outlook.com,2023-01-01,Patna
CRM003091,Kritika Kumar,kritika.kumar431@hotmail.com,2024-05-14,Jaipur
CRM003132,Meera Chatterjee,meera.chatterjee576@rediff.com,2024-06-21,Visakhapatnam
CRM004170,Vijay Pillai,vijay.pillai834@outlook.com,2023-06-05,Surat
CRM009228,Deepa Das,deepa.das380@hotmail.com,2023-07-25,Jaipur
CRM007250,Rahul Iyer,rahul.iyer271@gmail.com,2022-11-07,Chennai
CRM008497,Raj Mishra,raj.mishra322@rediff.com,2024-05-08,UNKNOWN
CRM009298,Vijay Bose,vijay.bose30@yahoo.com,2023-09-10,Indore
CRM001011,Kabir Bose,kabir.bose521@gmail.com,2022-06-14,Visakhapatnam
CRM005136,Vihaan Mehta,,2023-01-16,Kolkata
CRM009680,Kavya Patel,kavya.patel821@gmail.com,2023-10-11,Mumbai
CRM009146,Sneha Patel,sneha.patel596@outlook.com,2022-06-13,Pune
CRM003938,Vivaan Gupta,vivaan.gupta324@hotmail.com,2022-12-25,Hyderabad
CRM008456,Sneha Bose,sneha.bose955@rediff.com,2022-11-21,Chennai
CRM002326,Amit Sharma,amit.sharma757@rediff.com,2023-04-02,Ahmedabad
CRM004819,Rohan Gupta,rohan.gupta704@gmail.com,2023-04-24,Kanpur
CRM003134,Sai Sharma,sai.sharma28@rediff.com,2023-12-22,Visakhapatnam
CRM003007,Sneha Das,sneha.das471@hotmail.com,2022-07-19,Mumbai
CRM001585,Amit Verma,amit.verma537@gmail.com,2023-03-01,Bhopal
CRM009360,Sneha Joshi,sneha.joshi561@outlook.com,2024-04-23,Kanpur
CRM010351,Pooja Singh,pooja.singh383@hotmail.com,2023-12-08,Nagpur
CRM008170,Saanvi Tiwari,saanvi.tiwari324@hotmail.com,2022-12-18,Bhopal
CRM003718,Aditya Chatterjee,aditya.chatterjee143@gmail.com,2022-12-31,Chennai
CRM001786,Saanvi Chatterjee,saanvi.chatterjee863@gmail.com,2022-12-29,Bhopal
CRM006276,Ananya Rao,ananya.rao883@hotmail.com,2024-02-16,Nagpur
CRM002010,Raj Shah,raj.shah725@outlook.com,2022-02-27,Jaipur
CRM008300,Raj Singh,raj.singh854@rediff.com,2022-02-28,Nagpur
CRM005611,Kavya Gupta,kavya.gupta354@yahoo.com,2022-02-14,Bhopal
CRM002621,Deepa Reddy,deepa.reddy292@rediff.com,2022-05-07,Ahmedabad
CRM004440,Aditya Nair,aditya.nair267@hotmail.com,2023-04-18,Pune
CRM000107,Saanvi Mehta,saanvi.mehta256@gmail.com,2023-04-30,Chennai
CRM006292,Vijay Bose,vijay.bose72@hotmail.com,2023-04-15,Visakhapatnam
CRM008857,Aditya Rao,aditya.rao136@rediff.com,2023-03-01,Kanpur
CRM000591,Nisha Bose,nisha.bose559@yahoo.com,2023-06-07,Indore
CRM009033,Vihaan Singh,vihaan.singh613@yahoo.com,2023-04-14,Chennai
CRM001331,Rahul Verma,rahul.verma173@outlook.com,2022-06-05,Bhopal
CRM006691,Saanvi Iyer,saanvi.iyer362@rediff.com,2022-04-15,Ahmedabad
CRM002484,Kritika Mehta,kritika.mehta969@gmail.com,2023-10-16,Lucknow
CRM006428,Ishaan Bose,ishaan.bose208@outlook.com,2022-04-14,Surat
CRM009404,Aarav Pillai,aarav.pillai376@hotmail.com,2022-02-27,Patna
CRM005523,Vijay Joshi,vijay.joshi410@gmail.com,2023-09-23,Kanpur
CRM004683,Ananya Sinha,ananya.sinha909@hotmail.com,2023-01-26,Patna
CRM009235,Nisha Shah,nisha.shah638@rediff.com,2023-02-21,Lucknow
CRM001579,Rohan Mehta,rohan.mehta283@rediff.com,2023-12-30,Kanpur
CRM001767,Meera Iyer,meera.iyer108@rediff.com,2022-09-19,Hyderabad
CRM010382,Aditya Reddy,aditya.reddy979@yahoo.com,2023-12-18,Jaipur
CRM002089,Pooja Tiwari,pooja.tiwari589@gmail.com,2022-02-17,Ahmedabad
CRM008996,Sai Iyer,sai.iyer769@hotmail.com,2023-09-07,Chennai
CRM000566,Suresh Bose,suresh.bose313@outlook.com,2022-03-20,Surat
CRM003285,Priya Sharma,priya.sharma535@hotmail.com,2023-10-08,Kanpur
CRM010240,Vivaan Patel,vivaan.patel518@rediff.com,2024-04-11,Patna
CRM003282,Priya Nair,priya.nair950@rediff.com,2023-05-23,Lucknow
CRM006537,Kabir Sharma,kabir.sharma974@hotmail.com,2022-04-20,Pune
CRM009392,Kavya Mehta,kavya.mehta87@rediff.com,2023-06-05,Kolkata
CRM008489,Kavya Iyer,kavya.iyer97@outlook.com,2023-10-06,Chennai
CRM009955,Meera Sharma,meera.sharma35@outlook.com,2022-04-29,Bangalore
CRM007449,Meera Das,meera.das427@yahoo.com,2023-12-27,Visakhapatnam
CRM008657,Raj Kumar,raj.kumar267@hotmail.com,2024-06-14,Lucknow
CRM004865,Aadhya Joshi,aadhya.joshi889@gmail.com,2024-01-28,Pune
CRM006973,Meera Pillai,meera.pillai785@rediff.com,2022-09-01,Indore
CRM007918,Ishaan Mehta,ishaan.mehta831@rediff.com,2024-04-09,Bhopal
CRM000030,Kavya Tiwari,kavya.tiwari820@rediff.com,2023-06-19,Thane
CRM004512,Meera Joshi,meera.joshi684@rediff.com,2024-06-02,Kanpur
CRM005872,Amit Reddy,amit.reddy80@rediff.com,2023-12-07,Patna
CRM004374,Suresh Singh,suresh.singh187@gmail.com,2022-07-30,Nagpur
CRM002026,Priya Patel,priya.patel560@outlook.com,2023-10-28,Nagpur
CRM010478,Ishaan Shah,ishaan.shah149@rediff.com,2024-06-08,Coimbatore
CRM007475,Diya Patel,diya.patel588@rediff.com,2024-03-09,Delhi
CRM000569,Sneha Shah,sneha.shah895@rediff.com,2023-12-17,Mumbai
CRM005258,Kavya Kumar,kavya.kumar302@rediff.com,2023-12-01,Vadodara
CRM009320,Sai Mehta,sai.mehta741@outlook.com,2023-11-15,Bangalore
CRM007190,Ananya Chatterjee,ananya.chatterjee202@rediff.com,2023-04-02,Vadodara
CRM000218,Vihaan Patel,vihaan.patel670@outlook.com,2022-11-24,Visakhapatnam
CRM003273,Riya Bose,riya.bose351@yahoo.com,2023-09-07,Delhi
CRM003860,Arjun Bose,arjun.bose234@gmail.com,2023-10-22,Patna
CRM000109,Suresh Nair,suresh.nair566@gmail.com,2023-12-04,Ahmedabad
CRM007796,Vijay Mehta,vijay.mehta499@yahoo.com,2023-08-31,Delhi
CRM007498,Ishaan Sinha,ishaan.sinha333@rediff.com,2023-11-16,Bhopal
CRM005720,Pooja Singh,pooja.singh440@hotmail.com,2022-11-24,Ahmedabad
CRM009202,Ishaan Chatterjee,ishaan.chatterjee946@yahoo.com,2022-09-05,Lucknow
CRM001495,Vijay Sinha,vijay.sinha104@outlook.com,2024-02-09,Indore
CRM005492,Aadhya Mishra,aadhya.mishra457@yahoo.com,2022-07-10,Jaipur
CRM002508,Ishaan Patel,ishaan.patel163@outlook.com,2023-08-21,Delhi
CRM003711,Rohan Rao,rohan.rao777@yahoo.com,2023-09-07,Kanpur
CRM001374,Vivaan Singh,vivaan.singh641@gmail.com,2022-03-03,XX_CITY
CRM008820,Aarav Tiwari,aarav.tiwari392@gmail.com,2022-12-04,Surat
CRM010346,Aarav Nair,aarav.nair115@yahoo.com,2023-09-25,Kanpur
CRM008650,Sai Iyer,sai.iyer805@yahoo.com,2023-01-26,Mumbai
CRM006448,Aadhya Pillai,aadhya.pillai89@rediff.com,2024-06-18,Delhi
CRM008653,Kavya Shah,kavya.shah769@outlook.com,2023-12-21,Vadodara
CRM004278,Vihaan Verma,vihaan.verma608@yahoo.com,2024-01-13,Bangalore
CRM002153,Sai Sinha,sai.sinha52@yahoo.com,2024-04-11,Jaipur
CRM010228,Rohan Chatterjee,rohan.chatterjee535@outlook.com,2023-05-02,Pune
CRM010325,Kritika Bose,kritika.bose331@outlook.com,2023-07-23,Chennai
CRM001953,Pooja Tiwari,pooja.tiwari112@hotmail.com,2022-05-04,Nagpur
CRM003615,Vivaan Gupta,vivaan.gupta807@gmail.com,2024-05-12,Chennai
CRM001884,Suresh Kumar,suresh.kumar468@yahoo.com,2022-09-09,Vadodara
CRM004419,Arjun Chatterjee,arjun.chatterjee294@yahoo.com,2022-01-22,Pune
CRM000577,Kritika Nair,kritika.nair219@outlook.com,2023-07-07,Coimbatore
CRM008354,Kritika Das,kritika.das901@gmail.com,2023-09-29,Kolkata
CRM001148,Ananya Patel,ananya.patel513@outlook.com,2023-07-21,Ahmedabad
CRM010384,Rahul Mishra,rahul.mishra587@hotmail.com,2022-01-31,Visakhapatnam
CRM005072,Sneha Tiwari,sneha.tiwari515@hotmail.com,2023-09-20,Nagpur
CRM004701,Kabir Patel,kabir.patel325@outlook.com,2023-10-21,Chennai
CRM006216,Kritika Kumar,kritika.kumar220@yahoo.com,2022-12-06,Coimbatore
CRM002358,Vihaan Sharma,vihaan.sharma74@gmail.com,2022-10-03,Kolkata
CRM005525,Arjun Sinha,arjun.sinha537@hotmail.com,2024-01-25,Bangalore
CRM006836,Aarav Singh,aarav.singh930@outlook.com,2023-04-19,Vadodara
CRM003459,Ishaan Verma,ishaan.verma850@hotmail.com,2023-12-13,Vadodara
CRM004190,Amit Nair,amit.nair422@yahoo.com,2023-05-28,Chennai
CRM002239,Saanvi Mishra,saanvi.mishra279@yahoo.com,2023-05-06,Jaipur
CRM008014,Pooja Tiwari,pooja.tiwari668@rediff.com,2024-06-15,Bhopal
CRM005501,Meera Tiwari,meera.tiwari774@rediff.com,2022-07-29,Delhi
CRM000719,Saanvi Singh,saanvi.singh709@rediff.com,2023-02-21,Thane
CRM009698,Aarav Das,aarav.das37@yahoo.com,2023-04-04,Vadodara
CRM000737,Sneha Mishra,sneha.mishra236@yahoo.com,2023-05-07,Kanpur
CRM000736,Rohan Kumar,rohan.kumar423@rediff.com,2023-01-13,Pune
CRM007133,Meera Kumar,meera.kumar630@yahoo.com,2022-06-15,Bhopal
CRM008377,Amit Nair,amit.nair33@gmail.com,2022-10-04,Coimbatore
CRM008496,Rahul Mehta,rahul.mehta820@yahoo.com,2023-06-06,Coimbatore
CRM000093,Ananya Bose,ananya.bose801@rediff.com,2023-07-23,Kolkata
CRM006224,Vivaan Reddy,,2023-11-23,Patna
CRM003038,Reyan Shah,reyan.shah758@yahoo.com,2023-04-05,Visakhapatnam
CRM006638,Kabir Chatterjee,kabir.chatterjee726@gmail.com,2024-05-25,Lucknow
CRM007682,Aditya Patel,aditya.patel437@outlook.com,2022-09-22,Indore
CRM007636,Raj Reddy,raj.reddy235@hotmail.com,2022-06-20,Lucknow
CRM000497,Vijay Singh,vijay.singh694@yahoo.com,2023-01-04,Kolkata
CRM003289,Deepa Rao,deepa.rao79@outlook.com,2022-10-28,N/A
CRM003458,Sneha Tiwari,sneha.tiwari891@hotmail.com,2022-09-29,Delhi
CRM005683,Ananya Sinha,ananya.sinha196@rediff.com,2024-03-02,Visakhapatnam
CRM008533,Reyan Patel,reyan.patel74@gmail.com,2022-01-28,Patna
CRM004848,Kavya Reddy,,2024-01-30,Jaipur
CRM004504,Kavya Pillai,kavya.pillai185@outlook.com,2022-06-13,Visakhapatnam
CRM005341,Ananya Nair,ananya.nair830@gmail.com,2023-10-24,UNKNOWN
CRM008588,Kabir Bose,kabir.bose502@gmail.com,2022-07-13,Patna
CRM004891,Priya Shah,priya.shah620@gmail.com,2022-12-21,Surat
CRM005054,Aditya Patel,aditya.patel790@yahoo.com,2023-07-26,Delhi
CRM003959,Raj Shah,raj.shah265@gmail.com,2024-02-21,Patna
CRM006075,Riya Joshi,riya.joshi148@yahoo.com,2022-12-29,Lucknow
CRM002108,Sneha Joshi,sneha.joshi888@yahoo.com,2023-08-17,Kanpur
CRM007273,Saanvi Joshi,saanvi.joshi231@hotmail.com,2023-01-22,Kolkata
CRM008763,Ishaan Chatterjee,ishaan.chatterjee873@outlook.com,2023-12-14,Bangalore
CRM008976,Riya Sharma,riya.sharma62@hotmail.com,2023-08-12,Delhi
CRM003412,Aadhya Das,aadhya.das994@gmail.com,2022-01-18,Mumbai
CRM000389,Pooja Singh,pooja.singh57@yahoo.com,2022-04-17,Ahmedabad
CRM000837,Sai Tiwari,sai.tiwari899@outlook.com,2022-12-18,Bhopal
CRM002466,Reyan Sharma,reyan.sharma678@rediff.com,2023-01-07,Indore
CRM006222,Diya Das,diya.das21@yahoo.com,2022-05-20,Bangalore
CRM008638,Ishaan Patel,ishaan.patel999@outlook.com,2022-11-13,Bangalore
CRM010290,Pooja Patel,pooja.patel557@yahoo.com,2023-03-26,Kolkata
CRM003845,Rohan Pillai,rohan.pillai173@rediff.com,2022-05-17,Chennai
CRM001113,Kritika Das,kritika.das978@yahoo.com,2024-01-04,Bangalore
CRM004776,Aditya Sharma,aditya.sharma801@yahoo.com,2023-06-23,Thane
CRM003124,Ananya Shah,ananya.shah835@hotmail.com,2023-06-02,Kanpur
CRM005263,Amit Reddy,amit.reddy102@gmail.com,2024-04-24,Kanpur
CRM001684,Amit Kumar,amit.kumar897@rediff.com,2024-02-01,Patna
CRM001916,Reyan Iyer,reyan.iyer114@yahoo.com,2023-03-01,Chennai
CRM007887,Arjun Joshi,arjun.joshi270@gmail.com,2022-08-01,Coimbatore
CRM009051,Priya Mehta,priya.mehta258@hotmail.com,2023-05-22,Kolkata
CRM005295,Kavya Tiwari,kavya.tiwari82@outlook.com,2022-11-15,Lucknow
CRM004099,Meera Chatterjee,meera.chatterjee298@yahoo.com,2023-02-08,Kolkata
CRM005578,Kabir Mehta,kabir.mehta216@rediff.com,2023-05-06,Hyderabad
CRM005237,Aditya Das,aditya.das357@yahoo.com,2023-10-26,Mumbai
CRM008143,Aditya Bose,aditya.bose387@hotmail.com,2022-12-19,Mumbai
CRM000417,Priya Pillai,priya.pillai558@outlook.com,2023-03-10,Patna
CRM005222,Raj Das,,2023-02-19,Surat
CRM005334,Reyan Reddy,reyan.reddy652@rediff.com,2022-05-30,Bangalore
CRM006546,Vihaan Das,vihaan.das586@hotmail.com,2022-12-12,Vadodara
CRM003354,Vijay Joshi,vijay.joshi139@rediff.com,2024-04-21,Thane
CRM001906,Ananya Kumar,ananya.kumar173@yahoo.com,2023-02-20,Indore
CRM009405,Aditya Rao,aditya.rao982@gmail.com,2023-09-09,Hyderabad
CRM009416,Arjun Reddy,arjun.reddy682@outlook.com,2022-02-14,Mumbai
CRM008714,Rohan Das,rohan.das636@gmail.com,2022-07-29,Mumbai
CRM000009,Reyan Shah,reyan.shah927@yahoo.com,2023-01-05,Jaipur
CRM004048,Kavya Chatterjee,kavya.chatterjee910@rediff.com,2022-03-18,Visakhapatnam
CRM005805,Rohan Bose,rohan.bose701@yahoo.com,2023-08-15,Bangalore
CRM008606,Ananya Chatterjee,ananya.chatterjee315@gmail.com,2023-03-28,Pune
CRM006009,Kabir Tiwari,kabir.tiwari306@gmail.com,2022-05-20,Vadodara
CRM010279,Ananya Singh,ananya.singh326@yahoo.com,2024-05-14,Delhi
CRM008803,Arjun Reddy,arjun.reddy123@yahoo.com,2023-05-08,Thane
CRM008149,Priya Chatterjee,priya.chatterjee745@yahoo.com,2022-01-02,Delhi
CRM004336,Sneha Pillai,sneha.pillai70@yahoo.com,2023-05-02,Bangalore
CRM003881,Vihaan Mishra,vihaan.mishra752@gmail.com,2022-07-27,Coimbatore
CRM009536,Aditya Shah,aditya.shah157@outlook.com,2022-07-08,Indore
CRM008253,Vihaan Reddy,vihaan.reddy99@outlook.com,2024-02-11,Surat
CRM008753,Amit Sharma,amit.sharma989@yahoo.com,2022-03-14,N/A
CRM010116,Deepa Patel,deepa.patel135@outlook.com,2022-03-04,Chennai
CRM006839,Diya Shah,diya.shah363@rediff.com,2022-12-19,Patna
CRM009480,Meera Iyer,meera.iyer299@gmail.com,2022-05-04,Visakhapatnam
CRM005251,Diya Mehta,diya.mehta367@hotmail.com,2023-03-29,Lucknow
CRM005352,Aditya Tiwari,aditya.tiwari725@hotmail.com,2022-08-01,Bangalore
CRM005886,Pooja Bose,pooja.bose375@rediff.com,2023-08-27,Bangalore
CRM001635,Deepa Iyer,deepa.iyer616@hotmail.com,2022-07-23,Lucknow
CRM000971,Vijay Chatterjee,vijay.chatterjee914@gmail.com,2023-12-15,Chennai
CRM000795,Vihaan Rao,vihaan.rao785@hotmail.com,2022-10-25,Vadodara
CRM000731,Vihaan Chatterjee,vihaan.chatterjee789@outlook.com,2024-06-09,Bhopal
CRM005583,Meera Sharma,meera.sharma850@hotmail.com,2022-05-07,Indore
CRM007465,Meera Chatterjee,meera.chatterjee110@rediff.com,2024-01-03,Patna
CRM008850,Nisha Pillai,nisha.pillai746@hotmail.com,2022-03-20,Pune
CRM006562,Priya Kumar,priya.kumar296@gmail.com,2023-02-06,Thane
CRM004367,Raj Joshi,raj.joshi296@outlook.com,2022-08-24,Patna
CRM007426,Riya Verma,riya.verma492@outlook.com,2022-10-13,Visakhapatnam
CRM009144,Meera Verma,meera.verma964@yahoo.com,2023-11-20,Pune
CRM003144,Meera Patel,meera.patel322@rediff.com,2022-10-23,Jaipur
CRM010450,Ishaan Gupta,ishaan.gupta436@gmail.com,2023-02-25,Jaipur
CRM006246,Vivaan Joshi,,2022-05-06,Visakhapatnam
CRM000705,Rohan Patel,rohan.patel41@gmail.com,2022-09-07,Indore
CRM004833,Sai Gupta,sai.gupta169@hotmail.com,2022-09-07,Pune
CRM000246,Kavya Shah,kavya.shah893@outlook.com,2022-03-01,Delhi
CRM008641,Riya Kumar,riya.kumar814@outlook.com,2023-02-01,XX_CITY
CRM004318,Amit Patel,amit.patel276@gmail.com,2022-07-13,Ahmedabad
CRM001079,Aditya Pillai,aditya.pillai36@yahoo.com,2024-01-17,Delhi
CRM007875,Deepa Sinha,deepa.sinha534@yahoo.com,2023-02-04,Ahmedabad
CRM006628,Sneha Pillai,sneha.pillai796@gmail.com,2023-01-06,Mumbai
CRM005479,Sai Reddy,sai.reddy113@yahoo.com,2022-11-21,Delhi
CRM001207,Deepa Gupta,deepa.gupta664@yahoo.com,2022-11-09,Kolkata
CRM007256,Rohan Verma,rohan.verma234@outlook.com,2022-05-31,Vadodara
CRM001409,Meera Pillai,meera.pillai415@rediff.com,2023-06-20,Coimbatore
CRM004206,Riya Mishra,riya.mishra497@hotmail.com,2022-10-06,Indore
CRM005791,Vijay Rao,vijay.rao23@hotmail.com,2022-01-07,Kolkata
CRM001112,Aarav Gupta,aarav.gupta445@yahoo.com,2024-03-27,Patna
CRM009175,Raj Sharma,raj.sharma132@rediff.com,2023-08-02,Mumbai
CRM004902,Kabir Mishra,kabir.mishra395@hotmail.com,2023-06-05,Coimbatore
CRM008346,Raj Mehta,raj.mehta877@outlook.com,2022-10-31,Bangalore
CRM005080,Vijay Kumar,vijay.kumar433@outlook.com,2022-04-04,Coimbatore
CRM010077,Sneha Tiwari,sneha.tiwari154@rediff.com,2022-07-13,Lucknow
CRM005530,Aadhya Mishra,aadhya.mishra257@gmail.com,2023-01-08,Coimbatore
CRM000064,Aadhya Rao,aadhya.rao167@gmail.com,2023-08-16,Pune
CRM007603,Riya Tiwari,riya.tiwari693@hotmail.com,2023-08-11,Bangalore
CRM008245,Raj Mishra,raj.mishra791@gmail.com,2022-01-29,Nagpur
CRM005412,Amit Bose,amit.bose971@gmail.com,2022-05-15,Bangalore
CRM005134,Arjun Das,arjun.das411@outlook.com,2022-02-04,Lucknow
CRM002393,Rahul Patel,rahul.patel164@hotmail.com,2023-12-09,Lucknow
CRM003071,Ishaan Bose,ishaan.bose556@hotmail.com,2023-03-18,Surat
CRM003313,Diya Shah,diya.shah762@hotmail.com,2024-02-27,Bhopal
CRM002184,Kritika Iyer,kritika.iyer591@gmail.com,2022-11-11,Patna
CRM001003,Aadhya Das,aadhya.das213@hotmail.com,2024-06-30,Chennai
CRM003725,Arjun Singh,arjun.singh995@yahoo.com,2024-01-22,Kolkata
CRM006486,Kritika Kumar,kritika.kumar201@rediff.com,2022-09-10,Bangalore
CRM001733,Riya Gupta,riya.gupta810@rediff.com,2022-10-09,Surat
CRM003413,Saanvi Kumar,saanvi.kumar797@outlook.com,2022-12-04,Coimbatore
CRM001083,Aditya Reddy,aditya.reddy175@hotmail.com,2022-09-05,Nagpur
CRM001040,Riya Sharma,riya.sharma559@gmail.com,2023-12-28,Kanpur
CRM007935,Raj Mehta,raj.mehta26@hotmail.com,2022-05-25,Surat
CRM001027,Pooja Sinha,pooja.sinha52@gmail.com,2023-05-28,Kolkata
CRM000264,Reyan Joshi,reyan.joshi948@yahoo.com,2023-08-02,Ahmedabad
CRM003230,Rohan Verma,rohan.verma962@gmail.com,2023-10-15,Delhi
CRM006386,Raj Patel,raj.patel531@hotmail.com,2022-07-17,Delhi
CRM009067,Saanvi Das,saanvi.das936@yahoo.com,2024-05-06,Kolkata
CRM000656,Priya Nair,priya.nair743@outlook.com,2023-11-22,Mumbai
CRM000624,Deepa Sinha,deepa.sinha194@yahoo.com,2022-02-12,Nagpur
CRM006897,Kavya Sinha,kavya.sinha222@outlook.com,2024-06-24,Lucknow
CRM009676,Vivaan Nair,vivaan.nair471@gmail.com,2023-08-17,Bangalore
CRM007110,Aditya Kumar,aditya.kumar542@gmail.com,2023-03-28,Ahmedabad
CRM007717,Vihaan Sinha,vihaan.sinha824@yahoo.com,2023-03-11,Kanpur
CRM008911,Kabir Sharma,kabir.sharma357@rediff.com,2023-06-05,Visakhapatnam
CRM001286,Amit Bose,amit.bose966@yahoo.com,2022-10-25,Ahmedabad
CRM009221,Arjun Rao,arjun.rao660@outlook.com,2023-03-31,Patna
CRM004454,Nisha Patel,nisha.patel74@outlook.com,2022-09-27,Hyderabad
CRM005035,Ananya Kumar,ananya.kumar166@outlook.com,2022-10-17,Lucknow
CRM001108,Meera Rao,meera.rao647@gmail.com,2023-08-13,Delhi
CRM005734,Meera Pillai,meera.pillai581@rediff.com,2024-05-31,Hyderabad
CRM009124,Kabir Tiwari,kabir.tiwari379@outlook.com,2022-11-27,Mumbai
CRM007323,Kabir Kumar,kabir.kumar106@outlook.com,2023-06-03,Indore
CRM008311,Riya Sinha,riya.sinha518@rediff.com,2022-01-13,Patna
CRM000578,Meera Joshi,meera.joshi861@gmail.com,2024-02-16,Nagpur
CRM002819,Diya Iyer,diya.iyer308@gmail.com,2022-11-03,Lucknow
CRM005897,Sneha Patel,sneha.patel424@rediff.com,2022-03-17,Thane
CRM001248,Meera Chatterjee,meera.chatterjee976@gmail.com,2024-01-15,Bangalore
CRM010391,Aarav Das,aarav.das34@gmail.com,2023-11-13,Delhi
CRM002627,Amit Kumar,amit.kumar548@rediff.com,2023-06-16,Lucknow
CRM009516,Vihaan Sharma,vihaan.sharma224@rediff.com,2023-12-24,Surat
CRM003003,Meera Singh,meera.singh872@rediff.com,2024-04-12,Mumbai
CRM009869,Sai Gupta,sai.gupta816@outlook.com,2022-08-11,Bangalore
CRM008398,Aarav Iyer,aarav.iyer275@hotmail.com,2024-05-28,Bhopal
CRM009667,Sai Chatterjee,sai.chatterjee329@gmail.com,2024-06-18,Pune
CRM002767,Rahul Das,rahul.das744@yahoo.com,2023-08-08,Bangalore
CRM007068,Vihaan Verma,vihaan.verma582@outlook.com,2022-07-23,Hyderabad
CRM000077,Amit Sinha,amit.sinha282@rediff.com,2023-11-17,Mumbai
CRM004013,Suresh Reddy,suresh.reddy915@yahoo.com,2022-07-25,Pune
CRM006943,Meera Mehta,meera.mehta558@rediff.com,2022-01-04,UNKNOWN
CRM007364,Vivaan Sinha,vivaan.sinha148@hotmail.com,2023-10-04,Lucknow
CRM006913,Amit Singh,amit.singh106@hotmail.com,2023-09-09,Delhi
CRM008426,Kabir Singh,kabir.singh744@rediff.com,2024-05-05,Bangalore
CRM009647,Amit Bose,amit.bose904@rediff.com,2023-02-06,Thane
CRM004113,Meera Shah,meera.shah333@yahoo.com,2022-02-28,Pune
CRM002900,Aadhya Kumar,aadhya.kumar186@rediff.com,2022-06-21,Bhopal
CRM003935,Vijay Rao,vijay.rao330@outlook.com,2024-01-15,Thane
CRM002237,Aditya Rao,aditya.rao683@rediff.com,2023-02-14,Bhopal
CRM008198,Sai Mishra,sai.mishra700@yahoo.com,2023-05-03,Indore
CRM005229,Rahul Shah,rahul.shah610@gmail.com,2024-04-15,Nagpur
CRM004329,Diya Nair,,2023-06-22,Indore
CRM007830,Suresh Kumar,suresh.kumar301@gmail.com,2024-04-20,Thane
CRM009826,Riya Mishra,riya.mishra499@yahoo.com,2023-09-09,Thane
CRM000684,Kavya Gupta,kavya.gupta163@rediff.com,2024-06-12,Jaipur
CRM003400,Amit Iyer,amit.iyer465@hotmail.com,2022-08-22,Chennai
CRM000648,Amit Sharma,amit.sharma985@yahoo.com,2022-12-03,Lucknow
CRM004193,Vijay Mishra,vijay.mishra538@outlook.com,2024-06-01,Ahmedabad
CRM010084,Vivaan Mishra,vivaan.mishra866@rediff.com,2023-03-19,Kanpur
CRM006663,Priya Kumar,priya.kumar657@hotmail.com,2023-03-23,Surat
CRM001077,Ishaan Patel,ishaan.patel275@gmail.com,2022-07-13,Thane
CRM000291,Meera Bose,meera.bose408@gmail.com,2024-06-01,Hyderabad
CRM006214,Vihaan Pillai,vihaan.pillai407@outlook.com,2022-12-04,Patna
CRM001414,Aadhya Joshi,aadhya.joshi345@outlook.com,2023-08-17,Patna
CRM005332,Priya Reddy,priya.reddy740@rediff.com,2024-03-11,Delhi
CRM007513,Pooja Singh,pooja.singh87@yahoo.com,2022-03-25,Coimbatore
CRM010491,Vijay Pillai,vijay.pillai565@rediff.com,2022-09-30,Indore
CRM002755,Kabir Kumar,kabir.kumar762@rediff.com,2023-05-31,Bhopal
CRM004334,Sneha Chatterjee,sneha.chatterjee315@rediff.com,2024-03-10,Hyderabad
CRM005667,Pooja Sharma,pooja.sharma835@outlook.com,2024-06-29,Thane
CRM007238,Nisha Sinha,nisha.sinha152@outlook.com,2023-10-07,Surat
CRM008525,Meera Mishra,meera.mishra506@outlook.com,2023-02-03,Bhopal
CRM002603,Riya Pillai,riya.pillai870@rediff.com,2022-06-24,Bhopal
CRM002859,Meera Kumar,meera.kumar833@yahoo.com,2023-12-29,Surat
CRM007689,Reyan Tiwari,,2022-01-28,Bangalore
CRM003545,Aadhya Verma,aadhya.verma994@rediff.com,2024-04-23,Visakhapatnam
CRM005278,Raj Iyer,raj.iyer332@hotmail.com,2023-01-29,Indore
CRM003468,Meera Singh,meera.singh868@rediff.com,2024-05-04,Vadodara
CRM002910,Meera Singh,meera.singh751@gmail.com,2022-04-19,Bangalore
CRM000186,Raj Patel,raj.patel64@hotmail.com,2022-04-06,Patna
CRM001351,Vijay Chatterjee,vijay.chatterjee85@yahoo.com,2023-10-30,Kanpur
CRM004085,Priya Shah,priya.shah723@yahoo.com,2023-01-26,Chennai
CRM003345,Priya Rao,priya.rao314@rediff.com,2024-02-03,Pune
CRM007020,Vijay Rao,vijay.rao583@rediff.com,2023-12-22,Patna
CRM001517,Deepa Shah,deepa.shah87@yahoo.com,2022-09-22,Surat
CRM000020,Raj Reddy,raj.reddy272@gmail.com,2022-03-28,Surat
CRM001298,Suresh Bose,suresh.bose244@gmail.com,2022-01-24,Kanpur
CRM008691,Ishaan Kumar,ishaan.kumar417@yahoo.com,2022-08-28,Lucknow
CRM005652,Vihaan Sinha,vihaan.sinha634@outlook.com,2022-02-25,Bhopal
CRM003510,Sai Reddy,sai.reddy598@gmail.com,2022-12-19,Ahmedabad
CRM009610,Rohan Chatterjee,rohan.chatterjee44@rediff.com,2023-07-25,Bangalore
CRM003014,Raj Chatterjee,raj.chatterjee920@yahoo.com,2023-07-31,Mumbai
CRM001784,Rahul Bose,rahul.bose364@outlook.com,2023-12-14,Chennai
CRM004983,Kritika Rao,kritika.rao20@gmail.com,2023-11-06,Delhi
CRM008604,Rohan Joshi,rohan.joshi508@hotmail.com,2024-01-08,Delhi
CRM009953,Ananya Gupta,ananya.gupta34@rediff.com,2023-03-22,Lucknow
CRM000382,Pooja Kumar,pooja.kumar15@rediff.com,2023-01-31,Surat
CRM008672,Aadhya Das,aadhya.das482@gmail.com,2023-05-29,Jaipur
CRM004202,Meera Verma,meera.verma890@yahoo.com,2022-07-19,Lucknow
CRM004068,Vihaan Bose,vihaan.bose228@hotmail.com,2023-12-22,Bhopal
CRM002341,Amit Mehta,amit.mehta718@rediff.com,2024-04-10,Coimbatore
CRM006966,Vivaan Iyer,vivaan.iyer154@yahoo.com,2023-06-01,Hyderabad
CRM006158,Vivaan Tiwari,vivaan.tiwari164@outlook.com,2022-05-29,Lucknow
CRM004011,Vivaan Iyer,vivaan.iyer809@gmail.com,2022-05-14,Bangalore
CRM004128,Riya Gupta,riya.gupta849@gmail.com,2024-05-14,Coimbatore
CRM008512,Ishaan Shah,ishaan.shah459@yahoo.com,2024-03-07,Bangalore
CRM010412,Nisha Gupta,nisha.gupta811@rediff.com,2022-11-23,Ahmedabad
CRM004618,Amit Sinha,amit.sinha494@outlook.com,2023-11-11,Jaipur
CRM004672,Vijay Iyer,vijay.iyer764@gmail.com,2022-06-12,Pune
CRM002948,Kritika Gupta,kritika.gupta298@hotmail.com,2022-12-31,Kolkata
CRM009283,Rahul Joshi,rahul.joshi232@outlook.com,2023-06-01,Kanpur
CRM003647,Vijay Tiwari,vijay.tiwari35@outlook.com,2024-04-18,Patna
CRM009471,Aarav Rao,aarav.rao500@yahoo.com,2024-02-29,Mumbai
CRM007641,Ishaan Verma,ishaan.verma793@outlook.com,2024-04-16,Kanpur
CRM005770,Raj Kumar,raj.kumar234@hotmail.com,2023-07-12,Visakhapatnam
CRM009555,Aarav Joshi,aarav.joshi23@yahoo.com,2022-08-24,Hyderabad
CRM001982,Rohan Verma,,2024-06-13,Pune
CRM004696,Sneha Singh,sneha.singh970@gmail.com,2022-01-04,Chennai
CRM004767,Kavya Nair,kavya.nair795@rediff.com,2024-02-14,Pune
CRM005327,Diya Das,diya.das604@yahoo.com,2023-07-05,Bhopal
CRM006115,Sneha Sinha,sneha.sinha983@outlook.com,2023-04-30,Nagpur
CRM010183,Kavya Bose,kavya.bose156@hotmail.com,2022-01-27,Visakhapatnam
CRM008065,Amit Rao,amit.rao372@yahoo.com,2024-01-16,Mumbai
CRM003060,Priya Singh,priya.singh370@rediff.com,2023-01-15,Chennai
CRM004801,Aditya Reddy,aditya.reddy12@outlook.com,2023-06-12,Delhi
CRM005091,Vijay Pillai,vijay.pillai90@outlook.com,2022-04-01,Indore
CRM005911,Amit Sinha,amit.sinha615@yahoo.com,2022-09-21,Ahmedabad
CRM000531,Rohan Mishra,rohan.mishra954@hotmail.com,2022-09-05,Thane
CRM001487,Priya Rao,priya.rao720@hotmail.com,2024-03-11,Mumbai
CRM004808,Vijay Rao,vijay.rao684@yahoo.com,2023-08-24,Bangalore
CRM003182,Pooja Shah,pooja.shah287@outlook.com,2022-03-19,Lucknow
CRM005713,Aarav Tiwari,aarav.tiwari903@rediff.com,2023-01-15,Surat
CRM002013,Rohan Sinha,rohan.sinha412@hotmail.com,2023-07-28,Hyderabad
CRM005765,Aadhya Iyer,aadhya.iyer17@hotmail.com,2023-10-31,Mumbai
CRM004475,Raj Rao,raj.rao653@outlook.com,2024-02-15,Delhi
CRM003442,Suresh Singh,suresh.singh153@hotmail.com,2024-03-22,Kolkata
CRM003406,Arjun Kumar,arjun.kumar609@yahoo.com,2024-01-07,Kanpur
CRM003335,Saanvi Singh,saanvi.singh862@outlook.com,2023-05-10,Coimbatore
CRM001955,Amit Gupta,amit.gupta874@yahoo.com,2023-03-03,Mumbai
CRM000145,Priya Sinha,priya.sinha823@rediff.com,2023-09-02,Coimbatore
CRM006664,Rahul Chatterjee,rahul.chatterjee219@outlook.com,2023-09-26,Vadodara
CRM010266,Vijay Gupta,vijay.gupta768@gmail.com,2023-07-11,Delhi
CRM006126,Suresh Shah,suresh.shah352@yahoo.com,2023-05-24,Kolkata
CRM002996,Nisha Rao,nisha.rao286@yahoo.com,2023-09-07,Vadodara
CRM006604,Aadhya Patel,aadhya.patel628@gmail.com,2023-08-22,Bhopal
CRM000759,Meera Mishra,meera.mishra86@gmail.com,2022-12-14,Chennai
CRM002255,Reyan Mehta,reyan.mehta733@outlook.com,2024-03-28,Hyderabad
CRM006209,Arjun Iyer,arjun.iyer416@yahoo.com,2024-03-12,Mumbai
CRM001502,Rohan Tiwari,rohan.tiwari25@gmail.com,2023-07-15,Bangalore
CRM004192,Deepa Mishra,deepa.mishra200@rediff.com,2023-05-06,Pune
CRM002458,Pooja Verma,,2023-01-19,Kanpur
CRM007965,Rohan Das,rohan.das599@rediff.com,2024-04-25,Jaipur
CRM002827,Deepa Tiwari,deepa.tiwari335@gmail.com,2023-03-28,Patna
CRM008856,Deepa Kumar,deepa.kumar471@gmail.com,2022-02-11,Lucknow
CRM004644,Sneha Nair,sneha.nair801@rediff.com,2022-11-20,Ahmedabad
CRM008479,Priya Chatterjee,priya.chatterjee461@rediff.com,2022-09-10,Thane
CRM003072,Pooja Reddy,pooja.reddy792@yahoo.com,2022-02-19,Pune
CRM010063,Rohan Chatterjee,rohan.chatterjee438@gmail.com,2023-04-25,Patna
CRM003209,Kabir Joshi,kabir.joshi324@hotmail.com,2024-04-11,Visakhapatnam
CRM009122,Vihaan Sinha,vihaan.sinha758@gmail.com,2023-01-28,Delhi
CRM003661,Vihaan Sharma,vihaan.sharma198@outlook.com,2023-01-27,Hyderabad
CRM007518,Vijay Pillai,vijay.pillai902@outlook.com,2022-06-02,Nagpur
CRM006366,Kavya Gupta,kavya.gupta653@outlook.com,2023-10-21,Thane
CRM004522,Sai Iyer,sai.iyer900@outlook.com,2023-09-05,Chennai
CRM001863,Aarav Pillai,aarav.pillai840@rediff.com,2022-09-03,Nagpur
CRM005816,Rahul Iyer,rahul.iyer677@gmail.com,2022-02-03,Pune
CRM004031,Rahul Mehta,rahul.mehta954@yahoo.com,2023-09-17,Chennai
CRM000432,Pooja Joshi,pooja.joshi804@hotmail.com,2023-04-27,Pune
CRM005925,Deepa Shah,deepa.shah774@hotmail.com,2022-06-02,Pune
CRM000001,Rahul Singh,rahul.singh56@outlook.com,2024-06-20,Delhi
CRM002964,Rahul Sharma,rahul.sharma269@rediff.com,2022-03-25,UNKNOWN
CRM004721,Raj Verma,raj.verma197@yahoo.com,2023-10-06,Coimbatore
CRM000350,Kabir Iyer,kabir.iyer448@hotmail.com,2022-12-06,Ahmedabad
CRM003022,Saanvi Rao,saanvi.rao914@rediff.com,2022-02-23,Lucknow
CRM007415,Rahul Verma,rahul.verma675@yahoo.com,2022-02-25,Nagpur
CRM004771,Aarav Nair,aarav.nair962@yahoo.com,2023-04-03,Kolkata
CRM006785,Sai Nair,sai.nair725@outlook.com,2023-10-18,Visakhapatnam
CRM005361,Vivaan Chatterjee,vivaan.chatterjee791@yahoo.com,2023-11-23,Visakhapatnam
CRM001489,Vijay Mehta,vijay.mehta147@outlook.com,2022-08-08,Nagpur
CRM010481,Nisha Das,nisha.das713@gmail.com,2023-03-06,Kanpur
CRM004416,Aarav Bose,aarav.bose87@hotmail.com,2022-02-24,Chennai
CRM007901,Aditya Gupta,aditya.gupta601@outlook.com,2024-04-03,Bangalore
CRM006506,Arjun Mehta,arjun.mehta464@hotmail.com,2022-02-21,Chennai
CRM003330,Riya Iyer,riya.iyer555@rediff.com,2023-09-01,Vadodara
CRM006936,Suresh Chatterjee,suresh.chatterjee138@rediff.com,2022-02-28,Hyderabad
CRM001156,Deepa Verma,deepa.verma702@outlook.com,2024-01-29,Delhi
CRM002524,Sai Tiwari,sai.tiwari798@yahoo.com,2023-01-26,Bhopal
CRM002109,Vivaan Bose,vivaan.bose78@rediff.com,2022-08-19,Indore
CRM008554,Raj Verma,raj.verma389@hotmail.com,2023-02-02,Kolkata
CRM008864,Aadhya Mehta,aadhya.mehta987@gmail.com,2023-04-24,Chennai
CRM006780,Kritika Patel,kritika.patel802@yahoo.com,2023-11-08,Delhi
CRM008256,Raj Shah,raj.shah265@gmail.com,2023-08-22,Patna
CRM000709,Vihaan Kumar,vihaan.kumar882@outlook.com,2023-05-10,Mumbai
CRM001972,Meera Rao,meera.rao139@gmail.com,2024-02-16,Hyderabad
CRM001792,Riya Nair,riya.nair874@outlook.com,2022-06-22,Lucknow
CRM000917,Priya Mishra,priya.mishra186@yahoo.com,2024-06-06,Patna
CRM006775,Deepa Rao,deepa.rao675@rediff.com,2024-01-20,Patna
CRM005146,Vihaan Rao,vihaan.rao317@outlook.com,2024-05-11,Lucknow
CRM002125,Nisha Mishra,nisha.mishra559@yahoo.com,2023-06-01,Bangalore
CRM009151,Reyan Kumar,reyan.kumar557@gmail.com,2023-06-26,Vadodara
CRM009292,Raj Rao,raj.rao710@hotmail.com,2024-06-24,Indore
CRM008401,Priya Joshi,priya.joshi990@outlook.com,2022-04-20,Ahmedabad
CRM005121,Amit Das,amit.das93@rediff.com,2023-03-07,Indore
CRM007534,Vivaan Mishra,vivaan.mishra545@gmail.com,2022-04-28,Kanpur
CRM003320,Vijay Pillai,vijay.pillai149@rediff.com,2022-07-14,Vadodara
CRM004238,Sneha Patel,sneha.patel69@hotmail.com,2023-01-30,Chennai
CRM003119,Rahul Reddy,rahul.reddy556@gmail.com,2023-09-07,Ahmedabad
CRM010187,Kavya Reddy,kavya.reddy10@rediff.com,2023-07-15,Vadodara
CRM000621,Deepa Sinha,deepa.sinha395@rediff.com,2023-01-26,Kanpur
CRM009136,Rahul Iyer,rahul.iyer425@rediff.com,2022-11-17,Surat
CRM002139,Vivaan Sharma,vivaan.sharma727@gmail.com,2023-02-24,Kolkata
CRM000783,Saanvi Chatterjee,saanvi.chatterjee992@rediff.com,2022-11-16,Vadodara
CRM006206,Deepa Mehta,deepa.mehta417@yahoo.com,2024-03-27,Delhi
CRM001157,Kavya Singh,kavya.singh467@hotmail.com,2024-01-18,Indore
CRM002992,Reyan Das,reyan.das903@gmail.com,2022-01-18,Patna
CRM006381,Aadhya Iyer,aadhya.iyer689@gmail.com,2024-02-06,Ahmedabad
CRM008540,Aadhya Singh,aadhya.singh383@gmail.com,2024-06-02,Jaipur
CRM000317,Priya Kumar,priya.kumar88@outlook.com,2022-08-03,Thane
CRM001595,Ananya Iyer,ananya.iyer447@gmail.com,2024-06-17,Bangalore
CRM009900,Rohan Nair,rohan.nair31@hotmail.com,2022-04-11,Nagpur
CRM008359,Meera Nair,meera.nair996@outlook.com,2023-04-02,Coimbatore
CRM003016,Nisha Sharma,nisha.sharma634@hotmail.com,2024-05-30,Bangalore
CRM000380,Rohan Mehta,rohan.mehta128@yahoo.com,2023-04-03,Vadodara
CRM003617,Rahul Rao,rahul.rao353@yahoo.com,2022-08-09,Jaipur
CRM007485,Amit Mishra,amit.mishra62@gmail.com,2022-11-14,Mumbai
CRM005144,Kabir Verma,kabir.verma66@yahoo.com,2022-04-21,Delhi
CRM008645,Suresh Nair,suresh.nair110@hotmail.com,2023-11-08,Delhi
CRM004464,Diya Mishra,diya.mishra692@gmail.com,2023-12-24,Mumbai
CRM007539,Aadhya Reddy,aadhya.reddy588@gmail.com,2023-04-20,Nagpur
CRM003835,Aarav Tiwari,aarav.tiwari715@outlook.com,2023-03-02,Kolkata
CRM009012,Aarav Iyer,aarav.iyer593@rediff.com,2023-04-27,Bangalore
CRM003316,Rahul Bose,,2023-02-13,Lucknow
CRM001745,Reyan Joshi,reyan.joshi145@hotmail.com,2023-04-20,Patna
CRM006130,Diya Chatterjee,diya.chatterjee283@hotmail.com,2022-10-16,Kanpur
CRM004739,Sneha Nair,sneha.nair219@outlook.com,2024-02-16,Nagpur
CRM006825,Pooja Singh,pooja.singh296@rediff.com,2023-11-21,Mumbai
CRM002426,Kritika Iyer,,2022-09-27,Kanpur
CRM004519,Vijay Verma,vijay.verma411@yahoo.com,2023-04-18,Delhi
CRM008396,Saanvi Mishra,,2024-06-09,Bangalore
CRM000104,Riya Gupta,riya.gupta194@rediff.com,2023-11-13,Coimbatore
CRM006647,Kritika Bose,kritika.bose78@yahoo.com,2024-04-20,Kanpur
CRM005506,Ananya Joshi,ananya.joshi940@yahoo.com,2023-08-29,Delhi
CRM010334,Deepa Singh,deepa.singh587@outlook.com,2024-06-13,Mumbai
CRM003266,Sneha Chatterjee,sneha.chatterjee131@outlook.com,2023-04-11,Bangalore
CRM009705,Aditya Patel,aditya.patel262@rediff.com,2022-11-08,Mumbai
CRM002930,Ishaan Mehta,ishaan.mehta116@rediff.com,2023-11-01,Chennai
CRM000757,Kritika Chatterjee,kritika.chatterjee132@rediff.com,2022-12-05,Mumbai
CRM008405,Aarav Reddy,aarav.reddy612@outlook.com,2024-01-03,Delhi
CRM002151,Sneha Bose,sneha.bose259@outlook.com,2024-06-03,Coimbatore
CRM006956,Priya Rao,priya.rao719@hotmail.com,2023-08-15,Patna
CRM003149,Rohan Nair,rohan.nair576@outlook.com,2022-04-02,Chennai
CRM006400,Rahul Sinha,rahul.sinha427@yahoo.com,2023-07-13,Jaipur
CRM007066,Vivaan Mehta,vivaan.mehta337@gmail.com,2022-02-10,Thane
CRM002493,Aditya Singh,aditya.singh616@yahoo.com,2023-05-22,Bangalore
CRM006356,Kavya Chatterjee,kavya.chatterjee621@rediff.com,2022-11-19,Kolkata
CRM007782,Priya Tiwari,priya.tiwari946@gmail.com,2023-08-18,Patna
CRM002037,Ananya Chatterjee,ananya.chatterjee668@hotmail.com,2023-05-10,Surat
CRM006195,Raj Joshi,raj.joshi975@gmail.com,2023-07-23,Patna
CRM007927,Aadhya Kumar,aadhya.kumar301@rediff.com,2023-03-21,Kolkata
CRM006773,Sai Patel,sai.patel479@gmail.com,2022-05-18,Lucknow
CRM002486,Ananya Shah,ananya.shah448@outlook.com,2024-02-25,Jaipur
CRM004112,Diya Sinha,diya.sinha843@gmail.com,2022-06-27,Lucknow
CRM005051,Aarav Chatterjee,aarav.chatterjee368@gmail.com,2022-07-11,Patna
CRM009674,Priya Nair,priya.nair694@gmail.com,2022-12-01,Thane
CRM009064,Riya Reddy,riya.reddy272@yahoo.com,2023-11-24,Nagpur
CRM010027,Aarav Das,aarav.das547@yahoo.com,2023-11-03,Ahmedabad
CRM002056,Suresh Shah,suresh.shah99@yahoo.com,2022-08-09,Chennai
CRM010118,Aditya Sharma,aditya.sharma735@outlook.com,2022-12-17,Pune
CRM000568,Rahul Tiwari,rahul.tiwari60@yahoo.com,2023-07-11,Kolkata
CRM003567,Arjun Chatterjee,arjun.chatterjee635@gmail.com,2022-01-26,Kanpur
CRM009535,Aarav Singh,aarav.singh22@gmail.com,2022-06-13,Chennai
CRM009100,Priya Pillai,priya.pillai267@yahoo.com,2022-06-04,Patna
CRM002406,Meera Nair,meera.nair45@hotmail.com,2022-06-11,Visakhapatnam
CRM006018,Kritika Das,kritika.das524@gmail.com,2024-05-14,Delhi
CRM008089,Ananya Rao,ananya.rao594@outlook.com,2023-09-10,Kolkata
CRM004615,Saanvi Iyer,saanvi.iyer56@outlook.com,2023-06-03,Hyderabad
CRM005969,Deepa Shah,deepa.shah658@outlook.com,2023-11-05,Ahmedabad
CRM002743,Vivaan Patel,vivaan.patel812@hotmail.com,2022-09-09,Bhopal
CRM007161,Sai Das,sai.das97@hotmail.com,2023-01-17,Bangalore
CRM004748,Aditya Chatterjee,aditya.chatterjee878@gmail.com,2023-06-26,Jaipur
CRM006063,Meera Mehta,meera.mehta37@hotmail.com,2023-01-06,Chennai
CRM003906,Nisha Gupta,nisha.gupta413@hotmail.com,2022-07-05,Nagpur
CRM007324,Pooja Iyer,pooja.iyer224@outlook.com,2023-05-03,Pune
CRM001225,Ishaan Rao,ishaan.rao790@outlook.com,2022-11-06,Bhopal
CRM008735,Riya Tiwari,riya.tiwari802@hotmail.com,2022-05-06,Delhi
CRM003774,Vihaan Chatterjee,vihaan.chatterjee767@rediff.com,2022-10-24,Hyderabad
CRM001200,Rohan Chatterjee,rohan.chatterjee523@gmail.com,2022-03-27,Bhopal
CRM009600,Amit Gupta,amit.gupta432@hotmail.com,2023-01-14,Delhi
CRM000765,Rahul Sharma,rahul.sharma605@yahoo.com,2022-08-12,Pune
CRM010222,Saanvi Mishra,saanvi.mishra226@rediff.com,2023-04-26,Chennai
CRM004922,Pooja Joshi,pooja.joshi131@outlook.com,2023-10-05,Mumbai
CRM000037,Deepa Singh,deepa.singh846@yahoo.com,2023-12-10,Surat
CRM004506,Ishaan Mishra,ishaan.mishra737@hotmail.com,2022-07-06,Ahmedabad
CRM002261,Ishaan Reddy,ishaan.reddy807@hotmail.com,2023-02-14,Ahmedabad
CRM006303,Meera Das,meera.das907@yahoo.com,2022-07-31,Pune
CRM009490,Raj Iyer,raj.iyer390@gmail.com,2023-01-11,Bhopal
CRM001618,Suresh Kumar,suresh.kumar72@outlook.com,2023-02-12,Kolkata
CRM008328,Reyan Shah,reyan.shah270@yahoo.com,2023-06-13,Indore
CRM006983,Suresh Iyer,suresh.iyer426@outlook.com,2024-04-22,Kanpur
CRM008640,Saanvi Sharma,saanvi.sharma28@rediff.com,2022-07-21,Vadodara
CRM007685,Vijay Sinha,vijay.sinha557@gmail.com,2022-03-10,Coimbatore
CRM008040,Rahul Iyer,rahul.iyer868@gmail.com,2023-12-01,Bangalore
CRM007105,Saanvi Chatterjee,saanvi.chatterjee413@yahoo.com,2022-05-23,Indore
CRM001352,Rahul Joshi,rahul.joshi859@gmail.com,2024-05-23,Bangalore
CRM005246,Kabir Gupta,kabir.gupta411@gmail.com,2023-09-06,Delhi
CRM005217,Aadhya Singh,aadhya.singh412@yahoo.com,2022-07-10,UNKNOWN
CRM004485,Saanvi Nair,saanvi.nair213@yahoo.com,2022-01-30,Patna
CRM007696,Vihaan Joshi,vihaan.joshi469@yahoo.com,2022-04-15,Bhopal
CRM001361,Aditya Iyer,aditya.iyer925@gmail.com,2024-02-13,Coimbatore
CRM009446,Suresh Kumar,suresh.kumar547@rediff.com,2022-01-29,UNKNOWN
CRM001836,Rahul Pillai,rahul.pillai54@gmail.com,2023-05-14,Delhi
CRM009074,Aarav Iyer,aarav.iyer501@rediff.com,2022-04-14,Coimbatore
CRM000487,Riya Pillai,riya.pillai862@yahoo.com,2022-09-06,Indore
CRM003705,Pooja Singh,pooja.singh484@hotmail.com,2023-10-11,Pune
CRM004795,Arjun Sinha,arjun.sinha470@gmail.com,2023-05-13,Jaipur
CRM004673,Sneha Shah,sneha.shah310@yahoo.com,2022-07-31,Hyderabad
CRM006110,Riya Joshi,riya.joshi607@rediff.com,2024-04-09,Mumbai
CRM004484,Rohan Sinha,rohan.sinha859@rediff.com,2023-04-24,XX_CITY
CRM002407,Saanvi Verma,saanvi.verma416@gmail.com,2023-03-22,Lucknow
CRM005650,Pooja Singh,pooja.singh555@hotmail.com,2023-04-13,Nagpur
CRM000638,Meera Pillai,meera.pillai591@hotmail.com,2023-05-29,Visakhapatnam
CRM001072,Vijay Chatterjee,vijay.chatterjee572@outlook.com,2024-03-04,Indore
CRM003470,Deepa Tiwari,deepa.tiwari492@hotmail.com,2023-08-29,--
CRM006392,Deepa Patel,deepa.patel13@hotmail.com,2022-04-28,Jaipur
CRM001191,Priya Mehta,priya.mehta566@rediff.com,2024-03-02,Delhi
CRM003167,Kritika Sinha,kritika.sinha206@hotmail.com,2024-06-30,Kanpur
CRM002128,Riya Nair,riya.nair70@outlook.com,2022-06-08,Delhi
CRM002895,Ishaan Gupta,ishaan.gupta785@rediff.com,2024-02-07,Indore
CRM009777,Aadhya Mishra,aadhya.mishra728@outlook.com,2023-10-28,Delhi
CRM000150,Sai Pillai,sai.pillai842@yahoo.com,2022-11-13,Kanpur
CRM003871,Rohan Gupta,rohan.gupta80@outlook.com,2023-11-07,Lucknow
CRM007594,Ishaan Bose,ishaan.bose391@outlook.com,2024-06-18,Delhi
CRM005134,Arjun Das,arjun.das411@outlook.com,2022-02-04,Lucknow
CRM006033,Kavya Sinha,kavya.sinha477@gmail.com,2022-10-12,Thane
CRM000168,Sai Verma,sai.verma661@outlook.com,2022-02-27,Ahmedabad
CRM005527,Raj Nair,raj.nair648@outlook.com,2023-05-18,Mumbai
CRM009385,Ananya Rao,ananya.rao842@outlook.com,2023-02-12,Hyderabad
CRM010374,Vihaan Mishra,vihaan.mishra46@gmail.com,2024-01-13,Mumbai
CRM002465,Kritika Kumar,kritika.kumar800@gmail.com,2024-03-28,Visakhapatnam
CRM003980,Arjun Iyer,arjun.iyer682@outlook.com,2023-01-05,Patna
CRM000802,Deepa Pillai,deepa.pillai921@yahoo.com,2023-12-02,XX_CITY
CRM003064,Aarav Mehta,aarav.mehta564@outlook.com,2023-05-18,Vadodara
CRM003583,Suresh Chatterjee,suresh.chatterjee504@rediff.com,2022-09-26,Visakhapatnam
CRM006251,Aadhya Pillai,aadhya.pillai863@hotmail.com,2024-03-30,Kolkata
CRM005658,Diya Gupta,diya.gupta940@rediff.com,2024-02-05,Mumbai
CRM005225,Ananya Chatterjee,ananya.chatterjee282@gmail.com,2023-05-08,Vadodara
CRM000743,Sneha Tiwari,sneha.tiwari737@hotmail.com,2023-10-28,Indore
CRM007196,Pooja Gupta,pooja.gupta461@gmail.com,2024-02-17,Nagpur
CRM004412,Suresh Singh,suresh.singh147@gmail.com,2022-10-18,Visakhapatnam
CRM007173,Kabir Chatterjee,kabir.chatterjee647@hotmail.com,2023-12-25,Visakhapatnam
CRM006672,Reyan Mehta,reyan.mehta397@rediff.com,2022-11-01,Nagpur
CRM006438,Vihaan Mishra,vihaan.mishra579@gmail.com,2023-01-14,Kanpur
CRM004093,Aditya Mishra,aditya.mishra960@gmail.com,2023-02-01,Nagpur
CRM004717,Diya Pillai,diya.pillai691@yahoo.com,2022-01-27,Visakhapatnam
CRM006805,Aditya Kumar,aditya.kumar801@rediff.com,2022-12-13,Delhi
CRM010015,Aditya Tiwari,aditya.tiwari989@yahoo.com,2022-05-23,Thane
CRM006597,Pooja Verma,pooja.verma59@gmail.com,2024-04-02,Chennai
CRM008254,Rahul Patel,rahul.patel751@hotmail.com,2022-05-05,Mumbai
CRM004627,Nisha Verma,nisha.verma724@yahoo.com,2023-05-20,Jaipur
CRM009636,Nisha Verma,nisha.verma399@hotmail.com,2023-12-05,Hyderabad
CRM000800,Amit Singh,amit.singh887@outlook.com,2024-03-19,Patna
CRM002699,Meera Bose,meera.bose435@rediff.com,2023-05-21,Vadodara
CRM005160,Nisha Nair,nisha.nair896@yahoo.com,2024-01-22,Delhi
CRM005307,Riya Mehta,riya.mehta193@outlook.com,2023-08-21,Bangalore
CRM007810,Sneha Tiwari,sneha.tiwari454@outlook.com,2022-06-25,Chennai
CRM007540,Raj Gupta,,2023-04-23,Surat
CRM001211,Kritika Das,kritika.das711@gmail.com,2023-09-25,Chennai
CRM004985,Meera Shah,meera.shah306@outlook.com,2023-05-16,Thane
CRM010215,Pooja Mehta,pooja.mehta628@hotmail.com,2022-11-07,Chennai
CRM006868,Rohan Mishra,rohan.mishra468@gmail.com,2022-11-23,Lucknow
CRM010381,Riya Shah,riya.shah27@yahoo.com,2022-06-17,Lucknow
CRM006347,Kavya Rao,kavya.rao785@hotmail.com,2023-01-22,Kolkata
CRM009308,Sneha Iyer,sneha.iyer598@gmail.com,2022-04-23,Coimbatore
CRM007886,Kavya Das,kavya.das934@rediff.com,2024-04-01,Chennai
CRM001781,Arjun Mehta,arjun.mehta748@outlook.com,2023-12-15,Delhi
CRM001189,Sai Chatterjee,sai.chatterjee776@outlook.com,2022-06-04,Bangalore
CRM006281,Rahul Joshi,,2022-11-30,--
CRM005614,Vijay Pillai,vijay.pillai381@hotmail.com,2022-03-26,Vadodara
CRM006786,Aarav Gupta,aarav.gupta334@gmail.com,2023-12-25,Nagpur
CRM000587,Ananya Das,ananya.das863@yahoo.com,2022-11-02,XX_CITY
CRM009838,Vivaan Patel,vivaan.patel420@yahoo.com,2022-06-11,Jaipur
CRM002216,Saanvi Patel,saanvi.patel404@yahoo.com,2023-04-18,Delhi
CRM005453,Amit Gupta,amit.gupta332@rediff.com,2024-01-03,Kanpur
CRM006364,Kritika Gupta,kritika.gupta41@outlook.com,2024-03-03,Coimbatore
CRM001871,Rahul Nair,rahul.nair422@yahoo.com,2023-07-27,Bangalore
CRM002920,Sneha Bose,sneha.bose810@gmail.com,2024-05-26,Delhi
CRM003081,Amit Shah,amit.shah238@rediff.com,2022-05-15,Thane
CRM008462,Vivaan Das,vivaan.das732@outlook.com,2022-06-13,Pune
CRM009057,Rahul Mehta,rahul.mehta354@outlook.com,2023-11-27,Delhi
CRM007018,Sneha Reddy,sneha.reddy43@yahoo.com,2022-04-23,Jaipur
CRM006114,Sai Rao,sai.rao757@rediff.com,2023-10-17,Kanpur
CRM009053,Aadhya Iyer,,2022-03-20,Hyderabad
CRM000024,Pooja Joshi,pooja.joshi921@hotmail.com,2023-09-24,Mumbai
CRM008811,Kavya Verma,kavya.verma489@hotmail.com,2023-11-19,Delhi
CRM004640,Rohan Iyer,rohan.iyer469@rediff.com,2023-07-19,Kolkata
CRM003326,Kavya Nair,kavya.nair611@rediff.com,2024-04-07,Indore
CRM005596,Nisha Mehta,nisha.mehta563@rediff.com,2023-07-17,Vadodara
CRM010474,Vijay Iyer,vijay.iyer568@outlook.com,2022-08-05,Ahmedabad
CRM007585,Vihaan Das,vihaan.das876@hotmail.com,2024-03-28,Kanpur
CRM003001,Aarav Joshi,aarav.joshi576@yahoo.com,2022-08-14,Kanpur
CRM001428,Aadhya Patel,aadhya.patel709@gmail.com,2022-08-09,Indore
CRM000790,Diya Kumar,diya.kumar551@gmail.com,2024-01-15,Coimbatore
CRM009832,Pooja Singh,pooja.singh357@gmail.com,2024-04-06,Ahmedabad
CRM001348,Priya Joshi,priya.joshi445@gmail.com,2024-01-16,Lucknow
CRM008032,Diya Singh,diya.singh560@gmail.com,2023-03-26,Patna
CRM006862,Kritika Verma,kritika.verma61@yahoo.com,2024-02-11,Delhi
CRM007153,Kavya Sinha,kavya.sinha186@rediff.com,2023-06-06,Indore
CRM005803,Rahul Iyer,rahul.iyer547@hotmail.com,2022-02-24,Hyderabad
CRM008387,Sneha Pillai,sneha.pillai27@yahoo.com,2022-04-19,Hyderabad
CRM005459,Aadhya Rao,aadhya.rao776@rediff.com,2022-09-13,Jaipur
CRM008181,Aadhya Nair,aadhya.nair345@rediff.com,2022-12-31,Coimbatore
CRM007272,Vivaan Reddy,vivaan.reddy862@hotmail.com,2023-05-16,Indore
CRM005647,Kavya Joshi,kavya.joshi587@hotmail.com,2022-12-13,Nagpur
CRM006928,Aarav Mehta,aarav.mehta193@hotmail.com,2023-10-29,Indore
CRM006625,Vivaan Tiwari,vivaan.tiwari94@hotmail.com,2022-08-10,Indore
CRM001419,Diya Patel,diya.patel749@rediff.com,2023-11-03,Mumbai
CRM005617,Suresh Mishra,suresh.mishra315@outlook.com,2023-03-31,Kolkata
CRM009129,Meera Pillai,meera.pillai150@gmail.com,2022-10-11,Lucknow
CRM000606,Kritika Verma,kritika.verma707@outlook.com,2022-06-19,Lucknow
CRM003874,Kritika Shah,kritika.shah979@rediff.com,2024-06-27,--
CRM010229,Ishaan Nair,ishaan.nair761@rediff.com,2024-04-01,Delhi
CRM000994,Kabir Patel,kabir.patel986@yahoo.com,2023-12-29,Bangalore
CRM009751,Raj Pillai,raj.pillai982@yahoo.com,2023-02-10,Chennai
CRM003929,Kavya Bose,kavya.bose965@gmail.com,2023-10-03,Delhi
CRM004982,Kabir Mehta,kabir.mehta139@hotmail.com,2023-03-08,Jaipur
CRM009305,Suresh Rao,suresh.rao746@yahoo.com,2022-04-25,Pune
CRM004221,Rohan Sinha,rohan.sinha808@outlook.com,2024-04-01,Mumbai
CRM003456,Sai Verma,sai.verma471@yahoo.com,2023-06-09,Delhi
CRM007377,Deepa Sinha,deepa.sinha789@hotmail.com,2023-08-06,UNKNOWN
CRM006568,Pooja Tiwari,pooja.tiwari463@yahoo.com,2023-06-15,Lucknow
CRM002338,Raj Mehta,raj.mehta519@yahoo.com,2023-10-04,Nagpur
CRM008152,Sai Tiwari,sai.tiwari13@yahoo.com,2024-02-14,Indore
CRM003471,Riya Patel,riya.patel196@hotmail.com,2024-02-20,Mumbai
CRM007862,Kritika Gupta,kritika.gupta266@gmail.com,2023-03-14,Pune
CRM005516,Rohan Singh,rohan.singh758@yahoo.com,2022-04-09,Bhopal
CRM005502,Ananya Pillai,ananya.pillai722@hotmail.com,2022-07-10,Kanpur
CRM008188,Rahul Pillai,rahul.pillai868@outlook.com,2022-03-09,Indore
CRM010339,Arjun Joshi,arjun.joshi587@yahoo.com,2022-05-20,Chennai
CRM010274,Deepa Sharma,deepa.sharma954@hotmail.com,2023-08-15,Surat
CRM008743,Vihaan Shah,vihaan.shah839@rediff.com,2024-01-06,Kolkata
CRM006960,Reyan Kumar,reyan.kumar808@rediff.com,2023-02-14,Surat
CRM009948,Riya Rao,riya.rao125@gmail.com,2022-11-17,Bangalore
CRM005767,Priya Pillai,priya.pillai47@gmail.com,2022-11-27,Hyderabad
CRM010297,Aarav Reddy,aarav.reddy935@yahoo.com,2022-10-02,Patna
CRM007692,Saanvi Das,saanvi.das214@gmail.com,2022-01-29,Delhi
CRM002841,Meera Rao,meera.rao705@outlook.com,2022-07-01,Kolkata
CRM001254,Vijay Nair,vijay.nair469@yahoo.com,2022-06-05,Hyderabad
CRM006026,Kabir Mishra,kabir.mishra266@yahoo.com,2024-04-23,Surat
CRM006914,Meera Das,meera.das937@hotmail.com,2023-01-12,Thane
CRM009901,Rohan Iyer,rohan.iyer228@gmail.com,2023-11-11,Kolkata
CRM001311,Vijay Bose,vijay.bose807@hotmail.com,2022-09-20,Delhi
CRM009583,Arjun Reddy,arjun.reddy179@yahoo.com,2022-05-05,Bangalore
CRM007417,Rahul Verma,rahul.verma388@rediff.com,2023-04-25,Kolkata
CRM005633,Aarav Patel,aarav.patel744@rediff.com,2023-02-16,Chennai
CRM009314,Sneha Reddy,sneha.reddy318@yahoo.com,2023-08-04,Bangalore
CRM006941,Aadhya Chatterjee,aadhya.chatterjee488@yahoo.com,2024-05-25,Pune
CRM009519,Deepa Sharma,deepa.sharma147@outlook.com,2024-02-01,Jaipur
CRM002349,Pooja Nair,pooja.nair426@yahoo.com,2024-02-24,Bhopal
CRM008837,Sneha Sinha,sneha.sinha680@outlook.com,2023-07-26,Visakhapatnam
CRM001316,Arjun Singh,arjun.singh958@hotmail.com,2022-12-20,Patna
CRM004053,Reyan Das,reyan.das506@outlook.com,2022-03-31,Delhi
CRM001887,Aditya Singh,aditya.singh922@outlook.com,2022-12-26,Bhopal
CRM004157,Priya Pillai,priya.pillai29@yahoo.com,2024-04-07,Coimbatore
CRM002975,Kabir Tiwari,kabir.tiwari618@rediff.com,2023-10-20,Bhopal
CRM003709,Ishaan Pillai,ishaan.pillai477@outlook.com,2022-11-05,Pune
CRM000268,Amit Mehta,amit.mehta332@gmail.com,2023-03-24,Nagpur
CRM005360,Sneha Kumar,sneha.kumar339@yahoo.com,2023-02-01,Kolkata
CRM000716,Amit Sinha,amit.sinha311@yahoo.com,2022-03-23,Patna
CRM006829,Diya Patel,diya.patel646@outlook.com,2023-09-05,Kolkata
CRM008545,Rahul Iyer,rahul.iyer891@gmail.com,2022-04-28,Thane
CRM001340,Sai Nair,sai.nair723@rediff.com,2023-02-08,Nagpur
CRM003543,Deepa Chatterjee,deepa.chatterjee491@hotmail.com,2024-02-15,Coimbatore
CRM009538,Suresh Sinha,suresh.sinha151@outlook.com,2022-05-11,Coimbatore
CRM000739,Kavya Sinha,kavya.sinha632@outlook.com,2022-12-17,Bhopal
CRM009741,Arjun Kumar,arjun.kumar530@outlook.com,2023-09-06,Hyderabad
CRM000966,Arjun Tiwari,arjun.tiwari841@gmail.com,2023-03-18,Kolkata
CRM000253,Aadhya Sinha,aadhya.sinha579@rediff.com,2022-06-25,Surat
CRM001965,Raj Sharma,raj.sharma412@outlook.com,2022-03-25,Jaipur
CRM005853,Aditya Nair,aditya.nair977@hotmail.com,2024-05-10,Delhi
CRM000051,Rohan Verma,rohan.verma207@yahoo.com,2023-10-27,Patna
CRM008372,Raj Shah,raj.shah85@yahoo.com,2022-11-12,Visakhapatnam
CRM010089,Rohan Chatterjee,rohan.chatterjee295@outlook.com,2022-06-24,Hyderabad
CRM005172,Rohan Iyer,rohan.iyer683@gmail.com,2023-11-13,Mumbai
CRM001689,Nisha Iyer,nisha.iyer947@yahoo.com,2024-03-27,Bangalore
CRM001624,Raj Joshi,raj.joshi707@yahoo.com,2022-09-19,Bhopal
CRM000873,Aadhya Sharma,aadhya.sharma651@outlook.com,2024-05-19,Pune
CRM007493,Nisha Bose,nisha.bose918@yahoo.com,2023-02-17,Lucknow
CRM008757,Vihaan Nair,vihaan.nair340@yahoo.com,2023-11-14,Patna
CRM003686,Rahul Chatterjee,rahul.chatterjee608@rediff.com,2024-06-27,Bangalore
CRM008419,Rohan Joshi,rohan.joshi864@outlook.com,2023-03-06,Lucknow
CRM010088,Deepa Shah,deepa.shah270@outlook.com,2022-01-17,Bangalore
CRM002686,Riya Rao,riya.rao59@yahoo.com,2022-12-25,Patna
CRM002474,Vihaan Nair,vihaan.nair244@rediff.com,2022-12-06,Lucknow
CRM000249,Aadhya Reddy,aadhya.reddy527@gmail.com,2024-03-27,Delhi
CRM006168,Vihaan Reddy,vihaan.reddy430@rediff.com,2022-09-18,Kolkata
CRM008294,Kritika Iyer,kritika.iyer70@rediff.com,2022-07-21,Visakhapatnam
CRM007591,Nisha Iyer,nisha.iyer955@hotmail.com,2023-03-29,Patna
CRM006755,Aadhya Sharma,aadhya.sharma273@outlook.com,2024-05-05,Bangalore
CRM000555,Kavya Sharma,kavya.sharma398@gmail.com,2024-06-14,Bangalore
CRM000972,Vivaan Pillai,,2023-08-19,Pune
CRM003033,Vijay Mehta,vijay.mehta215@yahoo.com,2023-07-24,Pune
CRM006693,Rahul Nair,rahul.nair881@hotmail.com,2022-11-16,Vadodara
CRM005839,Vijay Pillai,vijay.pillai839@outlook.com,2023-11-28,Kolkata
CRM003527,Suresh Bose,suresh.bose136@hotmail.com,2024-03-05,Bangalore
CRM002685,Kritika Mishra,kritika.mishra573@outlook.com,2022-10-20,Bangalore
CRM008499,Arjun Mehta,arjun.mehta400@hotmail.com,2023-01-18,Thane
CRM006683,Kavya Sinha,kavya.sinha474@outlook.com,2022-09-11,Visakhapatnam
CRM005015,Raj Sinha,raj.sinha964@hotmail.com,2023-02-11,Jaipur
CRM005982,Suresh Sinha,suresh.sinha756@yahoo.com,2024-01-28,Delhi
CRM003379,Sneha Bose,sneha.bose545@hotmail.com,2023-06-20,--
CRM007283,Saanvi Tiwari,saanvi.tiwari172@hotmail.com,2023-07-27,Surat
CRM000448,Diya Pillai,diya.pillai696@rediff.com,2023-09-18,Bangalore
CRM003903,Vijay Mishra,vijay.mishra777@yahoo.com,2022-04-11,Mumbai
CRM004976,Rahul Pillai,rahul.pillai842@yahoo.com,2022-05-16,Bangalore
CRM007632,Aarav Nair,aarav.nair574@rediff.com,2022-04-10,Visakhapatnam
CRM008920,Deepa Kumar,deepa.kumar924@rediff.com,2022-11-28,Lucknow
CRM007443,Sai Rao,sai.rao917@gmail.com,2024-02-17,Delhi
CRM002389,Arjun Joshi,arjun.joshi999@rediff.com,2022-11-11,Hyderabad
CRM003964,Ananya Sinha,ananya.sinha817@outlook.com,2023-02-08,Jaipur
CRM003782,Sneha Reddy,sneha.reddy274@hotmail.com,2024-01-26,Coimbatore
CRM002418,Aarav Chatterjee,aarav.chatterjee111@gmail.com,2023-10-26,Chennai
CRM005177,Deepa Gupta,deepa.gupta160@gmail.com,2023-07-28,Coimbatore
CRM000462,Pooja Nair,pooja.nair572@yahoo.com,2023-12-14,Thane
CRM003509,Riya Singh,riya.singh599@hotmail.com,2023-02-23,Nagpur
CRM005333,Aarav Iyer,aarav.iyer516@outlook.com,2024-03-20,Mumbai
CRM010125,Kabir Rao,kabir.rao867@rediff.com,2023-06-25,Coimbatore
CRM006181,Vivaan Rao,vivaan.rao435@gmail.com,2023-03-07,Jaipur
CRM005418,Saanvi Reddy,saanvi.reddy38@hotmail.com,2023-03-11,Lucknow
CRM006389,Aarav Sharma,aarav.sharma816@rediff.com,2024-05-11,Visakhapatnam
CRM008734,Vihaan Bose,vihaan.bose833@outlook.com,2024-04-21,N/A
CRM000751,Nisha Reddy,nisha.reddy784@hotmail.com,2023-10-22,Patna
CRM001176,Vivaan Sharma,vivaan.sharma29@gmail.com,2023-03-14,Ahmedabad
CRM003544,Rohan Pillai,,2023-05-21,Indore
CRM000377,Rohan Patel,rohan.patel646@yahoo.com,2024-01-17,Coimbatore
CRM000411,Suresh Kumar,suresh.kumar860@rediff.com,2022-12-19,Delhi
CRM004809,Saanvi Nair,saanvi.nair841@gmail.com,2022-12-30,Kanpur
CRM004919,Ananya Mishra,ananya.mishra856@outlook.com,2024-02-26,Kolkata
CRM005837,Meera Pillai,meera.pillai279@hotmail.com,2022-06-23,Kanpur
CRM010137,Vihaan Joshi,vihaan.joshi57@gmail.com,2024-03-11,Thane
CRM004274,Sai Sinha,sai.sinha189@gmail.com,2023-09-07,Surat
CRM005400,Ananya Nair,ananya.nair992@yahoo.com,2023-05-30,Jaipur
CRM007666,Riya Shah,riya.shah352@hotmail.com,2023-12-07,Bangalore
CRM001040,Riya Sharma,riya.sharma559@gmail.com,2023-12-28,Kanpur
CRM003397,Ananya Das,ananya.das682@rediff.com,2023-10-03,Visakhapatnam
CRM004295,Meera Reddy,meera.reddy835@gmail.com,2022-08-31,Patna
CRM005326,Priya Bose,priya.bose877@hotmail.com,2023-11-09,Chennai
CRM002904,Amit Pillai,amit.pillai396@gmail.com,2024-05-25,Bangalore
CRM006146,Vijay Kumar,vijay.kumar955@hotmail.com,2023-07-04,Kolkata
CRM009061,Pooja Das,pooja.das129@rediff.com,2024-05-26,Pune
CRM000275,Amit Pillai,amit.pillai487@gmail.com,2022-11-21,Patna
CRM001497,Reyan Reddy,reyan.reddy844@outlook.com,2023-03-15,Vadodara
CRM003106,Diya Sharma,diya.sharma986@rediff.com,2024-01-08,Surat
CRM008128,Nisha Pillai,nisha.pillai88@outlook.com,2024-01-19,Thane
CRM009979,Diya Tiwari,diya.tiwari530@outlook.com,2024-01-07,Pune
CRM003429,Pooja Sharma,pooja.sharma826@gmail.com,2023-09-12,Mumbai
CRM010209,Reyan Mehta,reyan.mehta17@hotmail.com,2023-09-25,Nagpur
CRM008661,Diya Sinha,diya.sinha695@rediff.com,2023-12-26,Lucknow
CRM005280,Sneha Patel,sneha.patel250@hotmail.com,2023-09-17,Ahmedabad
CRM010440,Ishaan Pillai,ishaan.pillai181@hotmail.com,2022-08-29,Chennai
CRM004829,Deepa Kumar,deepa.kumar972@hotmail.com,2022-12-11,Lucknow
CRM004223,Vijay Mishra,vijay.mishra275@gmail.com,2024-06-14,Bangalore
CRM008797,Aadhya Tiwari,aadhya.tiwari978@gmail.com,2024-01-07,Indore
CRM004759,Kavya Bose,kavya.bose410@yahoo.com,2023-06-28,Delhi
CRM006413,Kritika Gupta,kritika.gupta548@yahoo.com,2024-06-02,Jaipur
CRM005664,Rahul Singh,rahul.singh337@rediff.com,2022-04-26,Indore
CRM005644,Riya Shah,riya.shah874@outlook.com,2023-04-10,Patna
CRM005305,Nisha Das,nisha.das595@gmail.com,2024-03-22,Delhi
CRM000468,Arjun Joshi,arjun.joshi401@rediff.com,2023-08-19,Delhi
CRM009278,Rahul Nair,rahul.nair909@gmail.com,2023-07-07,Bangalore
CRM004182,Priya Bose,priya.bose525@outlook.com,2024-02-14,Chennai
CRM010146,Pooja Shah,pooja.shah731@rediff.com,2024-01-22,Bangalore
CRM001509,Kabir Joshi,kabir.joshi619@outlook.com,2024-05-11,Hyderabad
CRM003985,Priya Patel,priya.patel635@rediff.com,2022-08-02,Delhi
CRM003648,Sneha Nair,sneha.nair333@outlook.com,2022-05-05,Pune
CRM001685,Suresh Pillai,suresh.pillai333@gmail.com,2024-06-12,Surat
CRM000500,Ishaan Patel,ishaan.patel59@gmail.com,2024-04-02,Kolkata
CRM005381,Vihaan Sharma,vihaan.sharma243@yahoo.com,2023-08-22,Lucknow
CRM001922,Aditya Das,aditya.das713@gmail.com,2023-04-13,Coimbatore
CRM001796,Vihaan Mishra,vihaan.mishra74@hotmail.com,2022-04-25,Jaipur
CRM005494,Ishaan Sinha,ishaan.sinha846@rediff.com,2023-07-31,Lucknow
CRM000514,Riya Shah,riya.shah61@outlook.com,2022-12-10,Kolkata
CRM007378,Priya Pillai,priya.pillai273@gmail.com,2022-04-19,Ahmedabad
CRM007067,Kabir Mishra,kabir.mishra613@gmail.com,2023-12-28,Bangalore
CRM009920,Sneha Mehta,sneha.mehta160@yahoo.com,2024-02-09,Bangalore
CRM008182,Aarav Sinha,aarav.sinha278@outlook.com,2022-07-05,Visakhapatnam
CRM006322,Suresh Sharma,suresh.sharma387@hotmail.com,2022-10-06,Kanpur
CRM000922,Priya Singh,priya.singh988@gmail.com,2022-08-18,Delhi
CRM003950,Meera Verma,meera.verma685@outlook.com,2022-03-17,Coimbatore
CRM005793,Kabir Mishra,kabir.mishra767@gmail.com,2023-05-09,Lucknow
CRM006521,Aditya Rao,aditya.rao318@hotmail.com,2022-07-14,Delhi
CRM004413,Saanvi Chatterjee,saanvi.chatterjee130@yahoo.com,2024-04-17,Bangalore
CRM002479,Kavya Das,kavya.das819@hotmail.com,2024-06-16,Delhi
CRM000475,Kritika Bose,,2022-01-28,Bhopal
CRM009753,Raj Iyer,raj.iyer330@rediff.com,2023-05-30,Hyderabad
CRM005338,Suresh Pillai,suresh.pillai60@yahoo.com,2023-10-28,Ahmedabad
CRM000466,Kabir Sharma,kabir.sharma454@outlook.com,2022-03-07,Mumbai
CRM001731,Vijay Shah,vijay.shah131@hotmail.com,2022-01-20,Pune
CRM010006,Diya Mehta,diya.mehta893@hotmail.com,2024-06-10,Coimbatore
CRM004803,Saanvi Kumar,saanvi.kumar553@yahoo.com,2022-05-22,Surat
CRM003308,Nisha Iyer,nisha.iyer374@hotmail.com,2022-05-04,Patna
CRM003530,Kritika Rao,kritika.rao835@rediff.com,2024-06-06,Mumbai
CRM006352,Vihaan Iyer,vihaan.iyer299@hotmail.com,2022-01-05,Kolkata
CRM000481,Aditya Mishra,aditya.mishra418@rediff.com,2023-06-25,Surat
CRM005472,Sneha Bose,sneha.bose156@hotmail.com,2022-12-15,Coimbatore
CRM007136,Amit Kumar,amit.kumar673@gmail.com,2024-04-16,Delhi
CRM004300,Sneha Mishra,sneha.mishra973@gmail.com,2022-10-14,Bhopal
CRM003956,Ishaan Singh,ishaan.singh569@rediff.com,2022-07-22,Delhi
CRM004123,Saanvi Joshi,saanvi.joshi893@outlook.com,2023-01-07,Nagpur
CRM004682,Suresh Singh,suresh.singh873@outlook.com,2023-02-16,Pune
CRM007370,Reyan Sharma,reyan.sharma404@gmail.com,2023-05-12,Pune
CRM005422,Aarav Shah,aarav.shah397@gmail.com,2023-09-09,Mumbai
CRM009757,Pooja Shah,pooja.shah845@gmail.com,2024-02-15,Coimbatore
CRM009113,Reyan Shah,reyan.shah528@gmail.com,2023-11-26,Delhi
CRM007293,Aarav Verma,aarav.verma336@gmail.com,2023-03-10,Bangalore
CRM002146,Suresh Iyer,suresh.iyer234@yahoo.com,2024-05-22,Delhi
CRM007787,Reyan Joshi,reyan.joshi661@yahoo.com,2022-02-02,Vadodara
CRM008306,Rohan Mehta,rohan.mehta865@rediff.com,2023-09-12,Hyderabad
CRM006499,Amit Chatterjee,amit.chatterjee440@hotmail.com,2023-04-29,Kanpur
CRM010445,Vijay Chatterjee,vijay.chatterjee384@rediff.com,2023-10-08,Coimbatore
CRM001350,Ananya Gupta,ananya.gupta101@outlook.com,2022-04-06,Pune
CRM002169,Arjun Reddy,arjun.reddy677@yahoo.com,2022-06-14,Coimbatore
CRM002240,Rohan Sinha,rohan.sinha215@rediff.com,2023-01-12,Jaipur
CRM009121,Arjun Bose,arjun.bose160@yahoo.com,2022-05-15,Bhopal
CRM009048,Aarav Kumar,aarav.kumar623@outlook.com,2023-11-02,Coimbatore
CRM007720,Nisha Shah,nisha.shah441@gmail.com,2023-11-01,Delhi
CRM004697,Riya Shah,riya.shah162@hotmail.com,2022-09-08,Delhi
CRM001693,Sneha Rao,sneha.rao985@rediff.com,2023-01-12,Vadodara
CRM007048,Reyan Verma,reyan.verma846@hotmail.com,2022-09-01,Indore
CRM005211,Ananya Gupta,ananya.gupta938@hotmail.com,2023-07-11,Bangalore
CRM004375,Diya Das,diya.das990@yahoo.com,2022-07-26,Nagpur
CRM001607,Sneha Chatterjee,sneha.chatterjee559@hotmail.com,2022-12-07,Surat
CRM004282,Sai Mehta,sai.mehta994@rediff.com,2024-02-05,Delhi
CRM003740,Rahul Mehta,rahul.mehta182@gmail.com,2023-01-11,Bhopal
CRM004455,Vihaan Mishra,vihaan.mishra717@yahoo.com,2022-09-15,Surat
CRM000715,Priya Rao,priya.rao371@rediff.com,2023-03-25,Hyderabad
CRM004636,Deepa Pillai,deepa.pillai448@outlook.com,2022-09-25,Ahmedabad
CRM003610,Pooja Tiwari,pooja.tiwari496@gmail.com,2023-04-29,Bangalore
CRM010263,Amit Joshi,amit.joshi224@rediff.com,2022-11-12,Bhopal
CRM002211,Vihaan Verma,vihaan.verma362@gmail.com,2022-01-11,Thane
CRM008825,Sai Das,sai.das199@gmail.com,2023-05-18,Chennai
CRM009496,Vijay Nair,vijay.nair276@hotmail.com,2023-02-10,Lucknow
CRM002515,Sneha Pillai,sneha.pillai672@hotmail.com,2022-01-01,Mumbai
CRM004229,Ishaan Verma,ishaan.verma601@hotmail.com,2024-03-28,Thane
CRM003657,Kritika Gupta,kritika.gupta426@gmail.com,2023-08-29,Kanpur
CRM006027,Arjun Singh,arjun.singh453@hotmail.com,2023-05-18,Kolkata
CRM002587,Kritika Kumar,kritika.kumar238@outlook.com,2023-01-21,Indore
CRM001617,Arjun Iyer,arjun.iyer916@rediff.com,2024-01-30,Bhopal
CRM002997,Diya Joshi,diya.joshi917@rediff.com,2023-03-09,Patna
CRM006654,Vijay Mishra,vijay.mishra826@rediff.com,2022-02-13,Jaipur
CRM001447,Rohan Mehta,rohan.mehta310@hotmail.com,2022-07-17,Surat
CRM010373,Arjun Patel,arjun.patel704@hotmail.com,2023-10-06,Bhopal
CRM001021,Rohan Nair,rohan.nair64@gmail.com,2022-03-05,Delhi
CRM000706,Rahul Chatterjee,rahul.chatterjee181@outlook.com,2022-06-03,Jaipur
CRM002616,Ananya Nair,ananya.nair415@rediff.com,2023-02-05,Visakhapatnam
CRM001886,Rohan Iyer,rohan.iyer234@outlook.com,2024-01-01,Kolkata
CRM006452,Riya Shah,riya.shah962@outlook.com,2022-07-11,Delhi
CRM005199,Sai Pillai,sai.pillai427@yahoo.com,2023-03-19,Chennai
CRM002361,Pooja Nair,pooja.nair684@gmail.com,2023-03-27,Jaipur
CRM002305,Reyan Pillai,reyan.pillai63@outlook.com,2024-01-05,Bhopal
CRM007355,Deepa Tiwari,deepa.tiwari608@yahoo.com,2023-08-16,Bangalore
CRM008673,Saanvi Bose,saanvi.bose205@rediff.com,2023-03-24,Hyderabad
CRM001567,Kabir Patel,kabir.patel372@gmail.com,2024-03-05,Indore
CRM000909,Priya Chatterjee,priya.chatterjee478@yahoo.com,2022-01-30,Bhopal
CRM004864,Aadhya Patel,aadhya.patel915@hotmail.com,2023-08-23,Kanpur
CRM003603,Kritika Bose,kritika.bose556@rediff.com,2023-04-03,Patna
CRM003425,Amit Pillai,amit.pillai259@hotmail.com,2024-01-06,Mumbai
CRM008656,Meera Tiwari,,2022-07-10,Surat
CRM002184,Kritika Iyer,kritika.iyer591@gmail.com,2022-11-11,Patna
CRM007248,Sneha Patel,sneha.patel386@hotmail.com,2023-04-12,Vadodara
CRM003937,Raj Singh,raj.singh324@gmail.com,2023-08-17,Bangalore
CRM003754,Arjun Nair,arjun.nair474@yahoo.com,2022-10-23,Patna
CRM008531,Diya Reddy,diya.reddy414@outlook.com,2022-09-13,Lucknow
CRM008038,Amit Chatterjee,amit.chatterjee741@gmail.com,2024-05-20,Jaipur
CRM002456,Raj Sinha,raj.sinha554@gmail.com,2023-09-01,Kolkata
CRM007244,Nisha Bose,nisha.bose516@gmail.com,2022-12-11,Bangalore
CRM000595,Ananya Sinha,ananya.sinha185@rediff.com,2023-01-21,N/A
CRM001559,Rohan Mehta,rohan.mehta670@yahoo.com,2023-01-02,Kolkata
CRM005033,Kritika Singh,kritika.singh450@rediff.com,2022-02-27,Thane
CRM000441,Priya Sharma,priya.sharma923@gmail.com,2024-02-16,Mumbai
CRM006770,Pooja Singh,pooja.singh392@gmail.com,2022-01-31,Hyderabad
CRM009345,Amit Tiwari,amit.tiwari857@rediff.com,2022-01-04,Chennai
CRM004255,Aditya Sharma,aditya.sharma189@yahoo.com,2022-10-09,Kanpur
CRM005943,Nisha Sinha,nisha.sinha642@gmail.com,2023-02-06,Mumbai
CRM004813,Saanvi Gupta,saanvi.gupta124@hotmail.com,2022-12-18,Vadodara
CRM002863,Reyan Kumar,reyan.kumar710@outlook.com,2022-03-13,Nagpur
CRM004029,Aditya Chatterjee,,2022-03-25,Chennai
CRM000011,Aarav Sinha,aarav.sinha897@gmail.com,2023-01-18,Visakhapatnam
CRM007301,Suresh Kumar,suresh.kumar186@rediff.com,2023-05-28,Pune
CRM004890,Meera Reddy,meera.reddy230@hotmail.com,2023-01-05,Jaipur
CRM005630,Sai Joshi,sai.joshi56@yahoo.com,2022-06-29,Kolkata
CRM002217,Kabir Tiwari,kabir.tiwari454@gmail.com,2024-02-11,Hyderabad
CRM004303,Vijay Bose,vijay.bose199@hotmail.com,2022-02-03,Coimbatore
CRM000094,Aarav Singh,,2024-01-25,Indore
CRM002475,Vihaan Singh,vihaan.singh858@hotmail.com,2022-01-12,Ahmedabad
CRM008646,Arjun Rao,arjun.rao422@gmail.com,2024-01-16,Mumbai
CRM002250,Meera Mishra,meera.mishra261@outlook.com,2023-08-12,Visakhapatnam
CRM003533,Arjun Gupta,arjun.gupta785@hotmail.com,2022-08-07,Visakhapatnam
CRM006686,Vihaan Gupta,vihaan.gupta588@yahoo.com,2023-04-14,Patna
CRM005550,Kabir Sharma,kabir.sharma340@outlook.com,2023-09-05,Bangalore
CRM010319,Ananya Chatterjee,ananya.chatterjee508@gmail.com,2022-02-11,Lucknow
CRM008453,Arjun Singh,arjun.singh340@outlook.com,2023-04-06,Visakhapatnam
CRM000293,Amit Patel,amit.patel888@hotmail.com,2023-07-02,Bangalore
CRM000789,Ananya Joshi,ananya.joshi402@rediff.com,2024-02-21,Bangalore
CRM002909,Vivaan Sinha,vivaan.sinha209@yahoo.com,2022-01-12,Patna
CRM005850,Ishaan Pillai,ishaan.pillai528@yahoo.com,2022-04-05,Visakhapatnam
CRM003015,Amit Chatterjee,amit.chatterjee913@rediff.com,2024-06-11,Jaipur
CRM006474,Diya Verma,diya.verma266@yahoo.com,2022-05-28,Hyderabad
CRM003788,Kabir Rao,kabir.rao710@yahoo.com,2023-07-23,Kanpur
CRM003048,Ananya Bose,ananya.bose855@rediff.com,2023-03-01,Nagpur
CRM005206,Sai Joshi,sai.joshi777@hotmail.com,2024-05-13,Surat
CRM009805,Reyan Chatterjee,reyan.chatterjee821@rediff.com,2022-09-11,Kolkata
CRM007653,Aarav Sharma,aarav.sharma602@gmail.com,2024-05-13,Delhi
CRM001905,Diya Pillai,diya.pillai993@hotmail.com,2024-05-30,Coimbatore
CRM010188,Vijay Pillai,vijay.pillai593@outlook.com,2022-08-30,Nagpur
CRM008075,Pooja Singh,pooja.singh33@hotmail.com,2022-08-25,Vadodara
CRM001319,Vivaan Das,vivaan.das395@hotmail.com,2024-01-03,Lucknow
CRM003446,Vijay Sinha,vijay.sinha420@rediff.com,2023-10-19,Lucknow
CRM003133,Saanvi Gupta,saanvi.gupta933@gmail.com,2023-08-20,Nagpur
CRM007151,Kritika Gupta,kritika.gupta910@yahoo.com,2023-06-30,Chennai
CRM008590,Arjun Reddy,arjun.reddy320@rediff.com,2023-08-26,Mumbai
CRM003913,Aditya Joshi,aditya.joshi886@yahoo.com,2023-04-24,Surat
CRM006483,Aditya Sharma,aditya.sharma616@rediff.com,2022-03-27,Hyderabad
CRM009351,Sneha Kumar,sneha.kumar654@yahoo.com,2023-02-08,Surat
CRM004460,Raj Sinha,raj.sinha747@yahoo.com,2024-06-01,Mumbai
CRM008948,Sneha Mishra,sneha.mishra241@yahoo.com,2022-03-16,Surat
CRM006855,Suresh Tiwari,suresh.tiwari205@rediff.com,2023-08-31,Indore
CRM008819,Kabir Shah,kabir.shah768@rediff.com,2022-11-15,Nagpur
CRM004378,Sai Mishra,sai.mishra167@outlook.com,2023-04-24,Nagpur
CRM006022,Ishaan Singh,ishaan.singh97@outlook.com,2023-12-08,Mumbai
CRM007975,Arjun Reddy,arjun.reddy148@outlook.com,2023-10-12,Mumbai
CRM010106,Rohan Bose,rohan.bose610@yahoo.com,2022-01-13,Ahmedabad
CRM006301,Saanvi Patel,saanvi.patel819@hotmail.com,2023-10-19,Patna
CRM008696,Arjun Joshi,,2024-01-14,Mumbai
CRM010463,Raj Shah,raj.shah462@gmail.com,2023-01-19,Pune
CRM003483,Ishaan Verma,ishaan.verma924@gmail.com,2023-06-28,Nagpur
CRM002514,Suresh Bose,suresh.bose554@rediff.com,2024-01-19,Lucknow
CRM003291,Rohan Reddy,rohan.reddy501@rediff.com,2023-12-31,Kolkata
CRM006290,Riya Tiwari,riya.tiwari336@yahoo.com,2023-07-31,Bhopal
CRM007259,Rohan Nair,rohan.nair681@hotmail.com,2022-05-11,Surat
CRM004195,Priya Kumar,priya.kumar436@hotmail.com,2024-04-17,Kanpur
CRM004047,Kritika Sinha,kritika.sinha703@rediff.com,2024-02-16,Delhi
CRM002287,Pooja Tiwari,pooja.tiwari949@outlook.com,2024-03-16,Kolkata
CRM002192,Kabir Sharma,kabir.sharma871@hotmail.com,2023-03-24,Nagpur
CRM007223,Rahul Mishra,rahul.mishra362@yahoo.com,2022-04-17,Jaipur
CRM005115,Kavya Pillai,kavya.pillai336@outlook.com,2023-11-30,Pune
CRM000838,Vivaan Patel,vivaan.patel80@yahoo.com,2023-01-25,Lucknow
CRM006523,Aarav Shah,aarav.shah890@yahoo.com,2022-05-17,Patna
CRM002565,Riya Sinha,riya.sinha468@rediff.com,2022-07-23,Jaipur
CRM003246,Ananya Sharma,ananya.sharma113@hotmail.com,2023-09-26,Chennai
CRM006841,Amit Rao,amit.rao563@gmail.com,2022-07-07,Vadodara
CRM006334,Ishaan Kumar,ishaan.kumar131@outlook.com,2023-10-22,Nagpur
CRM000228,Amit Shah,amit.shah904@gmail.com,2023-11-05,Lucknow
CRM002155,Sneha Rao,sneha.rao437@outlook.com,2023-02-09,Kanpur
CRM010271,Rahul Patel,rahul.patel885@outlook.com,2023-11-05,Mumbai
CRM006225,Saanvi Tiwari,saanvi.tiwari876@gmail.com,2022-10-11,Visakhapatnam
CRM008630,Rahul Das,rahul.das326@gmail.com,2022-10-12,Lucknow
CRM006519,Reyan Joshi,reyan.joshi879@hotmail.com,2022-04-21,Thane
CRM005365,Amit Verma,amit.verma890@rediff.com,2023-06-12,Bhopal
CRM006106,Nisha Bose,nisha.bose801@outlook.com,2023-04-24,Hyderabad
CRM007081,Rohan Verma,rohan.verma101@gmail.com,2023-03-28,Kanpur
CRM005938,Nisha Rao,nisha.rao931@yahoo.com,2024-06-04,Nagpur
CRM005045,Arjun Das,arjun.das333@hotmail.com,2022-12-11,Jaipur
CRM002862,Meera Joshi,meera.joshi794@rediff.com,2023-12-20,Patna
CRM010161,Suresh Kumar,,2022-12-14,Nagpur
CRM008658,Nisha Das,nisha.das836@rediff.com,2022-03-23,Nagpur
CRM006701,Riya Singh,riya.singh432@outlook.com,2024-03-25,Hyderabad
CRM000158,Suresh Sinha,suresh.sinha817@gmail.com,2023-11-11,Ahmedabad
CRM006953,Priya Gupta,priya.gupta133@rediff.com,2023-08-03,Visakhapatnam
CRM006696,Aditya Singh,aditya.singh500@rediff.com,2023-10-17,Kolkata
CRM004382,Diya Gupta,diya.gupta915@yahoo.com,2022-09-30,Thane
CRM008452,Vijay Sharma,vijay.sharma93@hotmail.com,2023-08-16,Surat
CRM001442,Diya Kumar,diya.kumar681@rediff.com,2023-12-14,N/A
CRM002993,Aarav Patel,aarav.patel13@outlook.com,2023-05-18,Kolkata
CRM001958,Suresh Sharma,suresh.sharma963@outlook.com,2022-11-04,Indore
CRM010026,Ishaan Verma,ishaan.verma709@rediff.com,2022-06-01,Chennai
CRM005813,Amit Gupta,amit.gupta75@outlook.com,2022-08-27,Mumbai
CRM000701,Vihaan Shah,vihaan.shah783@hotmail.com,2024-01-27,Delhi
CRM006245,Arjun Iyer,arjun.iyer288@rediff.com,2023-01-13,Delhi
CRM001671,Ishaan Iyer,ishaan.iyer949@yahoo.com,2024-03-30,Patna
CRM005768,Meera Tiwari,meera.tiwari58@hotmail.com,2023-12-29,Coimbatore
CRM003602,Aarav Chatterjee,aarav.chatterjee112@gmail.com,2023-05-28,Lucknow
CRM010247,Kritika Mishra,kritika.mishra900@outlook.com,2023-02-20,Nagpur
CRM007998,Suresh Shah,suresh.shah786@hotmail.com,2024-01-14,Patna
CRM010079,Rohan Sharma,rohan.sharma124@hotmail.com,2023-02-11,Patna
CRM006731,Reyan Tiwari,reyan.tiwari295@rediff.com,2024-01-03,Indore
CRM004820,Vivaan Bose,vivaan.bose361@rediff.com,2023-12-04,Chennai
CRM004930,Aarav Gupta,aarav.gupta246@hotmail.com,2023-01-14,Visakhapatnam
CRM005538,Meera Mishra,meera.mishra437@gmail.com,2023-04-16,Jaipur
CRM004882,Aadhya Bose,aadhya.bose352@rediff.com,2022-02-12,Patna
CRM001964,Vijay Singh,vijay.singh59@gmail.com,2023-10-28,Vadodara
CRM008754,Reyan Mishra,reyan.mishra825@yahoo.com,2023-01-08,Hyderabad
CRM002752,Riya Shah,riya.shah225@gmail.com,2022-11-23,Ahmedabad
CRM005379,Ananya Mishra,ananya.mishra76@hotmail.com,2022-12-04,Bangalore
CRM006138,Rahul Patel,rahul.patel117@outlook.com,2023-09-30,Coimbatore
CRM006730,Riya Iyer,riya.iyer173@yahoo.com,2022-09-14,Mumbai
CRM001651,Diya Joshi,diya.joshi845@gmail.com,2024-03-17,Pune
CRM010022,Kabir Das,kabir.das487@yahoo.com,2023-04-07,Hyderabad
CRM007335,Ananya Sinha,ananya.sinha254@outlook.com,2023-05-29,Surat
CRM004846,Aadhya Rao,aadhya.rao676@outlook.com,2022-11-07,Kanpur
CRM004478,Aditya Reddy,aditya.reddy614@yahoo.com,2023-12-04,Delhi
CRM008551,Aarav Kumar,aarav.kumar405@yahoo.com,2022-07-05,Mumbai
CRM002593,Reyan Chatterjee,reyan.chatterjee368@gmail.com,2024-01-24,Surat
CRM007245,Meera Rao,meera.rao836@outlook.com,2023-01-11,Delhi
CRM003061,Suresh Das,suresh.das439@rediff.com,2022-03-17,Chennai
CRM001403,Amit Mehta,amit.mehta651@hotmail.com,2022-01-30,Lucknow
CRM001544,Meera Chatterjee,meera.chatterjee302@hotmail.com,2023-02-14,Bangalore
CRM006368,Kritika Gupta,kritika.gupta366@hotmail.com,2022-09-30,Thane
CRM006587,Diya Nair,,2024-01-15,Jaipur
CRM010312,Reyan Verma,reyan.verma301@rediff.com,2022-12-06,Kolkata
CRM009287,Diya Verma,diya.verma177@yahoo.com,2023-04-03,Vadodara
CRM005968,Arjun Mehta,arjun.mehta925@rediff.com,2023-10-09,Pune
CRM005504,Saanvi Pillai,saanvi.pillai802@rediff.com,2023-05-17,Bangalore
CRM001723,Vihaan Chatterjee,vihaan.chatterjee588@rediff.com,2023-02-26,Vadodara
CRM010251,Deepa Shah,deepa.shah605@yahoo.com,2022-04-02,Indore
CRM008932,Nisha Das,nisha.das582@outlook.com,2023-02-07,Bhopal
CRM007509,Rohan Nair,rohan.nair559@yahoo.com,2023-07-20,Vadodara
CRM006659,Kritika Reddy,kritika.reddy651@rediff.com,2023-10-25,Kolkata
CRM004635,Rahul Mehta,rahul.mehta285@outlook.com,2022-10-01,Kanpur
CRM008399,Vivaan Pillai,vivaan.pillai838@rediff.com,2023-08-11,Chennai
CRM000604,Suresh Iyer,suresh.iyer878@rediff.com,2023-06-20,Kanpur
CRM004878,Amit Singh,amit.singh233@outlook.com,2022-10-23,Ahmedabad
CRM006635,Aditya Kumar,aditya.kumar639@outlook.com,2023-08-18,Delhi
CRM005175,Vijay Joshi,vijay.joshi43@outlook.com,2022-08-30,Visakhapatnam
CRM007586,Ananya Mehta,ananya.mehta256@rediff.com,2022-08-22,Kanpur
CRM000394,Amit Iyer,amit.iyer472@gmail.com,2023-11-30,Mumbai
CRM009804,Riya Reddy,riya.reddy961@yahoo.com,2023-07-12,Thane
CRM002390,Vijay Sinha,vijay.sinha370@yahoo.com,2022-11-06,Pune
CRM010189,Amit Reddy,amit.reddy553@rediff.com,2022-05-14,Ahmedabad
CRM008851,Aditya Gupta,aditya.gupta670@gmail.com,2023-12-05,Visakhapatnam
CRM005425,Reyan Shah,reyan.shah648@rediff.com,2023-03-01,Nagpur
CRM004538,Aadhya Chatterjee,aadhya.chatterjee189@rediff.com,2022-12-09,Lucknow
CRM002803,Vihaan Gupta,vihaan.gupta652@yahoo.com,2023-04-08,Ahmedabad
CRM006370,Aarav Nair,aarav.nair382@rediff.com,2022-04-19,Bhopal
CRM007593,Amit Mehta,amit.mehta972@gmail.com,2023-09-02,Delhi
CRM008015,Raj Iyer,raj.iyer890@outlook.com,2022-04-29,Vadodara
CRM002649,Vivaan Rao,vivaan.rao389@outlook.com,2023-10-06,N/A
CRM004468,Aadhya Pillai,aadhya.pillai277@hotmail.com,2022-08-04,Thane
CRM004257,Kavya Das,kavya.das118@gmail.com,2023-03-30,Lucknow
CRM006680,Rahul Chatterjee,rahul.chatterjee207@gmail.com,2024-03-29,Kanpur
CRM009140,Rohan Kumar,rohan.kumar245@hotmail.com,2023-06-24,Vadodara
CRM002311,Aditya Nair,aditya.nair318@outlook.com,2024-01-02,Mumbai
CRM003945,Arjun Das,arjun.das629@outlook.com,2023-12-28,Bangalore
CRM007503,Aarav Gupta,aarav.gupta288@gmail.com,2022-10-14,Patna
CRM001632,Riya Patel,riya.patel145@yahoo.com,2022-10-01,Kolkata
CRM005545,Reyan Chatterjee,reyan.chatterjee710@rediff.com,2024-05-01,Lucknow
CRM003394,Meera Verma,,2024-03-02,Bangalore
CRM009793,Diya Nair,diya.nair744@gmail.com,2022-10-07,--
CRM010092,Meera Rao,meera.rao456@hotmail.com,2023-09-22,Mumbai
CRM003352,Reyan Iyer,reyan.iyer346@rediff.com,2022-03-06,Hyderabad
CRM002378,Nisha Mishra,nisha.mishra213@gmail.com,2023-01-30,Jaipur
CRM004443,Sneha Singh,sneha.singh921@rediff.com,2023-10-12,Pune
CRM005666,Priya Verma,priya.verma723@rediff.com,2022-01-08,Chennai
CRM008414,Ananya Bose,ananya.bose837@rediff.com,2023-11-27,Mumbai
CRM004949,Reyan Patel,reyan.patel403@hotmail.com,2023-04-27,Patna
CRM006187,Aadhya Rao,aadhya.rao721@hotmail.com,2022-09-02,Indore
CRM002068,Vivaan Shah,vivaan.shah271@hotmail.com,2023-11-16,Indore
CRM003974,Pooja Patel,pooja.patel365@gmail.com,2023-05-20,Kanpur
CRM001600,Saanvi Shah,saanvi.shah496@rediff.com,2023-09-15,Indore
CRM007304,Vihaan Chatterjee,vihaan.chatterjee723@hotmail.com,2023-11-04,Bangalore
CRM009181,Diya Reddy,diya.reddy871@gmail.com,2022-09-29,Bhopal
CRM010013,Priya Iyer,priya.iyer566@gmail.com,2023-07-14,Mumbai
CRM007677,Vijay Singh,vijay.singh119@hotmail.com,2022-07-30,Bangalore
CRM003995,Sai Chatterjee,sai.chatterjee467@rediff.com,2022-12-21,Kanpur
CRM000810,Diya Sinha,diya.sinha561@hotmail.com,2022-10-28,Bangalore
CRM002030,Aditya Mishra,aditya.mishra729@yahoo.com,2024-04-28,Kolkata
CRM005095,Ishaan Das,ishaan.das843@gmail.com,2023-04-28,Kolkata
CRM002816,Riya Joshi,riya.joshi61@gmail.com,2023-01-26,Kanpur
CRM004065,Priya Tiwari,priya.tiwari183@outlook.com,2022-09-14,Lucknow
CRM008366,Aditya Pillai,aditya.pillai553@rediff.com,2022-05-08,Ahmedabad
CRM001703,Vihaan Sharma,vihaan.sharma948@outlook.com,2023-04-07,Kolkata
CRM002914,Kavya Sharma,kavya.sharma597@rediff.com,2022-03-12,Nagpur
CRM007264,Riya Mishra,riya.mishra528@yahoo.com,2023-03-10,Hyderabad
CRM005290,Priya Sharma,priya.sharma26@yahoo.com,2022-12-01,Kolkata
CRM003777,Rohan Kumar,,2023-12-04,Pune
CRM003791,Vihaan Iyer,vihaan.iyer750@yahoo.com,2023-04-16,Mumbai
CRM003521,Pooja Joshi,pooja.joshi902@outlook.com,2022-12-07,Coimbatore
CRM001881,Suresh Reddy,suresh.reddy892@outlook.com,2024-05-18,Coimbatore
CRM007211,Vihaan Gupta,vihaan.gupta667@gmail.com,2022-07-12,Kolkata
CRM002933,Vihaan Das,vihaan.das579@rediff.com,2023-09-05,Patna
CRM006428,Ishaan Bose,ishaan.bose208@outlook.com,2022-04-14,Surat
CRM006441,Ananya Kumar,ananya.kumar39@yahoo.com,2023-10-21,Delhi
CRM009098,Saanvi Nair,saanvi.nair518@yahoo.com,2023-12-07,Patna
CRM007799,Vihaan Kumar,vihaan.kumar733@outlook.com,2022-12-23,Coimbatore
CRM006522,Pooja Reddy,pooja.reddy802@hotmail.com,2022-12-12,Jaipur
CRM004234,Kritika Sinha,kritika.sinha805@gmail.com,2023-04-01,Lucknow
CRM003012,Kritika Shah,kritika.shah888@yahoo.com,2022-05-19,Vadodara
CRM001047,Vijay Singh,vijay.singh102@outlook.com,2022-10-30,Surat
CRM004418,Suresh Rao,suresh.rao612@outlook.com,2022-04-01,Kolkata
CRM007584,Vivaan Pillai,vivaan.pillai778@yahoo.com,2022-09-25,Thane
CRM006192,Arjun Pillai,arjun.pillai398@gmail.com,2022-03-20,Thane
CRM001569,Aditya Iyer,aditya.iyer72@gmail.com,2022-09-17,Bhopal
CRM000463,Vihaan Mehta,vihaan.mehta425@rediff.com,2023-04-10,Vadodara
CRM000744,Aarav Joshi,aarav.joshi388@outlook.com,2022-05-13,Kolkata
CRM000223,Arjun Pillai,arjun.pillai387@rediff.com,2024-04-07,Indore
CRM006015,Diya Sharma,diya.sharma536@yahoo.com,2023-06-25,Surat
CRM004711,Kavya Reddy,kavya.reddy464@outlook.com,2024-04-03,Delhi
CRM008186,Amit Singh,amit.singh811@rediff.com,2023-07-27,Pune
CRM000626,Aditya Shah,aditya.shah345@yahoo.com,2024-05-04,Visakhapatnam
CRM003942,Rohan Iyer,,2023-07-20,Bangalore
CRM010071,Riya Sinha,riya.sinha709@yahoo.com,2023-09-05,Ahmedabad
CRM010455,Kabir Shah,kabir.shah948@outlook.com,2024-03-09,Bangalore
CRM009687,Sai Shah,sai.shah117@outlook.com,2023-01-22,Vadodara
CRM002923,Sneha Mishra,sneha.mishra738@outlook.com,2023-07-09,Mumbai
CRM006606,Deepa Chatterjee,deepa.chatterjee671@gmail.com,2022-04-29,Delhi
CRM010423,Rahul Mehta,rahul.mehta678@hotmail.com,2022-03-21,Mumbai
CRM000354,Rohan Bose,rohan.bose446@gmail.com,2022-06-17,Bangalore
CRM000457,Raj Gupta,raj.gupta993@hotmail.com,2023-12-09,Lucknow
CRM005283,Amit Singh,amit.singh327@rediff.com,2023-08-06,Bhopal
CRM000240,Sneha Singh,sneha.singh310@yahoo.com,2022-10-09,Mumbai
CRM004101,Sai Tiwari,sai.tiwari644@rediff.com,2022-02-16,Kanpur
CRM004585,Nisha Sharma,nisha.sharma187@yahoo.com,2022-12-26,Jaipur
CRM004281,Ishaan Rao,ishaan.rao774@hotmail.com,2024-05-01,Kanpur
CRM007283,Saanvi Tiwari,saanvi.tiwari172@hotmail.com,2023-07-27,Surat
CRM004930,Aarav Gupta,aarav.gupta246@hotmail.com,2023-01-14,Visakhapatnam
CRM002949,Diya Sinha,diya.sinha776@outlook.com,2022-12-11,Kanpur
CRM001019,Meera Pillai,meera.pillai429@hotmail.com,2022-05-27,Ahmedabad
CRM006631,Deepa Sharma,deepa.sharma461@outlook.com,2023-02-11,Patna
CRM007135,Arjun Shah,arjun.shah761@outlook.com,2022-02-25,Visakhapatnam
CRM001761,Pooja Mishra,pooja.mishra477@outlook.com,2022-05-08,Visakhapatnam
CRM005677,Rohan Singh,rohan.singh440@hotmail.com,2023-03-13,Kanpur
CRM010132,Aditya Verma,aditya.verma987@outlook.com,2023-02-27,Pune
CRM009090,Kritika Kumar,kritika.kumar954@yahoo.com,2023-01-27,Patna
CRM001104,Amit Chatterjee,amit.chatterjee989@hotmail.com,2024-05-05,Surat
CRM008804,Riya Rao,riya.rao463@yahoo.com,2023-02-08,Mumbai
CRM004003,Rahul Singh,rahul.singh951@hotmail.com,2023-07-12,Kanpur
CRM002518,Suresh Verma,suresh.verma495@yahoo.com,2022-12-09,Ahmedabad
CRM003469,Ananya Bose,ananya.bose942@yahoo.com,2023-05-09,Visakhapatnam
CRM002692,Riya Sinha,riya.sinha478@outlook.com,2022-10-06,Coimbatore
CRM009823,Aditya Mehta,aditya.mehta450@gmail.com,2022-07-28,Indore
CRM009897,Reyan Mehta,reyan.mehta83@rediff.com,2022-01-19,Bangalore
CRM010091,Suresh Sinha,suresh.sinha408@gmail.com,2022-02-11,Thane
CRM006051,Diya Sinha,diya.sinha199@yahoo.com,2024-01-23,Jaipur
CRM008642,Vihaan Shah,vihaan.shah507@rediff.com,2023-07-28,Bangalore
CRM009014,Arjun Shah,arjun.shah157@hotmail.com,2023-12-22,Delhi
CRM007860,Deepa Bose,deepa.bose560@hotmail.com,2022-02-04,Patna
CRM001035,Sai Patel,sai.patel774@yahoo.com,2022-04-09,Chennai
CRM003934,Reyan Mishra,reyan.mishra138@yahoo.com,2023-02-25,Kolkata
CRM006177,Kabir Das,kabir.das614@yahoo.com,2022-04-25,Delhi
CRM002459,Amit Singh,amit.singh292@gmail.com,2024-02-15,Hyderabad
CRM000907,Diya Das,diya.das670@hotmail.com,2023-08-13,Indore
CRM007199,Ishaan Kumar,ishaan.kumar548@hotmail.com,2023-08-05,Chennai
CRM006563,Ananya Nair,,2023-01-04,Mumbai
CRM003699,Ishaan Sharma,ishaan.sharma916@hotmail.com,2022-01-26,Vadodara
CRM006687,Priya Pillai,priya.pillai904@yahoo.com,2024-06-27,Kolkata
CRM005171,Saanvi Iyer,saanvi.iyer256@yahoo.com,2022-01-03,Surat
CRM005082,Kabir Mehta,kabir.mehta83@hotmail.com,2023-05-30,Jaipur
CRM002190,Sai Chatterjee,sai.chatterjee425@rediff.com,2022-03-04,Delhi
CRM007040,Rahul Singh,rahul.singh956@hotmail.com,2022-01-11,Patna
CRM002958,Vihaan Mehta,vihaan.mehta193@gmail.com,2022-08-16,Lucknow
CRM002272,Vihaan Pillai,vihaan.pillai587@hotmail.com,2022-08-11,Jaipur
CRM003622,Kabir Reddy,kabir.reddy429@rediff.com,2023-09-11,Bangalore
CRM003596,Saanvi Nair,saanvi.nair517@outlook.com,2023-05-23,Bhopal
CRM002523,Amit Chatterjee,amit.chatterjee827@rediff.com,2023-04-26,Indore
CRM006779,Saanvi Patel,saanvi.patel706@yahoo.com,2023-11-08,Mumbai
CRM003208,Sai Singh,sai.singh274@hotmail.com,2023-11-28,Pune
CRM001902,Aditya Singh,,2023-04-29,Lucknow
CRM004769,Saanvi Gupta,saanvi.gupta92@rediff.com,2023-05-13,Mumbai
CRM001570,Aadhya Iyer,aadhya.iyer631@hotmail.com,2024-03-29,Mumbai
CRM004565,Diya Mishra,diya.mishra982@rediff.com,2023-06-25,Mumbai
CRM000348,Aadhya Bose,aadhya.bose253@hotmail.com,2022-12-09,Patna
CRM001243,Meera Iyer,meera.iyer430@gmail.com,2022-08-11,Surat
CRM008855,Diya Bose,diya.bose732@rediff.com,2023-12-10,Delhi
CRM008019,Reyan Nair,reyan.nair787@hotmail.com,2022-07-17,Bangalore
CRM006803,Aarav Reddy,aarav.reddy139@hotmail.com,2023-04-05,Hyderabad
CRM002190,Sai Chatterjee,sai.chatterjee425@rediff.com,2022-03-04,Delhi
CRM003707,Suresh Reddy,suresh.reddy522@rediff.com,2022-08-20,Nagpur
CRM007316,Kavya Verma,kavya.verma582@outlook.com,2023-04-13,Patna
CRM009341,Saanvi Bose,saanvi.bose490@rediff.com,2022-11-30,Thane
CRM007580,Ishaan Chatterjee,ishaan.chatterjee251@hotmail.com,2022-08-07,Vadodara
CRM005980,Meera Nair,meera.nair193@outlook.com,2024-06-04,Thane
CRM003376,Aadhya Mishra,aadhya.mishra823@yahoo.com,2022-11-25,Vadodara
CRM005581,Aditya Chatterjee,aditya.chatterjee534@yahoo.com,2024-01-07,Pune
CRM008291,Rahul Gupta,rahul.gupta666@hotmail.com,2022-01-31,Kolkata
CRM007297,Amit Sharma,amit.sharma420@hotmail.com,2023-01-15,Bhopal
CRM000764,Kabir Chatterjee,kabir.chatterjee863@outlook.com,2023-04-27,Nagpur
CRM010262,Sai Nair,sai.nair603@rediff.com,2022-01-26,Thane
CRM010098,Kritika Patel,kritika.patel575@gmail.com,2024-04-06,Patna
CRM009485,Ishaan Iyer,ishaan.iyer797@hotmail.com,2022-11-18,Jaipur
CRM001223,Aarav Singh,aarav.singh264@yahoo.com,2023-11-25,Hyderabad
CRM009666,Aditya Das,aditya.das658@gmail.com,2022-06-12,Indore
CRM002135,Ananya Tiwari,ananya.tiwari77@hotmail.com,2022-11-08,Surat
CRM002408,Deepa Kumar,deepa.kumar939@gmail.com,2022-10-24,Pune
CRM009054,Arjun Nair,arjun.nair892@outlook.com,2023-09-14,Jaipur
CRM002931,Aarav Sharma,aarav.sharma122@rediff.com,2024-04-07,Jaipur
CRM001576,Rahul Reddy,rahul.reddy633@yahoo.com,2022-04-26,Kanpur
CRM000510,Aditya Shah,aditya.shah210@rediff.com,2023-04-22,Pune
CRM003080,Arjun Mishra,arjun.mishra361@outlook.com,2024-01-18,Delhi
CRM008052,Raj Iyer,raj.iyer531@rediff.com,2023-02-01,Patna
CRM009337,Pooja Nair,pooja.nair767@rediff.com,2024-05-26,Mumbai
CRM001260,Kavya Sharma,kavya.sharma997@outlook.com,2023-10-04,Mumbai
CRM004588,Ananya Mishra,ananya.mishra855@hotmail.com,2023-03-20,Coimbatore
CRM002808,Ishaan Patel,ishaan.patel96@gmail.com,2022-02-16,Ahmedabad
CRM002228,Aadhya Gupta,aadhya.gupta661@gmail.com,2022-03-30,Visakhapatnam
CRM000712,Vihaan Singh,vihaan.singh412@hotmail.com,2022-08-20,Surat
CRM007486,Amit Kumar,amit.kumar838@yahoo.com,2023-05-22,Patna
CRM009784,Ananya Sinha,ananya.sinha378@yahoo.com,2023-09-29,Nagpur
CRM004439,Ishaan Verma,ishaan.verma654@hotmail.com,2024-06-21,Bangalore
CRM007500,Vijay Singh,vijay.singh789@hotmail.com,2023-07-05,Kanpur
CRM006650,Diya Mishra,diya.mishra98@outlook.com,2022-04-21,Bangalore
CRM001373,Suresh Shah,suresh.shah278@gmail.com,2022-07-30,XX_CITY
CRM000713,Rohan Sinha,rohan.sinha617@hotmail.com,2024-05-01,Chennai
CRM005181,Rahul Sinha,rahul.sinha497@hotmail.com,2022-06-23,Visakhapatnam
CRM002352,Deepa Rao,deepa.rao295@gmail.com,2023-01-04,Hyderabad
CRM003820,Rahul Verma,rahul.verma283@gmail.com,2022-05-04,Visakhapatnam
CRM008248,Diya Pillai,diya.pillai187@gmail.com,2023-10-06,Thane
CRM008031,Priya Patel,priya.patel248@gmail.com,2022-05-28,Ahmedabad
CRM001483,Arjun Iyer,arjun.iyer131@yahoo.com,2024-02-27,Nagpur
CRM007408,Ananya Patel,ananya.patel297@yahoo.com,2023-06-13,Mumbai
CRM004082,Arjun Pillai,arjun.pillai644@gmail.com,2023-06-28,Ahmedabad
CRM003434,Priya Verma,priya.verma910@yahoo.com,2023-08-16,Indore
CRM001795,Riya Das,riya.das28@gmail.com,2022-01-13,Nagpur
CRM009902,Pooja Bose,pooja.bose548@hotmail.com,2024-03-02,Bhopal
CRM001822,Suresh Nair,suresh.nair666@gmail.com,2022-05-01,Mumbai
CRM007206,Rohan Singh,rohan.singh730@yahoo.com,2022-08-03,Nagpur
CRM007822,Raj Iyer,raj.iyer325@hotmail.com,2024-01-04,Hyderabad
CRM002128,Riya Nair,riya.nair70@outlook.com,2022-06-08,Delhi
CRM001742,Nisha Pillai,nisha.pillai33@rediff.com,2024-02-03,Hyderabad
CRM001659,Aadhya Reddy,aadhya.reddy127@gmail.com,2022-04-05,Surat
CRM000213,Ananya Kumar,ananya.kumar699@gmail.com,2023-01-21,Hyderabad
CRM008937,Priya Sinha,priya.sinha888@gmail.com,2022-07-17,Delhi
CRM002763,Riya Patel,riya.patel479@gmail.com,2022-09-03,Nagpur
CRM000324,Priya Gupta,priya.gupta241@yahoo.com,2022-07-23,Delhi
CRM010094,Saanvi Mishra,saanvi.mishra485@gmail.com,2022-11-03,Vadodara
CRM001098,Vivaan Kumar,vivaan.kumar857@gmail.com,2022-07-25,Hyderabad
CRM009460,Ananya Iyer,ananya.iyer964@hotmail.com,2022-12-29,Ahmedabad
CRM001360,Meera Reddy,meera.reddy746@hotmail.com,2023-12-08,Vadodara
CRM000335,Riya Patel,riya.patel85@yahoo.com,2022-06-09,Bangalore
CRM004098,Rahul Joshi,rahul.joshi924@yahoo.com,2023-11-23,Bangalore
CRM001614,Kabir Shah,kabir.shah445@rediff.com,2022-12-26,Coimbatore
CRM007453,Kavya Mishra,,2023-04-12,Kanpur
CRM000793,Kavya Patel,kavya.patel584@gmail.com,2022-12-17,XX_CITY
CRM000234,Sneha Gupta,sneha.gupta897@gmail.com,2023-09-23,Vadodara
CRM006890,Aarav Shah,aarav.shah216@yahoo.com,2023-04-16,Coimbatore
CRM004990,Saanvi Rao,saanvi.rao989@outlook.com,2023-08-24,Vadodara
CRM006570,Nisha Bose,nisha.bose312@yahoo.com,2023-09-04,Nagpur
CRM004826,Suresh Sinha,suresh.sinha932@rediff.com,2023-11-09,Vadodara
CRM008216,Amit Tiwari,amit.tiwari545@outlook.com,2024-01-30,Chennai
CRM006907,Priya Singh,priya.singh263@rediff.com,2024-03-02,Hyderabad
CRM005309,Amit Tiwari,amit.tiwari224@yahoo.com,2022-01-12,Mumbai
CRM004986,Nisha Reddy,nisha.reddy60@hotmail.com,2022-05-01,Pune
CRM006990,Suresh Tiwari,suresh.tiwari639@outlook.com,2024-02-06,XX_CITY
CRM002313,Aadhya Kumar,aadhya.kumar228@gmail.com,2022-02-24,Mumbai
CRM003102,Priya Reddy,priya.reddy370@rediff.com,2023-06-05,Visakhapatnam
CRM003704,Aadhya Gupta,,2024-03-21,Kolkata
CRM002271,Sneha Pillai,sneha.pillai457@outlook.com,2022-08-25,Hyderabad
CRM000872,Kabir Singh,kabir.singh909@gmail.com,2023-11-07,Bangalore
CRM001264,Kabir Sharma,kabir.sharma925@outlook.com,2022-11-04,Ahmedabad
CRM001619,Vijay Iyer,vijay.iyer332@hotmail.com,2023-05-28,Delhi
CRM005457,Arjun Mehta,arjun.mehta611@rediff.com,2022-05-21,Patna
CRM005585,Deepa Pillai,deepa.pillai757@gmail.com,2022-02-11,Patna
CRM004607,Sneha Das,sneha.das684@hotmail.com,2022-01-11,Kanpur
CRM010150,Amit Gupta,amit.gupta94@hotmail.com,2024-01-14,Bangalore
CRM010151,Suresh Bose,suresh.bose292@rediff.com,2022-08-21,Lucknow
CRM001221,Kavya Bose,kavya.bose506@hotmail.com,2023-08-16,Kanpur
CRM008849,Priya Bose,priya.bose43@rediff.com,2023-03-18,Jaipur
CRM001766,Diya Kumar,diya.kumar199@gmail.com,2022-12-30,Kanpur
CRM002448,Sai Iyer,sai.iyer396@yahoo.com,2022-08-05,Kanpur
CRM006299,Diya Rao,diya.rao816@hotmail.com,2022-08-05,Bangalore
CRM007101,Meera Chatterjee,meera.chatterjee658@hotmail.com,2024-05-22,Pune
CRM001514,Reyan Rao,reyan.rao821@outlook.com,2023-06-29,XX_CITY
CRM003070,Ishaan Shah,ishaan.shah722@hotmail.com,2023-07-22,Delhi
CRM005610,Aadhya Tiwari,aadhya.tiwari148@outlook.com,2022-06-08,Indore
CRM005467,Vivaan Joshi,vivaan.joshi613@rediff.com,2022-12-22,Coimbatore
CRM003127,Suresh Joshi,suresh.joshi131@gmail.com,2024-05-16,XX_CITY
CRM008238,Kavya Verma,kavya.verma140@rediff.com,2022-01-19,Vadodara
CRM008903,Meera Joshi,meera.joshi164@rediff.com,2022-09-05,Mumbai
CRM002837,Rohan Patel,rohan.patel887@outlook.com,2022-03-25,Nagpur
CRM002702,Priya Shah,priya.shah861@gmail.com,2023-12-07,Surat
CRM009222,Vijay Joshi,vijay.joshi212@outlook.com,2023-01-01,Ahmedabad
CRM002111,Raj Mishra,raj.mishra975@yahoo.com,2022-02-07,Mumbai
CRM008164,Vihaan Mishra,vihaan.mishra66@outlook.com,2023-08-06,Jaipur
CRM009886,Reyan Bose,,2023-09-02,Visakhapatnam
CRM007611,Amit Gupta,amit.gupta10@outlook.com,2022-05-05,Patna
CRM003370,Arjun Kumar,arjun.kumar778@rediff.com,2024-01-31,Delhi
CRM009930,Arjun Nair,,2024-04-20,Chennai
CRM006879,Vijay Nair,vijay.nair505@gmail.com,2023-06-08,Chennai
CRM000618,Suresh Iyer,suresh.iyer540@yahoo.com,2023-06-20,Vadodara
CRM003024,Aarav Joshi,aarav.joshi191@hotmail.com,2022-08-07,Mumbai
CRM010435,Deepa Kumar,deepa.kumar73@hotmail.com,2022-09-12,Kanpur
CRM007560,Vivaan Sinha,vivaan.sinha868@rediff.com,2022-05-18,Thane
CRM000746,Arjun Sinha,arjun.sinha541@outlook.com,2024-04-03,Ahmedabad
CRM010073,Rahul Reddy,rahul.reddy212@hotmail.com,2022-07-03,Nagpur
CRM003101,Kritika Singh,kritika.singh271@rediff.com,2024-02-03,Hyderabad
CRM005921,Amit Singh,amit.singh922@yahoo.com,2022-10-31,Delhi
CRM005981,Kabir Mehta,kabir.mehta361@gmail.com,2022-01-21,--
CRM009498,Nisha Nair,nisha.nair587@gmail.com,2023-11-22,Ahmedabad
CRM001337,Kavya Gupta,kavya.gupta597@yahoo.com,2024-02-04,Chennai
CRM004869,Deepa Mehta,deepa.mehta580@gmail.com,2024-05-15,Kanpur
CRM002583,Diya Nair,diya.nair122@rediff.com,2023-04-24,Bangalore
CRM007054,Nisha Rao,nisha.rao888@rediff.com,2022-09-25,Jaipur
CRM006876,Ananya Sharma,ananya.sharma424@rediff.com,2023-07-19,Bhopal
CRM007278,Raj Verma,raj.verma494@outlook.com,2023-06-20,Surat
CRM005582,Vivaan Rao,vivaan.rao866@outlook.com,2023-01-11,Delhi
CRM006226,Vijay Sharma,vijay.sharma693@gmail.com,2024-03-05,Delhi
CRM001314,Ishaan Sinha,ishaan.sinha665@gmail.com,2024-02-28,Bangalore
CRM003596,Saanvi Nair,saanvi.nair517@outlook.com,2023-05-23,Bhopal
CRM008595,Vijay Mishra,vijay.mishra683@hotmail.com,2023-07-03,Kolkata
CRM009013,Vivaan Chatterjee,vivaan.chatterjee924@hotmail.com,2023-03-08,Lucknow
CRM008215,Priya Shah,priya.shah69@rediff.com,2022-03-29,Ahmedabad
CRM008319,Suresh Shah,suresh.shah574@hotmail.com,2022-02-18,Vadodara
CRM004885,Aditya Pillai,aditya.pillai93@yahoo.com,2022-01-28,Kanpur
CRM000654,Rahul Pillai,rahul.pillai688@rediff.com,2022-08-14,Hyderabad
CRM008680,Pooja Patel,pooja.patel786@gmail.com,2023-07-07,Delhi
CRM008150,Aarav Kumar,aarav.kumar728@yahoo.com,2023-05-17,Coimbatore
CRM006223,Aarav Shah,aarav.shah414@rediff.com,2023-09-05,Nagpur
CRM004900,Kavya Shah,kavya.shah424@gmail.com,2024-05-31,Kanpur
CRM005478,Meera Chatterjee,meera.chatterjee924@hotmail.com,2022-08-18,Patna
CRM006962,Saanvi Das,saanvi.das463@gmail.com,2024-03-12,Kolkata
CRM004247,Deepa Mehta,deepa.mehta275@yahoo.com,2022-03-22,Bangalore
CRM010203,Rahul Rao,rahul.rao707@gmail.com,2024-05-20,Patna
CRM007026,Kabir Reddy,kabir.reddy894@rediff.com,2022-11-13,Thane
CRM000612,Priya Sharma,priya.sharma567@hotmail.com,2022-06-30,Pune
CRM007736,Sneha Bose,sneha.bose359@hotmail.com,2024-05-02,Coimbatore
CRM002115,Ishaan Sinha,ishaan.sinha292@outlook.com,2024-03-24,Nagpur
CRM006845,Ananya Sharma,ananya.sharma302@outlook.com,2024-06-25,Vadodara
CRM004935,Kabir Tiwari,kabir.tiwari300@rediff.com,2022-05-10,Jaipur
CRM002424,Saanvi Pillai,saanvi.pillai704@rediff.com,2023-09-24,Kanpur
CRM000512,Amit Mehta,amit.mehta667@hotmail.com,2023-11-05,Pune
CRM005036,Vihaan Mehta,vihaan.mehta879@gmail.com,2023-01-09,Bhopal
CRM005708,Amit Kumar,amit.kumar243@hotmail.com,2023-12-14,Indore
CRM007610,Kritika Das,kritika.das754@yahoo.com,2023-06-25,Chennai
CRM008255,Priya Bose,priya.bose100@yahoo.com,2023-06-19,--
CRM007819,Meera Singh,meera.singh171@outlook.com,2022-02-16,XX_CITY
CRM006408,Rohan Pillai,rohan.pillai189@rediff.com,2022-04-27,Surat
CRM006854,Riya Joshi,riya.joshi863@outlook.com,2022-08-01,Vadodara
CRM004451,Deepa Das,deepa.das286@gmail.com,2022-01-23,Patna
CRM009734,Sneha Mehta,sneha.mehta307@rediff.com,2023-03-03,Mumbai
CRM008875,Suresh Rao,suresh.rao153@yahoo.com,2022-03-05,Ahmedabad
CRM006490,Vijay Reddy,vijay.reddy590@gmail.com,2022-10-10,Coimbatore
CRM008474,Nisha Chatterjee,nisha.chatterjee816@outlook.com,2023-11-18,Bangalore
CRM007037,Diya Mehta,diya.mehta103@outlook.com,2022-12-31,Chennai
CRM004563,Vivaan Kumar,vivaan.kumar866@hotmail.com,2022-02-06,Delhi
CRM010298,Deepa Iyer,deepa.iyer428@rediff.com,2023-08-02,Nagpur
CRM000563,Reyan Joshi,reyan.joshi204@yahoo.com,2022-04-18,Delhi
CRM004722,Rahul Gupta,rahul.gupta440@hotmail.com,2023-09-16,Hyderabad
CRM002590,Pooja Mehta,pooja.mehta617@hotmail.com,2024-01-31,Hyderabad
CRM001110,Rahul Joshi,rahul.joshi614@outlook.com,2022-04-03,Surat
CRM010467,Rahul Kumar,,2022-09-19,Jaipur
CRM005849,Sneha Mehta,sneha.mehta786@hotmail.com,2023-04-27,Coimbatore
CRM001039,Sneha Das,sneha.das355@yahoo.com,2023-10-07,Coimbatore
CRM000021,Vihaan Patel,vihaan.patel950@rediff.com,2023-08-14,Hyderabad
CRM004383,Vivaan Joshi,vivaan.joshi355@outlook.com,2023-12-10,Lucknow
CRM010403,Ishaan Shah,ishaan.shah401@yahoo.com,2022-10-20,Nagpur
CRM004837,Reyan Mishra,reyan.mishra218@gmail.com,2023-08-12,Surat
CRM004111,Vihaan Tiwari,vihaan.tiwari625@gmail.com,2023-11-22,Mumbai
CRM000935,Vivaan Reddy,vivaan.reddy579@outlook.com,2023-07-08,Indore
CRM003854,Aadhya Rao,aadhya.rao364@rediff.com,2024-05-20,Mumbai
CRM003853,Reyan Sinha,reyan.sinha815@outlook.com,2022-07-22,Chennai
CRM000395,Aadhya Mehta,aadhya.mehta630@gmail.com,2023-05-01,Kanpur
CRM008886,Vijay Singh,vijay.singh784@rediff.com,2022-02-08,Vadodara
CRM001738,Sai Pillai,sai.pillai381@hotmail.com,2023-07-30,Visakhapatnam
CRM002166,Sneha Tiwari,sneha.tiwari560@yahoo.com,2024-03-02,Hyderabad
CRM000562,Raj Verma,raj.verma395@gmail.com,2024-04-05,Hyderabad
CRM001163,Kabir Patel,kabir.patel351@yahoo.com,2023-01-11,Kolkata
CRM008848,Priya Tiwari,priya.tiwari825@rediff.com,2022-01-06,Ahmedabad
CRM006747,Sai Reddy,sai.reddy906@hotmail.com,2023-10-07,Pune
CRM003616,Arjun Verma,,2024-04-21,Mumbai
CRM001528,Ishaan Bose,ishaan.bose59@hotmail.com,2024-03-29,Bangalore
CRM003972,Ishaan Mehta,ishaan.mehta424@hotmail.com,2023-03-14,Kanpur
CRM007226,Kritika Chatterjee,kritika.chatterjee427@rediff.com,2023-01-05,Visakhapatnam
CRM000059,Arjun Shah,arjun.shah241@rediff.com,2022-10-19,Kanpur
CRM007111,Pooja Nair,pooja.nair367@rediff.com,2024-02-07,Hyderabad
CRM009285,Aditya Verma,aditya.verma764@outlook.com,2022-10-22,Ahmedabad
CRM002292,Ishaan Rao,ishaan.rao340@outlook.com,2023-05-25,Chennai
CRM003095,Kabir Joshi,kabir.joshi415@hotmail.com,2022-03-02,Kanpur
CRM006963,Ananya Verma,ananya.verma159@gmail.com,2022-12-21,Indore
CRM003083,Vijay Joshi,vijay.joshi653@gmail.com,2023-11-16,Bangalore
CRM009854,Riya Rao,riya.rao139@rediff.com,2022-09-04,Mumbai
CRM002866,Suresh Singh,suresh.singh204@hotmail.com,2023-10-17,Thane
CRM008171,Ishaan Reddy,ishaan.reddy898@yahoo.com,2022-08-10,Bhopal
CRM004429,Aditya Pillai,aditya.pillai195@hotmail.com,2023-11-30,Ahmedabad
CRM000415,Pooja Sinha,pooja.sinha101@rediff.com,2024-05-02,Bangalore
CRM010178,Aadhya Mehta,aadhya.mehta616@rediff.com,2024-01-13,Kanpur
CRM007360,Reyan Iyer,reyan.iyer330@yahoo.com,2024-01-16,Mumbai
CRM008563,Diya Singh,diya.singh94@rediff.com,2022-01-01,Mumbai
CRM004915,Sai Gupta,,2024-03-05,Visakhapatnam
CRM004723,Rahul Chatterjee,rahul.chatterjee919@hotmail.com,2023-01-01,Bhopal
CRM003558,Riya Iyer,riya.iyer33@yahoo.com,2022-04-30,Hyderabad
CRM005552,Ananya Shah,ananya.shah919@hotmail.com,2022-12-08,Bhopal
CRM006073,Vijay Tiwari,vijay.tiwari220@rediff.com,2022-06-02,Surat
CRM007307,Reyan Reddy,reyan.reddy938@yahoo.com,2024-03-19,Mumbai
CRM008114,Ishaan Sharma,ishaan.sharma608@outlook.com,2022-07-31,Vadodara
CRM002134,Kritika Sharma,kritika.sharma775@gmail.com,2024-01-10,Thane
CRM001898,Rahul Kumar,rahul.kumar845@hotmail.com,2022-06-23,Surat
CRM006111,Pooja Singh,pooja.singh450@hotmail.com,2024-01-10,Patna
CRM005152,Saanvi Verma,saanvi.verma527@rediff.com,2022-10-19,Mumbai
CRM007960,Kritika Shah,kritika.shah918@yahoo.com,2022-08-11,Ahmedabad
CRM006052,Sai Pillai,sai.pillai65@yahoo.com,2023-09-07,Visakhapatnam
CRM008324,Aditya Mehta,aditya.mehta944@outlook.com,2023-03-10,Mumbai
CRM006361,Rohan Pillai,rohan.pillai528@rediff.com,2024-02-17,Visakhapatnam
CRM001818,Nisha Rao,nisha.rao16@hotmail.com,2022-07-08,Coimbatore
CRM001938,Saanvi Iyer,saanvi.iyer813@rediff.com,2024-06-05,Kanpur
CRM008912,Sneha Mishra,sneha.mishra474@gmail.com,2022-09-27,Vadodara
CRM002336,Aadhya Verma,aadhya.verma874@hotmail.com,2022-05-07,Bangalore
CRM002073,Ishaan Patel,ishaan.patel127@gmail.com,2024-01-05,Surat
CRM001727,Sneha Singh,sneha.singh550@yahoo.com,2022-09-23,Vadodara
CRM001048,Raj Mishra,raj.mishra33@rediff.com,2023-12-29,Chennai
CRM008315,Priya Mishra,priya.mishra592@yahoo.com,2022-10-14,Lucknow
CRM008613,Nisha Verma,nisha.verma982@outlook.com,2023-03-13,Mumbai
CRM002321,Diya Mehta,diya.mehta517@rediff.com,2022-08-01,Hyderabad
CRM006271,Diya Reddy,,2024-04-10,Lucknow
CRM003690,Vijay Verma,vijay.verma118@rediff.com,2023-04-07,Chennai
CRM000767,Deepa Iyer,deepa.iyer98@outlook.com,2022-05-09,Chennai
CRM001145,Raj Pillai,raj.pillai58@outlook.com,2023-02-21,Patna
CRM009691,Sneha Singh,sneha.singh495@yahoo.com,2024-05-20,Surat
CRM002274,Nisha Mishra,nisha.mishra412@hotmail.com,2022-05-13,Hyderabad
CRM002754,Sneha Sinha,sneha.sinha942@yahoo.com,2022-08-08,Indore
CRM004880,Meera Mehta,meera.mehta400@yahoo.com,2023-12-30,Surat
CRM006136,Raj Reddy,raj.reddy948@hotmail.com,2024-06-03,Ahmedabad
CRM008935,Pooja Kumar,pooja.kumar478@hotmail.com,2022-03-18,Visakhapatnam
CRM003435,Kavya Shah,kavya.shah316@yahoo.com,2022-10-05,Surat
CRM001990,Ishaan Patel,ishaan.patel358@yahoo.com,2023-07-14,Indore
CRM002168,Vihaan Bose,vihaan.bose710@gmail.com,2023-06-07,Coimbatore
CRM002944,Ishaan Iyer,ishaan.iyer861@outlook.com,2024-01-12,Nagpur
CRM000829,Reyan Iyer,reyan.iyer913@gmail.com,2023-10-23,Lucknow
CRM007496,Aarav Gupta,aarav.gupta911@gmail.com,2023-03-31,Delhi
CRM001673,Nisha Mehta,nisha.mehta306@outlook.com,2023-04-28,Kanpur
CRM004095,Suresh Bose,suresh.bose382@gmail.com,2022-07-05,Lucknow
CRM006637,Aadhya Patel,aadhya.patel210@rediff.com,2022-10-19,Bhopal
CRM004343,Ananya Patel,ananya.patel576@outlook.com,2022-10-09,Pune
CRM002677,Sai Mishra,sai.mishra277@outlook.com,2023-12-26,Surat
CRM002276,Vihaan Mishra,vihaan.mishra805@rediff.com,2023-06-30,Visakhapatnam
CRM003146,Pooja Kumar,pooja.kumar643@rediff.com,2022-02-01,Bhopal
CRM004302,Ananya Singh,ananya.singh213@yahoo.com,2024-06-06,Mumbai
CRM002046,Diya Mehta,diya.mehta412@hotmail.com,2024-01-16,Bangalore
CRM005387,Saanvi Bose,saanvi.bose547@yahoo.com,2023-11-23,Mumbai
CRM002847,Kavya Joshi,kavya.joshi718@rediff.com,2022-09-01,Nagpur
CRM003161,Sai Mishra,sai.mishra919@rediff.com,2023-02-19,Visakhapatnam
CRM001296,Kabir Nair,kabir.nair283@gmail.com,2024-03-11,Bangalore
CRM004514,Vihaan Singh,vihaan.singh381@outlook.com,2023-08-07,Mumbai
CRM000592,Deepa Kumar,deepa.kumar114@yahoo.com,2022-12-06,Hyderabad
CRM000222,Nisha Sinha,nisha.sinha784@yahoo.com,2022-04-01,Indore
CRM010219,Riya Chatterjee,riya.chatterjee722@hotmail.com,2022-03-07,Kolkata
CRM006500,Riya Joshi,riya.joshi256@yahoo.com,2023-12-03,Vadodara
CRM010195,Ananya Kumar,ananya.kumar805@yahoo.com,2022-06-11,Chennai
CRM000859,Sai Kumar,sai.kumar876@rediff.com,2023-12-08,Surat
CRM003827,Kabir Iyer,kabir.iyer535@hotmail.com,2022-05-11,Kolkata
CRM003465,Aarav Nair,aarav.nair307@yahoo.com,2023-10-13,Delhi
CRM005383,Nisha Mehta,nisha.mehta310@yahoo.com,2023-12-04,Coimbatore
CRM000842,Priya Pillai,priya.pillai218@hotmail.com,2022-10-13,Lucknow
CRM009145,Amit Singh,amit.singh216@gmail.com,2022-10-08,Chennai
CRM005820,Sai Pillai,sai.pillai881@gmail.com,2022-04-09,Vadodara
CRM008290,Deepa Bose,deepa.bose117@hotmail.com,2023-09-28,Bangalore
CRM000995,Raj Gupta,raj.gupta902@rediff.com,2023-10-09,Bhopal
CRM005355,Rahul Chatterjee,rahul.chatterjee891@hotmail.com,2023-12-25,Chennai
CRM001555,Kavya Pillai,kavya.pillai471@hotmail.com,2023-02-14,Bangalore
CRM009714,Priya Sinha,priya.sinha181@hotmail.com,2023-12-30,Vadodara
CRM009444,Meera Pillai,meera.pillai624@yahoo.com,2023-04-19,Pune
CRM009689,Deepa Bose,deepa.bose791@hotmail.com,2023-08-03,Ahmedabad
CRM008829,Suresh Rao,suresh.rao875@rediff.com,2023-08-10,Bangalore
CRM004873,Vihaan Nair,vihaan.nair132@hotmail.com,2023-06-07,Delhi
CRM009454,Rahul Shah,rahul.shah126@hotmail.com,2022-08-14,Coimbatore
CRM004000,Vihaan Kumar,vihaan.kumar836@outlook.com,2022-01-25,Ahmedabad
CRM007803,Raj Mishra,raj.mishra671@yahoo.com,2022-07-31,Vadodara
CRM006157,Amit Tiwari,amit.tiwari515@rediff.com,2022-12-26,Chennai
CRM003401,Priya Tiwari,,2022-12-05,Kanpur
CRM003108,Diya Tiwari,diya.tiwari831@rediff.com,2022-03-02,Bhopal
CRM005441,Vijay Gupta,vijay.gupta872@hotmail.com,2022-07-01,Patna
CRM002234,Rohan Joshi,rohan.joshi161@yahoo.com,2022-06-02,Pune
CRM007646,Saanvi Shah,saanvi.shah504@gmail.com,2022-10-05,Bangalore
CRM000401,Sneha Mishra,sneha.mishra196@gmail.com,2023-03-17,Indore
CRM003534,Reyan Shah,reyan.shah869@outlook.com,2024-02-25,Surat
CRM007767,Meera Tiwari,meera.tiwari750@rediff.com,2023-07-03,Kanpur
CRM004141,Aadhya Shah,aadhya.shah150@rediff.com,2023-04-24,Hyderabad
CRM002596,Vihaan Pillai,vihaan.pillai433@yahoo.com,2024-03-24,Ahmedabad
CRM007368,Kavya Joshi,kavya.joshi214@yahoo.com,2022-12-23,Delhi
CRM008421,Aadhya Verma,aadhya.verma617@yahoo.com,2023-06-08,Bhopal
CRM000060,Vijay Sinha,vijay.sinha147@gmail.com,2022-08-20,Bangalore
CRM006933,Raj Das,raj.das81@outlook.com,2023-12-26,Bhopal
CRM009853,Raj Joshi,raj.joshi380@outlook.com,2022-06-06,Bhopal
CRM003847,Aadhya Reddy,aadhya.reddy983@yahoo.com,2022-09-25,Hyderabad
CRM007548,Vihaan Nair,vihaan.nair53@gmail.com,2024-03-06,Delhi
CRM001329,Raj Nair,raj.nair356@gmail.com,2023-10-31,Indore
CRM010393,Sneha Mehta,sneha.mehta704@gmail.com,2022-07-20,Mumbai
CRM009747,Rahul Pillai,rahul.pillai953@hotmail.com,2022-02-19,Surat
CRM004077,Ananya Mehta,ananya.mehta692@hotmail.com,2023-08-08,Kolkata
CRM005228,Aarav Pillai,aarav.pillai21@yahoo.com,2024-01-16,Bangalore
CRM001551,Aarav Das,aarav.das302@rediff.com,2022-06-22,Lucknow
CRM001010,Arjun Verma,arjun.verma225@rediff.com,2022-12-20,Mumbai
CRM001613,Aditya Tiwari,aditya.tiwari591@rediff.com,2023-01-24,Vadodara
CRM008539,Aadhya Pillai,aadhya.pillai832@rediff.com,2023-06-03,Kolkata
CRM006761,Riya Shah,riya.shah932@gmail.com,2023-07-04,Mumbai
CRM000649,Sneha Chatterjee,sneha.chatterjee139@gmail.com,2022-06-07,Visakhapatnam
CRM000880,Nisha Iyer,nisha.iyer511@yahoo.com,2022-11-17,Indore
CRM007195,Aadhya Bose,aadhya.bose557@rediff.com,2022-07-08,Kolkata
CRM002304,Reyan Chatterjee,reyan.chatterjee135@outlook.com,2022-08-23,Coimbatore
CRM010295,Reyan Bose,reyan.bose339@outlook.com,2022-12-13,Coimbatore
CRM007279,Rohan Bose,rohan.bose547@hotmail.com,2024-03-30,Mumbai
CRM000551,Aditya Reddy,aditya.reddy219@yahoo.com,2022-10-19,Nagpur
CRM007930,Diya Nair,diya.nair538@hotmail.com,2024-05-03,Bangalore
CRM004975,Aditya Joshi,aditya.joshi926@rediff.com,2023-03-13,Thane
CRM006244,Rohan Singh,rohan.singh591@rediff.com,2024-02-03,Bangalore
CRM002110,Meera Rao,meera.rao394@rediff.com,2022-06-18,Thane
CRM000212,Vivaan Sharma,vivaan.sharma258@yahoo.com,2023-11-24,Kanpur
CRM003234,Kritika Iyer,kritika.iyer516@yahoo.com,2023-08-09,Pune
CRM004027,Diya Sinha,diya.sinha358@yahoo.com,2022-04-07,Nagpur
CRM008609,Nisha Joshi,nisha.joshi484@hotmail.com,2024-01-25,Delhi
CRM003946,Deepa Pillai,deepa.pillai177@outlook.com,2023-01-17,Kanpur
CRM005539,Sneha Sinha,sneha.sinha403@hotmail.com,2024-05-08,Delhi
CRM001439,Saanvi Sinha,saanvi.sinha398@hotmail.com,2022-10-28,Kolkata
CRM002516,Rahul Gupta,rahul.gupta425@gmail.com,2022-08-25,Pune
CRM006525,Riya Singh,riya.singh554@outlook.com,2022-09-23,Patna
CRM008487,Nisha Nair,nisha.nair415@yahoo.com,2022-02-10,Visakhapatnam
CRM000697,Priya Rao,priya.rao387@gmail.com,2023-04-28,Pune
CRM008422,Vihaan Verma,vihaan.verma386@rediff.com,2024-01-24,Surat
CRM008971,Kabir Mishra,kabir.mishra847@rediff.com,2024-04-07,Delhi
CRM006415,Vihaan Nair,vihaan.nair615@rediff.com,2023-08-24,Lucknow
CRM003334,Riya Sinha,riya.sinha554@yahoo.com,2023-02-27,Chennai
CRM001315,Suresh Joshi,suresh.joshi916@rediff.com,2023-02-05,Lucknow
CRM005415,Deepa Mishra,deepa.mishra987@hotmail.com,2024-02-06,Coimbatore
CRM008677,Ishaan Sinha,ishaan.sinha366@rediff.com,2022-06-02,Vadodara
CRM009478,Kabir Joshi,kabir.joshi479@yahoo.com,2022-07-25,Bangalore
CRM000013,Saanvi Shah,saanvi.shah432@rediff.com,2023-12-04,Lucknow
CRM007991,Aarav Bose,aarav.bose783@hotmail.com,2024-03-16,Pune
CRM007416,Rohan Singh,rohan.singh68@yahoo.com,2024-01-27,Vadodara
CRM001347,Arjun Das,arjun.das599@gmail.com,2023-05-31,Pune
CRM009271,Reyan Gupta,reyan.gupta198@yahoo.com,2022-02-21,Ahmedabad
CRM000454,Vihaan Mehta,vihaan.mehta866@outlook.com,2023-03-02,Pune
CRM005020,Priya Chatterjee,priya.chatterjee420@yahoo.com,2022-10-17,Delhi
CRM005435,Reyan Mishra,reyan.mishra494@outlook.com,2022-12-30,Lucknow
CRM007353,Kabir Patel,kabir.patel51@rediff.com,2022-02-01,Vadodara
CRM009357,Ananya Shah,ananya.shah786@hotmail.com,2022-10-25,Lucknow
CRM007477,Meera Patel,meera.patel509@gmail.com,2023-11-27,Mumbai
CRM000038,Aadhya Joshi,aadhya.joshi824@hotmail.com,2023-06-11,Vadodara
CRM001044,Vijay Sharma,vijay.sharma116@yahoo.com,2024-05-02,Mumbai
CRM008612,Diya Kumar,diya.kumar122@gmail.com,2022-02-14,Surat
CRM000941,Deepa Kumar,deepa.kumar837@hotmail.com,2022-08-12,Bangalore
CRM004576,Deepa Nair,deepa.nair860@gmail.com,2023-06-09,Surat
CRM003911,Kritika Patel,kritika.patel964@hotmail.com,2024-02-07,Mumbai
CRM004084,Riya Gupta,riya.gupta880@outlook.com,2022-01-28,Mumbai
CRM000539,Nisha Pillai,nisha.pillai279@gmail.com,2024-04-07,Thane
CRM005901,Kabir Tiwari,kabir.tiwari243@outlook.com,2024-06-29,Jaipur
CRM006326,Ishaan Nair,ishaan.nair83@yahoo.com,2024-03-17,Bangalore
CRM001401,Ananya Das,ananya.das647@yahoo.com,2023-04-18,Patna
CRM004699,Aadhya Sharma,aadhya.sharma600@gmail.com,2023-03-27,Chennai
CRM007728,Kabir Reddy,kabir.reddy864@gmail.com,2022-09-29,Patna
CRM002268,Deepa Sharma,,2022-05-20,Vadodara
CRM009282,Meera Sharma,meera.sharma826@yahoo.com,2022-12-05,--
CRM006595,Meera Chatterjee,meera.chatterjee438@gmail.com,2022-07-01,Bangalore
CRM002471,Pooja Kumar,pooja.kumar686@gmail.com,2024-01-15,Mumbai
CRM006337,Kavya Mehta,kavya.mehta94@outlook.com,2022-07-10,Coimbatore
CRM009464,Kritika Sharma,kritika.sharma686@rediff.com,2023-11-18,Hyderabad
CRM007629,Kavya Bose,kavya.bose934@hotmail.com,2023-01-24,Thane
CRM007613,Kabir Bose,kabir.bose83@hotmail.com,2023-11-28,Kanpur
CRM009376,Kritika Chatterjee,kritika.chatterjee988@outlook.com,2022-01-08,Chennai
CRM009211,Aarav Nair,aarav.nair253@gmail.com,2023-05-17,Nagpur
CRM007681,Deepa Patel,deepa.patel819@outlook.com,2022-12-11,Bhopal
CRM004078,Raj Verma,raj.verma30@hotmail.com,2022-04-02,Kanpur
CRM007210,Raj Shah,raj.shah60@yahoo.com,2022-10-14,Hyderabad
CRM009702,Kritika Verma,kritika.verma638@rediff.com,2023-05-15,Mumbai
CRM009563,Sneha Shah,sneha.shah639@outlook.com,2022-05-28,Mumbai
CRM004177,Vivaan Verma,vivaan.verma552@gmail.com,2023-07-18,Bangalore
CRM005419,Sai Singh,sai.singh13@yahoo.com,2022-09-25,Thane
CRM001740,Vijay Tiwari,vijay.tiwari593@hotmail.com,2022-07-13,Chennai
CRM003609,Priya Patel,priya.patel230@gmail.com,2023-10-03,Hyderabad
CRM005304,Vihaan Joshi,vihaan.joshi549@hotmail.com,2023-01-23,Delhi
CRM000899,Priya Mishra,priya.mishra643@gmail.com,2022-03-02,Surat
CRM008790,Sai Reddy,sai.reddy809@gmail.com,2023-04-06,Coimbatore
CRM004216,Diya Gupta,diya.gupta539@rediff.com,2024-05-09,Nagpur
CRM006493,Arjun Verma,arjun.verma542@rediff.com,2022-03-05,Pune
CRM003018,Ishaan Patel,ishaan.patel229@hotmail.com,2024-04-07,Patna
CRM004908,Priya Mishra,priya.mishra53@outlook.com,2024-02-14,Vadodara
CRM001564,Aadhya Chatterjee,aadhya.chatterjee711@yahoo.com,2022-04-16,Visakhapatnam
CRM002620,Kabir Sinha,kabir.sinha258@outlook.com,2023-08-18,Ahmedabad
CRM002738,Aarav Iyer,aarav.iyer234@yahoo.com,2023-07-07,Patna
CRM007412,Arjun Shah,arjun.shah325@rediff.com,2023-04-13,Lucknow
CRM004490,Sai Sharma,sai.sharma372@gmail.com,2023-04-27,Kolkata
CRM004061,Suresh Kumar,suresh.kumar699@rediff.com,2023-01-29,Thane
CRM008510,Reyan Nair,reyan.nair83@outlook.com,2024-05-03,Delhi
CRM009591,Deepa Mishra,deepa.mishra90@outlook.com,2022-06-02,Nagpur
CRM009938,Nisha Gupta,nisha.gupta968@yahoo.com,2022-09-21,Lucknow
CRM005747,Aditya Mehta,aditya.mehta711@hotmail.com,2024-02-07,Lucknow
CRM008536,Ishaan Das,ishaan.das850@outlook.com,2022-12-16,Thane
CRM008169,Diya Mehta,diya.mehta325@hotmail.com,2024-05-01,Delhi
CRM006454,Nisha Pillai,nisha.pillai579@hotmail.com,2024-05-02,Kanpur
CRM009046,Vijay Reddy,vijay.reddy911@hotmail.com,2022-01-05,Ahmedabad
CRM009302,Vijay Mehta,vijay.mehta486@yahoo.com,2022-02-14,Indore
CRM007234,Reyan Verma,reyan.verma841@outlook.com,2023-02-09,Nagpur
CRM009877,Rohan Singh,rohan.singh534@yahoo.com,2022-07-01,Kanpur
CRM002214,Arjun Verma,arjun.verma474@yahoo.com,2024-02-17,Bangalore
CRM000834,Raj Mishra,raj.mishra84@yahoo.com,2024-05-11,Nagpur
CRM007511,Kavya Reddy,kavya.reddy564@rediff.com,2023-02-23,Mumbai
CRM009358,Deepa Reddy,deepa.reddy965@outlook.com,2022-09-15,Hyderabad
CRM002983,Suresh Shah,suresh.shah442@hotmail.com,2022-06-16,Bhopal
CRM004402,Diya Bose,diya.bose861@outlook.com,2022-09-28,Delhi
CRM005821,Ishaan Nair,ishaan.nair213@hotmail.com,2024-03-16,Lucknow
CRM004542,Sai Sinha,sai.sinha861@hotmail.com,2022-01-12,Visakhapatnam
CRM005266,Ishaan Shah,ishaan.shah133@rediff.com,2022-10-07,Bhopal
CRM009097,Vijay Sharma,vijay.sharma173@rediff.com,2023-03-04,Visakhapatnam
CRM009985,Arjun Verma,arjun.verma613@rediff.com,2024-01-15,Kanpur
CRM003287,Aadhya Gupta,,2022-05-07,UNKNOWN
CRM003025,Rohan Nair,rohan.nair475@gmail.com,2023-05-05,Lucknow
CRM006067,Reyan Kumar,reyan.kumar272@outlook.com,2023-07-31,Mumbai
CRM009692,Vihaan Gupta,vihaan.gupta979@yahoo.com,2022-05-30,XX_CITY
CRM003066,Vihaan Reddy,vihaan.reddy192@gmail.com,2022-04-06,Bangalore
CRM006011,Raj Patel,raj.patel302@yahoo.com,2023-12-08,Mumbai
CRM000931,Diya Nair,diya.nair729@yahoo.com,2023-07-16,Visakhapatnam
CRM004814,Ananya Bose,ananya.bose492@rediff.com,2022-07-09,Pune
CRM001198,Meera Sinha,meera.sinha53@outlook.com,2022-07-28,Chennai
CRM005862,Amit Mishra,amit.mishra737@gmail.com,2023-09-12,Surat
CRM005546,Priya Sinha,priya.sinha426@outlook.com,2024-02-25,Pune
CRM007319,Sai Nair,sai.nair715@gmail.com,2024-03-30,Delhi
CRM001430,Arjun Rao,arjun.rao560@rediff.com,2022-02-01,Lucknow
CRM007039,Reyan Iyer,reyan.iyer927@rediff.com,2023-09-12,Kolkata
CRM007376,Vijay Nair,vijay.nair746@yahoo.com,2022-07-17,Mumbai
CRM001154,Sai Kumar,sai.kumar196@outlook.com,2024-03-30,Delhi
CRM003636,Kavya Sinha,kavya.sinha680@hotmail.com,2023-05-08,Ahmedabad
CRM005013,Ananya Rao,ananya.rao354@yahoo.com,2023-11-27,Coimbatore
CRM009971,Arjun Sharma,arjun.sharma987@hotmail.com,2024-05-14,Jaipur
CRM001195,Vijay Rao,vijay.rao332@yahoo.com,2024-06-23,Indore
CRM004293,Arjun Sharma,arjun.sharma914@gmail.com,2024-06-17,Jaipur
CRM000965,Raj Tiwari,raj.tiwari162@gmail.com,2023-09-15,Visakhapatnam
CRM005372,Aarav Chatterjee,,2022-12-01,Bangalore
CRM007432,Rohan Mehta,rohan.mehta745@outlook.com,2023-11-30,Mumbai
CRM003275,Sai Sinha,sai.sinha557@gmail.com,2022-12-20,Bhopal
CRM006404,Kabir Singh,kabir.singh901@yahoo.com,2023-03-02,Bangalore
CRM001484,Rohan Joshi,rohan.joshi165@outlook.com,2022-04-28,Delhi
CRM006508,Vivaan Shah,vivaan.shah438@rediff.com,2024-03-21,Delhi
CRM010367,Amit Nair,amit.nair955@yahoo.com,2022-06-25,Ahmedabad
CRM006583,Ishaan Chatterjee,ishaan.chatterjee889@gmail.com,2023-09-20,Delhi
CRM006254,Rohan Reddy,rohan.reddy556@gmail.com,2023-08-16,Vadodara
CRM001427,Priya Iyer,priya.iyer90@hotmail.com,2022-11-02,Coimbatore
CRM002545,Aarav Gupta,aarav.gupta196@yahoo.com,2023-09-22,Delhi
CRM004280,Arjun Chatterjee,arjun.chatterjee930@yahoo.com,2023-11-27,Mumbai
CRM002179,Sneha Singh,sneha.singh872@rediff.com,2022-01-04,Mumbai
CRM006495,Pooja Gupta,pooja.gupta449@gmail.com,2023-10-02,Lucknow
CRM006456,Raj Shah,raj.shah304@yahoo.com,2022-11-28,Mumbai
CRM001058,Vivaan Nair,vivaan.nair208@outlook.com,2023-11-12,Visakhapatnam
CRM004853,Pooja Sharma,pooja.sharma685@rediff.com,2023-11-23,Surat
CRM003126,Rahul Nair,rahul.nair344@yahoo.com,2023-09-12,Bangalore
CRM004033,Vivaan Iyer,vivaan.iyer702@hotmail.com,2022-12-09,Ahmedabad
CRM008567,Aadhya Rao,aadhya.rao76@hotmail.com,2023-05-18,Patna
CRM003695,Aarav Mehta,aarav.mehta563@hotmail.com,2023-09-23,Hyderabad
CRM008607,Amit Mishra,amit.mishra364@yahoo.com,2024-04-15,Delhi
CRM001545,Diya Verma,diya.verma356@yahoo.com,2022-08-22,Mumbai
CRM008271,Nisha Nair,nisha.nair572@outlook.com,2022-05-15,Lucknow
CRM007258,Ananya Sharma,ananya.sharma297@hotmail.com,2023-11-29,Hyderabad
CRM003054,Arjun Verma,arjun.verma646@yahoo.com,2023-10-28,Kolkata
CRM004719,Vijay Reddy,vijay.reddy492@gmail.com,2022-05-30,Mumbai
CRM000725,Priya Shah,priya.shah569@rediff.com,2022-08-16,Mumbai
CRM004978,Kritika Tiwari,kritika.tiwari214@rediff.com,2023-11-26,Delhi
CRM006350,Aarav Sinha,aarav.sinha12@yahoo.com,2024-03-20,Kanpur
CRM001128,Kabir Nair,kabir.nair791@gmail.com,2023-08-05,Chennai
CRM009276,Kabir Tiwari,kabir.tiwari441@rediff.com,2024-05-25,Pune
CRM005964,Kritika Mehta,kritika.mehta398@yahoo.com,2022-01-27,Vadodara
CRM005564,Aadhya Mehta,aadhya.mehta308@gmail.com,2022-04-26,Hyderabad
CRM004004,Priya Joshi,,2024-03-29,Surat
CRM008541,Diya Rao,,2023-08-13,Bangalore
CRM006128,Saanvi Chatterjee,saanvi.chatterjee389@outlook.com,2023-06-06,Ahmedabad
CRM006622,Kritika Kumar,kritika.kumar302@outlook.com,2022-01-08,Lucknow
CRM001562,Ishaan Iyer,ishaan.iyer898@rediff.com,2022-01-05,Pune
CRM004066,Sai Mishra,sai.mishra695@outlook.com,2024-04-25,Chennai
CRM005362,Vivaan Nair,vivaan.nair845@hotmail.com,2023-12-31,Nagpur
CRM002883,Aadhya Tiwari,aadhya.tiwari95@yahoo.com,2023-03-02,Vadodara
CRM005577,Aditya Iyer,aditya.iyer830@yahoo.com,2023-05-11,Indore
CRM006351,Amit Mishra,amit.mishra658@outlook.com,2023-04-17,Lucknow
CRM003575,Priya Sharma,priya.sharma868@outlook.com,2023-07-22,Mumbai
CRM004868,Aditya Sharma,aditya.sharma145@gmail.com,2024-01-01,Thane
CRM009929,Ishaan Chatterjee,ishaan.chatterjee834@hotmail.com,2022-08-06,Vadodara
CRM006791,Diya Bose,diya.bose211@hotmail.com,2022-11-06,Visakhapatnam
CRM009662,Saanvi Singh,saanvi.singh297@gmail.com,2022-08-04,Delhi
CRM003046,Vivaan Bose,,2023-12-09,Bhopal
CRM009882,Deepa Tiwari,deepa.tiwari649@gmail.com,2022-07-07,Jaipur
CRM003738,Aarav Mishra,aarav.mishra201@yahoo.com,2022-05-14,Coimbatore
CRM008876,Nisha Singh,nisha.singh125@hotmail.com,2023-01-25,Thane
CRM006394,Kritika Mishra,kritika.mishra623@gmail.com,2022-04-20,Patna
CRM008438,Riya Das,riya.das506@hotmail.com,2023-10-24,Thane
CRM002606,Raj Gupta,raj.gupta367@outlook.com,2022-10-19,Coimbatore
CRM001393,Meera Chatterjee,meera.chatterjee482@rediff.com,2022-09-09,Delhi
CRM008112,Pooja Iyer,pooja.iyer763@yahoo.com,2022-10-07,Indore
CRM000753,Ishaan Verma,ishaan.verma854@outlook.com,2024-02-25,Delhi
CRM009435,Arjun Singh,arjun.singh34@rediff.com,2023-01-14,Coimbatore
CRM004608,Kritika Pillai,kritika.pillai545@outlook.com,2022-07-13,Lucknow
CRM003466,Deepa Iyer,deepa.iyer412@rediff.com,2023-04-22,Patna
CRM009150,Ananya Rao,ananya.rao231@hotmail.com,2022-10-17,Kanpur
CRM004036,Vihaan Rao,vihaan.rao808@hotmail.com,2022-01-01,Hyderabad
CRM000018,Ananya Joshi,ananya.joshi233@outlook.com,2024-03-21,Nagpur
CRM001771,Sai Bose,sai.bose739@rediff.com,2023-02-01,Lucknow
CRM001889,Diya Nair,diya.nair525@yahoo.com,2022-06-03,Indore
CRM001643,Sai Kumar,sai.kumar976@rediff.com,2022-11-19,Ahmedabad
CRM002317,Kavya Mehta,kavya.mehta241@gmail.com,2023-08-22,Mumbai
CRM007143,Pooja Singh,pooja.singh900@yahoo.com,2024-06-28,Ahmedabad
CRM000133,Saanvi Chatterjee,saanvi.chatterjee893@gmail.com,2023-11-22,Coimbatore
CRM005624,Kritika Pillai,kritika.pillai339@hotmail.com,2023-03-12,Nagpur
CRM003017,Kritika Singh,kritika.singh699@yahoo.com,2024-03-01,Indore
CRM008199,Rahul Bose,rahul.bose18@yahoo.com,2023-09-30,Bhopal
CRM008594,Kritika Bose,kritika.bose559@hotmail.com,2024-01-20,Chennai
CRM001096,Deepa Tiwari,deepa.tiwari360@outlook.com,2022-06-27,Kanpur
CRM009494,Vijay Mehta,vijay.mehta219@hotmail.com,2024-05-13,Thane
CRM005248,Kritika Joshi,kritika.joshi743@rediff.com,2023-03-21,Kolkata
CRM000528,Saanvi Reddy,saanvi.reddy578@gmail.com,2023-04-06,Bangalore
CRM008688,Reyan Shah,reyan.shah192@rediff.com,2023-06-03,Pune
CRM002003,Reyan Nair,reyan.nair55@yahoo.com,2023-07-27,Bhopal
CRM006387,Ishaan Kumar,ishaan.kumar891@yahoo.com,2022-12-24,Surat
CRM000169,Meera Patel,meera.patel100@outlook.com,2022-10-16,Patna
CRM009489,Rahul Das,rahul.das608@rediff.com,2023-06-12,Chennai
CRM004732,Amit Pillai,,2022-07-25,Patna
CRM001920,Vihaan Shah,vihaan.shah973@hotmail.com,2022-10-08,Kolkata
CRM000702,Kritika Sharma,kritika.sharma400@rediff.com,2023-01-23,Kanpur
CRM007114,Diya Kumar,diya.kumar797@hotmail.com,2023-03-10,Jaipur
CRM010024,Vihaan Kumar,vihaan.kumar828@gmail.com,2022-06-14,Jaipur
CRM008424,Ishaan Sinha,ishaan.sinha903@yahoo.com,2024-06-04,Coimbatore
CRM008832,Diya Shah,diya.shah115@rediff.com,2023-06-16,Kolkata
CRM007601,Aarav Pillai,aarav.pillai179@yahoo.com,2023-02-18,Nagpur
CRM009738,Sai Iyer,sai.iyer397@rediff.com,2022-12-28,Hyderabad
CRM000773,Arjun Joshi,arjun.joshi217@gmail.com,2023-11-17,Jaipur
CRM001299,Ananya Bose,ananya.bose274@gmail.com,2024-02-21,Hyderabad
CRM003131,Vijay Mishra,vijay.mishra419@outlook.com,2022-01-21,Jaipur
CRM001353,Suresh Gupta,suresh.gupta610@yahoo.com,2023-11-19,Thane
CRM010425,Kavya Sharma,kavya.sharma196@hotmail.com,2024-01-21,Bangalore
CRM008356,Ishaan Sinha,ishaan.sinha756@rediff.com,2023-11-25,Bangalore
CRM001288,Ananya Gupta,ananya.gupta700@rediff.com,2022-11-25,Indore
CRM003795,Sneha Nair,sneha.nair335@gmail.com,2023-05-24,Mumbai
CRM010191,Deepa Gupta,deepa.gupta827@gmail.com,2023-01-05,Visakhapatnam
CRM008792,Reyan Mishra,reyan.mishra892@hotmail.com,2024-04-14,Delhi
CRM009846,Vivaan Sharma,vivaan.sharma623@yahoo.com,2023-05-29,Thane
CRM004677,Ishaan Chatterjee,ishaan.chatterjee227@hotmail.com,2022-05-14,Ahmedabad
CRM002014,Diya Sharma,diya.sharma479@hotmail.com,2024-06-27,Coimbatore
CRM006518,Rahul Pillai,rahul.pillai174@rediff.com,2023-01-02,Patna
CRM007380,Raj Das,raj.das39@rediff.com,2023-07-07,Pune
CRM010236,Vivaan Shah,vivaan.shah415@yahoo.com,2023-02-07,Ahmedabad
CRM003013,Raj Reddy,raj.reddy191@rediff.com,2022-02-13,Coimbatore
CRM009162,Sai Pillai,sai.pillai730@gmail.com,2024-02-03,Mumbai
CRM002148,Ananya Nair,ananya.nair519@outlook.com,2024-03-28,Nagpur
CRM007347,Suresh Chatterjee,suresh.chatterjee517@yahoo.com,2022-08-17,Hyderabad
CRM004897,Aditya Bose,aditya.bose197@rediff.com,2024-03-03,Ahmedabad
CRM007732,Pooja Pillai,pooja.pillai777@outlook.com,2024-03-04,Patna
CRM008017,Arjun Bose,arjun.bose480@outlook.com,2023-04-05,Jaipur
CRM004970,Amit Bose,amit.bose22@outlook.com,2022-09-29,Indore
CRM000450,Ananya Rao,ananya.rao675@yahoo.com,2024-01-10,Bangalore
CRM002969,Aditya Joshi,aditya.joshi801@gmail.com,2023-05-20,Indore
CRM008920,Deepa Kumar,deepa.kumar924@rediff.com,2022-11-28,Lucknow
CRM003890,Amit Sinha,amit.sinha252@gmail.com,2022-10-11,Patna
CRM010291,Aditya Gupta,aditya.gupta407@rediff.com,2023-03-03,Visakhapatnam
CRM000811,Diya Singh,diya.singh296@outlook.com,2022-04-17,Ahmedabad
CRM006655,Pooja Kumar,pooja.kumar71@yahoo.com,2022-06-05,Pune
CRM007502,Kavya Pillai,kavya.pillai674@gmail.com,2022-01-16,Kanpur
CRM004344,Nisha Iyer,nisha.iyer374@yahoo.com,2022-03-31,Patna
CRM004964,Vijay Mishra,vijay.mishra895@hotmail.com,2022-11-14,Hyderabad
CRM008087,Nisha Chatterjee,nisha.chatterjee817@gmail.com,2023-06-29,Vadodara
CRM006804,Arjun Shah,arjun.shah846@outlook.com,2023-10-28,Chennai
CRM008970,Reyan Patel,reyan.patel922@outlook.com,2022-07-28,Mumbai
CRM009474,Meera Gupta,meera.gupta751@rediff.com,2022-10-31,Bhopal
CRM001478,Kabir Kumar,kabir.kumar628@rediff.com,2022-11-20,Indore
CRM001791,Ishaan Shah,ishaan.shah154@yahoo.com,2022-12-18,Ahmedabad
CRM002334,Vijay Patel,vijay.patel826@hotmail.com,2022-07-21,Hyderabad
CRM002009,Vijay Sinha,vijay.sinha324@rediff.com,2022-01-05,Lucknow
CRM000683,Meera Joshi,meera.joshi403@rediff.com,2023-03-30,XX_CITY
CRM004185,Suresh Pillai,suresh.pillai402@gmail.com,2023-11-21,Mumbai
CRM004823,Saanvi Singh,saanvi.singh676@outlook.com,2023-06-25,Coimbatore
CRM002860,Priya Gupta,priya.gupta20@outlook.com,2023-05-30,Bangalore
CRM000058,Arjun Joshi,arjun.joshi72@hotmail.com,2022-03-01,Jaipur
CRM003502,Deepa Kumar,deepa.kumar279@outlook.com,2023-11-29,Indore
CRM004780,Amit Mehta,,2024-04-30,Visakhapatnam
CRM005322,Deepa Reddy,deepa.reddy786@rediff.com,2024-04-07,Ahmedabad
CRM005929,Rahul Sinha,rahul.sinha330@hotmail.com,2022-07-27,Vadodara
CRM004239,Reyan Chatterjee,reyan.chatterjee522@rediff.com,2023-09-26,Bangalore
CRM000047,Aadhya Joshi,aadhya.joshi579@yahoo.com,2022-06-24,Vadodara
CRM000031,Deepa Rao,deepa.rao559@yahoo.com,2023-03-27,Kolkata
CRM009916,Sai Gupta,sai.gupta615@gmail.com,2022-04-18,Ahmedabad
CRM010384,Rahul Mishra,rahul.mishra587@hotmail.com,2022-01-31,Visakhapatnam
CRM005370,Rohan Tiwari,rohan.tiwari646@yahoo.com,2024-06-23,Lucknow
CRM001469,Vivaan Rao,vivaan.rao887@outlook.com,2023-12-11,Surat
CRM001666,Sai Iyer,sai.iyer570@gmail.com,2024-03-05,Delhi
CRM001417,Nisha Patel,nisha.patel123@gmail.com,2022-03-09,Indore
CRM005289,Diya Mehta,diya.mehta933@hotmail.com,2024-04-09,Kolkata
CRM002359,Meera Rao,meera.rao959@outlook.com,2023-04-21,Delhi
CRM005482,Suresh Bose,suresh.bose609@rediff.com,2023-07-15,Indore
CRM007558,Raj Gupta,raj.gupta383@gmail.com,2023-04-20,Nagpur
CRM003296,Amit Bose,amit.bose333@gmail.com,2023-08-20,Bangalore
CRM009081,Aditya Sharma,aditya.sharma749@rediff.com,2023-10-15,Bhopal
CRM004273,Sai Tiwari,sai.tiwari43@outlook.com,2022-06-23,Jaipur
CRM000430,Sneha Joshi,sneha.joshi869@yahoo.com,2023-06-22,Thane
CRM006071,Nisha Rao,nisha.rao890@hotmail.com,2024-04-17,Chennai
CRM005067,Kavya Joshi,kavya.joshi882@outlook.com,2023-06-06,Kolkata
CRM000386,Priya Joshi,priya.joshi893@rediff.com,2023-08-21,Pune
CRM001946,Aadhya Mishra,aadhya.mishra938@outlook.com,2022-10-12,Pune
CRM004872,Kabir Kumar,kabir.kumar255@rediff.com,2022-02-01,Hyderabad
CRM007403,Kritika Sinha,kritika.sinha946@hotmail.com,2022-11-20,Visakhapatnam
CRM002849,Nisha Gupta,nisha.gupta217@outlook.com,2023-08-12,Bangalore
CRM000474,Nisha Nair,nisha.nair110@yahoo.com,2023-09-10,Mumbai
CRM005995,Diya Mishra,diya.mishra957@outlook.com,2023-08-27,Patna
CRM002848,Nisha Sinha,nisha.sinha846@yahoo.com,2024-01-15,Kanpur
CRM008060,Priya Nair,priya.nair675@yahoo.com,2024-02-24,Coimbatore
CRM010276,Raj Joshi,raj.joshi691@rediff.com,2022-05-08,Ahmedabad
CRM007574,Ishaan Singh,ishaan.singh641@hotmail.com,2023-09-08,Bangalore
CRM008067,Ananya Nair,ananya.nair816@outlook.com,2022-12-11,Patna
CRM001056,Sneha Kumar,sneha.kumar394@yahoo.com,2024-03-19,Kanpur
CRM002282,Rahul Bose,rahul.bose302@outlook.com,2024-02-29,Bhopal
CRM005728,Arjun Iyer,,2022-02-27,Indore
CRM009456,Vivaan Shah,vivaan.shah734@rediff.com,2023-12-30,Chennai
CRM006396,Kabir Reddy,kabir.reddy833@gmail.com,2023-06-22,Vadodara
CRM008818,Arjun Sharma,,2023-03-23,Jaipur
CRM006727,Ananya Reddy,ananya.reddy551@hotmail.com,2022-10-24,Delhi
CRM008852,Aarav Sinha,aarav.sinha244@outlook.com,2023-12-18,Indore
CRM000812,Raj Joshi,raj.joshi893@yahoo.com,2022-04-17,Kolkata
CRM008964,Ananya Sinha,ananya.sinha362@hotmail.com,2023-03-11,Ahmedabad
CRM007459,Vijay Pillai,vijay.pillai154@rediff.com,2023-07-05,UNKNOWN
CRM004327,Diya Sharma,diya.sharma786@hotmail.com,2022-11-07,Patna
CRM005196,Vivaan Bose,vivaan.bose600@outlook.com,2023-02-27,Visakhapatnam
CRM008597,Rohan Das,rohan.das890@hotmail.com,2023-09-24,Chennai
CRM007188,Rahul Kumar,rahul.kumar347@hotmail.com,2023-04-27,Lucknow
CRM000112,Priya Singh,priya.singh357@rediff.com,2022-08-24,Delhi
CRM005937,Reyan Singh,reyan.singh50@gmail.com,2023-01-27,Thane
CRM009550,Vivaan Patel,vivaan.patel252@rediff.com,2024-01-08,Mumbai
CRM003430,Raj Nair,raj.nair886@rediff.com,2022-03-29,Surat
CRM001746,Raj Patel,raj.patel912@outlook.com,2022-02-04,Jaipur
CRM007656,Diya Sinha,diya.sinha141@rediff.com,2024-06-28,Lucknow
CRM001453,Aadhya Chatterjee,aadhya.chatterjee344@hotmail.com,2023-04-25,Bangalore
CRM002150,Sai Pillai,,2023-11-21,Indore
CRM000320,Riya Tiwari,riya.tiwari901@rediff.com,2023-11-06,Kanpur
CRM004573,Rahul Nair,rahul.nair338@hotmail.com,2023-06-28,Bangalore
CRM007643,Vijay Shah,vijay.shah774@yahoo.com,2022-02-28,Jaipur
CRM002674,Vivaan Pillai,vivaan.pillai954@rediff.com,2023-03-01,Pune
CRM001923,Aarav Rao,aarav.rao155@outlook.com,2023-12-30,Lucknow
CRM009923,Vivaan Shah,vivaan.shah740@rediff.com,2023-04-20,Patna
CRM009523,Sai Singh,sai.singh255@hotmail.com,2023-08-07,Patna
CRM005621,Ishaan Sinha,ishaan.sinha779@hotmail.com,2022-03-31,Jaipur
CRM006484,Nisha Pillai,nisha.pillai323@gmail.com,2024-02-08,Thane
CRM003659,Suresh Nair,suresh.nair787@outlook.com,2024-06-07,Bhopal
CRM002130,Vivaan Patel,vivaan.patel295@hotmail.com,2023-12-13,Nagpur
CRM007464,Amit Das,amit.das169@yahoo.com,2023-10-22,Mumbai
CRM006261,Suresh Pillai,suresh.pillai515@rediff.com,2023-03-18,Delhi
CRM009588,Meera Kumar,meera.kumar401@hotmail.com,2023-01-06,Pune
CRM008293,Kritika Gupta,kritika.gupta105@gmail.com,2022-06-21,Kanpur
CRM008404,Kabir Rao,,2024-06-18,Vadodara
CRM007433,Ananya Mishra,ananya.mishra309@rediff.com,2023-10-27,Coimbatore
CRM005693,Aarav Iyer,aarav.iyer851@outlook.com,2024-06-09,Chennai
CRM006259,Ishaan Rao,ishaan.rao987@gmail.com,2023-04-17,Ahmedabad
CRM001053,Kavya Chatterjee,,2024-04-03,Mumbai
CRM006843,Raj Reddy,raj.reddy761@rediff.com,2022-12-21,Patna
CRM004794,Aadhya Rao,aadhya.rao635@hotmail.com,2022-06-10,Bangalore
CRM004589,Vihaan Bose,vihaan.bose684@yahoo.com,2024-06-05,Delhi
CRM000100,Kavya Patel,kavya.patel583@hotmail.com,2023-01-17,Thane
CRM007389,Nisha Iyer,nisha.iyer627@hotmail.com,2023-01-06,Mumbai
CRM001457,Kabir Shah,kabir.shah895@outlook.com,2022-01-06,Coimbatore
CRM000362,Riya Sharma,riya.sharma405@yahoo.com,2023-07-16,Chennai
CRM000813,Nisha Shah,nisha.shah151@hotmail.com,2023-03-02,Indore
CRM001093,Diya Das,,2022-01-10,Jaipur
CRM003288,Aarav Tiwari,aarav.tiwari841@rediff.com,2023-04-26,Patna
CRM004266,Arjun Nair,arjun.nair171@rediff.com,2022-09-17,Surat
CRM010458,Kavya Bose,kavya.bose473@rediff.com,2022-09-26,Pune
CRM005083,Aditya Das,aditya.das654@gmail.com,2023-03-04,Kolkata
CRM009007,Saanvi Pillai,saanvi.pillai914@hotmail.com,2024-05-31,Mumbai
CRM007458,Nisha Sinha,nisha.sinha872@hotmail.com,2023-06-23,Hyderabad
CRM008923,Priya Gupta,priya.gupta941@hotmail.com,2023-05-26,Mumbai
CRM001415,Kavya Sharma,kavya.sharma612@outlook.com,2023-05-23,Vadodara
CRM000541,Aditya Bose,aditya.bose217@hotmail.com,2023-10-29,Indore
CRM006726,Kavya Tiwari,kavya.tiwari430@outlook.com,2022-08-30,Lucknow
CRM006087,Pooja Gupta,pooja.gupta126@yahoo.com,2023-08-06,Kolkata
CRM001147,Aditya Kumar,aditya.kumar986@outlook.com,2022-03-30,Pune
CRM004388,Rahul Patel,rahul.patel837@rediff.com,2024-02-03,Mumbai
CRM000755,Meera Singh,meera.singh208@outlook.com,2022-02-27,Patna
CRM005141,Deepa Pillai,deepa.pillai749@yahoo.com,2023-09-04,Kolkata
CRM003529,Deepa Tiwari,deepa.tiwari31@hotmail.com,2022-12-22,Nagpur
CRM002985,Amit Verma,amit.verma733@gmail.com,2024-05-05,Pune
CRM005226,Riya Pillai,riya.pillai648@rediff.com,2022-10-12,Surat
CRM010199,Ishaan Mehta,ishaan.mehta72@gmail.com,2022-09-19,Coimbatore
CRM004130,Kritika Das,kritika.das943@hotmail.com,2023-10-24,Coimbatore
CRM006320,Sai Mishra,sai.mishra228@hotmail.com,2022-02-21,Chennai
CRM004602,Pooja Patel,pooja.patel408@outlook.com,2023-05-06,Patna
CRM004002,Reyan Tiwari,reyan.tiwari224@outlook.com,2023-10-31,Indore
CRM003743,Ishaan Sinha,ishaan.sinha712@yahoo.com,2022-06-07,Chennai
CRM002609,Vihaan Iyer,vihaan.iyer348@outlook.com,2022-10-02,Vadodara
CRM009415,Sai Mishra,sai.mishra697@rediff.com,2023-08-26,Lucknow
CRM005904,Nisha Das,nisha.das405@gmail.com,2023-10-22,Mumbai
CRM003036,Deepa Joshi,deepa.joshi699@rediff.com,2022-06-08,Patna
CRM009080,Nisha Sinha,nisha.sinha53@yahoo.com,2023-01-10,Ahmedabad
CRM006235,Deepa Joshi,deepa.joshi239@yahoo.com,2023-07-26,Delhi
CRM007230,Saanvi Das,saanvi.das182@gmail.com,2024-04-04,Mumbai
CRM008682,Arjun Kumar,arjun.kumar972@hotmail.com,2023-05-27,Indore
CRM005324,Ishaan Singh,ishaan.singh554@hotmail.com,2022-03-07,Surat
CRM000602,Vivaan Reddy,vivaan.reddy905@rediff.com,2022-10-31,Nagpur
CRM006424,Amit Pillai,amit.pillai731@gmail.com,2023-05-30,Thane
CRM009560,Deepa Mishra,deepa.mishra604@gmail.com,2022-10-07,Mumbai
CRM004158,Sai Reddy,sai.reddy312@outlook.com,2022-07-07,Pune
CRM006700,Vijay Tiwari,vijay.tiwari216@hotmail.com,2022-07-15,Chennai
CRM004566,Aarav Reddy,aarav.reddy237@hotmail.com,2022-07-29,Thane
CRM005731,Priya Reddy,priya.reddy607@gmail.com,2022-10-31,Thane
CRM007488,Sneha Nair,sneha.nair804@hotmail.com,2022-03-11,Pune
CRM001045,Diya Patel,diya.patel792@outlook.com,2023-01-19,Mumbai
CRM008329,Rohan Mishra,rohan.mishra579@hotmail.com,2023-12-19,Vadodara
CRM001558,Meera Kumar,meera.kumar258@outlook.com,2022-09-24,Delhi
CRM004511,Aadhya Bose,aadhya.bose503@yahoo.com,2022-04-08,Ahmedabad
CRM001488,Aditya Sinha,aditya.sinha328@hotmail.com,2022-01-25,Hyderabad
CRM006558,Meera Das,meera.das339@rediff.com,2022-08-12,Chennai
CRM000181,Reyan Reddy,reyan.reddy851@yahoo.com,2024-03-23,Indore
CRM009850,Rohan Shah,rohan.shah414@hotmail.com,2022-02-01,Jaipur
CRM010083,Kritika Iyer,kritika.iyer636@hotmail.com,2022-06-23,Lucknow
CRM002116,Kavya Verma,kavya.verma994@outlook.com,2024-02-10,Nagpur
CRM001700,Rahul Iyer,rahul.iyer442@outlook.com,2024-05-07,Jaipur
CRM001380,Rahul Nair,rahul.nair816@rediff.com,2022-01-14,Hyderabad
CRM003185,Reyan Pillai,reyan.pillai619@gmail.com,2023-05-27,Lucknow
CRM002405,Vihaan Iyer,vihaan.iyer529@outlook.com,2023-11-16,Chennai
CRM001396,Vihaan Verma,vihaan.verma463@outlook.com,2022-05-21,Ahmedabad
CRM006975,Rahul Shah,rahul.shah967@gmail.com,2022-01-12,Patna
CRM000619,Rahul Patel,rahul.patel890@gmail.com,2023-12-23,Bangalore
CRM009646,Pooja Rao,pooja.rao475@gmail.com,2023-03-18,Vadodara
CRM009925,Aditya Tiwari,aditya.tiwari684@yahoo.com,2024-06-08,Nagpur
CRM001601,Kavya Patel,kavya.patel644@yahoo.com,2022-06-20,Bangalore
CRM006624,Ananya Mishra,ananya.mishra149@yahoo.com,2022-03-28,Delhi
CRM006884,Kritika Tiwari,kritika.tiwari442@gmail.com,2022-07-16,Nagpur
CRM001616,Aditya Joshi,aditya.joshi805@yahoo.com,2022-06-29,Kanpur
CRM009894,Suresh Patel,suresh.patel334@hotmail.com,2023-09-30,Vadodara
CRM000439,Suresh Bose,suresh.bose665@gmail.com,2024-06-23,Delhi
CRM004605,Ananya Joshi,ananya.joshi480@yahoo.com,2022-03-01,Lucknow
CRM002084,Sai Rao,sai.rao814@gmail.com,2024-02-07,Delhi
CRM008835,Suresh Kumar,suresh.kumar241@yahoo.com,2022-05-18,Visakhapatnam
CRM004103,Pooja Gupta,pooja.gupta601@yahoo.com,2022-07-05,Bhopal
CRM005936,Vijay Mishra,vijay.mishra612@rediff.com,2024-05-22,Bangalore
CRM005303,Reyan Iyer,reyan.iyer65@outlook.com,2023-10-04,Kanpur
CRM005668,Vivaan Iyer,vivaan.iyer118@rediff.com,2022-12-31,Nagpur
CRM007855,Rahul Bose,rahul.bose689@hotmail.com,2023-02-04,Patna
CRM003023,Meera Sinha,meera.sinha944@hotmail.com,2024-04-26,Jaipur
CRM002546,Meera Bose,meera.bose137@yahoo.com,2022-12-11,Mumbai
CRM008236,Kavya Verma,kavya.verma896@hotmail.com,2023-07-12,Delhi
CRM008926,Aarav Tiwari,aarav.tiwari269@rediff.com,2022-05-17,Bhopal
CRM010173,Vihaan Sinha,vihaan.sinha465@hotmail.com,2023-04-11,Delhi
CRM001919,Kritika Iyer,kritika.iyer807@rediff.com,2023-01-23,Hyderabad
CRM008922,Nisha Gupta,nisha.gupta142@outlook.com,2023-06-20,Bhopal
CRM007086,Kabir Tiwari,kabir.tiwari77@rediff.com,2023-06-23,Hyderabad
CRM006227,Saanvi Bose,saanvi.bose195@hotmail.com,2023-07-17,Delhi
CRM004398,Nisha Rao,nisha.rao37@outlook.com,2024-03-13,Coimbatore
CRM009315,Aadhya Kumar,aadhya.kumar472@rediff.com,2023-12-15,Delhi
CRM002055,Arjun Patel,arjun.patel891@yahoo.com,2023-07-17,Kolkata
CRM005345,Nisha Reddy,nisha.reddy587@yahoo.com,2023-07-28,Mumbai
CRM009872,Rohan Nair,rohan.nair93@yahoo.com,2022-10-26,Nagpur
CRM002363,Kritika Patel,kritika.patel952@yahoo.com,2023-08-30,Ahmedabad
CRM002226,Amit Joshi,amit.joshi113@rediff.com,2022-08-21,Kanpur
CRM009024,Deepa Mishra,deepa.mishra186@yahoo.com,2022-05-21,Pune
CRM001127,Riya Sinha,riya.sinha418@outlook.com,2023-08-20,Thane
CRM010484,Arjun Sharma,arjun.sharma458@gmail.com,2022-08-11,Jaipur
CRM005318,Pooja Joshi,pooja.joshi607@gmail.com,2023-02-02,Delhi
CRM004641,Rohan Singh,rohan.singh789@gmail.com,2023-07-30,--
CRM008508,Deepa Reddy,deepa.reddy211@outlook.com,2024-02-15,Thane
CRM002445,Amit Kumar,amit.kumar167@yahoo.com,2024-06-02,Patna
CRM009537,Priya Mishra,priya.mishra690@gmail.com,2024-06-27,Lucknow
CRM001323,Suresh Bose,suresh.bose449@gmail.com,2024-02-09,Jaipur
CRM001604,Pooja Iyer,,2024-02-06,Bhopal
CRM006378,Vihaan Das,vihaan.das36@outlook.com,2024-05-28,Nagpur
CRM008375,Ananya Das,ananya.das916@yahoo.com,2023-10-29,UNKNOWN
CRM009229,Vihaan Sharma,vihaan.sharma122@outlook.com,2022-04-20,Pune
CRM005010,Rohan Singh,rohan.singh736@yahoo.com,2022-06-06,Bhopal
CRM009868,Priya Tiwari,priya.tiwari585@outlook.com,2023-12-04,Mumbai
CRM005863,Sneha Verma,sneha.verma149@rediff.com,2023-04-01,Nagpur
CRM005096,Diya Singh,diya.singh581@outlook.com,2023-07-27,Bhopal
CRM005776,Arjun Sinha,arjun.sinha239@outlook.com,2022-02-21,Coimbatore
CRM002291,Vivaan Bose,vivaan.bose620@yahoo.com,2022-08-13,Hyderabad
CRM010172,Saanvi Pillai,saanvi.pillai463@outlook.com,2022-06-21,Kolkata
CRM003195,Kabir Sinha,kabir.sinha129@outlook.com,2023-03-12,Chennai
CRM001508,Riya Rao,riya.rao187@rediff.com,2023-07-31,Vadodara
CRM008242,Saanvi Singh,saanvi.singh907@outlook.com,2023-04-29,Coimbatore
CRM001560,Pooja Das,pooja.das511@yahoo.com,2023-06-10,Jaipur
CRM005408,Reyan Mehta,reyan.mehta945@yahoo.com,2022-12-12,Mumbai
CRM003035,Rohan Shah,rohan.shah166@gmail.com,2023-01-30,Jaipur
CRM003315,Aarav Mehta,aarav.mehta965@yahoo.com,2023-07-08,Indore
CRM008750,Nisha Das,nisha.das116@gmail.com,2023-04-10,Kolkata
CRM003856,Arjun Nair,arjun.nair691@hotmail.com,2022-11-03,Surat
CRM001837,Aadhya Chatterjee,aadhya.chatterjee483@gmail.com,2024-01-06,Bangalore
CRM005454,Meera Tiwari,,2022-04-13,Vadodara
CRM003398,Suresh Shah,suresh.shah655@yahoo.com,2023-01-04,Bhopal
CRM000982,Raj Nair,raj.nair252@rediff.com,2023-01-15,Ahmedabad
CRM008975,Vijay Verma,vijay.verma117@gmail.com,2024-04-04,Pune
CRM001355,Sneha Nair,sneha.nair665@yahoo.com,2024-02-27,Indore
CRM002871,Kritika Mehta,kritika.mehta173@rediff.com,2022-11-06,Hyderabad
CRM000046,Sai Chatterjee,sai.chatterjee781@hotmail.com,2023-01-11,Thane
CRM002543,Arjun Sinha,arjun.sinha698@rediff.com,2023-09-11,Pune
CRM004421,Raj Reddy,raj.reddy403@yahoo.com,2023-10-06,Visakhapatnam
CRM000749,Arjun Sharma,arjun.sharma342@gmail.com,2023-04-09,Surat
CRM005757,Vijay Mehta,vijay.mehta112@yahoo.com,2022-01-26,Kolkata
CRM003248,Nisha Singh,nisha.singh345@hotmail.com,2022-01-17,Visakhapatnam
CRM006346,Vivaan Sharma,vivaan.sharma340@yahoo.com,2023-07-03,Visakhapatnam
CRM006815,Reyan Joshi,reyan.joshi724@yahoo.com,2022-08-12,Visakhapatnam
CRM007703,Kabir Sinha,kabir.sinha529@gmail.com,2022-02-24,Bhopal
CRM005382,Pooja Patel,pooja.patel538@outlook.com,2023-01-30,Kolkata
CRM007069,Kritika Nair,kritika.nair296@yahoo.com,2024-06-23,Kanpur
CRM000536,Kritika Das,kritika.das33@hotmail.com,2023-03-27,Nagpur
CRM010406,Ishaan Tiwari,ishaan.tiwari712@yahoo.com,2023-11-25,Pune
CRM005988,Priya Gupta,priya.gupta154@yahoo.com,2022-08-14,Vadodara
CRM007106,Saanvi Pillai,saanvi.pillai556@gmail.com,2024-04-20,Delhi
CRM002252,Arjun Singh,,2022-01-26,Bangalore
CRM004056,Rohan Patel,rohan.patel909@hotmail.com,2024-01-14,Surat
CRM007078,Arjun Mehta,arjun.mehta400@rediff.com,2022-05-24,Kolkata
CRM005701,Raj Tiwari,raj.tiwari481@yahoo.com,2024-03-29,Pune
CRM004376,Vijay Mishra,vijay.mishra260@outlook.com,2022-10-26,Vadodara
CRM007600,Meera Mehta,meera.mehta852@gmail.com,2022-09-25,Ahmedabad
CRM008810,Rohan Chatterjee,rohan.chatterjee952@outlook.com,2023-05-28,Bhopal
CRM007633,Ishaan Das,ishaan.das808@yahoo.com,2023-06-07,Kanpur
CRM003708,Suresh Verma,suresh.verma285@outlook.com,2022-10-29,Pune
CRM009621,Aarav Sharma,aarav.sharma158@yahoo.com,2022-12-03,Coimbatore
CRM004583,Saanvi Joshi,saanvi.joshi596@outlook.com,2024-05-11,Mumbai
CRM010328,Vihaan Tiwari,vihaan.tiwari47@gmail.com,2023-12-22,Bhopal
CRM010225,Priya Tiwari,priya.tiwari913@rediff.com,2024-05-01,Nagpur
CRM000665,Nisha Verma,nisha.verma472@rediff.com,2024-03-22,Delhi
CRM003089,Kritika Sharma,kritika.sharma284@hotmail.com,2023-11-27,Pune
CRM002890,Kavya Pillai,kavya.pillai83@outlook.com,2024-04-14,Surat
CRM004023,Riya Rao,riya.rao953@gmail.com,2023-01-08,Delhi
CRM002971,Aditya Tiwari,aditya.tiwari893@rediff.com,2023-05-10,Mumbai
CRM009783,Suresh Bose,suresh.bose754@yahoo.com,2023-03-14,Delhi
CRM005016,Ishaan Kumar,ishaan.kumar446@hotmail.com,2023-01-05,Delhi
CRM004639,Ishaan Tiwari,ishaan.tiwari596@outlook.com,2022-02-12,Kanpur
CRM010287,Aadhya Mehta,aadhya.mehta333@gmail.com,2023-12-13,Indore
CRM006481,Diya Kumar,diya.kumar946@hotmail.com,2024-05-06,Chennai
CRM008983,Meera Rao,meera.rao482@yahoo.com,2023-11-12,Mumbai
CRM000676,Vivaan Mishra,vivaan.mishra36@rediff.com,2023-03-19,Surat
CRM003778,Deepa Tiwari,deepa.tiwari317@rediff.com,2022-05-01,Thane
CRM005732,Arjun Joshi,arjun.joshi338@hotmail.com,2022-07-12,Patna
CRM003828,Pooja Mishra,pooja.mishra620@outlook.com,2022-05-04,Ahmedabad
CRM008243,Vihaan Kumar,vihaan.kumar598@hotmail.com,2022-06-04,Coimbatore
CRM008469,Nisha Patel,nisha.patel643@hotmail.com,2023-03-18,Visakhapatnam
CRM001963,Arjun Joshi,arjun.joshi692@gmail.com,2023-12-31,Nagpur
CRM001841,Suresh Rao,suresh.rao14@hotmail.com,2024-05-22,Thane
CRM005428,Reyan Iyer,reyan.iyer96@gmail.com,2023-04-24,XX_CITY
CRM004129,Sai Sharma,sai.sharma911@outlook.com,2024-02-10,Lucknow
CRM004405,Reyan Kumar,reyan.kumar910@rediff.com,2023-09-01,Bhopal
CRM008338,Reyan Singh,reyan.singh945@rediff.com,2023-08-25,Bhopal
CRM003413,Saanvi Kumar,saanvi.kumar797@outlook.com,2022-12-04,Coimbatore
CRM007874,Ananya Singh,ananya.singh699@yahoo.com,2022-05-19,Bangalore
CRM005272,Rahul Sharma,rahul.sharma417@hotmail.com,2023-06-24,Visakhapatnam
CRM003520,Raj Tiwari,raj.tiwari793@outlook.com,2023-11-27,Vadodara
CRM004437,Nisha Verma,nisha.verma494@outlook.com,2022-09-26,Hyderabad
CRM007329,Kritika Rao,kritika.rao854@yahoo.com,2022-04-30,Bangalore
CRM005508,Sai Chatterjee,sai.chatterjee548@rediff.com,2024-01-04,Ahmedabad
CRM008130,Ananya Sinha,ananya.sinha491@hotmail.com,2022-05-17,Nagpur
CRM000412,Saanvi Gupta,saanvi.gupta667@rediff.com,2024-03-30,Indore
CRM000614,Saanvi Kumar,saanvi.kumar474@hotmail.com,2022-05-23,Coimbatore
CRM003750,Meera Singh,meera.singh571@rediff.com,2022-08-13,Pune
CRM006024,Sai Iyer,sai.iyer96@outlook.com,2023-04-18,Bangalore
CRM001431,Vihaan Gupta,vihaan.gupta836@hotmail.com,2024-03-29,Chennai
CRM009378,Aditya Chatterjee,aditya.chatterjee289@yahoo.com,2022-02-27,UNKNOWN
CRM010126,Amit Rao,amit.rao207@hotmail.com,2022-09-23,Delhi
CRM004574,Nisha Patel,nisha.patel297@hotmail.com,2024-01-19,Visakhapatnam
CRM005378,Priya Das,priya.das715@gmail.com,2024-03-17,Chennai
CRM003112,Diya Reddy,,2022-08-15,Nagpur
CRM003895,Kritika Chatterjee,kritika.chatterjee275@yahoo.com,2022-04-26,Bangalore
CRM001418,Vivaan Pillai,vivaan.pillai638@yahoo.com,2022-10-08,Chennai
CRM004773,Pooja Chatterjee,,2022-07-29,Nagpur
CRM000605,Aadhya Kumar,aadhya.kumar191@rediff.com,2022-01-30,Patna
CRM001273,Arjun Shah,,2023-11-02,Lucknow
CRM005520,Ananya Mehta,ananya.mehta488@rediff.com,2024-02-01,Bangalore
CRM007350,Kritika Verma,kritika.verma366@outlook.com,2023-07-06,Jaipur
CRM007579,Meera Reddy,meera.reddy520@gmail.com,2024-02-12,Kanpur
CRM004555,Meera Verma,meera.verma639@gmail.com,2022-05-02,Kolkata
CRM000248,Amit Mehta,amit.mehta993@rediff.com,2024-04-19,Ahmedabad
CRM005197,Deepa Sharma,deepa.sharma441@hotmail.com,2024-03-02,Hyderabad
CRM002901,Vihaan Sharma,vihaan.sharma750@outlook.com,2023-08-24,--
CRM001983,Kritika Rao,kritika.rao911@rediff.com,2023-05-17,Visakhapatnam
CRM007119,Amit Sharma,amit.sharma47@outlook.com,2024-04-16,Thane
CRM006170,Kavya Sinha,kavya.sinha777@hotmail.com,2023-10-18,Surat
CRM000200,Kabir Singh,kabir.singh268@rediff.com,2023-02-09,Coimbatore
CRM005595,Nisha Nair,nisha.nair758@gmail.com,2023-02-16,Visakhapatnam
CRM000486,Rohan Singh,rohan.singh885@gmail.com,2023-09-11,Delhi
CRM002880,Arjun Verma,arjun.verma27@hotmail.com,2022-05-15,Delhi
CRM007022,Amit Bose,amit.bose695@outlook.com,2022-01-27,Pune
CRM004408,Sneha Sinha,sneha.sinha779@rediff.com,2022-02-24,Chennai
CRM002824,Aditya Iyer,aditya.iyer642@outlook.com,2023-05-04,Pune
CRM000456,Vijay Sinha,vijay.sinha928@outlook.com,2022-01-04,Pune
CRM010494,Rahul Iyer,rahul.iyer397@outlook.com,2024-03-29,Lucknow
CRM009463,Raj Nair,raj.nair652@gmail.com,2024-02-18,--
CRM007530,Meera Mishra,meera.mishra799@rediff.com,2023-07-16,Bhopal
CRM001722,Diya Bose,diya.bose557@rediff.com,2022-07-13,Nagpur
CRM008749,Deepa Chatterjee,deepa.chatterjee971@rediff.com,2023-03-06,Thane
CRM004292,Priya Reddy,,2022-12-07,Patna
CRM008765,Ananya Chatterjee,ananya.chatterjee895@outlook.com,2023-02-04,Chennai
CRM002795,Rohan Shah,rohan.shah810@outlook.com,2022-04-15,Jaipur
CRM006662,Vijay Sharma,vijay.sharma654@hotmail.com,2022-11-11,Hyderabad
CRM006718,Ishaan Joshi,ishaan.joshi509@yahoo.com,2023-01-03,Bangalore
CRM005027,Rahul Singh,rahul.singh97@hotmail.com,2022-10-10,Jaipur
CRM000863,Kavya Rao,kavya.rao982@gmail.com,2023-09-09,Nagpur
CRM002095,Arjun Pillai,arjun.pillai573@rediff.com,2022-03-04,Vadodara
CRM000948,Kabir Sinha,kabir.sinha194@hotmail.com,2022-11-30,Ahmedabad
CRM008615,Rahul Verma,rahul.verma483@hotmail.com,2022-01-26,Jaipur
CRM001445,Vivaan Pillai,vivaan.pillai604@outlook.com,2023-06-23,Vadodara
CRM001281,Raj Tiwari,raj.tiwari872@yahoo.com,2024-06-28,Jaipur
CRM010070,Ishaan Mishra,ishaan.mishra695@outlook.com,2022-05-19,Surat
CRM000123,Rohan Joshi,rohan.joshi83@hotmail.com,2024-06-25,Delhi
CRM007622,Amit Pillai,,2022-05-20,Visakhapatnam
CRM003419,Pooja Das,pooja.das91@gmail.com,2023-11-11,Bangalore
CRM007049,Nisha Das,nisha.das443@outlook.com,2023-05-24,Vadodara
CRM004032,Sai Sinha,,2022-04-19,Ahmedabad
CRM002303,Pooja Patel,pooja.patel195@hotmail.com,2024-04-09,Bangalore
CRM007953,Kabir Gupta,kabir.gupta88@rediff.com,2022-10-31,Patna
CRM002005,Vijay Tiwari,vijay.tiwari283@yahoo.com,2024-05-08,Surat
CRM010259,Kritika Sharma,kritika.sharma715@hotmail.com,2024-01-26,Bangalore
CRM009328,Ishaan Shah,ishaan.shah840@outlook.com,2022-04-02,Ahmedabad
CRM001006,Diya Shah,diya.shah636@yahoo.com,2022-03-18,Ahmedabad
CRM006265,Vivaan Reddy,vivaan.reddy103@gmail.com,2022-09-08,UNKNOWN
CRM009086,Vijay Shah,vijay.shah45@gmail.com,2022-10-08,Lucknow
CRM003681,Kavya Reddy,kavya.reddy627@outlook.com,2023-01-07,Pune
CRM003056,Kritika Sinha,kritika.sinha465@hotmail.com,2022-03-02,Indore
CRM002886,Aditya Mehta,aditya.mehta679@outlook.com,2023-11-09,Kanpur
CRM003816,Pooja Singh,pooja.singh452@hotmail.com,2024-05-25,Hyderabad
CRM002133,Aarav Das,aarav.das956@rediff.com,2023-05-19,Nagpur
CRM004920,Vijay Chatterjee,vijay.chatterjee870@rediff.com,2024-05-06,Nagpur
CRM008167,Raj Iyer,raj.iyer554@hotmail.com,2023-01-27,Ahmedabad
CRM002058,Meera Verma,meera.verma799@hotmail.com,2023-08-08,Jaipur
CRM003814,Sai Nair,sai.nair605@outlook.com,2022-05-23,Coimbatore
CRM000230,Diya Sinha,diya.sinha308@hotmail.com,2024-03-30,Lucknow
CRM008268,Nisha Rao,nisha.rao925@gmail.com,2023-02-28,Vadodara
CRM004861,Ananya Verma,ananya.verma969@rediff.com,2023-06-09,Patna
CRM008077,Riya Iyer,riya.iyer373@gmail.com,2022-03-23,Bangalore
CRM006921,Suresh Patel,suresh.patel506@rediff.com,2023-03-13,Visakhapatnam
CRM008561,Sai Das,sai.das861@hotmail.com,2024-01-12,Kanpur
CRM003008,Ishaan Sinha,ishaan.sinha556@hotmail.com,2022-10-14,Hyderabad
CRM007878,Vijay Sharma,vijay.sharma835@outlook.com,2023-03-21,Bhopal
CRM008973,Riya Gupta,riya.gupta832@hotmail.com,2023-07-10,Indore
CRM000210,Aditya Pillai,aditya.pillai551@gmail.com,2022-04-28,Thane
CRM004314,Rohan Joshi,rohan.joshi15@rediff.com,2023-07-01,Patna
CRM002751,Kritika Gupta,kritika.gupta667@outlook.com,2023-06-05,Pune
CRM004575,Suresh Patel,suresh.patel123@hotmail.com,2022-10-03,Coimbatore
CRM005823,Amit Iyer,amit.iyer126@outlook.com,2022-01-11,Vadodara
CRM009510,Priya Iyer,priya.iyer824@outlook.com,2022-01-13,Mumbai
CRM000281,Amit Gupta,amit.gupta147@hotmail.com,2022-04-10,Kanpur
CRM002945,Raj Mehta,raj.mehta543@outlook.com,2023-01-18,Thane
CRM003785,Kritika Singh,kritika.singh953@rediff.com,2022-08-12,Ahmedabad
CRM007931,Reyan Reddy,reyan.reddy450@hotmail.com,2023-09-22,Jaipur
CRM005507,Aadhya Sharma,aadhya.sharma219@hotmail.com,2023-12-10,Kolkata
CRM004467,Sai Rao,sai.rao482@yahoo.com,2023-08-28,Mumbai
CRM001729,Rahul Singh,rahul.singh581@rediff.com,2024-02-11,Kanpur
CRM004817,Vivaan Mehta,vivaan.mehta986@outlook.com,2023-01-09,Bhopal
CRM000338,Suresh Kumar,suresh.kumar438@gmail.com,2024-05-29,Chennai
CRM005762,Priya Mehta,priya.mehta533@yahoo.com,2022-03-12,Pune
CRM002651,Vihaan Tiwari,vihaan.tiwari145@yahoo.com,2022-07-22,Thane
CRM004345,Aditya Sharma,aditya.sharma612@hotmail.com,2022-12-27,Mumbai
CRM009130,Sai Chatterjee,sai.chatterjee66@outlook.com,2022-01-15,Jaipur
CRM008273,Amit Nair,amit.nair337@hotmail.com,2022-08-03,Mumbai
CRM010246,Amit Verma,amit.verma710@outlook.com,2023-07-24,Bangalore
CRM004610,Sneha Patel,sneha.patel925@gmail.com,2024-06-06,Ahmedabad
CRM008834,Diya Patel,diya.patel237@gmail.com,2023-06-26,Hyderabad
CRM001227,Diya Verma,diya.verma225@rediff.com,2023-01-05,Nagpur
CRM004713,Kavya Singh,kavya.singh616@rediff.com,2023-12-01,Mumbai
CRM006754,Aditya Mishra,aditya.mishra608@yahoo.com,2022-09-10,Vadodara
CRM002145,Aditya Rao,aditya.rao969@yahoo.com,2022-03-02,Jaipur
CRM009406,Priya Kumar,priya.kumar925@hotmail.com,2022-08-12,Bhopal
CRM004814,Ananya Bose,ananya.bose492@rediff.com,2022-07-09,Pune
CRM002112,Rohan Gupta,rohan.gupta530@rediff.com,2023-05-26,Nagpur
CRM006948,Deepa Mishra,deepa.mishra578@yahoo.com,2024-01-11,Bhopal
CRM006473,Suresh Pillai,suresh.pillai752@hotmail.com,2022-06-23,Pune
CRM004149,Priya Mehta,priya.mehta519@rediff.com,2023-09-26,Nagpur
CRM004852,Priya Joshi,priya.joshi538@rediff.com,2022-04-16,Lucknow
CRM003111,Sai Nair,sai.nair483@yahoo.com,2022-06-04,Ahmedabad
CRM006607,Amit Patel,amit.patel198@rediff.com,2023-10-21,Delhi
CRM001018,Riya Tiwari,riya.tiwari897@hotmail.com,2023-01-11,Patna
CRM007260,Kavya Joshi,kavya.joshi927@rediff.com,2023-11-27,Nagpur
CRM007537,Deepa Pillai,deepa.pillai871@gmail.com,2022-05-01,Vadodara
CRM009518,Pooja Verma,pooja.verma26@gmail.com,2023-04-04,Kolkata
CRM001929,Raj Patel,raj.patel425@rediff.com,2023-06-15,Visakhapatnam
CRM000351,Deepa Pillai,deepa.pillai999@gmail.com,2022-10-31,Lucknow
CRM003685,Kritika Kumar,kritika.kumar857@outlook.com,2022-09-06,Kanpur
CRM002202,Saanvi Gupta,saanvi.gupta605@outlook.com,2023-02-03,Visakhapatnam
CRM010053,Saanvi Mishra,saanvi.mishra916@gmail.com,2024-02-07,Mumbai
CRM001935,Meera Nair,meera.nair692@yahoo.com,2022-03-08,Vadodara
CRM007582,Amit Patel,amit.patel714@rediff.com,2024-03-05,Bangalore
CRM008635,Priya Singh,priya.singh165@yahoo.com,2024-06-07,Mumbai
CRM005573,Sai Verma,sai.verma798@rediff.com,2022-11-16,Kolkata
CRM005891,Deepa Verma,deepa.verma75@hotmail.com,2024-02-27,Hyderabad
CRM001958,Suresh Sharma,suresh.sharma963@outlook.com,2022-11-04,Indore
CRM000565,Kabir Chatterjee,kabir.chatterjee922@rediff.com,2023-10-03,Coimbatore
CRM001583,Amit Joshi,amit.joshi22@gmail.com,2022-03-12,Indore
CRM005139,Riya Rao,riya.rao736@rediff.com,2023-07-20,Surat
CRM002176,Ishaan Mehta,ishaan.mehta233@gmail.com,2023-05-04,Indore
CRM005637,Deepa Mehta,deepa.mehta102@outlook.com,2022-12-14,Indore
CRM002541,Kritika Rao,kritika.rao202@gmail.com,2022-08-22,Jaipur
CRM005799,Ishaan Rao,ishaan.rao707@outlook.com,2022-07-18,Bangalore
CRM002708,Riya Nair,riya.nair992@gmail.com,2024-06-22,XX_CITY
CRM005639,Aarav Joshi,aarav.joshi624@yahoo.com,2022-01-23,Mumbai
CRM002229,Diya Iyer,diya.iyer556@hotmail.com,2023-03-20,Pune
CRM001116,Raj Joshi,raj.joshi150@outlook.com,2023-07-19,Indore
CRM008619,Kavya Shah,kavya.shah256@gmail.com,2022-04-12,Jaipur
CRM003438,Vihaan Verma,vihaan.verma81@outlook.com,2024-02-02,Chennai
CRM008644,Vihaan Sinha,vihaan.sinha380@rediff.com,2022-03-26,Vadodara
CRM005838,Rahul Nair,rahul.nair494@rediff.com,2023-07-20,Mumbai
CRM005398,Arjun Bose,arjun.bose647@gmail.com,2024-03-31,Lucknow
CRM008361,Vihaan Gupta,vihaan.gupta106@hotmail.com,2023-05-29,Jaipur
CRM008407,Ananya Sinha,ananya.sinha990@hotmail.com,2024-06-26,Surat
CRM000822,Ananya Rao,ananya.rao304@yahoo.com,2023-03-08,Thane
CRM007922,Kritika Rao,kritika.rao827@rediff.com,2023-09-10,Mumbai
CRM002273,Arjun Kumar,arjun.kumar887@outlook.com,2022-09-22,Vadodara
CRM009768,Aditya Kumar,aditya.kumar310@gmail.com,2023-09-11,Pune
CRM000082,Priya Sharma,priya.sharma347@hotmail.com,2022-02-05,Patna
CRM001324,Vihaan Kumar,vihaan.kumar282@hotmail.com,2023-12-22,Patna
CRM006107,Vihaan Das,vihaan.das634@hotmail.com,2024-02-04,Bangalore
CRM008345,Vijay Chatterjee,vijay.chatterjee438@outlook.com,2022-02-14,Visakhapatnam
CRM001615,Suresh Patel,suresh.patel550@rediff.com,2022-09-22,Bangalore
CRM002698,Raj Tiwari,raj.tiwari741@rediff.com,2022-09-19,Kolkata
CRM000832,Diya Nair,diya.nair391@yahoo.com,2023-06-25,Pune
CRM009030,Reyan Kumar,reyan.kumar207@yahoo.com,2022-04-30,Ahmedabad
CRM005956,Kritika Chatterjee,kritika.chatterjee321@hotmail.com,2022-07-06,Bhopal
CRM002421,Nisha Gupta,nisha.gupta112@outlook.com,2023-06-19,Indore
CRM008934,Kritika Mehta,kritika.mehta474@hotmail.com,2022-12-18,Delhi
CRM005169,Aditya Tiwari,aditya.tiwari361@yahoo.com,2022-02-13,Jaipur
CRM002834,Vijay Bose,vijay.bose580@hotmail.com,2023-11-04,Lucknow
CRM006149,Suresh Singh,suresh.singh356@yahoo.com,2023-01-31,Nagpur
CRM007365,Raj Rao,raj.rao200@rediff.com,2023-10-11,Kolkata
CRM001650,Sneha Patel,sneha.patel134@gmail.com,2023-02-25,Kolkata
CRM004709,Kavya Bose,kavya.bose931@gmail.com,2024-05-11,Visakhapatnam
CRM007961,Ishaan Rao,ishaan.rao219@outlook.com,2022-05-15,Coimbatore
CRM004562,Aarav Mishra,aarav.mishra174@outlook.com,2023-05-23,Nagpur
CRM007896,Vihaan Reddy,vihaan.reddy577@outlook.com,2022-12-27,Mumbai
CRM007758,Vihaan Pillai,,2024-04-26,Mumbai
CRM008218,Sneha Gupta,sneha.gupta948@yahoo.com,2023-06-14,Vadodara
CRM007948,Deepa Sharma,deepa.sharma411@hotmail.com,2023-11-16,UNKNOWN
CRM006221,Arjun Kumar,arjun.kumar655@outlook.com,2022-02-24,Patna
CRM002690,Aditya Das,,2022-09-10,Chennai
CRM004503,Vihaan Shah,vihaan.shah859@rediff.com,2022-05-03,Chennai
CRM007978,Sneha Kumar,sneha.kumar455@gmail.com,2023-06-28,Bangalore
CRM000750,Diya Shah,diya.shah634@outlook.com,2023-05-27,Mumbai
CRM006102,Rohan Iyer,rohan.iyer351@yahoo.com,2023-05-23,Lucknow
CRM002374,Rahul Bose,rahul.bose791@hotmail.com,2023-05-04,Chennai
CRM002443,Pooja Das,pooja.das167@outlook.com,2023-11-20,Bangalore
CRM005420,Priya Verma,priya.verma581@outlook.com,2023-10-17,Thane
CRM003488,Ananya Iyer,ananya.iyer903@outlook.com,2023-05-19,Surat
CRM002759,Arjun Singh,arjun.singh39@yahoo.com,2024-02-04,Pune
CRM003722,Reyan Reddy,,2023-02-28,Chennai
CRM008817,Priya Mehta,priya.mehta804@hotmail.com,2023-08-24,Bangalore
CRM008962,Kritika Sharma,kritika.sharma873@gmail.com,2022-12-24,Mumbai
CRM009704,Riya Pillai,riya.pillai628@yahoo.com,2023-10-10,Kanpur
CRM002458,Pooja Verma,pooja.verma710@hotmail.com,2023-01-19,UNKNOWN
CRM009022,Kabir Sinha,kabir.sinha143@rediff.com,2023-07-04,Hyderabad
CRM007754,Kritika Kumar,kritika.kumar862@hotmail.com,2022-03-29,Visakhapatnam
CRM008569,Pooja Reddy,pooja.reddy389@gmail.com,2023-07-05,Mumbai
CRM009458,Arjun Kumar,arjun.kumar100@rediff.com,2024-04-19,Kanpur
CRM010443,Priya Gupta,priya.gupta274@hotmail.com,2022-01-04,Bhopal
CRM004790,Suresh Verma,suresh.verma319@rediff.com,2023-01-19,Delhi
CRM009834,Aadhya Reddy,aadhya.reddy580@rediff.com,2022-04-04,Ahmedabad
CRM009259,Pooja Gupta,pooja.gupta236@hotmail.com,2022-03-02,Mumbai
CRM001140,Arjun Tiwari,arjun.tiwari53@hotmail.com,2023-11-03,Patna
CRM008486,Aarav Iyer,aarav.iyer72@gmail.com,2022-10-27,Nagpur
CRM002232,Ishaan Chatterjee,ishaan.chatterjee110@rediff.com,2022-05-31,Jaipur
CRM002165,Pooja Reddy,pooja.reddy108@rediff.com,2022-04-02,Ahmedabad
CRM002887,Priya Tiwari,priya.tiwari596@yahoo.com,2023-02-15,Pune
CRM007508,Aadhya Sinha,aadhya.sinha314@gmail.com,2022-11-15,Lucknow
CRM007387,Raj Sinha,raj.sinha444@rediff.com,2022-05-24,Thane
CRM002778,Ishaan Singh,ishaan.singh667@hotmail.com,2022-06-19,Kolkata
CRM008727,Diya Patel,diya.patel797@gmail.com,2022-11-18,Jaipur
CRM003689,Sneha Pillai,sneha.pillai144@gmail.com,2023-08-18,Hyderabad
CRM001571,Riya Bose,riya.bose995@yahoo.com,2022-03-23,Bangalore
CRM000173,Aadhya Singh,aadhya.singh396@rediff.com,2022-04-26,Indore
CRM000640,Sai Gupta,sai.gupta987@gmail.com,2022-06-10,Delhi
CRM002088,Vivaan Tiwari,vivaan.tiwari712@outlook.com,2023-04-03,Surat
CRM003129,Ishaan Chatterjee,ishaan.chatterjee152@hotmail.com,2022-04-18,Jaipur
CRM003800,Riya Gupta,,2022-08-15,Coimbatore
CRM005274,Aarav Sharma,aarav.sharma621@outlook.com,2023-11-11,Vadodara
CRM008171,Ishaan Reddy,ishaan.reddy898@yahoo.com,2022-08-10,Bhopal
CRM007314,Sneha Sharma,sneha.sharma74@hotmail.com,2022-08-17,Jaipur
CRM005690,Ananya Gupta,ananya.gupta311@yahoo.com,2024-05-19,Mumbai
CRM008977,Vivaan Nair,vivaan.nair986@rediff.com,2022-12-30,Bangalore
CRM009524,Vivaan Rao,vivaan.rao730@hotmail.com,2024-05-13,Surat
CRM001833,Raj Iyer,raj.iyer242@hotmail.com,2024-01-20,Delhi
CRM005909,Sai Chatterjee,sai.chatterjee304@gmail.com,2024-01-01,Coimbatore
CRM004122,Kabir Mehta,kabir.mehta246@rediff.com,2022-10-01,Kolkata
CRM009785,Meera Tiwari,meera.tiwari938@gmail.com,2023-12-26,Patna
CRM008103,Meera Sinha,meera.sinha895@yahoo.com,2023-06-23,Vadodara
CRM007947,Rahul Rao,,2023-01-05,Nagpur
CRM009584,Diya Chatterjee,diya.chatterjee265@gmail.com,2022-01-17,Indore
CRM005847,Sai Mehta,sai.mehta637@outlook.com,2023-08-02,Delhi
CRM000835,Pooja Patel,pooja.patel144@gmail.com,2024-03-16,Indore
CRM002487,Aarav Sharma,aarav.sharma83@gmail.com,2022-02-07,XX_CITY
CRM007869,Deepa Kumar,,2023-01-31,Lucknow
CRM009599,Ishaan Sinha,ishaan.sinha354@gmail.com,2023-10-16,Thane
CRM007531,Ishaan Singh,ishaan.singh767@yahoo.com,2023-03-01,Ahmedabad
CRM003679,Kavya Gupta,kavya.gupta491@hotmail.com,2023-12-01,Nagpur
CRM006035,Kritika Patel,kritika.patel697@hotmail.com,2023-08-26,Delhi
CRM008544,Rohan Patel,rohan.patel580@yahoo.com,2023-08-25,Thane
CRM000820,Aarav Gupta,aarav.gupta825@outlook.com,2024-03-18,Surat
CRM000066,Meera Bose,meera.bose495@hotmail.com,2024-01-20,Delhi
CRM009561,Kavya Pillai,kavya.pillai308@yahoo.com,2022-03-13,Ahmedabad
CRM006501,Nisha Das,nisha.das473@outlook.com,2022-02-20,Bhopal
CRM002025,Saanvi Rao,saanvi.rao118@hotmail.com,2024-02-08,Hyderabad
CRM004939,Aditya Kumar,aditya.kumar846@hotmail.com,2022-06-01,Chennai
CRM000355,Rohan Joshi,rohan.joshi971@gmail.com,2024-04-22,Bangalore
CRM008035,Sai Reddy,sai.reddy389@hotmail.com,2023-06-26,Patna
CRM004686,Ishaan Kumar,ishaan.kumar144@hotmail.com,2022-01-22,Mumbai
CRM009004,Suresh Nair,suresh.nair810@rediff.com,2023-03-19,Pune
CRM001809,Raj Shah,raj.shah542@rediff.com,2023-04-18,Chennai
CRM010497,Diya Singh,diya.singh661@gmail.com,2024-01-28,Bangalore
CRM010354,Raj Reddy,raj.reddy721@outlook.com,2022-10-02,Jaipur
CRM004763,Kabir Bose,kabir.bose601@gmail.com,2022-08-11,Bangalore
CRM008701,Raj Tiwari,raj.tiwari386@outlook.com,2023-04-27,Nagpur
CRM006166,Kritika Iyer,kritika.iyer341@outlook.com,2023-12-15,Kolkata
CRM009941,Sai Shah,sai.shah434@outlook.com,2024-06-03,Jaipur
CRM000473,Vihaan Sharma,vihaan.sharma503@hotmail.com,2023-06-13,Indore
CRM007659,Diya Sinha,diya.sinha541@yahoo.com,2023-12-01,Kolkata
CRM003128,Pooja Iyer,pooja.iyer177@hotmail.com,2024-04-15,Surat
CRM003356,Priya Iyer,priya.iyer872@rediff.com,2022-05-16,Kolkata
CRM009291,Ananya Mishra,ananya.mishra641@hotmail.com,2023-12-23,Delhi
CRM006866,Pooja Reddy,pooja.reddy538@outlook.com,2023-08-18,Jaipur
CRM004404,Sai Singh,sai.singh102@yahoo.com,2022-12-10,Vadodara
CRM003686,Rahul Chatterjee,rahul.chatterjee608@rediff.com,2024-06-27,Bangalore
CRM000869,Nisha Pillai,nisha.pillai204@gmail.com,2023-03-25,Bangalore
CRM003887,Pooja Patel,pooja.patel402@gmail.com,2023-06-18,Surat
CRM004668,Aditya Shah,aditya.shah89@outlook.com,2022-02-25,Ahmedabad
CRM008298,Rohan Kumar,rohan.kumar424@rediff.com,2023-06-23,Bangalore
CRM001507,Aadhya Chatterjee,aadhya.chatterjee210@gmail.com,2024-06-18,Coimbatore
CRM009825,Kritika Chatterjee,kritika.chatterjee582@gmail.com,2023-05-21,Jaipur
CRM004211,Meera Rao,meera.rao451@rediff.com,2023-01-27,Bangalore
CRM006932,Reyan Mishra,reyan.mishra271@outlook.com,2022-11-16,Delhi
CRM003539,Raj Mehta,raj.mehta788@rediff.com,2023-06-30,Mumbai
CRM002771,Reyan Singh,reyan.singh912@outlook.com,2023-11-21,--
CRM009998,Sneha Kumar,sneha.kumar85@gmail.com,2023-01-25,Kanpur
CRM006524,Kabir Gupta,kabir.gupta340@gmail.com,2022-03-18,Delhi
CRM006076,Ishaan Iyer,ishaan.iyer294@gmail.com,2024-06-05,Coimbatore
CRM004541,Vivaan Verma,,2024-03-08,Mumbai
CRM001076,Diya Das,diya.das227@gmail.com,2022-02-28,Coimbatore
CRM003496,Pooja Reddy,pooja.reddy229@gmail.com,2023-05-30,Delhi
CRM004603,Suresh Mishra,suresh.mishra292@outlook.com,2022-07-09,Mumbai
CRM008668,Riya Tiwari,riya.tiwari739@yahoo.com,2022-11-29,Lucknow
CRM003210,Arjun Chatterjee,arjun.chatterjee932@hotmail.com,2024-05-20,Patna
CRM002376,Saanvi Iyer,saanvi.iyer516@yahoo.com,2023-08-09,Bangalore
CRM007792,Ishaan Sinha,ishaan.sinha230@rediff.com,2022-07-19,--
CRM004979,Rahul Rao,rahul.rao550@yahoo.com,2023-08-01,Delhi
CRM010138,Nisha Nair,nisha.nair99@gmail.com,2023-05-24,Chennai
CRM006311,Kritika Sinha,kritika.sinha578@gmail.com,2022-12-05,Chennai
CRM008883,Raj Gupta,raj.gupta247@yahoo.com,2023-03-19,Kanpur
CRM004950,Kabir Chatterjee,kabir.chatterjee417@gmail.com,2023-09-23,Chennai
CRM008095,Saanvi Iyer,saanvi.iyer772@outlook.com,2022-10-26,Ahmedabad
CRM006819,Sneha Mehta,sneha.mehta631@outlook.com,2024-03-21,Kolkata
CRM001603,Raj Tiwari,raj.tiwari119@gmail.com,2024-02-06,Jaipur
CRM000074,Meera Joshi,meera.joshi167@hotmail.com,2022-10-28,Bangalore
CRM004689,Kavya Nair,kavya.nair956@gmail.com,2022-06-19,Visakhapatnam
CRM005401,Diya Sharma,diya.sharma137@gmail.com,2023-01-30,Ahmedabad
CRM008800,Aditya Tiwari,aditya.tiwari258@outlook.com,2023-02-15,Bangalore
CRM009957,Vivaan Iyer,vivaan.iyer500@gmail.com,2023-04-22,Indore
CRM009432,Vivaan Kumar,vivaan.kumar323@yahoo.com,2022-12-05,Surat
CRM001102,Nisha Verma,nisha.verma27@rediff.com,2022-10-24,Pune
CRM010365,Nisha Sinha,nisha.sinha508@rediff.com,2022-06-28,Lucknow
CRM010218,Riya Nair,riya.nair117@outlook.com,2022-11-19,Chennai
CRM006735,Saanvi Kumar,saanvi.kumar426@yahoo.com,2022-06-01,Kanpur
CRM000314,Priya Verma,priya.verma411@outlook.com,2022-05-01,Lucknow
CRM003694,Riya Sinha,riya.sinha184@hotmail.com,2024-05-12,Bangalore
CRM008807,Deepa Nair,deepa.nair21@yahoo.com,2022-12-28,Thane
CRM000119,Suresh Verma,suresh.verma153@yahoo.com,2022-01-13,Kanpur
CRM002023,Aditya Verma,aditya.verma143@hotmail.com,2022-06-10,Visakhapatnam
CRM008919,Diya Singh,diya.singh939@gmail.com,2023-06-29,Kolkata
CRM009295,Nisha Joshi,nisha.joshi826@gmail.com,2022-03-13,Mumbai
CRM007317,Aditya Verma,aditya.verma122@outlook.com,2023-10-21,Delhi
CRM002035,Sneha Iyer,sneha.iyer764@gmail.com,2022-06-19,Hyderabad
CRM008861,Suresh Tiwari,suresh.tiwari416@rediff.com,2023-09-02,Visakhapatnam
CRM002857,Kritika Bose,kritika.bose22@outlook.com,2024-03-18,Vadodara
CRM009284,Kabir Gupta,kabir.gupta635@rediff.com,2022-07-05,Ahmedabad
CRM008744,Diya Mishra,diya.mishra978@outlook.com,2022-10-07,Surat
CRM001220,Kritika Tiwari,kritika.tiwari985@gmail.com,2022-03-13,Patna
CRM009297,Priya Rao,priya.rao893@rediff.com,2022-05-15,Coimbatore
CRM004804,Ishaan Singh,ishaan.singh991@outlook.com,2023-03-24,Delhi
CRM003884,Deepa Joshi,deepa.joshi925@yahoo.com,2022-09-28,Coimbatore
CRM005101,Rohan Mishra,rohan.mishra338@hotmail.com,2023-10-03,Jaipur
CRM002511,Aadhya Iyer,aadhya.iyer779@hotmail.com,2023-09-23,Bangalore
CRM004210,Vijay Verma,vijay.verma924@rediff.com,2022-06-22,Visakhapatnam
CRM007919,Sai Nair,sai.nair545@yahoo.com,2022-12-29,Coimbatore
CRM004760,Vihaan Shah,vihaan.shah201@gmail.com,2022-10-22,Lucknow
CRM008492,Saanvi Kumar,saanvi.kumar186@outlook.com,2023-02-03,Ahmedabad
CRM003680,Reyan Reddy,reyan.reddy90@hotmail.com,2024-05-21,Patna
CRM007318,Arjun Chatterjee,,2023-10-14,Mumbai
CRM010110,Deepa Shah,deepa.shah847@gmail.com,2022-03-21,Nagpur
CRM000178,Amit Mishra,amit.mishra339@outlook.com,2023-03-28,Kolkata
CRM001644,Ishaan Nair,ishaan.nair225@yahoo.com,2022-10-15,Thane
CRM009956,Meera Das,meera.das585@hotmail.com,2022-04-27,Chennai
CRM009192,Aarav Tiwari,aarav.tiwari89@hotmail.com,2023-05-11,Vadodara
CRM003910,Aarav Nair,aarav.nair967@outlook.com,2023-02-03,Patna
CRM001375,Priya Nair,priya.nair449@outlook.com,2023-03-11,Kolkata
CRM001721,Meera Bose,meera.bose154@hotmail.com,2022-03-13,Kanpur
CRM005515,Sneha Joshi,sneha.joshi403@gmail.com,2023-07-16,Vadodara
CRM004630,Arjun Shah,arjun.shah234@hotmail.com,2022-11-30,Coimbatore
CRM002265,Riya Reddy,riya.reddy825@hotmail.com,2023-09-07,Coimbatore
CRM000088,Pooja Mehta,pooja.mehta295@outlook.com,2023-04-26,Delhi
CRM003839,Vivaan Rao,vivaan.rao662@yahoo.com,2023-05-08,Coimbatore
CRM003383,Pooja Nair,pooja.nair663@gmail.com,2023-09-07,Kanpur
CRM003762,Vihaan Iyer,vihaan.iyer425@gmail.com,2022-06-21,Mumbai
CRM009310,Priya Kumar,priya.kumar452@outlook.com,2023-03-29,Kanpur
CRM000404,Saanvi Rao,saanvi.rao836@yahoo.com,2022-07-07,Mumbai
CRM009430,Raj Mishra,raj.mishra619@hotmail.com,2023-04-02,Coimbatore
CRM003351,Nisha Sinha,nisha.sinha853@hotmail.com,2022-06-11,Chennai
CRM008930,Kabir Singh,kabir.singh223@yahoo.com,2022-06-07,Bhopal
CRM007457,Nisha Das,nisha.das531@gmail.com,2024-06-14,Hyderabad
CRM007016,Raj Singh,raj.singh439@gmail.com,2023-12-07,Visakhapatnam
CRM007888,Aditya Gupta,aditya.gupta529@hotmail.com,2023-05-24,Bangalore
CRM007554,Rohan Joshi,rohan.joshi945@gmail.com,2022-08-18,Thane
CRM009451,Rohan Shah,rohan.shah682@gmail.com,2023-03-08,Kanpur
CRM002457,Pooja Verma,pooja.verma288@hotmail.com,2023-06-07,Nagpur
CRM003670,Suresh Nair,suresh.nair322@hotmail.com,2022-03-12,Pune
CRM002215,Diya Sharma,diya.sharma142@yahoo.com,2022-02-03,Mumbai
CRM001028,Aarav Das,aarav.das642@gmail.com,2022-06-17,Lucknow
CRM010395,Rohan Verma,rohan.verma67@yahoo.com,2023-09-13,Mumbai
CRM001422,Vivaan Nair,vivaan.nair379@yahoo.com,2023-03-07,Kanpur
CRM002437,Vihaan Iyer,vihaan.iyer717@yahoo.com,2023-09-10,Delhi
CRM007939,Meera Gupta,,2022-09-16,Kanpur
CRM006419,Aditya Verma,aditya.verma753@rediff.com,2022-11-25,Vadodara
CRM009737,Reyan Singh,reyan.singh907@rediff.com,2022-02-17,Coimbatore
CRM001279,Saanvi Mehta,saanvi.mehta494@gmail.com,2023-09-26,N/A
CRM005023,Pooja Singh,pooja.singh953@gmail.com,2022-04-26,Mumbai
CRM008189,Saanvi Pillai,saanvi.pillai94@rediff.com,2023-07-24,Surat
CRM002761,Nisha Tiwari,nisha.tiwari57@yahoo.com,2022-03-01,Jaipur
CRM007367,Raj Reddy,raj.reddy435@hotmail.com,2022-04-20,Pune
CRM005858,Rohan Bose,rohan.bose249@gmail.com,2023-06-26,Chennai
CRM008827,Rahul Mishra,,2022-03-05,Mumbai
CRM001979,Rohan Das,,2024-01-20,Thane
CRM001062,Kabir Das,kabir.das834@yahoo.com,2023-01-30,Lucknow
CRM001426,Diya Iyer,diya.iyer82@hotmail.com,2022-08-10,Kolkata
CRM005240,Sai Shah,sai.shah785@outlook.com,2024-02-24,Vadodara
CRM008062,Deepa Bose,deepa.bose869@rediff.com,2022-10-11,Vadodara
CRM005293,Amit Rao,amit.rao384@rediff.com,2023-03-24,Thane
CRM001503,Suresh Mehta,suresh.mehta495@rediff.com,2023-12-29,Mumbai
CRM010433,Amit Joshi,amit.joshi922@rediff.com,2022-06-09,Delhi
CRM009178,Nisha Gupta,nisha.gupta139@yahoo.com,2023-04-22,Delhi
CRM003621,Kavya Tiwari,kavya.tiwari379@yahoo.com,2023-01-04,Indore
CRM004956,Aarav Chatterjee,aarav.chatterjee396@rediff.com,2022-10-19,Delhi
CRM009195,Deepa Joshi,deepa.joshi671@hotmail.com,2023-07-25,Vadodara
CRM005685,Pooja Mehta,pooja.mehta390@gmail.com,2022-07-02,Thane
CRM000679,Ananya Pillai,ananya.pillai996@rediff.com,2023-03-23,Visakhapatnam
CRM002578,Suresh Rao,suresh.rao766@hotmail.com,2022-01-17,Kolkata
CRM003799,Pooja Shah,pooja.shah347@rediff.com,2022-01-19,Chennai
CRM003099,Vivaan Mehta,vivaan.mehta478@outlook.com,2023-08-21,Bangalore
CRM010306,Vijay Patel,vijay.patel962@hotmail.com,2022-06-06,Jaipur
CRM008455,Saanvi Iyer,,2023-09-18,Lucknow
CRM009484,Reyan Reddy,reyan.reddy237@gmail.com,2022-07-28,Vadodara
CRM008715,Vihaan Patel,vihaan.patel86@outlook.com,2024-01-01,Delhi
CRM000103,Arjun Bose,arjun.bose64@rediff.com,2022-12-23,Bhopal
CRM000958,Reyan Shah,reyan.shah746@gmail.com,2023-06-08,Chennai
CRM005715,Aadhya Das,aadhya.das66@rediff.com,2023-06-27,Surat
CRM004695,Rahul Rao,rahul.rao594@gmail.com,2022-09-29,Vadodara
CRM006578,Ishaan Mishra,ishaan.mishra377@yahoo.com,2022-11-24,Patna
CRM001071,Saanvi Iyer,saanvi.iyer444@outlook.com,2024-01-19,Patna
CRM004346,Saanvi Joshi,saanvi.joshi281@rediff.com,2022-01-02,Bangalore
CRM002689,Sai Das,sai.das171@yahoo.com,2024-04-14,Patna
CRM008302,Diya Bose,diya.bose165@gmail.com,2023-03-21,Kanpur
CRM006927,Vivaan Mehta,vivaan.mehta171@hotmail.com,2022-03-24,Indore
CRM009617,Rohan Iyer,rohan.iyer859@rediff.com,2023-10-24,Bangalore
CRM003393,Vivaan Nair,vivaan.nair977@outlook.com,2022-12-14,Lucknow
CRM006801,Reyan Rao,reyan.rao309@rediff.com,2022-03-18,N/A
CRM003783,Priya Bose,priya.bose260@gmail.com,2024-06-17,Jaipur
CRM003283,Kavya Joshi,kavya.joshi196@hotmail.com,2022-05-23,Thane
CRM005174,Vivaan Chatterjee,vivaan.chatterjee681@hotmail.com,2024-06-29,Nagpur
CRM006012,Raj Chatterjee,raj.chatterjee461@hotmail.com,2023-02-20,Kolkata
CRM000419,Ishaan Reddy,ishaan.reddy662@rediff.com,2024-06-04,Pune
CRM005590,Aadhya Mehta,,2024-02-09,Bhopal
CRM004774,Rohan Rao,rohan.rao438@outlook.com,2023-08-24,Lucknow
CRM004005,Vihaan Verma,vihaan.verma256@gmail.com,2022-11-01,Jaipur
CRM001948,Kabir Pillai,kabir.pillai275@hotmail.com,2024-01-09,Coimbatore
CRM002319,Rohan Verma,rohan.verma40@rediff.com,2022-05-26,Coimbatore
CRM007550,Priya Shah,priya.shah92@outlook.com,2023-12-11,Mumbai
CRM002300,Vijay Chatterjee,vijay.chatterjee149@yahoo.com,2022-04-15,Mumbai
CRM005235,Kabir Mishra,kabir.mishra148@gmail.com,2022-09-21,Delhi
CRM008449,Ananya Mehta,ananya.mehta160@gmail.com,2023-10-02,Kolkata
CRM008362,Kritika Sharma,kritika.sharma347@outlook.com,2023-03-16,XX_CITY
CRM000209,Ishaan Verma,ishaan.verma397@yahoo.com,2023-07-01,Surat
CRM003915,Pooja Joshi,pooja.joshi989@rediff.com,2023-11-30,Ahmedabad
CRM004227,Ishaan Das,ishaan.das800@yahoo.com,2024-04-07,Bangalore
CRM007298,Riya Bose,riya.bose179@gmail.com,2024-06-04,Mumbai
CRM000529,Pooja Joshi,pooja.joshi773@hotmail.com,2023-10-13,Hyderabad
CRM001234,Raj Sinha,raj.sinha78@outlook.com,2023-11-24,Mumbai
CRM000780,Vihaan Singh,,2024-04-09,Patna
CRM000723,Suresh Rao,suresh.rao860@yahoo.com,2022-08-22,Indore
CRM007815,Vivaan Kumar,vivaan.kumar182@outlook.com,2022-01-29,Lucknow
CRM007334,Meera Joshi,meera.joshi124@yahoo.com,2024-01-28,Bangalore
CRM009198,Aarav Bose,aarav.bose29@hotmail.com,2023-11-25,Coimbatore
CRM001861,Deepa Gupta,deepa.gupta495@yahoo.com,2024-01-26,Pune
CRM009031,Meera Verma,meera.verma63@yahoo.com,2023-05-12,Hyderabad
CRM010242,Riya Sinha,riya.sinha606@rediff.com,2023-03-27,Ahmedabad
CRM003939,Priya Iyer,priya.iyer909@hotmail.com,2023-01-06,Surat
CRM004793,Aadhya Nair,aadhya.nair377@rediff.com,2023-07-03,Mumbai
CRM001993,Amit Verma,amit.verma44@gmail.com,2024-02-23,Delhi
CRM002333,Sai Joshi,sai.joshi453@rediff.com,2024-02-19,Delhi
CRM005932,Rohan Joshi,rohan.joshi840@gmail.com,2023-04-24,Hyderabad
CRM009721,Reyan Kumar,reyan.kumar257@gmail.com,2023-04-24,Chennai
CRM006139,Aditya Shah,,2023-11-14,Kolkata
CRM010156,Saanvi Shah,saanvi.shah922@rediff.com,2022-10-07,Lucknow
CRM003460,Priya Sharma,priya.sharma255@rediff.com,2024-03-30,Bangalore
CRM006096,Ananya Patel,ananya.patel825@yahoo.com,2023-11-18,Vadodara
CRM002472,Saanvi Singh,saanvi.singh530@outlook.com,2022-01-31,Kolkata
CRM010307,Vijay Shah,vijay.shah332@yahoo.com,2024-03-20,Kolkata
CRM006744,Sneha Iyer,sneha.iyer897@hotmail.com,2023-05-04,Chennai
CRM005358,Vivaan Iyer,vivaan.iyer899@rediff.com,2022-10-04,Ahmedabad
CRM005427,Sneha Iyer,sneha.iyer148@outlook.com,2022-06-19,Pune
CRM001397,Kavya Sinha,kavya.sinha433@rediff.com,2024-02-24,N/A
CRM001490,Vivaan Joshi,vivaan.joshi637@gmail.com,2022-11-15,Indore
CRM005403,Amit Kumar,amit.kumar817@outlook.com,2023-11-25,Nagpur
CRM002885,Vijay Nair,vijay.nair147@gmail.com,2024-01-03,Delhi
CRM004203,Kabir Pillai,kabir.pillai975@outlook.com,2024-05-25,Pune
CRM001043,Diya Joshi,diya.joshi805@rediff.com,2022-11-03,Vadodara
CRM004415,Kavya Kumar,kavya.kumar421@yahoo.com,2022-03-13,Coimbatore
CRM000574,Rohan Singh,rohan.singh451@outlook.com,2022-07-10,N/A
CRM008936,Pooja Reddy,pooja.reddy896@hotmail.com,2022-10-11,Coimbatore
CRM000258,Vihaan Tiwari,vihaan.tiwari861@gmail.com,2022-12-31,Chennai
CRM009350,Vijay Rao,vijay.rao358@yahoo.com,2022-07-14,Ahmedabad
CRM008297,Kabir Mehta,kabir.mehta147@gmail.com,2023-07-19,Coimbatore
CRM009233,Sai Rao,sai.rao897@gmail.com,2022-07-04,Lucknow
CRM008580,Diya Shah,diya.shah787@yahoo.com,2022-03-16,Bhopal
CRM002836,Rohan Bose,rohan.bose31@outlook.com,2024-06-21,Kolkata
CRM005764,Aditya Rao,aditya.rao674@hotmail.com,2024-03-04,Visakhapatnam
CRM002090,Rohan Nair,rohan.nair454@gmail.com,2024-04-10,Visakhapatnam
CRM000703,Pooja Sinha,pooja.sinha349@hotmail.com,2022-01-30,Visakhapatnam
CRM007911,Vijay Kumar,vijay.kumar300@outlook.com,2022-09-18,Jaipur
CRM000504,Aarav Pillai,aarav.pillai92@outlook.com,2022-05-16,Kanpur
CRM005026,Vihaan Gupta,vihaan.gupta144@gmail.com,2022-07-26,Surat
CRM009450,Vihaan Joshi,vihaan.joshi297@hotmail.com,2024-04-02,Coimbatore
CRM001346,Meera Bose,meera.bose465@rediff.com,2023-10-20,Visakhapatnam
CRM006514,Rahul Iyer,rahul.iyer534@outlook.com,2022-02-22,Chennai
CRM010025,Vijay Sinha,vijay.sinha50@hotmail.com,2023-01-05,Delhi
CRM002249,Meera Mishra,meera.mishra251@yahoo.com,2023-10-11,Mumbai
CRM005759,Sai Tiwari,sai.tiwari672@rediff.com,2024-01-09,Kolkata
CRM004386,Vivaan Nair,vivaan.nair604@rediff.com,2024-06-03,Kolkata
CRM000373,Ishaan Patel,ishaan.patel595@gmail.com,2023-04-27,Kolkata
CRM009047,Vivaan Mishra,vivaan.mishra340@yahoo.com,2022-05-15,Patna
CRM004289,Vihaan Sharma,vihaan.sharma72@hotmail.com,2023-10-20,Lucknow
CRM002007,Diya Mishra,diya.mishra688@yahoo.com,2023-05-23,Indore
CRM010305,Raj Mishra,raj.mishra793@yahoo.com,2023-08-05,Delhi
CRM010362,Raj Sinha,raj.sinha732@outlook.com,2023-12-27,Bangalore
CRM007595,Arjun Bose,arjun.bose516@yahoo.com,2024-01-29,Mumbai
CRM008710,Vihaan Chatterjee,vihaan.chatterjee228@yahoo.com,2022-03-26,Delhi
CRM001460,Pooja Reddy,pooja.reddy923@gmail.com,2023-05-20,Patna
CRM009126,Reyan Mehta,reyan.mehta78@hotmail.com,2023-11-21,Chennai
CRM002103,Meera Reddy,meera.reddy735@gmail.com,2023-12-23,Bangalore
CRM000998,Kavya Pillai,kavya.pillai668@rediff.com,2022-04-28,Indore
CRM008773,Raj Gupta,raj.gupta296@outlook.com,2022-08-25,Ahmedabad
CRM009898,Ananya Rao,ananya.rao570@yahoo.com,2024-05-18,Ahmedabad
CRM001177,Aditya Verma,aditya.verma68@outlook.com,2023-07-14,Delhi
CRM010377,Kritika Rao,kritika.rao419@rediff.com,2023-04-29,Ahmedabad
CRM000552,Ishaan Reddy,ishaan.reddy704@gmail.com,2022-11-02,Patna
CRM000745,Deepa Kumar,deepa.kumar36@hotmail.com,2024-05-29,Indore
CRM003299,Kabir Reddy,kabir.reddy718@outlook.com,2024-03-12,Mumbai
CRM006444,Kritika Pillai,kritika.pillai34@outlook.com,2024-05-07,Hyderabad
CRM003498,Arjun Mehta,,2023-10-31,Nagpur
CRM009083,Nisha Iyer,nisha.iyer182@gmail.com,2023-08-09,Chennai
CRM006074,Saanvi Patel,saanvi.patel154@yahoo.com,2022-02-07,Delhi
CRM004246,Kritika Kumar,kritika.kumar257@rediff.com,2024-02-02,Delhi
CRM004353,Kabir Sinha,kabir.sinha438@hotmail.com,2023-12-25,Nagpur
CRM004534,Ananya Sinha,ananya.sinha821@yahoo.com,2023-02-26,Coimbatore
CRM007900,Aditya Singh,aditya.singh850@gmail.com,2023-10-31,Kolkata
CRM008476,Raj Patel,raj.patel807@hotmail.com,2023-06-19,Mumbai
CRM008445,Vijay Mehta,vijay.mehta285@outlook.com,2022-10-24,Hyderabad
CRM004994,Kabir Patel,kabir.patel758@rediff.com,2022-06-22,XX_CITY
CRM009564,Suresh Verma,suresh.verma643@yahoo.com,2023-03-16,Lucknow
CRM006201,Vihaan Chatterjee,vihaan.chatterjee579@yahoo.com,2023-10-19,Lucknow
CRM006856,Sneha Patel,sneha.patel659@gmail.com,2022-07-02,Coimbatore
CRM008963,Kritika Singh,kritika.singh564@gmail.com,2023-02-11,Patna
CRM009293,Suresh Tiwari,suresh.tiwari943@hotmail.com,2024-05-02,Kanpur
CRM000694,Sneha Iyer,sneha.iyer10@hotmail.com,2024-03-07,Pune
CRM002534,Raj Mishra,raj.mishra252@yahoo.com,2023-11-25,Indore
CRM005230,Aarav Joshi,aarav.joshi616@gmail.com,2023-02-27,Ahmedabad
CRM003444,Kritika Sharma,kritika.sharma716@outlook.com,2022-10-11,Hyderabad
CRM000983,Raj Iyer,raj.iyer413@gmail.com,2023-01-12,Nagpur
CRM007979,Sneha Rao,sneha.rao492@rediff.com,2022-09-22,Vadodara
CRM003652,Nisha Tiwari,nisha.tiwari593@yahoo.com,2022-03-25,Lucknow
CRM000080,Vihaan Nair,vihaan.nair982@rediff.com,2022-03-10,Surat
CRM007104,Priya Rao,priya.rao798@hotmail.com,2024-06-17,Bangalore
CRM000092,Aarav Tiwari,aarav.tiwari312@hotmail.com,2023-05-24,Mumbai
CRM007494,Rahul Mehta,rahul.mehta772@outlook.com,2022-04-19,Ahmedabad
CRM002267,Meera Chatterjee,meera.chatterjee739@outlook.com,2022-07-18,Delhi
CRM005273,Pooja Bose,pooja.bose170@yahoo.com,2023-04-02,Jaipur
CRM007235,Sneha Kumar,sneha.kumar814@yahoo.com,2022-01-02,Delhi
CRM005729,Reyan Verma,reyan.verma483@rediff.com,2023-03-29,Mumbai
CRM000262,Meera Singh,meera.singh883@outlook.com,2022-12-05,Surat
CRM002143,Deepa Das,deepa.das659@yahoo.com,2023-02-24,Indore
CRM003338,Suresh Pillai,suresh.pillai563@rediff.com,2022-05-08,Coimbatore
CRM007284,Vijay Tiwari,vijay.tiwari799@rediff.com,2023-08-20,Kanpur
CRM002269,Sneha Tiwari,sneha.tiwari979@yahoo.com,2023-05-20,Hyderabad
CRM000446,Diya Bose,diya.bose542@rediff.com,2022-01-05,Pune
CRM005643,Aditya Patel,aditya.patel489@yahoo.com,2022-09-14,Kanpur
CRM006093,Vihaan Sinha,vihaan.sinha382@yahoo.com,2024-01-19,Kolkata
CRM006830,Priya Gupta,priya.gupta791@gmail.com,2024-01-02,Lucknow
CRM005377,Rahul Sharma,rahul.sharma106@outlook.com,2022-09-29,Kolkata
CRM003556,Riya Iyer,riya.iyer207@rediff.com,2022-07-27,Kolkata
CRM007662,Aadhya Shah,aadhya.shah467@rediff.com,2022-01-30,Delhi
CRM001599,Vivaan Singh,vivaan.singh714@gmail.com,2023-06-13,Jaipur
CRM007727,Ishaan Pillai,ishaan.pillai327@rediff.com,2023-07-28,Patna
CRM001702,Sneha Pillai,sneha.pillai23@hotmail.com,2023-10-09,Pune
CRM007926,Vivaan Mishra,vivaan.mishra227@outlook.com,2024-02-13,Visakhapatnam
CRM005490,Aadhya Mehta,aadhya.mehta726@gmail.com,2022-07-10,Surat
CRM003626,Amit Nair,amit.nair629@outlook.com,2024-03-06,Surat
CRM002527,Deepa Kumar,deepa.kumar701@gmail.com,2022-04-16,UNKNOWN
CRM008979,Diya Sinha,diya.sinha324@hotmail.com,2024-06-25,Lucknow
CRM009820,Ishaan Singh,ishaan.singh949@rediff.com,2023-10-23,Vadodara
CRM000069,Arjun Gupta,arjun.gupta555@yahoo.com,2023-01-24,Bhopal
CRM001169,Aditya Das,aditya.das920@hotmail.com,2024-02-25,Mumbai
CRM000049,Rohan Reddy,rohan.reddy652@rediff.com,2023-05-07,Kanpur
CRM001054,Suresh Bose,suresh.bose147@yahoo.com,2022-07-29,Bangalore
CRM000085,Meera Singh,meera.singh230@hotmail.com,2022-01-01,Nagpur
CRM003150,Priya Kumar,priya.kumar435@yahoo.com,2022-03-08,Ahmedabad
CRM000881,Meera Patel,meera.patel218@rediff.com,2023-08-20,Vadodara
CRM002652,Deepa Sinha,deepa.sinha48@yahoo.com,2023-11-12,Nagpur
CRM005364,Aditya Singh,aditya.singh395@rediff.com,2022-07-28,Pune
CRM002440,Aditya Verma,aditya.verma27@gmail.com,2023-09-14,Thane
CRM009675,Deepa Gupta,,2022-12-10,Hyderabad
CRM004360,Sneha Sharma,sneha.sharma619@gmail.com,2024-04-01,Mumbai
CRM005442,Ananya Sinha,ananya.sinha860@yahoo.com,2022-02-13,Kanpur
CRM001468,Riya Bose,riya.bose143@yahoo.com,2024-05-08,Chennai
CRM010208,Kritika Das,kritika.das748@yahoo.com,2024-06-26,Bangalore
CRM004049,Aarav Verma,aarav.verma658@hotmail.com,2022-09-25,Surat
CRM002442,Priya Das,priya.das309@outlook.com,2023-11-25,Delhi
CRM005399,Kabir Tiwari,kabir.tiwari216@rediff.com,2023-04-17,Bangalore
CRM000231,Deepa Pillai,deepa.pillai170@outlook.com,2023-01-07,Nagpur
CRM001321,Vivaan Singh,vivaan.singh747@outlook.com,2023-04-10,Pune
CRM000042,Amit Joshi,amit.joshi244@rediff.com,2023-02-14,Pune
CRM003040,Diya Kumar,diya.kumar482@rediff.com,2023-07-08,Kolkata
CRM000778,Priya Das,priya.das497@rediff.com,2022-12-19,Coimbatore
CRM009594,Aditya Pillai,aditya.pillai855@outlook.com,2022-07-14,Kanpur
CRM002373,Vijay Sharma,vijay.sharma797@yahoo.com,2022-04-27,Visakhapatnam
CRM001730,Amit Gupta,amit.gupta542@rediff.com,2024-03-03,Pune
CRM008770,Rahul Reddy,rahul.reddy726@yahoo.com,2023-07-16,Nagpur
CRM003579,Ishaan Reddy,ishaan.reddy809@yahoo.com,2023-06-08,Bhopal
CRM000580,Kritika Shah,kritika.shah557@gmail.com,2022-02-18,Surat
CRM004581,Amit Pillai,amit.pillai740@outlook.com,2022-09-18,Ahmedabad
CRM006750,Saanvi Sharma,saanvi.sharma977@yahoo.com,2022-06-11,Delhi
CRM003079,Sai Mishra,,2023-11-15,Bangalore
CRM006323,Sneha Das,sneha.das399@outlook.com,2023-06-12,Delhi
CRM007626,Diya Iyer,diya.iyer396@rediff.com,2022-09-28,Coimbatore
CRM004072,Saanvi Reddy,saanvi.reddy48@hotmail.com,2024-05-09,Bhopal
CRM002868,Saanvi Reddy,saanvi.reddy648@yahoo.com,2022-02-13,Nagpur
CRM001492,Pooja Verma,pooja.verma116@gmail.com,2024-06-01,Indore
CRM008458,Kavya Das,kavya.das510@outlook.com,2023-04-11,Jaipur
CRM006492,Kabir Singh,kabir.singh377@yahoo.com,2023-01-28,Visakhapatnam
CRM000062,Vijay Mishra,vijay.mishra385@outlook.com,2023-03-11,Ahmedabad
CRM009606,Meera Iyer,meera.iyer140@hotmail.com,2022-11-09,Chennai
CRM003474,Riya Sharma,,2023-12-07,Surat
CRM004611,Rahul Nair,rahul.nair442@yahoo.com,2023-04-08,Pune
CRM007546,Vihaan Rao,vihaan.rao448@hotmail.com,2022-12-01,Thane
CRM000403,Diya Sinha,diya.sinha271@rediff.com,2023-04-15,Kolkata
CRM000333,Rohan Joshi,rohan.joshi631@rediff.com,2022-02-10,Bangalore
CRM002085,Reyan Gupta,reyan.gupta544@rediff.com,2023-08-31,Vadodara
CRM003058,Diya Iyer,diya.iyer950@rediff.com,2023-08-30,Delhi
CRM010375,Aarav Singh,aarav.singh542@yahoo.com,2022-12-14,Thane
CRM007885,Aditya Mehta,aditya.mehta400@hotmail.com,2023-01-09,Bhopal
CRM008277,Ishaan Shah,ishaan.shah132@rediff.com,2024-04-10,Surat
CRM000165,Vivaan Verma,vivaan.verma687@outlook.com,2023-11-17,Delhi
CRM009085,Aadhya Chatterjee,aadhya.chatterjee949@hotmail.com,2023-10-12,Vadodara
CRM002716,Aditya Singh,aditya.singh69@yahoo.com,2023-05-29,Hyderabad
CRM009565,Kabir Rao,kabir.rao28@hotmail.com,2022-11-11,Pune
CRM006000,Diya Bose,diya.bose859@yahoo.com,2024-04-14,Ahmedabad
CRM005928,Aadhya Iyer,aadhya.iyer11@yahoo.com,2023-08-08,Kanpur
CRM003318,Priya Verma,priya.verma327@yahoo.com,2022-01-09,Patna
CRM006081,Suresh Kumar,suresh.kumar58@outlook.com,2023-01-13,Mumbai
CRM007064,Sneha Nair,sneha.nair692@hotmail.com,2023-04-23,Lucknow
CRM002756,Kabir Rao,kabir.rao579@outlook.com,2022-02-11,Kanpur
CRM008370,Kavya Gupta,kavya.gupta723@rediff.com,2022-05-18,Surat
CRM008122,Rohan Sharma,rohan.sharma570@gmail.com,2022-08-23,Indore
CRM001335,Vijay Verma,vijay.verma569@yahoo.com,2023-01-22,Vadodara
CRM008258,Ananya Nair,ananya.nair381@yahoo.com,2024-02-10,--
CRM002865,Diya Tiwari,diya.tiwari794@outlook.com,2023-07-31,Chennai
CRM001660,Priya Reddy,priya.reddy941@gmail.com,2023-09-08,Mumbai
CRM007673,Kabir Nair,kabir.nair469@rediff.com,2024-06-15,Hyderabad
CRM000754,Arjun Pillai,arjun.pillai239@gmail.com,2022-02-07,Kolkata
CRM003065,Aadhya Mishra,aadhya.mishra368@hotmail.com,2023-11-21,Mumbai
CRM007604,Reyan Gupta,reyan.gupta994@gmail.com,2022-06-14,Surat
CRM008066,Ishaan Pillai,ishaan.pillai466@hotmail.com,2023-02-03,Vadodara
CRM004354,Kritika Verma,kritika.verma382@hotmail.com,2022-09-21,Jaipur
CRM007229,Vijay Gupta,vijay.gupta26@hotmail.com,2022-02-16,Vadodara
CRM000707,Suresh Nair,suresh.nair931@rediff.com,2022-01-07,Chennai
CRM006599,Suresh Sinha,suresh.sinha668@yahoo.com,2023-08-30,Vadodara
CRM002974,Rahul Das,rahul.das612@rediff.com,2022-01-12,Coimbatore
CRM010318,Saanvi Sharma,saanvi.sharma284@hotmail.com,2024-03-28,Visakhapatnam
CRM004030,Raj Nair,raj.nair33@hotmail.com,2022-08-18,Nagpur
CRM009166,Riya Bose,riya.bose749@gmail.com,2024-06-06,Thane
CRM003536,Raj Sharma,raj.sharma217@outlook.com,2022-11-04,Pune
CRM007385,Ishaan Joshi,ishaan.joshi24@rediff.com,2023-02-05,Bangalore
CRM008798,Suresh Patel,suresh.patel277@rediff.com,2023-03-20,Indore
CRM007566,Saanvi Chatterjee,saanvi.chatterjee913@rediff.com,2024-03-02,Delhi
CRM008741,Kavya Singh,kavya.singh195@hotmail.com,2022-01-07,Bhopal
CRM003687,Deepa Sinha,deepa.sinha369@gmail.com,2022-10-11,Mumbai
CRM010269,Kabir Sinha,kabir.sinha999@hotmail.com,2022-09-10,Mumbai
CRM003152,Kavya Gupta,kavya.gupta957@hotmail.com,2024-02-12,Bangalore
CRM007890,Ishaan Tiwari,ishaan.tiwari841@outlook.com,2023-08-31,Mumbai
CRM010239,Aarav Pillai,aarav.pillai491@yahoo.com,2022-12-27,Visakhapatnam
CRM009629,Aarav Tiwari,aarav.tiwari250@hotmail.com,2023-11-07,Surat
CRM009279,Reyan Pillai,reyan.pillai659@gmail.com,2023-09-20,Surat
CRM001835,Nisha Joshi,nisha.joshi149@yahoo.com,2023-09-13,Vadodara
CRM004008,Raj Chatterjee,raj.chatterjee613@hotmail.com,2024-03-16,Mumbai
CRM000470,Riya Nair,riya.nair426@gmail.com,2022-09-15,Mumbai
CRM008205,Deepa Mehta,deepa.mehta367@yahoo.com,2024-05-20,Kolkata
CRM003439,Rohan Tiwari,rohan.tiwari965@rediff.com,2022-08-20,Mumbai
CRM005200,Aarav Das,,2023-02-18,Mumbai
CRM008679,Reyan Tiwari,reyan.tiwari684@gmail.com,2024-02-18,Nagpur
CRM008230,Aditya Pillai,aditya.pillai790@rediff.com,2024-04-29,Bangalore
CRM008004,Pooja Iyer,pooja.iyer236@gmail.com,2023-12-17,Delhi
CRM000247,Rohan Sharma,rohan.sharma535@rediff.com,2022-08-05,Bangalore
CRM004105,Pooja Patel,pooja.patel885@outlook.com,2022-07-18,Bangalore
CRM003633,Ananya Rao,ananya.rao231@rediff.com,2023-11-04,Kanpur
CRM006238,Reyan Bose,reyan.bose43@gmail.com,2023-08-29,Vadodara
CRM002263,Aditya Iyer,aditya.iyer701@outlook.com,2024-02-25,Delhi
CRM002247,Aditya Iyer,aditya.iyer692@gmail.com,2023-05-09,--
CRM000836,Vivaan Kumar,vivaan.kumar828@outlook.com,2024-06-13,Delhi
CRM008987,Rohan Reddy,rohan.reddy406@rediff.com,2023-11-01,Bangalore
CRM004899,Arjun Nair,arjun.nair593@hotmail.com,2023-01-13,Jaipur
CRM000433,Riya Sharma,riya.sharma423@rediff.com,2022-12-05,Jaipur
CRM004075,Amit Mishra,amit.mishra877@hotmail.com,2023-11-06,Hyderabad
CRM001174,Vijay Tiwari,vijay.tiwari860@yahoo.com,2022-06-30,Lucknow
CRM004380,Ananya Chatterjee,ananya.chatterjee362@gmail.com,2023-10-26,Indore
CRM005737,Rohan Reddy,rohan.reddy790@hotmail.com,2023-06-25,Ahmedabad
CRM006902,Ishaan Reddy,ishaan.reddy345@hotmail.com,2023-10-29,Jaipur
CRM010145,Vihaan Bose,vihaan.bose484@hotmail.com,2022-02-20,Surat
CRM004254,Kabir Mehta,kabir.mehta733@yahoo.com,2022-09-02,Thane
CRM001194,Deepa Reddy,deepa.reddy597@gmail.com,2022-03-30,Chennai
CRM007996,Kritika Iyer,kritika.iyer539@outlook.com,2023-08-07,Kolkata
CRM002907,Sai Bose,sai.bose37@rediff.com,2024-03-19,Nagpur
CRM006316,Raj Iyer,,2023-08-25,Patna
CRM003782,Sneha Reddy,sneha.reddy274@hotmail.com,2024-01-26,Coimbatore
CRM010480,Deepa Tiwari,deepa.tiwari925@hotmail.com,2023-07-24,Pune
CRM003239,Meera Singh,meera.singh579@outlook.com,2022-05-26,Patna
CRM010074,Meera Kumar,meera.kumar348@yahoo.com,2022-11-24,Delhi
CRM010310,Aadhya Reddy,aadhya.reddy721@outlook.com,2023-03-09,Kolkata
CRM003678,Pooja Sharma,pooja.sharma240@yahoo.com,2022-05-06,Indore
CRM005509,Rohan Joshi,rohan.joshi674@hotmail.com,2022-02-18,Indore
CRM004462,Reyan Das,reyan.das665@gmail.com,2023-01-16,Patna
CRM006979,Ishaan Shah,ishaan.shah383@rediff.com,2023-01-03,Vadodara
CRM006763,Raj Joshi,raj.joshi816@yahoo.com,2023-03-28,Indore
CRM002730,Aditya Verma,aditya.verma822@yahoo.com,2022-11-07,Surat
CRM009879,Saanvi Chatterjee,saanvi.chatterjee553@outlook.com,2022-06-21,Kanpur
CRM004333,Vijay Pillai,vijay.pillai677@gmail.com,2024-04-10,Patna
CRM000434,Meera Mehta,meera.mehta583@gmail.com,2022-10-28,Vadodara
CRM000429,Reyan Rao,reyan.rao120@yahoo.com,2023-07-09,Bangalore
CRM003888,Rohan Bose,rohan.bose119@rediff.com,2024-04-10,Mumbai
CRM004787,Ananya Shah,ananya.shah915@gmail.com,2023-06-23,Delhi
CRM008070,Sai Nair,sai.nair497@hotmail.com,2022-04-12,Patna
CRM009743,Arjun Patel,,2024-02-01,Nagpur
CRM000105,Ishaan Das,ishaan.das906@yahoo.com,2022-10-23,Thane
CRM009716,Ishaan Bose,ishaan.bose369@yahoo.com,2023-04-30,Bhopal
CRM001657,Aadhya Reddy,aadhya.reddy405@hotmail.com,2024-05-21,Delhi
CRM007848,Reyan Sharma,reyan.sharma283@yahoo.com,2023-05-16,Bhopal
CRM001534,Kritika Gupta,kritika.gupta140@gmail.com,2023-12-30,Kanpur
CRM002987,Rahul Sharma,rahul.sharma366@yahoo.com,2023-07-26,Coimbatore
CRM005406,Deepa Verma,deepa.verma198@hotmail.com,2024-06-26,Mumbai
CRM001333,Rahul Mishra,rahul.mishra855@hotmail.com,2022-03-19,--
CRM006058,Priya Kumar,priya.kumar947@yahoo.com,2023-04-06,N/A
CRM010421,Ishaan Singh,ishaan.singh138@yahoo.com,2022-09-03,Chennai
CRM008950,Aditya Reddy,aditya.reddy820@hotmail.com,2023-08-09,Surat
CRM000101,Raj Sinha,raj.sinha414@rediff.com,2022-02-19,Indore
CRM001444,Vijay Singh,vijay.singh315@rediff.com,2023-12-12,Kolkata
CRM009849,Kabir Pillai,kabir.pillai751@rediff.com,2022-07-04,Visakhapatnam
CRM006649,Suresh Pillai,suresh.pillai173@rediff.com,2022-02-01,Pune
CRM000215,Sai Chatterjee,sai.chatterjee643@outlook.com,2022-01-05,Jaipur
CRM003353,Raj Sinha,raj.sinha366@rediff.com,2023-01-08,Surat
CRM007255,Vihaan Bose,vihaan.bose269@outlook.com,2024-02-18,Thane
CRM000848,Kritika Das,kritika.das402@hotmail.com,2023-03-18,Bhopal
CRM002911,Aditya Bose,aditya.bose238@rediff.com,2024-06-15,Thane
CRM005194,Pooja Reddy,pooja.reddy596@outlook.com,2024-02-10,Bangalore
CRM008485,Meera Pillai,meera.pillai847@yahoo.com,2022-01-03,Chennai
CRM001420,Riya Verma,riya.verma705@yahoo.com,2022-02-19,Chennai
CRM007891,Reyan Das,reyan.das189@outlook.com,2022-08-22,Kanpur
CRM009072,Arjun Singh,arjun.singh145@outlook.com,2023-04-11,Indore
CRM000182,Rohan Joshi,rohan.joshi813@rediff.com,2024-03-16,Nagpur
CRM003667,Diya Sinha,diya.sinha286@gmail.com,2022-10-05,Kolkata
CRM004620,Rahul Das,rahul.das112@rediff.com,2023-02-04,Ahmedabad
CRM009381,Suresh Kumar,suresh.kumar412@outlook.com,2022-06-03,Nagpur
CRM002447,Diya Mehta,diya.mehta424@gmail.com,2023-11-25,Ahmedabad
CRM006160,Amit Das,amit.das496@gmail.com,2022-02-06,Surat
CRM008686,Rahul Pillai,rahul.pillai510@rediff.com,2022-06-24,Bhopal
CRM008893,Sai Singh,sai.singh881@gmail.com,2022-09-11,Vadodara
CRM006327,Deepa Shah,deepa.shah577@gmail.com,2022-07-12,Patna
CRM007306,Diya Rao,diya.rao946@hotmail.com,2022-05-12,Vadodara
CRM005012,Kritika Joshi,kritika.joshi197@yahoo.com,2022-06-01,Patna
CRM008664,Sai Singh,sai.singh579@outlook.com,2022-11-05,Bangalore
CRM003173,Aarav Das,aarav.das679@gmail.com,2024-02-05,Lucknow
CRM001224,Saanvi Kumar,saanvi.kumar860@yahoo.com,2023-02-27,Lucknow
CRM005655,Amit Sharma,amit.sharma78@rediff.com,2023-02-19,Lucknow
CRM009858,Ananya Shah,ananya.shah408@gmail.com,2022-06-05,Kanpur
CRM000071,Pooja Patel,pooja.patel121@gmail.com,2023-12-18,Delhi
CRM000545,Deepa Gupta,deepa.gupta376@yahoo.com,2022-03-11,Mumbai
CRM001205,Aadhya Tiwari,aadhya.tiwari812@rediff.com,2023-08-30,Hyderabad
CRM004220,Arjun Reddy,arjun.reddy720@outlook.com,2024-06-25,Vadodara
CRM006388,Rahul Tiwari,rahul.tiwari276@gmail.com,2022-10-13,Patna
CRM009758,Vijay Kumar,vijay.kumar464@rediff.com,2024-01-27,Bangalore
CRM003147,Aditya Iyer,aditya.iyer764@hotmail.com,2022-12-19,Kolkata
CRM002638,Sneha Sharma,sneha.sharma112@yahoo.com,2022-06-07,Bhopal
CRM010371,Aditya Reddy,aditya.reddy600@rediff.com,2022-07-14,Visakhapatnam
CRM004218,Suresh Patel,suresh.patel705@yahoo.com,2023-11-05,Jaipur
CRM009138,Arjun Pillai,arjun.pillai292@yahoo.com,2023-09-02,Mumbai
CRM007454,Vivaan Kumar,vivaan.kumar838@gmail.com,2023-04-25,Ahmedabad
CRM005704,Sneha Mishra,sneha.mishra649@rediff.com,2023-08-12,Coimbatore
CRM010060,Deepa Verma,deepa.verma908@yahoo.com,2022-04-26,Ahmedabad
CRM006714,Saanvi Iyer,saanvi.iyer198@hotmail.com,2024-06-22,Bangalore
CRM000878,Deepa Singh,deepa.singh542@yahoo.com,2023-09-22,Bangalore
CRM008709,Aadhya Joshi,aadhya.joshi807@gmail.com,2022-06-26,Kanpur
CRM000197,Suresh Nair,suresh.nair284@gmail.com,2023-03-10,XX_CITY
CRM010438,Deepa Shah,deepa.shah860@gmail.com,2022-08-20,Surat
CRM003384,Vivaan Mishra,vivaan.mishra224@rediff.com,2023-02-04,Delhi
CRM004741,Saanvi Rao,saanvi.rao723@rediff.com,2024-05-24,Mumbai
CRM010398,Reyan Das,reyan.das636@gmail.com,2022-11-12,Coimbatore
CRM007252,Nisha Patel,nisha.patel565@hotmail.com,2022-02-18,Chennai
CRM002998,Rohan Tiwari,rohan.tiwari930@yahoo.com,2022-03-27,Jaipur
CRM002572,Kavya Verma,,2022-02-02,Bhopal
CRM003593,Deepa Kumar,deepa.kumar426@yahoo.com,2022-05-12,Visakhapatnam
CRM004520,Kavya Patel,kavya.patel578@yahoo.com,2022-09-17,Kolkata
CRM002401,Deepa Mishra,deepa.mishra810@outlook.com,2024-03-21,Mumbai
CRM009245,Pooja Singh,pooja.singh748@gmail.com,2023-08-14,Delhi
CRM010038,Saanvi Das,saanvi.das573@outlook.com,2023-08-01,Bangalore
CRM007108,Riya Sharma,riya.sharma153@yahoo.com,2022-03-14,Patna
CRM004140,Deepa Mehta,deepa.mehta772@gmail.com,2023-05-16,Lucknow
CRM006178,Kavya Verma,kavya.verma640@rediff.com,2023-08-15,Kolkata
CRM005970,Suresh Verma,suresh.verma374@rediff.com,2023-01-28,Coimbatore
CRM004735,Deepa Kumar,deepa.kumar837@gmail.com,2023-06-29,Thane
CRM002869,Vijay Singh,vijay.singh416@hotmail.com,2024-03-17,Delhi
CRM002719,Rahul Patel,rahul.patel979@gmail.com,2023-11-07,Kanpur
CRM010102,Arjun Pillai,arjun.pillai316@yahoo.com,2024-05-27,Ahmedabad
CRM004487,Reyan Patel,reyan.patel785@yahoo.com,2023-02-18,Thane
CRM004681,Riya Rao,riya.rao780@hotmail.com,2023-09-30,Mumbai
CRM004624,Ishaan Sinha,ishaan.sinha644@rediff.com,2024-01-28,Bhopal
CRM000189,Vihaan Patel,vihaan.patel886@rediff.com,2023-04-15,Patna
CRM007943,Nisha Iyer,nisha.iyer92@gmail.com,2023-08-01,Coimbatore
CRM003216,Kabir Bose,kabir.bose184@gmail.com,2023-02-28,Kolkata
CRM002683,Vivaan Tiwari,vivaan.tiwari84@yahoo.com,2022-04-21,Bhopal
CRM009108,Priya Iyer,priya.iyer317@gmail.com,2023-10-10,Bhopal
CRM002509,Diya Reddy,diya.reddy85@yahoo.com,2023-01-02,Kanpur
CRM007880,Suresh Gupta,suresh.gupta561@rediff.com,2024-01-30,Ahmedabad
CRM007672,Vivaan Gupta,vivaan.gupta605@rediff.com,2022-04-04,Kolkata
CRM000219,Suresh Kumar,suresh.kumar427@outlook.com,2022-12-18,Delhi
CRM008378,Pooja Mehta,pooja.mehta110@yahoo.com,2024-02-23,Nagpur
CRM006436,Vijay Bose,vijay.bose664@outlook.com,2022-11-03,Visakhapatnam
CRM005156,Aarav Singh,aarav.singh705@gmail.com,2023-12-27,Indore
CRM002544,Pooja Verma,pooja.verma662@outlook.com,2022-09-21,Coimbatore
CRM003943,Amit Iyer,amit.iyer354@hotmail.com,2024-04-05,Kanpur
CRM001245,Vivaan Verma,vivaan.verma686@gmail.com,2022-11-25,Coimbatore
CRM008659,Meera Verma,meera.verma465@gmail.com,2023-01-02,Vadodara
CRM000421,Kavya Patel,kavya.patel348@rediff.com,2023-03-15,Bhopal
CRM007972,Pooja Das,pooja.das819@yahoo.com,2022-11-01,Mumbai
CRM007192,Ishaan Nair,ishaan.nair614@outlook.com,2024-03-22,Visakhapatnam
CRM007977,Aditya Nair,,2023-06-05,Jaipur
CRM002059,Amit Nair,amit.nair329@yahoo.com,2023-10-25,Nagpur
CRM009091,Priya Sinha,priya.sinha984@rediff.com,2022-06-25,Thane
CRM009189,Kabir Patel,kabir.patel997@outlook.com,2023-09-27,Ahmedabad
CRM004393,Riya Reddy,riya.reddy311@yahoo.com,2024-05-27,Nagpur
CRM005212,Aarav Verma,aarav.verma16@yahoo.com,2022-08-27,Pune
CRM006872,Kabir Kumar,kabir.kumar995@rediff.com,2023-07-23,Thane
CRM005021,Kavya Singh,kavya.singh947@rediff.com,2024-04-16,Delhi
CRM001167,Rahul Nair,rahul.nair954@outlook.com,2022-08-08,Vadodara
CRM000255,Vihaan Joshi,vihaan.joshi860@outlook.com,2024-01-23,Coimbatore
CRM004685,Amit Shah,amit.shah879@hotmail.com,2022-08-13,Pune
CRM000416,Raj Bose,raj.bose312@yahoo.com,2022-07-05,Indore
CRM008514,Aarav Kumar,aarav.kumar418@hotmail.com,2023-11-16,UNKNOWN
CRM009833,Kritika Pillai,kritika.pillai412@rediff.com,2022-01-03,Hyderabad
CRM008859,Nisha Joshi,nisha.joshi582@rediff.com,2023-09-14,Hyderabad
CRM005984,Arjun Reddy,arjun.reddy808@outlook.com,2022-01-28,Patna
CRM000760,Vihaan Chatterjee,vihaan.chatterjee945@hotmail.com,2023-06-28,Surat
CRM001386,Diya Pillai,diya.pillai139@outlook.com,2023-09-04,Patna
CRM000655,Suresh Joshi,suresh.joshi453@rediff.com,2024-05-09,Vadodara
CRM001202,Priya Shah,,2022-02-10,Bhopal
CRM002414,Raj Patel,raj.patel792@rediff.com,2023-10-07,Thane
CRM004114,Priya Mehta,priya.mehta57@yahoo.com,2023-01-08,Chennai
CRM008953,Meera Iyer,meera.iyer927@outlook.com,2022-07-24,Coimbatore
CRM005822,Meera Sinha,meera.sinha558@hotmail.com,2023-04-19,Bangalore
CRM003402,Nisha Das,nisha.das389@outlook.com,2022-07-23,Mumbai
CRM008871,Raj Sinha,raj.sinha756@yahoo.com,2024-03-14,Jaipur
CRM006129,Sai Chatterjee,sai.chatterjee586@gmail.com,2023-04-06,Delhi
CRM004081,Vihaan Joshi,vihaan.joshi77@hotmail.com,2022-08-18,Hyderabad
CRM003045,Raj Sinha,raj.sinha514@hotmail.com,2022-03-11,Nagpur
CRM002831,Sai Gupta,sai.gupta978@hotmail.com,2024-01-23,Kanpur
CRM006957,Ishaan Singh,ishaan.singh678@rediff.com,2023-09-17,Ahmedabad
CRM000329,Raj Das,raj.das784@hotmail.com,2023-06-29,Delhi
CRM006253,Suresh Shah,suresh.shah989@outlook.com,2022-05-21,Visakhapatnam
CRM006919,Rohan Patel,rohan.patel961@hotmail.com,2022-03-24,Ahmedabad
CRM009163,Vihaan Sinha,vihaan.sinha645@hotmail.com,2023-09-07,Visakhapatnam
CRM008085,Suresh Tiwari,suresh.tiwari70@rediff.com,2024-04-03,Mumbai
CRM002064,Rohan Singh,rohan.singh915@yahoo.com,2022-11-11,Pune
CRM007590,Rohan Kumar,rohan.kumar793@hotmail.com,2023-04-21,Coimbatore
CRM005555,Raj Sinha,raj.sinha270@hotmail.com,2023-04-30,Delhi
CRM003034,Kritika Mehta,kritika.mehta744@rediff.com,2022-12-24,Jaipur
CRM008986,Priya Gupta,priya.gupta165@yahoo.com,2023-04-21,UNKNOWN
CRM004263,Kavya Sinha,kavya.sinha119@hotmail.com,2024-01-05,Chennai
CRM004195,Priya Kumar,priya.kumar436@hotmail.com,2024-04-17,Kanpur
CRM007919,Sai Nair,sai.nair545@yahoo.com,2022-12-29,Coimbatore
CRM001282,Kritika Verma,kritika.verma399@rediff.com,2023-06-03,Vadodara
CRM003020,Amit Shah,amit.shah527@outlook.com,2022-02-12,Mumbai
CRM003030,Ananya Rao,ananya.rao204@yahoo.com,2023-05-23,Indore
CRM005313,Arjun Joshi,arjun.joshi67@hotmail.com,2024-04-04,Surat
CRM002637,Kabir Pillai,kabir.pillai606@outlook.com,2024-02-03,Kolkata
CRM004265,Kabir Mishra,kabir.mishra808@outlook.com,2022-05-13,Patna
CRM008791,Aarav Singh,aarav.singh559@outlook.com,2024-02-09,Coimbatore
CRM005182,Aditya Mehta,aditya.mehta984@outlook.com,2023-11-02,Vadodara
CRM003019,Aadhya Shah,aadhya.shah427@gmail.com,2022-09-29,Kanpur
CRM002946,Saanvi Sinha,saanvi.sinha804@hotmail.com,2022-02-07,Bangalore
CRM008093,Vijay Patel,vijay.patel375@rediff.com,2024-03-04,Bangalore
CRM007056,Aarav Bose,aarav.bose747@hotmail.com,2023-03-06,Jaipur
CRM005628,Meera Reddy,meera.reddy919@outlook.com,2024-05-26,Mumbai
CRM009995,Reyan Pillai,reyan.pillai994@yahoo.com,2022-07-29,N/A
CRM004707,Sneha Verma,sneha.verma780@hotmail.com,2024-04-04,Bangalore
CRM002664,Kavya Shah,kavya.shah218@hotmail.com,2022-03-01,Lucknow
CRM008873,Ananya Sharma,ananya.sharma985@yahoo.com,2022-10-10,XX_CITY
CRM001283,Suresh Kumar,suresh.kumar97@outlook.com,2024-03-23,Indore
CRM004366,Aarav Singh,aarav.singh644@gmail.com,2023-06-13,Kanpur
CRM001363,Sai Kumar,sai.kumar264@gmail.com,2024-05-17,Delhi
CRM007973,Reyan Mishra,reyan.mishra506@outlook.com,2022-09-10,Vadodara
CRM009426,Ananya Tiwari,ananya.tiwari631@rediff.com,2024-05-31,Visakhapatnam
CRM001438,Amit Sinha,amit.sinha623@gmail.com,2023-05-18,Coimbatore
CRM003482,Rohan Das,rohan.das88@gmail.com,2023-03-14,Ahmedabad
CRM010317,Rahul Reddy,rahul.reddy141@yahoo.com,2024-02-16,Delhi
CRM004339,Pooja Patel,pooja.patel473@hotmail.com,2022-08-03,Delhi
CRM000057,Aadhya Chatterjee,aadhya.chatterjee312@hotmail.com,2022-10-20,Hyderabad
CRM009816,Nisha Chatterjee,nisha.chatterjee957@yahoo.com,2023-08-23,Ahmedabad
CRM009075,Aarav Mishra,aarav.mishra890@hotmail.com,2022-05-12,Kanpur
CRM006113,Ananya Iyer,ananya.iyer188@gmail.com,2023-03-03,Patna
CRM001845,Vijay Chatterjee,vijay.chatterjee585@outlook.com,2023-04-01,Thane
CRM004096,Suresh Kumar,suresh.kumar973@rediff.com,2022-02-07,Indore
CRM009183,Aditya Gupta,aditya.gupta599@yahoo.com,2022-01-05,Chennai
CRM008252,Reyan Joshi,reyan.joshi312@gmail.com,2022-06-10,Kolkata
CRM002881,Sai Joshi,sai.joshi92@hotmail.com,2024-05-15,Vadodara
CRM001744,Suresh Mehta,suresh.mehta32@gmail.com,2024-04-12,Indore
CRM003382,Kavya Singh,kavya.singh753@yahoo.com,2022-11-13,Lucknow
CRM008991,Aarav Verma,aarav.verma786@yahoo.com,2023-11-30,Nagpur
CRM001303,Nisha Sinha,nisha.sinha55@hotmail.com,2024-03-29,Surat
CRM004830,Vihaan Rao,vihaan.rao803@gmail.com,2022-12-13,Bhopal
CRM007090,Sneha Mishra,sneha.mishra884@rediff.com,2024-01-13,Delhi
CRM010039,Vivaan Sinha,vivaan.sinha151@rediff.com,2022-12-21,Indore
CRM000741,Reyan Shah,reyan.shah891@rediff.com,2022-06-27,Nagpur
CRM008521,Aadhya Mehta,aadhya.mehta609@yahoo.com,2023-05-24,Jaipur
CRM004708,Ishaan Patel,ishaan.patel44@outlook.com,2024-03-24,Jaipur
CRM005707,Ananya Iyer,ananya.iyer915@yahoo.com,2024-02-18,Coimbatore
CRM006716,Sneha Shah,sneha.shah902@outlook.com,2022-08-11,Indore
CRM001625,Vihaan Kumar,,2024-05-19,Vadodara
CRM004138,Vihaan Shah,vihaan.shah262@rediff.com,2024-02-26,Mumbai
CRM000525,Riya Bose,riya.bose697@yahoo.com,2022-05-15,Surat
CRM007608,Rahul Mishra,rahul.mishra190@hotmail.com,2022-10-17,Bangalore
CRM004866,Sai Shah,sai.shah185@hotmail.com,2022-04-28,Patna
CRM003236,Ananya Gupta,ananya.gupta558@rediff.com,2022-02-11,Ahmedabad
CRM008204,Riya Das,riya.das557@gmail.com,2023-04-06,Patna
CRM003258,Ananya Verma,ananya.verma285@hotmail.com,2022-11-20,Kanpur
CRM006278,Vijay Mishra,vijay.mishra423@rediff.com,2023-10-26,Kanpur
CRM007721,Aditya Kumar,aditya.kumar831@yahoo.com,2022-09-08,Delhi
CRM000177,Aditya Pillai,aditya.pillai533@yahoo.com,2022-08-05,Kanpur
CRM000436,Vijay Pillai,vijay.pillai726@gmail.com,2022-12-04,Thane
CRM003965,Aarav Sharma,aarav.sharma522@rediff.com,2022-12-11,Indore
CRM010461,Rohan Chatterjee,rohan.chatterjee570@rediff.com,2022-05-17,Surat
CRM000309,Rahul Sharma,rahul.sharma852@rediff.com,2022-09-06,Kolkata
CRM003756,Sai Patel,sai.patel636@gmail.com,2024-06-07,Vadodara
CRM001566,Suresh Shah,suresh.shah929@hotmail.com,2024-02-07,Hyderabad
CRM002632,Raj Rao,raj.rao141@rediff.com,2022-01-24,Patna
CRM006476,Amit Mishra,amit.mishra620@rediff.com,2022-09-13,Kolkata
CRM003838,Deepa Nair,deepa.nair818@outlook.com,2022-06-18,Patna
CRM005126,Nisha Bose,nisha.bose254@rediff.com,2023-06-15,Nagpur
CRM000402,Sneha Verma,sneha.verma741@hotmail.com,2022-03-22,Delhi
CRM004569,Diya Pillai,diya.pillai439@gmail.com,2023-11-29,Kolkata
CRM003069,Sai Sinha,,2022-05-01,Kolkata
CRM000882,Aadhya Nair,aadhya.nair484@outlook.com,2024-05-10,Kolkata
CRM000435,Aditya Shah,aditya.shah427@rediff.com,2022-10-13,Hyderabad
CRM008786,Deepa Bose,deepa.bose112@rediff.com,2023-05-19,Bangalore
CRM000596,Raj Sinha,raj.sinha569@outlook.com,2022-08-26,Patna
CRM003298,Arjun Tiwari,arjun.tiwari135@hotmail.com,2022-05-18,Coimbatore
CRM006743,Rahul Mishra,rahul.mishra156@gmail.com,2023-02-07,Pune
CRM010476,Nisha Singh,,2022-06-25,Delhi
CRM008999,Vivaan Kumar,vivaan.kumar756@rediff.com,2023-08-21,Mumbai
CRM008261,Suresh Joshi,suresh.joshi338@yahoo.com,2022-07-04,N/A
CRM007713,Kritika Mishra,kritika.mishra668@gmail.com,2022-09-29,Mumbai
CRM006423,Pooja Gupta,pooja.gupta921@gmail.com,2024-03-26,Ahmedabad
CRM000289,Priya Chatterjee,priya.chatterjee789@rediff.com,2024-03-30,Patna
CRM006282,Reyan Mishra,reyan.mishra262@outlook.com,2023-05-09,Pune
CRM009815,Suresh Joshi,suresh.joshi277@gmail.com,2023-03-07,Lucknow
CRM002624,Reyan Mehta,reyan.mehta912@outlook.com,2022-01-11,Delhi
CRM006860,Reyan Mehta,reyan.mehta479@outlook.com,2024-02-10,Thane
CRM000477,Sai Verma,sai.verma331@rediff.com,2022-06-06,Hyderabad
CRM008098,Vijay Patel,vijay.patel547@outlook.com,2022-12-13,Coimbatore
CRM009807,Sai Singh,,2022-01-29,Patna
CRM000232,Pooja Kumar,pooja.kumar978@outlook.com,2023-06-18,Indore
CRM000180,Ananya Joshi,ananya.joshi384@outlook.com,2022-02-10,Lucknow
CRM003996,Aditya Bose,aditya.bose857@rediff.com,2022-08-14,Visakhapatnam
CRM000738,Reyan Patel,reyan.patel361@rediff.com,2022-09-06,Patna
CRM006965,Diya Singh,diya.singh743@outlook.com,2023-01-22,Hyderabad
CRM000843,Ishaan Mehta,ishaan.mehta578@yahoo.com,2023-06-12,Delhi
CRM009214,Aadhya Verma,,2022-12-18,Vadodara
CRM005906,Kritika Patel,kritika.patel271@rediff.com,2022-01-29,Visakhapatnam
CRM006256,Vivaan Das,vivaan.das855@rediff.com,2022-03-26,Lucknow
CRM006434,Ananya Kumar,ananya.kumar820@hotmail.com,2024-05-25,Pune
CRM010076,Meera Joshi,meera.joshi455@rediff.com,2022-12-08,Ahmedabad
CRM003252,Suresh Tiwari,suresh.tiwari354@gmail.com,2023-04-11,Lucknow
CRM004792,Meera Tiwari,meera.tiwari125@outlook.com,2022-03-28,N/A
CRM005919,Rohan Joshi,rohan.joshi403@yahoo.com,2024-03-31,Chennai
CRM005339,Aditya Shah,aditya.shah258@hotmail.com,2023-10-08,Hyderabad
CRM006349,Sai Joshi,sai.joshi924@gmail.com,2024-04-26,N/A
CRM001322,Saanvi Reddy,saanvi.reddy968@rediff.com,2022-12-22,Coimbatore
CRM001840,Vijay Joshi,vijay.joshi706@gmail.com,2023-12-01,Mumbai
CRM001996,Vivaan Iyer,vivaan.iyer23@gmail.com,2022-07-09,Visakhapatnam
CRM002400,Kritika Verma,kritika.verma717@yahoo.com,2023-07-07,Bangalore
CRM008945,Reyan Iyer,reyan.iyer664@hotmail.com,2023-06-20,Visakhapatnam
CRM006916,Kritika Bose,kritika.bose54@gmail.com,2022-08-29,Hyderabad
CRM010301,Raj Iyer,raj.iyer986@rediff.com,2022-01-30,Kolkata
CRM001042,Vivaan Iyer,vivaan.iyer476@outlook.com,2022-04-05,Lucknow
CRM004824,Kritika Verma,kritika.verma913@rediff.com,2024-03-13,Surat
CRM000801,Saanvi Rao,saanvi.rao421@yahoo.com,2023-12-19,Delhi
CRM008063,Priya Rao,priya.rao739@outlook.com,2022-02-11,Bhopal
CRM007867,Suresh Kumar,suresh.kumar865@rediff.com,2023-03-22,Indore
CRM001406,Meera Chatterjee,meera.chatterjee641@rediff.com,2024-01-31,Mumbai
CRM006283,Aadhya Patel,,2023-12-11,Mumbai
CRM005698,Diya Verma,diya.verma965@hotmail.com,2022-07-04,Bhopal
CRM000070,Sneha Pillai,sneha.pillai710@hotmail.com,2023-04-09,Coimbatore
CRM006926,Aditya Bose,aditya.bose359@yahoo.com,2023-11-22,Mumbai
CRM006154,Suresh Sinha,suresh.sinha775@yahoo.com,2024-02-09,Kanpur
CRM002760,Vivaan Sharma,vivaan.sharma287@yahoo.com,2022-11-28,Pune
CRM006380,Pooja Singh,pooja.singh497@gmail.com,2024-03-09,Kanpur
CRM004783,Vijay Tiwari,vijay.tiwari611@outlook.com,2023-10-16,Vadodara
CRM001587,Aarav Mehta,aarav.mehta461@hotmail.com,2023-01-26,Coimbatore
CRM007812,Sai Bose,sai.bose106@rediff.com,2023-06-15,Visakhapatnam
CRM005351,Meera Shah,meera.shah716@rediff.com,2023-04-24,Pune
CRM006460,Deepa Sharma,deepa.sharma700@rediff.com,2022-01-04,Ahmedabad
CRM001075,Suresh Bose,suresh.bose790@yahoo.com,2022-11-04,Delhi
CRM009449,Priya Gupta,priya.gupta222@gmail.com,2022-10-08,Chennai
CRM003462,Amit Joshi,amit.joshi200@outlook.com,2022-07-21,Delhi
CRM000378,Raj Verma,raj.verma547@outlook.com,2023-07-07,Delhi
CRM001470,Rahul Iyer,rahul.iyer274@hotmail.com,2022-05-25,Vadodara
CRM009575,Nisha Iyer,nisha.iyer377@gmail.com,2022-08-14,Delhi
CRM009718,Nisha Pillai,nisha.pillai729@rediff.com,2024-01-16,Kanpur
CRM002604,Kavya Mishra,kavya.mishra791@outlook.com,2024-01-18,Bangalore
CRM007877,Rahul Tiwari,rahul.tiwari205@yahoo.com,2023-07-14,Delhi
CRM001580,Deepa Mishra,deepa.mishra925@yahoo.com,2022-08-08,Mumbai
CRM003773,Aditya Chatterjee,aditya.chatterjee754@hotmail.com,2022-01-15,XX_CITY
CRM004871,Raj Iyer,raj.iyer870@gmail.com,2024-01-25,Patna
CRM006162,Aditya Rao,aditya.rao894@hotmail.com,2022-03-24,Lucknow
CRM006998,Sai Gupta,sai.gupta990@yahoo.com,2022-07-20,Kanpur
CRM000410,Diya Chatterjee,diya.chatterjee900@outlook.com,2022-10-05,Coimbatore
CRM006097,Diya Reddy,diya.reddy172@yahoo.com,2023-09-17,Ahmedabad
CRM002953,Raj Iyer,raj.iyer232@outlook.com,2023-11-19,Bhopal
CRM006480,Aarav Kumar,aarav.kumar990@outlook.com,2023-05-17,Kolkata
CRM006055,Vivaan Das,vivaan.das672@outlook.com,2023-03-21,Ahmedabad
CRM004533,Ishaan Sinha,ishaan.sinha102@yahoo.com,2023-05-26,Delhi
CRM003092,Deepa Das,deepa.das614@outlook.com,2023-09-16,Delhi
CRM002727,Aarav Chatterjee,aarav.chatterjee213@yahoo.com,2023-03-30,Jaipur
CRM000478,Ishaan Bose,ishaan.bose354@gmail.com,2024-05-10,Bangalore
CRM001330,Ananya Nair,ananya.nair405@yahoo.com,2023-04-16,Chennai
CRM002284,Kritika Verma,kritika.verma724@gmail.com,2022-08-25,Thane
CRM009473,Nisha Rao,nisha.rao170@gmail.com,2022-12-09,Surat
CRM010332,Riya Pillai,riya.pillai438@outlook.com,2023-04-08,Jaipur
CRM005285,Kavya Tiwari,,2023-12-22,Lucknow
CRM001778,Pooja Verma,pooja.verma611@gmail.com,2022-03-28,Surat
CRM002593,Reyan Chatterjee,reyan.chatterjee368@gmail.com,2024-01-24,Surat
CRM000752,Aarav Gupta,aarav.gupta801@outlook.com,2024-01-01,Nagpur
CRM010003,Ishaan Bose,ishaan.bose445@yahoo.com,2023-01-19,Kanpur
CRM004706,Sneha Pillai,sneha.pillai382@hotmail.com,2022-10-09,Chennai
CRM008222,Kavya Reddy,kavya.reddy869@gmail.com,2022-06-13,Coimbatore
CRM007743,Vihaan Pillai,vihaan.pillai760@yahoo.com,2023-09-29,Vadodara
CRM006812,Saanvi Das,saanvi.das180@rediff.com,2022-01-21,Hyderabad
CRM008760,Deepa Joshi,deepa.joshi609@hotmail.com,2024-01-22,Vadodara
CRM001032,Aarav Tiwari,aarav.tiwari788@hotmail.com,2023-02-08,Kolkata
CRM008577,Vijay Das,vijay.das449@outlook.com,2022-02-01,Kolkata
CRM005957,Arjun Tiwari,arjun.tiwari939@outlook.com,2023-04-06,Lucknow
CRM000469,Vivaan Verma,vivaan.verma397@outlook.com,2022-08-02,Jaipur
CRM001546,Pooja Tiwari,pooja.tiwari900@yahoo.com,2022-04-19,Indore
CRM007285,Aditya Sinha,aditya.sinha584@yahoo.com,2023-07-22,Patna
CRM009172,Arjun Iyer,arjun.iyer142@outlook.com,2023-08-22,Mumbai
CRM002684,Kavya Nair,kavya.nair966@rediff.com,2022-01-15,Visakhapatnam
CRM008244,Deepa Joshi,deepa.joshi772@yahoo.com,2022-06-26,Bangalore
CRM003834,Aditya Mishra,aditya.mishra518@outlook.com,2023-05-31,Indore
CRM008286,Diya Kumar,diya.kumar710@gmail.com,2023-04-17,Pune
CRM001026,Vihaan Bose,vihaan.bose945@yahoo.com,2023-10-23,Delhi
CRM004619,Sai Sharma,sai.sharma888@outlook.com,2024-03-15,Delhi
CRM004296,Rahul Nair,rahul.nair419@yahoo.com,2023-03-28,Coimbatore
CRM006211,Vivaan Gupta,vivaan.gupta868@yahoo.com,2023-01-18,Kanpur
CRM005866,Aadhya Tiwari,aadhya.tiwari387@outlook.com,2022-12-30,Indore
CRM003519,Sai Sharma,sai.sharma531@hotmail.com,2022-08-11,Coimbatore
CRM005895,Kritika Iyer,kritika.iyer88@rediff.com,2024-01-05,Coimbatore
CRM002355,Kabir Das,kabir.das844@yahoo.com,2023-07-15,Jaipur
CRM005910,Vihaan Bose,vihaan.bose763@yahoo.com,2024-04-16,Hyderabad
CRM000451,Suresh Chatterjee,suresh.chatterjee930@rediff.com,2023-08-19,Mumbai
CRM000774,Pooja Mishra,pooja.mishra231@yahoo.com,2024-04-24,Kanpur
CRM004697,Riya Shah,riya.shah162@hotmail.com,2022-09-08,Delhi
CRM009769,Raj Verma,raj.verma977@outlook.com,2022-09-18,Surat
CRM005147,Kabir Rao,kabir.rao880@gmail.com,2022-07-29,Chennai
CRM008502,Sai Singh,sai.singh794@outlook.com,2023-08-17,Vadodara
CRM000642,Deepa Iyer,deepa.iyer557@outlook.com,2024-05-10,Chennai
CRM004881,Kritika Chatterjee,kritika.chatterjee667@outlook.com,2022-10-25,Nagpur
CRM005439,Kabir Gupta,kabir.gupta390@rediff.com,2024-03-29,Hyderabad
CRM000968,Sai Gupta,sai.gupta416@gmail.com,2023-09-28,Coimbatore
CRM005825,Vijay Pillai,vijay.pillai848@rediff.com,2024-02-04,Indore
CRM007746,Raj Sharma,raj.sharma805@outlook.com,2023-09-18,Bhopal
CRM009133,Amit Gupta,amit.gupta337@gmail.com,2023-10-21,Delhi
CRM001109,Aadhya Reddy,aadhya.reddy389@hotmail.com,2022-09-14,Visakhapatnam
CRM004396,Ishaan Rao,ishaan.rao145@gmail.com,2022-07-21,Patna
CRM000866,Saanvi Sharma,saanvi.sharma734@rediff.com,2023-07-02,Ahmedabad
CRM001421,Aditya Bose,aditya.bose69@hotmail.com,2023-07-27,Bhopal
CRM006045,Arjun Mishra,arjun.mishra682@yahoo.com,2023-07-31,Coimbatore
CRM004599,Ishaan Verma,,2022-09-26,Lucknow
CRM005675,Kavya Mehta,kavya.mehta784@outlook.com,2023-05-15,Delhi
CRM006720,Amit Shah,amit.shah975@outlook.com,2024-04-28,Chennai
CRM003449,Raj Joshi,raj.joshi827@rediff.com,2022-10-15,Bangalore
CRM006150,Aadhya Sharma,aadhya.sharma584@rediff.com,2023-09-11,Delhi
CRM005528,Kabir Rao,kabir.rao590@hotmail.com,2022-02-14,Bhopal
CRM006698,Pooja Pillai,pooja.pillai115@hotmail.com,2022-05-07,Hyderabad
CRM000963,Kavya Das,kavya.das978@rediff.com,2023-01-26,Coimbatore
CRM001681,Amit Bose,amit.bose666@yahoo.com,2024-01-15,Mumbai
CRM007751,Vivaan Pillai,vivaan.pillai340@rediff.com,2023-02-28,Bhopal
CRM000634,Ananya Verma,ananya.verma163@gmail.com,2024-02-19,Mumbai
CRM002570,Reyan Chatterjee,reyan.chatterjee446@gmail.com,2023-05-18,Bhopal
CRM006888,Kavya Rao,kavya.rao459@outlook.com,2024-03-06,Bangalore
CRM004270,Raj Verma,raj.verma867@rediff.com,2022-09-05,Ahmedabad
CRM003310,Meera Tiwari,,2023-02-04,Lucknow
CRM002167,Rohan Mishra,rohan.mishra145@gmail.com,2023-09-05,Bhopal
CRM000364,Nisha Sharma,nisha.sharma84@outlook.com,2022-04-15,Jaipur
CRM003724,Kabir Reddy,kabir.reddy412@rediff.com,2022-03-12,Chennai
CRM002826,Aarav Shah,aarav.shah192@rediff.com,2022-09-23,Mumbai
CRM003598,Kabir Gupta,kabir.gupta199@outlook.com,2022-11-25,Bhopal
CRM000547,Suresh Bose,suresh.bose947@hotmail.com,2023-02-28,Kanpur
CRM002941,Deepa Sinha,deepa.sinha947@hotmail.com,2023-02-15,Bangalore
CRM000472,Rahul Bose,rahul.bose25@rediff.com,2022-09-13,Chennai
CRM001642,Amit Iyer,amit.iyer411@yahoo.com,2023-12-04,Surat
CRM003339,Vihaan Gupta,vihaan.gupta429@rediff.com,2023-02-10,Ahmedabad
CRM009540,Aarav Mishra,aarav.mishra355@outlook.com,2022-04-05,Chennai
CRM001173,Amit Tiwari,amit.tiwari547@yahoo.com,2023-12-10,Mumbai
CRM004116,Reyan Singh,reyan.singh943@gmail.com,2024-03-28,Nagpur
CRM006581,Sai Chatterjee,sai.chatterjee401@rediff.com,2023-03-26,Lucknow
CRM005236,Saanvi Chatterjee,saanvi.chatterjee632@outlook.com,2023-04-20,Ahmedabad
CRM005270,Ananya Sharma,,2022-11-15,Vadodara
CRM006946,Ishaan Pillai,ishaan.pillai664@hotmail.com,2023-01-19,Kolkata
CRM004310,Aditya Reddy,aditya.reddy173@rediff.com,2023-06-29,Lucknow
CRM001411,Vivaan Sinha,vivaan.sinha329@rediff.com,2022-01-10,Kanpur
CRM005497,Kabir Chatterjee,kabir.chatterjee317@yahoo.com,2023-05-03,Nagpur
CRM009390,Ananya Tiwari,ananya.tiwari973@hotmail.com,2022-06-10,Indore
CRM008141,Ishaan Iyer,ishaan.iyer26@outlook.com,2022-03-23,Chennai
CRM007573,Aditya Kumar,aditya.kumar493@yahoo.com,2022-09-20,Mumbai
CRM000816,Raj Tiwari,raj.tiwari768@outlook.com,2023-07-05,Bangalore
CRM002132,Pooja Shah,pooja.shah758@yahoo.com,2023-03-22,Indore
CRM001798,Raj Sinha,raj.sinha429@outlook.com,2024-01-31,Surat
CRM003123,Aditya Gupta,aditya.gupta180@rediff.com,2023-12-06,Kanpur
CRM009913,Diya Shah,diya.shah443@rediff.com,2023-12-17,Delhi
CRM006391,Riya Reddy,riya.reddy907@gmail.com,2022-06-03,Nagpur
CRM005227,Aditya Bose,aditya.bose611@gmail.com,2022-06-02,Nagpur
CRM009333,Kritika Verma,kritika.verma710@rediff.com,2022-02-04,Hyderabad
CRM005771,Kavya Bose,kavya.bose808@yahoo.com,2023-06-01,Lucknow
CRM000238,Sneha Shah,sneha.shah358@rediff.com,2023-06-06,Bhopal
CRM001533,Vijay Sinha,vijay.sinha189@outlook.com,2023-05-07,Thane
CRM010086,Vihaan Kumar,vihaan.kumar19@yahoo.com,2022-08-28,Delhi
CRM009413,Reyan Tiwari,reyan.tiwari133@hotmail.com,2022-01-15,Lucknow
CRM003411,Ishaan Patel,ishaan.patel782@hotmail.com,2023-02-28,Bangalore
CRM007276,Arjun Mehta,arjun.mehta256@yahoo.com,2022-03-20,Visakhapatnam
CRM009762,Rohan Tiwari,rohan.tiwari597@hotmail.com,2023-06-19,Kanpur
CRM001536,Meera Verma,,2022-04-11,Vadodara
CRM003880,Kritika Rao,kritika.rao329@hotmail.com,2022-07-06,Indore
CRM008117,Amit Kumar,amit.kumar624@rediff.com,2022-11-22,Kolkata
CRM005426,Kritika Reddy,kritika.reddy825@outlook.com,2022-08-18,Thane
CRM007217,Deepa Patel,deepa.patel75@rediff.com,2022-08-07,Mumbai
CRM001481,Saanvi Pillai,saanvi.pillai19@hotmail.com,2022-08-05,Jaipur
CRM002794,Aarav Reddy,aarav.reddy51@rediff.com,2024-04-19,Patna
CRM006559,Vijay Tiwari,vijay.tiwari953@yahoo.com,2023-11-22,XX_CITY
CRM010475,Aarav Patel,aarav.patel168@hotmail.com,2023-02-15,Surat
CRM006978,Vivaan Mishra,,2023-08-16,Bangalore
CRM004554,Deepa Gupta,deepa.gupta29@yahoo.com,2023-01-08,Thane
CRM004340,Arjun Mehta,arjun.mehta671@outlook.com,2022-02-26,Jaipur
CRM009431,Vivaan Das,vivaan.das481@gmail.com,2024-06-24,Kolkata
CRM008823,Riya Mishra,riya.mishra715@gmail.com,2022-07-09,Jaipur
CRM003662,Priya Singh,priya.singh157@gmail.com,2022-11-10,Surat
CRM000556,Amit Sinha,amit.sinha234@hotmail.com,2022-12-27,Mumbai
CRM001164,Ishaan Mehta,ishaan.mehta697@yahoo.com,2023-04-30,Nagpur
CRM005749,Reyan Kumar,reyan.kumar164@yahoo.com,2024-03-13,Indore
CRM000398,Vihaan Nair,vihaan.nair734@gmail.com,2022-07-04,Surat
CRM006748,Reyan Patel,reyan.patel738@hotmail.com,2022-09-06,Surat
CRM008952,Nisha Sinha,nisha.sinha351@hotmail.com,2023-07-14,Patna
CRM009428,Rahul Nair,rahul.nair522@outlook.com,2023-10-23,Chennai
CRM004914,Vijay Chatterjee,vijay.chatterjee844@hotmail.com,2023-03-26,Patna
CRM006671,Reyan Rao,reyan.rao899@yahoo.com,2023-10-02,Nagpur
CRM006200,Riya Joshi,riya.joshi935@gmail.com,2022-11-25,Kanpur
CRM000724,Reyan Chatterjee,reyan.chatterjee897@yahoo.com,2024-04-23,Bangalore
CRM000301,Vivaan Shah,vivaan.shah352@hotmail.com,2023-11-16,Patna
CRM009002,Amit Joshi,amit.joshi541@yahoo.com,2024-04-21,Kanpur
CRM006330,Sai Shah,sai.shah123@hotmail.com,2023-12-20,Thane
CRM008723,Kavya Joshi,kavya.joshi881@yahoo.com,2024-05-10,Lucknow
CRM004834,Vijay Das,vijay.das655@outlook.com,2022-02-24,Vadodara
CRM009955,Meera Sharma,meera.sharma35@outlook.com,2022-04-29,Bangalore
CRM003143,Raj Iyer,raj.iyer347@hotmail.com,2022-02-19,Patna
CRM003206,Arjun Verma,arjun.verma964@outlook.com,2022-01-12,Kanpur
CRM009712,Aditya Mishra,aditya.mishra863@hotmail.com,2024-01-05,Jaipur
CRM010253,Vijay Reddy,vijay.reddy148@hotmail.com,2024-03-15,Surat
CRM005203,Vihaan Singh,vihaan.singh394@gmail.com,2024-06-22,Jaipur
CRM005616,Amit Gupta,amit.gupta549@gmail.com,2022-05-10,Hyderabad
CRM001153,Rahul Mishra,rahul.mishra588@hotmail.com,2022-07-28,Vadodara
CRM001213,Kabir Bose,kabir.bose401@rediff.com,2023-09-09,Kolkata
CRM009517,Deepa Sharma,deepa.sharma964@yahoo.com,2022-08-13,Kolkata
CRM010394,Kritika Sinha,kritika.sinha186@gmail.com,2024-01-02,Mumbai
CRM008584,Saanvi Sinha,saanvi.sinha460@hotmail.com,2023-10-15,Bangalore
CRM005557,Nisha Sharma,nisha.sharma15@gmail.com,2023-12-22,Bhopal
CRM006399,Riya Joshi,riya.joshi17@hotmail.com,2023-06-02,Hyderabad
CRM000666,Pooja Bose,pooja.bose529@hotmail.com,2024-01-22,Chennai
CRM000643,Pooja Shah,pooja.shah250@hotmail.com,2023-06-30,Ahmedabad
CRM009905,Priya Sharma,,2023-10-13,Hyderabad
CRM003768,Kabir Reddy,kabir.reddy152@hotmail.com,2022-09-28,Vadodara
CRM000787,Vijay Singh,vijay.singh46@outlook.com,2022-09-18,Bangalore
CRM008217,Priya Shah,priya.shah732@gmail.com,2022-11-15,Coimbatore
CRM003203,Ishaan Tiwari,,2022-01-31,Ahmedabad
CRM005551,Kritika Rao,kritika.rao779@outlook.com,2022-01-22,Hyderabad
CRM004188,Rohan Patel,rohan.patel275@hotmail.com,2022-07-25,Hyderabad
CRM010341,Aditya Das,aditya.das105@yahoo.com,2024-06-01,Patna
CRM006623,Rahul Mehta,rahul.mehta754@yahoo.com,2024-02-09,Delhi
CRM002906,Pooja Singh,pooja.singh648@rediff.com,2022-07-17,Visakhapatnam
CRM006689,Riya Tiwari,riya.tiwari222@yahoo.com,2022-12-01,Kanpur
CRM000997,Meera Kumar,meera.kumar33@yahoo.com,2023-03-30,Visakhapatnam
CRM008601,Suresh Iyer,suresh.iyer859@rediff.com,2024-05-29,Jaipur
CRM007218,Priya Rao,priya.rao410@gmail.com,2024-01-12,Jaipur
CRM005265,Raj Chatterjee,raj.chatterjee655@rediff.com,2022-11-06,Coimbatore
CRM000157,Kabir Pillai,kabir.pillai523@rediff.com,2023-01-28,Bhopal
CRM006077,Rahul Gupta,rahul.gupta42@outlook.com,2024-04-15,Surat
CRM003086,Deepa Iyer,deepa.iyer917@yahoo.com,2024-03-09,Delhi
CRM006811,Priya Bose,priya.bose979@rediff.com,2022-02-23,Jaipur
CRM007198,Raj Das,raj.das871@outlook.com,2022-10-16,Thane
CRM004798,Sai Das,sai.das641@outlook.com,2023-11-26,Hyderabad
CRM007824,Diya Nair,diya.nair728@gmail.com,2023-06-05,Surat
CRM003796,Riya Chatterjee,riya.chatterjee688@rediff.com,2022-09-19,Kolkata
CRM000496,Vivaan Tiwari,vivaan.tiwari86@gmail.com,2022-03-13,Delhi
CRM002322,Ishaan Rao,ishaan.rao851@outlook.com,2022-09-15,Delhi
CRM006042,Aarav Sinha,aarav.sinha677@gmail.com,2024-06-21,Nagpur
CRM009539,Ishaan Joshi,ishaan.joshi988@outlook.com,2022-11-30,Bhopal
CRM000152,Reyan Iyer,reyan.iyer562@hotmail.com,2024-05-01,Vadodara
CRM005471,Reyan Patel,reyan.patel621@yahoo.com,2024-04-03,Mumbai
CRM007183,Meera Das,meera.das35@outlook.com,2023-03-09,Visakhapatnam
CRM008442,Deepa Reddy,deepa.reddy295@outlook.com,2023-10-19,Mumbai
CRM001739,Aadhya Sharma,aadhya.sharma874@gmail.com,2022-10-06,Bhopal
CRM003002,Sai Pillai,sai.pillai957@hotmail.com,2022-08-01,Lucknow
CRM005744,Sai Chatterjee,sai.chatterjee547@gmail.com,2023-12-01,Pune
CRM009984,Deepa Bose,deepa.bose683@rediff.com,2023-07-13,Ahmedabad
CRM009657,Rohan Tiwari,rohan.tiwari429@rediff.com,2022-01-05,Chennai
CRM002884,Nisha Sharma,nisha.sharma838@rediff.com,2024-01-02,Mumbai
CRM003721,Meera Kumar,meera.kumar423@rediff.com,2024-01-05,Bangalore
CRM008082,Rahul Bose,rahul.bose334@hotmail.com,2022-05-20,Visakhapatnam
CRM009137,Nisha Mehta,nisha.mehta468@outlook.com,2024-05-25,--
CRM007349,Vihaan Sharma,vihaan.sharma577@outlook.com,2022-04-27,Hyderabad
CRM009227,Sneha Reddy,sneha.reddy897@hotmail.com,2022-11-14,Coimbatore
CRM002277,Raj Singh,raj.singh401@gmail.com,2022-12-30,Bhopal
CRM000344,Reyan Pillai,reyan.pillai973@gmail.com,2023-05-23,Coimbatore
CRM004137,Ananya Shah,ananya.shah337@hotmail.com,2022-06-10,Ahmedabad
CRM007473,Suresh Shah,suresh.shah126@gmail.com,2022-02-09,Lucknow
CRM004863,Riya Tiwari,riya.tiwari746@rediff.com,2022-10-16,Indore
CRM002224,Kabir Iyer,kabir.iyer722@outlook.com,2024-01-21,Vadodara
CRM004197,Sai Rao,sai.rao20@hotmail.com,2023-08-29,Patna
CRM006066,Rohan Verma,rohan.verma332@gmail.com,2024-03-28,Mumbai
CRM004251,Arjun Bose,arjun.bose777@yahoo.com,2023-10-06,Bangalore
CRM006769,Vihaan Chatterjee,vihaan.chatterjee484@yahoo.com,2023-01-30,Indore
CRM005642,Kritika Chatterjee,kritika.chatterjee871@gmail.com,2022-05-30,Chennai
CRM007466,Ananya Joshi,ananya.joshi573@yahoo.com,2024-01-18,Jaipur
CRM009862,Sai Patel,sai.patel693@gmail.com,2022-09-06,Pune
CRM005205,Kabir Kumar,kabir.kumar23@yahoo.com,2024-06-20,Thane
CRM001466,Nisha Gupta,nisha.gupta834@rediff.com,2022-11-29,Pune
CRM002235,Nisha Verma,nisha.verma751@outlook.com,2022-10-06,Bangalore
CRM010149,Deepa Reddy,deepa.reddy51@yahoo.com,2023-11-02,Kolkata
CRM003904,Ishaan Verma,ishaan.verma855@hotmail.com,2022-06-07,Delhi
CRM006608,Diya Chatterjee,,2023-12-04,Ahmedabad
CRM007034,Diya Bose,diya.bose120@outlook.com,2022-08-23,Pune
CRM009187,Sneha Mehta,sneha.mehta617@gmail.com,2022-03-30,Hyderabad
CRM006648,Riya Gupta,riya.gupta37@rediff.com,2023-12-29,Pune
CRM005810,Priya Kumar,priya.kumar531@rediff.com,2023-02-20,Vadodara
CRM004152,Ananya Kumar,ananya.kumar168@hotmail.com,2023-04-23,Kanpur
CRM005059,Amit Kumar,amit.kumar621@gmail.com,2024-03-24,Nagpur
CRM002122,Sneha Rao,sneha.rao65@yahoo.com,2023-06-12,Thane
CRM007924,Diya Das,diya.das149@rediff.com,2022-02-14,Bhopal
CRM008278,Aarav Mehta,aarav.mehta769@yahoo.com,2023-09-28,Surat
CRM003162,Pooja Chatterjee,pooja.chatterjee374@yahoo.com,2024-03-15,Patna
CRM002631,Suresh Singh,suresh.singh522@hotmail.com,2024-01-15,Chennai
CRM007372,Saanvi Pillai,saanvi.pillai876@gmail.com,2022-11-23,Bangalore
CRM009117,Diya Chatterjee,diya.chatterjee193@rediff.com,2022-06-09,Thane
CRM006274,Amit Sinha,amit.sinha164@rediff.com,2023-01-18,Lucknow
CRM009622,Aarav Nair,aarav.nair828@outlook.com,2022-07-22,Visakhapatnam
CRM001204,Vivaan Nair,vivaan.nair961@hotmail.com,2022-10-24,Delhi
CRM006479,Deepa Gupta,deepa.gupta575@outlook.com,2022-01-05,Bangalore
CRM000617,Ananya Tiwari,ananya.tiwari251@hotmail.com,2023-11-10,Kanpur
CRM001927,Riya Gupta,riya.gupta65@yahoo.com,2022-03-26,Kolkata
CRM003115,Aditya Iyer,aditya.iyer760@rediff.com,2022-10-19,Thane
CRM002642,Amit Verma,amit.verma72@yahoo.com,2024-02-13,Thane
CRM009616,Aditya Nair,aditya.nair636@outlook.com,2023-11-25,Indore
CRM002563,Vihaan Iyer,vihaan.iyer518@hotmail.com,2023-10-31,Lucknow
CRM004716,Meera Patel,meera.patel504@hotmail.com,2022-06-17,Chennai
CRM002729,Vivaan Patel,vivaan.patel166@rediff.com,2024-03-29,Delhi
CRM004448,Arjun Joshi,arjun.joshi172@rediff.com,2022-08-30,Lucknow
CRM008527,Vihaan Gupta,vihaan.gupta658@yahoo.com,2022-07-09,Bhopal
CRM002127,Reyan Bose,reyan.bose148@yahoo.com,2023-09-01,Delhi
CRM004958,Reyan Nair,reyan.nair683@yahoo.com,2022-12-05,Jaipur
CRM008845,Kavya Shah,kavya.shah745@yahoo.com,2022-10-10,Visakhapatnam
CRM006734,Sneha Mishra,sneha.mishra32@outlook.com,2022-05-09,Nagpur
CRM007107,Priya Sharma,priya.sharma534@gmail.com,2022-05-03,Mumbai
CRM000806,Vihaan Mishra,vihaan.mishra988@outlook.com,2023-04-06,Thane
CRM008631,Ananya Reddy,ananya.reddy412@rediff.com,2024-01-21,Bangalore
CRM007745,Aadhya Kumar,aadhya.kumar158@outlook.com,2024-01-03,Bangalore
CRM008009,Pooja Gupta,pooja.gupta601@hotmail.com,2022-12-29,Mumbai
CRM009509,Vijay Reddy,vijay.reddy369@rediff.com,2023-02-26,Jaipur
CRM009120,Reyan Iyer,reyan.iyer163@gmail.com,2024-01-20,Mumbai
CRM000548,Kabir Iyer,kabir.iyer121@hotmail.com,2023-10-13,Delhi
CRM000027,Riya Singh,riya.singh955@yahoo.com,2022-09-25,Indore
CRM005724,Pooja Patel,pooja.patel848@rediff.com,2023-03-05,Delhi
CRM003919,Nisha Kumar,nisha.kumar462@rediff.com,2023-12-26,Nagpur
CRM009585,Priya Sinha,priya.sinha142@yahoo.com,2023-09-27,Jaipur
CRM004642,Arjun Mehta,arjun.mehta179@outlook.com,2023-11-06,Bangalore
CRM001222,Kabir Sinha,kabir.sinha594@outlook.com,2023-01-24,Kolkata
CRM005770,Raj Kumar,raj.kumar234@hotmail.com,2023-07-12,Visakhapatnam
CRM002549,Aditya Bose,aditya.bose80@outlook.com,2022-01-08,Bhopal
CRM000438,Raj Shah,raj.shah168@hotmail.com,2022-09-22,Jaipur
CRM005965,Kritika Nair,kritika.nair78@rediff.com,2024-02-18,Mumbai
CRM009770,Diya Joshi,diya.joshi352@rediff.com,2024-06-29,Kolkata
CRM001862,Priya Chatterjee,priya.chatterjee834@outlook.com,2024-01-27,Coimbatore
CRM002700,Riya Sharma,riya.sharma769@hotmail.com,2024-03-22,Patna
CRM006832,Ishaan Mishra,ishaan.mishra962@yahoo.com,2023-05-20,Chennai
CRM010081,Ishaan Reddy,ishaan.reddy236@gmail.com,2022-09-20,Kolkata
CRM002482,Kabir Gupta,kabir.gupta592@gmail.com,2023-06-21,Kanpur
CRM004606,Aditya Mishra,,2023-09-22,Coimbatore
CRM009037,Raj Patel,raj.patel843@gmail.com,2023-08-02,Hyderabad
CRM002707,Aadhya Joshi,aadhya.joshi400@rediff.com,2023-07-17,Bangalore
CRM000327,Raj Shah,raj.shah868@gmail.com,2023-12-11,Kanpur
CRM002500,Deepa Nair,deepa.nair840@yahoo.com,2023-08-05,Jaipur
CRM001005,Aadhya Patel,aadhya.patel207@gmail.com,2022-10-21,Thane
CRM004895,Aditya Nair,aditya.nair479@outlook.com,2023-12-16,Hyderabad
CRM005959,Vijay Verma,vijay.verma153@hotmail.com,2023-08-18,Indore
CRM004012,Ishaan Kumar,ishaan.kumar915@hotmail.com,2022-07-16,Thane
CRM007261,Aadhya Rao,aadhya.rao559@hotmail.com,2022-08-26,Patna
CRM000535,Raj Gupta,raj.gupta78@outlook.com,2024-05-07,Bangalore
CRM006089,Ananya Pillai,ananya.pillai324@yahoo.com,2023-11-10,Thane
CRM003961,Raj Mehta,raj.mehta249@outlook.com,2023-02-24,Visakhapatnam
CRM000586,Ishaan Pillai,ishaan.pillai86@gmail.com,2024-06-22,Pune
CRM008840,Suresh Bose,suresh.bose449@hotmail.com,2022-05-28,Patna
CRM006795,Vijay Joshi,vijay.joshi446@yahoo.com,2024-06-16,Lucknow
CRM009961,Rohan Tiwari,rohan.tiwari799@hotmail.com,2023-12-08,Pune
CRM004961,Aarav Singh,aarav.singh263@yahoo.com,2022-10-19,Visakhapatnam
CRM006443,Diya Reddy,diya.reddy27@gmail.com,2024-06-10,Coimbatore
CRM000492,Priya Nair,priya.nair410@hotmail.com,2022-12-24,Chennai
CRM004420,Pooja Das,pooja.das77@gmail.com,2022-07-03,Ahmedabad
CRM005522,Ishaan Nair,ishaan.nair900@outlook.com,2023-06-02,Visakhapatnam
CRM009343,Rahul Gupta,rahul.gupta352@hotmail.com,2022-04-01,Patna
CRM008586,Deepa Tiwari,deepa.tiwari398@outlook.com,2022-12-13,Ahmedabad
CRM009835,Vihaan Kumar,vihaan.kumar202@outlook.com,2024-03-05,Mumbai
CRM003549,Vijay Mishra,vijay.mishra470@gmail.com,2022-11-15,Mumbai
CRM001917,Kabir Verma,kabir.verma112@gmail.com,2024-06-25,Patna
CRM003186,Riya Pillai,riya.pillai412@hotmail.com,2022-04-15,Visakhapatnam
CRM010366,Kabir Sinha,kabir.sinha630@outlook.com,2023-04-15,Coimbatore
CRM001911,Vijay Tiwari,vijay.tiwari933@outlook.com,2022-05-08,Patna
CRM007154,Ishaan Tiwari,ishaan.tiwari172@yahoo.com,2024-03-31,Delhi
CRM010196,Vivaan Kumar,vivaan.kumar216@hotmail.com,2022-03-06,Delhi
CRM001134,Sneha Kumar,sneha.kumar468@gmail.com,2023-05-05,Vadodara
CRM005951,Aarav Sinha,aarav.sinha310@gmail.com,2022-11-25,Delhi
CRM002519,Deepa Gupta,deepa.gupta85@yahoo.com,2022-07-09,Hyderabad
CRM001318,Rohan Shah,rohan.shah865@rediff.com,2024-04-26,Visakhapatnam
CRM000122,Aditya Das,aditya.das649@hotmail.com,2023-09-27,Mumbai
CRM009520,Ishaan Sharma,ishaan.sharma551@outlook.com,2022-11-19,Delhi
CRM002450,Rohan Kumar,rohan.kumar355@yahoo.com,2023-12-12,Jaipur
CRM004657,Ananya Tiwari,ananya.tiwari905@outlook.com,2023-03-23,Pune
CRM009571,Vijay Sinha,vijay.sinha433@hotmail.com,2023-04-29,Vadodara
CRM002602,Meera Verma,meera.verma645@rediff.com,2022-07-10,Surat
CRM007718,Sai Mehta,sai.mehta127@hotmail.com,2024-03-13,Kolkata
CRM010327,Vijay Reddy,vijay.reddy52@yahoo.com,2022-09-15,Mumbai
CRM002174,Kavya Reddy,kavya.reddy51@yahoo.com,2022-10-05,Kanpur
CRM003284,Riya Rao,riya.rao968@gmail.com,2023-06-22,Surat
CRM003606,Rohan Mehta,rohan.mehta401@rediff.com,2023-11-13,Mumbai
CRM010061,Ishaan Bose,ishaan.bose222@gmail.com,2024-04-02,Visakhapatnam
CRM009724,Aarav Rao,aarav.rao556@rediff.com,2024-03-10,Thane
CRM003769,Kavya Mehta,kavya.mehta216@hotmail.com,2023-07-25,Delhi
CRM010002,Rohan Chatterjee,rohan.chatterjee737@rediff.com,2022-01-26,Surat
CRM004039,Vijay Mehta,vijay.mehta489@gmail.com,2022-07-07,Coimbatore
CRM003503,Kabir Das,kabir.das702@outlook.com,2023-08-04,Bangalore
CRM001408,Priya Kumar,priya.kumar725@rediff.com,2022-11-22,Visakhapatnam
CRM009918,Rahul Das,rahul.das454@outlook.com,2023-08-19,Jaipur
CRM006348,Rohan Joshi,rohan.joshi767@outlook.com,2024-06-30,Mumbai
CRM005639,Aarav Joshi,aarav.joshi624@yahoo.com,2022-01-23,Mumbai
CRM002580,Vihaan Singh,vihaan.singh446@rediff.com,2022-05-30,Vadodara
CRM004430,Suresh Singh,suresh.singh467@gmail.com,2024-06-13,Bangalore
CRM003270,Ishaan Verma,ishaan.verma276@outlook.com,2023-09-12,Bangalore
CRM010235,Meera Shah,meera.shah599@hotmail.com,2023-11-16,Bangalore
CRM001868,Ishaan Patel,ishaan.patel167@outlook.com,2024-03-07,Mumbai
CRM000136,Vivaan Iyer,vivaan.iyer93@gmail.com,2023-11-11,Patna
CRM007661,Kavya Sinha,kavya.sinha559@gmail.com,2022-10-31,Bhopal
CRM002522,Sneha Mishra,sneha.mishra246@gmail.com,2024-05-27,Patna
CRM008100,Vihaan Mehta,vihaan.mehta384@yahoo.com,2023-01-01,Kolkata
CRM001821,Sai Reddy,sai.reddy975@rediff.com,2023-11-22,Bangalore
CRM005153,Kabir Nair,kabir.nair581@hotmail.com,2022-02-19,Vadodara
CRM000052,Sneha Reddy,sneha.reddy852@yahoo.com,2022-04-16,Kanpur
CRM003889,Rahul Patel,rahul.patel100@outlook.com,2024-01-15,Visakhapatnam
CRM009637,Amit Bose,amit.bose656@rediff.com,2023-10-01,Ahmedabad
CRM003578,Priya Patel,priya.patel287@outlook.com,2022-07-11,Vadodara
CRM008836,Ananya Shah,ananya.shah406@outlook.com,2023-08-31,Hyderabad
CRM010101,Aadhya Pillai,aadhya.pillai511@hotmail.com,2023-10-19,Bangalore
CRM001859,Rahul Chatterjee,rahul.chatterjee822@rediff.com,2023-02-19,Mumbai
CRM006030,Sai Iyer,sai.iyer977@gmail.com,2024-03-14,Kanpur
CRM010213,Aadhya Das,aadhya.das775@yahoo.com,2022-01-31,Surat
CRM008762,Diya Shah,diya.shah591@yahoo.com,2023-10-28,Patna
CRM005688,Rohan Mehta,rohan.mehta489@rediff.com,2023-06-20,Jaipur
CRM007290,Rohan Rao,rohan.rao897@rediff.com,2024-04-22,Hyderabad
CRM009887,Saanvi Das,saanvi.das85@gmail.com,2023-03-13,Pune
CRM000426,Ananya Sharma,ananya.sharma821@yahoo.com,2023-09-26,Kolkata
CRM004285,Diya Kumar,diya.kumar921@outlook.com,2023-02-12,Surat
CRM008585,Priya Kumar,priya.kumar454@outlook.com,2023-02-20,Nagpur
CRM005034,Arjun Rao,arjun.rao351@hotmail.com,2022-12-14,Coimbatore
CRM000229,Amit Singh,amit.singh851@hotmail.com,2022-02-17,Thane
CRM010010,Rahul Singh,rahul.singh308@yahoo.com,2022-09-29,Jaipur
CRM002742,Aditya Mishra,aditya.mishra696@hotmail.com,2022-10-08,Hyderabad
CRM009369,Kritika Mishra,kritika.mishra344@gmail.com,2022-04-06,Patna
CRM004756,Nisha Singh,nisha.singh568@hotmail.com,2022-02-27,Jaipur
CRM002922,Diya Mishra,diya.mishra533@gmail.com,2022-04-07,Mumbai
CRM009034,Rohan Verma,rohan.verma268@outlook.com,2022-07-15,Pune
CRM003654,Pooja Mishra,pooja.mishra495@gmail.com,2022-10-21,Surat
CRM005267,Amit Reddy,amit.reddy619@hotmail.com,2023-09-17,XX_CITY
CRM005279,Riya Patel,riya.patel399@gmail.com,2024-04-15,Kolkata
CRM001129,Deepa Gupta,deepa.gupta510@yahoo.com,2022-03-04,Indore
CRM005864,Vihaan Mehta,vihaan.mehta859@gmail.com,2023-01-19,Delhi
CRM008433,Nisha Mehta,nisha.mehta929@rediff.com,2022-03-19,Pune
CRM002209,Ishaan Nair,ishaan.nair744@yahoo.com,2022-08-17,Coimbatore
CRM005804,Saanvi Shah,saanvi.shah642@rediff.com,2022-01-03,Pune
CRM009542,Vijay Kumar,vijay.kumar360@outlook.com,2022-09-29,Kolkata
CRM006694,Suresh Tiwari,suresh.tiwari399@rediff.com,2022-10-07,Lucknow
CRM003154,Amit Rao,amit.rao947@gmail.com,2024-05-12,Kolkata
CRM005131,Arjun Das,arjun.das685@hotmail.com,2023-11-27,Mumbai
CRM008423,Rahul Reddy,rahul.reddy689@yahoo.com,2024-05-03,--
CRM007175,Aadhya Sharma,aadhya.sharma165@hotmail.com,2022-01-25,Coimbatore
CRM010286,Diya Gupta,diya.gupta106@yahoo.com,2024-03-25,Mumbai
CRM002375,Kabir Joshi,kabir.joshi551@gmail.com,2023-03-08,Mumbai
CRM001633,Pooja Tiwari,pooja.tiwari861@rediff.com,2024-04-06,Bangalore
CRM005584,Sai Reddy,sai.reddy898@gmail.com,2022-08-15,Indore
CRM002299,Arjun Nair,arjun.nair900@outlook.com,2022-08-01,Mumbai
CRM005818,Aditya Das,aditya.das968@yahoo.com,2023-10-25,Lucknow
CRM004253,Priya Sharma,,2024-01-26,Ahmedabad
CRM006365,Priya Gupta,priya.gupta118@rediff.com,2023-08-17,Bangalore
CRM007740,Suresh Bose,suresh.bose571@gmail.com,2022-11-17,Delhi
CRM008206,Deepa Gupta,,2024-04-29,Nagpur
CRM004831,Aditya Mehta,aditya.mehta127@hotmail.com,2023-08-29,Chennai
CRM004844,Ananya Sharma,ananya.sharma625@hotmail.com,2022-12-03,Nagpur
CRM002068,Vivaan Shah,vivaan.shah271@hotmail.com,2023-11-16,Indore
CRM008125,Pooja Nair,pooja.nair776@hotmail.com,2024-06-20,Bangalore
CRM006538,Diya Nair,diya.nair624@gmail.com,2023-05-15,Thane
CRM005184,Nisha Verma,nisha.verma313@hotmail.com,2023-07-28,Coimbatore
CRM006174,Ishaan Mehta,ishaan.mehta412@rediff.com,2023-01-26,Indore
CRM004875,Vijay Nair,vijay.nair954@hotmail.com,2022-05-20,Ahmedabad
CRM009810,Reyan Tiwari,reyan.tiwari865@rediff.com,2023-08-17,Visakhapatnam
CRM006395,Priya Gupta,priya.gupta698@outlook.com,2024-05-21,Delhi
CRM008725,Ananya Pillai,ananya.pillai739@rediff.com,2022-06-13,Chennai
CRM002551,Ananya Joshi,ananya.joshi803@outlook.com,2023-07-24,Nagpur
CRM007383,Vijay Shah,vijay.shah812@hotmail.com,2022-09-02,Coimbatore
CRM000939,Kabir Joshi,kabir.joshi764@hotmail.com,2023-01-10,Visakhapatnam
CRM010068,Pooja Rao,pooja.rao246@gmail.com,2023-02-26,Delhi
CRM009503,Aarav Nair,aarav.nair80@rediff.com,2023-08-03,Patna
CRM006197,Aadhya Rao,aadhya.rao638@hotmail.com,2023-07-25,Ahmedabad
CRM010415,Arjun Verma,arjun.verma239@gmail.com,2023-02-07,Nagpur
CRM002645,Kabir Joshi,kabir.joshi500@outlook.com,2024-02-27,Kolkata
CRM003166,Kabir Rao,kabir.rao277@rediff.com,2023-12-07,Surat
CRM003640,Ananya Das,ananya.das842@hotmail.com,2022-03-26,Jaipur
CRM002062,Deepa Chatterjee,deepa.chatterjee439@yahoo.com,2022-03-06,Bhopal
CRM004962,Rahul Pillai,rahul.pillai338@rediff.com,2023-07-15,Mumbai
CRM002813,Nisha Iyer,nisha.iyer723@outlook.com,2023-03-06,Nagpur
CRM010052,Arjun Mehta,arjun.mehta28@outlook.com,2022-04-14,Patna
CRM009254,Aadhya Reddy,aadhya.reddy425@hotmail.com,2022-02-22,Ahmedabad
CRM009641,Suresh Bose,suresh.bose628@yahoo.com,2023-06-02,Vadodara
CRM002550,Ananya Shah,ananya.shah872@gmail.com,2022-07-25,Patna
CRM007008,Aarav Bose,aarav.bose790@gmail.com,2022-03-10,Chennai
CRM007345,Diya Kumar,diya.kumar123@gmail.com,2024-04-28,Nagpur
CRM007236,Aarav Rao,aarav.rao936@hotmail.com,2022-03-09,Indore
CRM004175,Arjun Mishra,arjun.mishra508@outlook.com,2023-10-19,Indore
CRM009377,Pooja Joshi,pooja.joshi659@gmail.com,2023-10-09,Kanpur
CRM001025,Priya Patel,priya.patel117@yahoo.com,2023-06-27,Coimbatore
CRM009866,Rohan Pillai,rohan.pillai876@rediff.com,2023-10-15,Surat
CRM006487,Vijay Das,vijay.das926@gmail.com,2023-11-14,Bangalore
CRM001952,Vihaan Chatterjee,vihaan.chatterjee54@hotmail.com,2023-08-14,Hyderabad
CRM008232,Vihaan Tiwari,vihaan.tiwari922@gmail.com,2022-01-28,Kanpur
CRM000352,Riya Sinha,riya.sinha541@gmail.com,2023-07-14,Delhi
CRM005580,Amit Das,amit.das446@gmail.com,2024-01-30,Kolkata
CRM003663,Vijay Mehta,vijay.mehta673@hotmail.com,2022-12-27,Indore
CRM005808,Suresh Kumar,suresh.kumar279@gmail.com,2022-10-16,Bhopal
CRM008639,Sneha Rao,sneha.rao367@rediff.com,2022-10-18,Kolkata
CRM003151,Arjun Das,arjun.das24@yahoo.com,2022-05-25,Vadodara
CRM007818,Ananya Nair,ananya.nair169@gmail.com,2022-11-20,Hyderabad
CRM004666,Raj Das,raj.das605@yahoo.com,2023-10-02,Surat
CRM008200,Amit Patel,amit.patel373@rediff.com,2022-08-03,Vadodara
CRM002940,Ishaan Joshi,ishaan.joshi960@rediff.com,2022-07-14,Surat
CRM001341,Vivaan Sharma,vivaan.sharma243@rediff.com,2022-01-27,Visakhapatnam
CRM010041,Meera Patel,meera.patel859@gmail.com,2022-10-25,Nagpur
CRM006955,Kritika Das,kritika.das336@yahoo.com,2023-11-06,UNKNOWN
CRM005852,Vihaan Gupta,vihaan.gupta373@rediff.com,2023-10-20,Bangalore
CRM005505,Diya Bose,diya.bose548@yahoo.com,2023-11-19,Bangalore
CRM008344,Deepa Singh,deepa.singh278@gmail.com,2022-12-10,Bhopal
CRM007137,Kabir Nair,kabir.nair785@gmail.com,2023-03-19,Bhopal
CRM001584,Riya Mishra,riya.mishra888@gmail.com,2022-03-16,Indore
CRM001413,Vijay Sharma,vijay.sharma329@gmail.com,2022-01-28,Indore
CRM007163,Reyan Bose,reyan.bose183@yahoo.com,2022-04-05,Pune
CRM009397,Meera Das,meera.das756@outlook.com,2024-06-22,Ahmedabad
CRM002257,Saanvi Patel,saanvi.patel521@hotmail.com,2024-05-10,Delhi
CRM007725,Raj Shah,raj.shah602@gmail.com,2024-04-15,Chennai
CRM002213,Riya Bose,riya.bose395@yahoo.com,2024-01-03,Chennai
CRM002623,Rahul Mehta,rahul.mehta241@rediff.com,2023-09-10,Lucknow
CRM006609,Priya Sinha,priya.sinha450@gmail.com,2022-04-16,Surat
CRM003625,Sai Gupta,sai.gupta486@hotmail.com,2023-01-16,Chennai
CRM008600,Vijay Singh,vijay.singh753@gmail.com,2023-09-09,Delhi
CRM004268,Rohan Bose,rohan.bose390@gmail.com,2024-03-04,Bangalore
CRM009632,Reyan Nair,reyan.nair241@gmail.com,2024-02-09,Bhopal
CRM000464,Kabir Shah,kabir.shah791@outlook.com,2022-12-07,Lucknow
CRM001755,Pooja Iyer,pooja.iyer973@gmail.com,2023-12-31,Delhi
CRM005962,Suresh Singh,suresh.singh402@yahoo.com,2022-06-13,Pune
CRM009239,Vijay Reddy,vijay.reddy666@outlook.com,2023-12-01,Ahmedabad
CRM007305,Vihaan Tiwari,vihaan.tiwari467@yahoo.com,2022-03-20,Indore
CRM005801,Rahul Rao,rahul.rao376@yahoo.com,2023-12-19,Patna
CRM000379,Raj Sharma,raj.sharma307@gmail.com,2022-10-14,Pune
CRM003107,Saanvi Singh,saanvi.singh208@rediff.com,2022-05-19,Bangalore
CRM001336,Sai Pillai,sai.pillai10@rediff.com,2024-02-14,N/A
CRM010383,Sai Gupta,sai.gupta163@gmail.com,2022-09-19,Kanpur
CRM002717,Sai Sinha,sai.sinha243@rediff.com,2023-08-10,Lucknow
CRM008710,Vihaan Chatterjee,vihaan.chatterjee228@yahoo.com,2022-03-26,Delhi
CRM005039,Rohan Bose,rohan.bose512@outlook.com,2022-09-04,Nagpur
CRM008386,Kritika Tiwari,kritika.tiwari229@rediff.com,2022-05-30,Surat
CRM005885,Diya Chatterjee,diya.chatterjee363@rediff.com,2024-04-25,Chennai
CRM001812,Deepa Tiwari,deepa.tiwari744@hotmail.com,2024-03-12,Chennai
CRM001895,Pooja Gupta,pooja.gupta563@gmail.com,2023-10-18,Delhi
CRM010212,Ishaan Das,ishaan.das768@gmail.com,2023-01-08,Lucknow
CRM005870,Pooja Pillai,pooja.pillai317@gmail.com,2024-01-28,Mumbai
CRM001190,Saanvi Bose,saanvi.bose609@yahoo.com,2022-01-27,Visakhapatnam
CRM005432,Aarav Sinha,aarav.sinha145@hotmail.com,2022-04-20,Indore
CRM004623,Reyan Chatterjee,reyan.chatterjee865@hotmail.com,2022-09-09,UNKNOWN
CRM003455,Vivaan Joshi,vivaan.joshi658@outlook.com,2023-05-13,Kanpur
CRM007249,Priya Pillai,priya.pillai704@hotmail.com,2023-08-08,Delhi
CRM009219,Deepa Pillai,deepa.pillai913@outlook.com,2023-03-25,Hyderabad
CRM005503,Priya Chatterjee,priya.chatterjee75@rediff.com,2024-05-24,Vadodara
CRM004646,Riya Pillai,riya.pillai397@yahoo.com,2023-08-25,Mumbai
CRM007821,Aadhya Iyer,aadhya.iyer17@rediff.com,2023-05-25,Thane
CRM003993,Ananya Verma,ananya.verma725@yahoo.com,2022-03-16,Bangalore
CRM009911,Saanvi Patel,saanvi.patel716@hotmail.com,2022-01-15,Lucknow
CRM001031,Kabir Pillai,kabir.pillai687@rediff.com,2022-03-18,Visakhapatnam
CRM005359,Ananya Patel,ananya.patel953@yahoo.com,2022-02-24,Mumbai
CRM008185,Rahul Gupta,rahul.gupta948@yahoo.com,2023-08-05,Hyderabad
CRM003775,Kabir Chatterjee,kabir.chatterjee55@hotmail.com,2023-04-07,Pune
CRM008192,Arjun Tiwari,arjun.tiwari957@hotmail.com,2022-02-01,Indore
CRM008325,Vijay Patel,vijay.patel582@outlook.com,2023-05-21,Indore
CRM001756,Nisha Singh,nisha.singh812@hotmail.com,2023-11-08,Lucknow
CRM006591,Priya Rao,priya.rao319@rediff.com,2023-08-03,Lucknow
CRM007541,Arjun Verma,arjun.verma261@hotmail.com,2024-03-08,Lucknow
CRM004328,Kabir Rao,kabir.rao194@rediff.com,2024-01-29,Mumbai
CRM000111,Priya Das,priya.das575@gmail.com,2023-10-04,Visakhapatnam
CRM008144,Riya Rao,riya.rao361@rediff.com,2022-05-03,Jaipur
CRM007742,Deepa Patel,deepa.patel881@outlook.com,2024-02-22,Mumbai
CRM002918,Suresh Das,suresh.das191@yahoo.com,2024-04-10,Bangalore
CRM001516,Vivaan Mishra,vivaan.mishra663@hotmail.com,2022-02-03,Vadodara
CRM010121,Aditya Kumar,aditya.kumar723@yahoo.com,2022-11-27,Bhopal
CRM009876,Priya Mehta,priya.mehta698@rediff.com,2023-07-21,Kolkata
CRM009710,Arjun Singh,arjun.singh996@outlook.com,2023-07-08,Kolkata
CRM009010,Kavya Bose,kavya.bose393@hotmail.com,2022-11-10,Vadodara
CRM002264,Riya Iyer,riya.iyer521@outlook.com,2023-02-22,Jaipur
CRM005215,Arjun Pillai,arjun.pillai59@outlook.com,2023-12-18,Patna
CRM004839,Raj Mishra,raj.mishra42@rediff.com,2024-01-16,Mumbai
CRM009096,Sai Rao,sai.rao805@hotmail.com,2022-10-05,Thane
CRM006940,Rohan Rao,rohan.rao833@rediff.com,2023-04-26,Chennai
CRM000894,Pooja Kumar,pooja.kumar505@yahoo.com,2023-10-14,Kanpur
CRM001491,Aadhya Tiwari,aadhya.tiwari409@gmail.com,2023-06-16,Ahmedabad
CRM001851,Kritika Joshi,kritika.joshi578@rediff.com,2023-12-01,Jaipur
CRM000325,Vijay Bose,vijay.bose416@rediff.com,2023-10-29,Delhi
CRM001216,Priya Shah,priya.shah939@hotmail.com,2023-07-13,Surat
CRM002934,Aarav Iyer,aarav.iyer69@hotmail.com,2022-10-30,Indore
CRM007704,Meera Shah,meera.shah100@rediff.com,2024-03-13,Delhi
CRM009197,Ishaan Das,ishaan.das625@yahoo.com,2022-08-30,Indore
CRM009197,Ishaan Das,ishaan.das625@yahoo.com,2022-08-30,Indore
CRM009433,Kritika Patel,kritika.patel712@yahoo.com,2022-10-18,Hyderabad
CRM010416,Rohan Shah,rohan.shah501@gmail.com,2024-03-26,Vadodara
CRM001130,Suresh Gupta,suresh.gupta443@rediff.com,2023-12-26,Mumbai
CRM005533,Raj Kumar,,2023-09-10,Lucknow
CRM002919,Saanvi Shah,saanvi.shah106@yahoo.com,2022-12-29,Coimbatore
CRM003085,Riya Pillai,riya.pillai765@outlook.com,2023-10-23,Bangalore
CRM004305,Amit Sinha,amit.sinha197@outlook.com,2023-05-09,Vadodara
CRM002796,Suresh Pillai,suresh.pillai404@hotmail.com,2023-12-04,Pune
CRM005941,Vijay Sharma,vijay.sharma236@hotmail.com,2023-08-14,Mumbai
CRM000799,Riya Reddy,riya.reddy549@rediff.com,2024-01-14,Surat
CRM000735,Sneha Reddy,sneha.reddy599@yahoo.com,2023-12-23,Chennai
CRM004690,Aarav Tiwari,aarav.tiwari386@outlook.com,2022-09-09,Chennai
CRM002245,Nisha Shah,nisha.shah990@yahoo.com,2023-07-26,Lucknow
CRM000179,Nisha Das,nisha.das687@gmail.com,2022-10-26,Vadodara
CRM006741,Vihaan Kumar,vihaan.kumar556@outlook.com,2023-02-09,Kanpur
CRM008077,Riya Iyer,riya.iyer373@gmail.com,2022-03-23,Bangalore
CRM001175,Ananya Mishra,ananya.mishra726@hotmail.com,2023-04-18,Hyderabad
CRM006759,Rahul Shah,rahul.shah318@hotmail.com,2022-06-12,Ahmedabad
CRM001832,Kavya Shah,kavya.shah771@outlook.com,2022-10-13,Patna
CRM008676,Aarav Patel,aarav.patel89@hotmail.com,2023-06-21,Lucknow
CRM005130,Kavya Gupta,kavya.gupta653@gmail.com,2023-10-24,Surat
CRM009232,Rohan Patel,rohan.patel238@rediff.com,2022-04-10,Kolkata
CRM001782,Kavya Iyer,kavya.iyer282@yahoo.com,2023-05-03,Hyderabad
CRM003202,Pooja Chatterjee,pooja.chatterjee198@yahoo.com,2022-12-27,Lucknow
CRM000199,Aarav Sinha,aarav.sinha896@hotmail.com,2024-02-09,Patna
CRM006577,Sai Patel,sai.patel936@gmail.com,2024-06-19,Indore
CRM004088,Sneha Tiwari,sneha.tiwari868@hotmail.com,2023-08-10,Thane
CRM000549,Kavya Sinha,kavya.sinha567@gmail.com,2023-10-27,Vadodara
CRM007969,Nisha Sharma,nisha.sharma671@outlook.com,2023-12-11,Coimbatore
CRM005287,Sai Sharma,sai.sharma894@yahoo.com,2022-09-13,Surat
CRM009780,Pooja Mishra,,2023-01-04,Thane
CRM005488,Reyan Chatterjee,reyan.chatterjee243@outlook.com,2022-09-27,Surat
CRM002533,Aarav Das,aarav.das440@outlook.com,2022-09-05,Chennai
CRM002315,Nisha Sharma,nisha.sharma432@yahoo.com,2023-07-11,Delhi
CRM007683,Meera Pillai,meera.pillai539@gmail.com,2022-04-22,Kolkata
CRM004598,Reyan Nair,reyan.nair998@hotmail.com,2024-06-17,Patna
CRM000067,Aditya Verma,aditya.verma17@yahoo.com,2023-03-30,Ahmedabad
CRM003261,Suresh Sinha,suresh.sinha375@yahoo.com,2023-11-22,Nagpur
CRM002573,Kavya Shah,kavya.shah426@yahoo.com,2022-02-24,Bhopal
CRM007707,Diya Sinha,diya.sinha673@rediff.com,2024-06-11,Indore
CRM007300,Raj Iyer,raj.iyer211@outlook.com,2022-08-11,Kolkata
CRM000623,Rahul Bose,rahul.bose684@yahoo.com,2023-08-22,Chennai
CRM001682,Arjun Nair,arjun.nair209@outlook.com,2024-02-24,Jaipur
CRM000788,Ananya Pillai,ananya.pillai191@hotmail.com,2022-02-12,Coimbatore
CRM003333,Nisha Gupta,nisha.gupta601@gmail.com,2023-11-23,Delhi
CRM005736,Raj Sharma,,2023-12-25,Vadodara
CRM006863,Ishaan Pillai,ishaan.pillai53@rediff.com,2023-12-28,Nagpur
CRM003281,Meera Kumar,meera.kumar255@rediff.com,2022-10-20,Mumbai
CRM008457,Sneha Verma,sneha.verma726@rediff.com,2022-08-10,Chennai
CRM006459,Aarav Mehta,aarav.mehta666@rediff.com,2022-06-16,Bangalore
CRM004703,Kabir Mehta,kabir.mehta675@rediff.com,2022-05-01,Bhopal
CRM009267,Arjun Sinha,arjun.sinha161@hotmail.com,2022-08-16,Hyderabad
CRM007213,Raj Pillai,raj.pillai613@yahoo.com,2022-11-15,Nagpur
CRM000479,Vihaan Patel,vihaan.patel267@yahoo.com,2022-10-13,Hyderabad
CRM007908,Priya Patel,priya.patel264@rediff.com,2022-01-23,Pune
CRM006585,Vihaan Mishra,vihaan.mishra139@outlook.com,2023-11-14,Mumbai
CRM002648,Reyan Sinha,reyan.sinha303@hotmail.com,2023-08-08,Mumbai
CRM008779,Ananya Nair,ananya.nair401@hotmail.com,2024-04-18,Vadodara
CRM009290,Aarav Patel,aarav.patel864@outlook.com,2022-08-09,Nagpur
CRM001034,Nisha Pillai,nisha.pillai212@rediff.com,2022-11-17,Indore
CRM005413,Suresh Chatterjee,suresh.chatterjee434@rediff.com,2023-02-10,Lucknow
CRM002599,Priya Mishra,priya.mishra883@outlook.com,2024-01-08,Vadodara
CRM007169,Suresh Singh,suresh.singh257@outlook.com,2023-05-28,Hyderabad
CRM006461,Diya Sinha,diya.sinha958@rediff.com,2022-07-02,Visakhapatnam
CRM008789,Diya Gupta,diya.gupta535@outlook.com,2023-11-15,Mumbai
CRM000345,Aadhya Mishra,aadhya.mishra859@outlook.com,2023-11-10,Bangalore
CRM006736,Rahul Iyer,rahul.iyer332@gmail.com,2024-06-21,N/A
CRM001872,Vijay Shah,vijay.shah711@yahoo.com,2022-10-16,Hyderabad
CRM008654,Raj Sharma,raj.sharma464@gmail.com,2023-04-15,Lucknow
CRM008157,Riya Bose,riya.bose333@outlook.com,2023-10-06,Bangalore
CRM003987,Ishaan Pillai,ishaan.pillai853@yahoo.com,2024-03-05,Mumbai
CRM010288,Riya Joshi,riya.joshi667@gmail.com,2023-02-16,Pune
CRM002889,Sai Shah,sai.shah302@gmail.com,2022-04-13,Ahmedabad
CRM000221,Kavya Rao,kavya.rao258@hotmail.com,2024-02-25,Bangalore
CRM009848,Pooja Joshi,pooja.joshi496@gmail.com,2023-01-11,Chennai
CRM005844,Sai Das,sai.das843@gmail.com,2022-08-06,--
CRM008924,Meera Kumar,meera.kumar14@outlook.com,2022-11-24,Pune
CRM006496,Meera Gupta,,2022-12-15,Bhopal
CRM004705,Priya Reddy,priya.reddy307@yahoo.com,2022-12-28,Surat
CRM005641,Ananya Chatterjee,ananya.chatterjee297@rediff.com,2024-02-21,Jaipur
CRM004017,Kritika Pillai,kritika.pillai749@rediff.com,2023-11-27,Delhi
CRM004743,Aadhya Mishra,aadhya.mishra899@rediff.com,2023-06-14,Hyderabad
CRM004249,Kabir Pillai,kabir.pillai498@yahoo.com,2022-12-29,Indore
CRM009811,Sneha Reddy,sneha.reddy167@hotmail.com,2024-01-29,Hyderabad
CRM007616,Riya Bose,riya.bose188@gmail.com,2022-04-06,Surat
CRM008865,Amit Chatterjee,amit.chatterjee483@outlook.com,2024-03-13,Coimbatore
CRM005000,Kritika Nair,kritika.nair165@rediff.com,2023-10-02,Mumbai
CRM008368,Vihaan Chatterjee,vihaan.chatterjee463@hotmail.com,2024-02-25,Jaipur
CRM004242,Kabir Patel,kabir.patel362@outlook.com,2023-08-21,Delhi
CRM008348,Raj Chatterjee,raj.chatterjee279@hotmail.com,2024-04-28,Bangalore
CRM009745,Aditya Mishra,aditya.mishra425@gmail.com,2022-03-31,Thane
CRM005649,Sai Sharma,sai.sharma492@outlook.com,2023-03-08,Delhi
CRM002882,Sai Das,sai.das367@rediff.com,2023-07-11,Patna
CRM001678,Priya Nair,priya.nair815@hotmail.com,2022-04-12,Vadodara
CRM009643,Raj Sinha,raj.sinha428@gmail.com,2022-11-15,Jaipur
CRM000902,Arjun Chatterjee,arjun.chatterjee256@gmail.com,2024-01-06,Surat
CRM008208,Vijay Shah,vijay.shah804@rediff.com,2022-04-18,Kanpur
CRM002297,Deepa Singh,deepa.singh883@yahoo.com,2024-02-08,Indore
CRM007765,Sneha Tiwari,sneha.tiwari274@gmail.com,2024-06-17,Vadodara
CRM004845,Kabir Singh,kabir.singh573@yahoo.com,2024-05-15,Hyderabad
CRM000297,Kavya Shah,kavya.shah20@yahoo.com,2023-03-11,Coimbatore
CRM009412,Priya Joshi,priya.joshi870@hotmail.com,2022-02-10,Surat
CRM004154,Vivaan Joshi,vivaan.joshi790@rediff.com,2023-05-27,Indore
CRM005066,Diya Sharma,diya.sharma839@outlook.com,2023-03-01,Bhopal
CRM000028,Aadhya Patel,aadhya.patel636@gmail.com,2023-07-24,Bangalore
CRM007708,Suresh Singh,suresh.singh918@rediff.com,2022-05-12,Thane
CRM009477,Aarav Tiwari,aarav.tiwari657@yahoo.com,2024-01-23,Lucknow
CRM010193,Ishaan Pillai,ishaan.pillai685@yahoo.com,2022-04-03,Bangalore
CRM006752,Arjun Sharma,arjun.sharma729@gmail.com,2022-05-23,Mumbai
CRM003249,Aadhya Shah,aadhya.shah387@rediff.com,2022-10-25,Patna
CRM008507,Aditya Reddy,aditya.reddy18@yahoo.com,2022-05-23,Bangalore
CRM010108,Nisha Mehta,nisha.mehta131@outlook.com,2024-03-21,Bangalore
CRM002581,Raj Shah,raj.shah200@hotmail.com,2024-01-24,Ahmedabad
CRM005088,Sneha Sinha,sneha.sinha994@yahoo.com,2022-07-25,Mumbai
CRM007589,Rahul Sharma,rahul.sharma769@hotmail.com,2024-04-02,Vadodara
CRM001371,Aarav Joshi,aarav.joshi778@outlook.com,2024-05-30,Delhi
CRM001731,Vijay Shah,vijay.shah131@hotmail.com,2022-01-20,Pune
CRM008061,Vivaan Singh,vivaan.singh973@outlook.com,2023-11-14,Pune
CRM005975,Aarav Sinha,aarav.sinha841@gmail.com,2022-05-05,Delhi
CRM005769,Vijay Pillai,vijay.pillai610@yahoo.com,2022-11-09,Coimbatore
CRM000682,Diya Das,diya.das554@hotmail.com,2024-03-17,Bangalore
CRM009974,Amit Iyer,amit.iyer129@hotmail.com,2022-02-17,Hyderabad
CRM003160,Suresh Sinha,suresh.sinha114@rediff.com,2022-05-06,Coimbatore
CRM002988,Sai Patel,sai.patel775@yahoo.com,2024-01-03,Hyderabad
CRM001883,Deepa Pillai,deepa.pillai49@hotmail.com,2024-03-30,Coimbatore
CRM009027,Aadhya Mehta,aadhya.mehta932@yahoo.com,2024-05-30,Hyderabad
CRM001941,Arjun Joshi,arjun.joshi890@hotmail.com,2023-11-23,Vadodara
CRM003297,Raj Sinha,raj.sinha330@yahoo.com,2022-01-15,Lucknow
CRM003535,Vivaan Pillai,vivaan.pillai804@gmail.com,2023-12-21,Visakhapatnam
CRM003730,Suresh Das,suresh.das532@hotmail.com,2024-05-07,Vadodara
CRM007179,Diya Kumar,diya.kumar35@rediff.com,2022-02-16,Patna
CRM001182,Rahul Sharma,rahul.sharma35@gmail.com,2022-09-02,Indore
CRM001376,Sai Iyer,sai.iyer675@gmail.com,2023-02-13,Kanpur
CRM008108,Raj Pillai,raj.pillai276@hotmail.com,2023-03-07,Visakhapatnam
CRM005262,Meera Reddy,meera.reddy240@rediff.com,2023-03-31,Ahmedabad
CRM000627,Rahul Nair,rahul.nair98@hotmail.com,2023-09-21,Mumbai
CRM002113,Vihaan Shah,vihaan.shah501@yahoo.com,2024-03-30,Nagpur
CRM006713,Sneha Chatterjee,sneha.chatterjee412@outlook.com,2022-11-19,Hyderabad
CRM004688,Suresh Rao,suresh.rao423@rediff.com,2024-04-22,Patna
CRM007563,Kavya Sharma,kavya.sharma479@gmail.com,2023-01-21,Kanpur
CRM007801,Nisha Iyer,nisha.iyer322@yahoo.com,2022-02-27,Delhi
CRM004181,Kritika Singh,kritika.singh870@outlook.com,2022-02-05,Patna
CRM008053,Deepa Patel,deepa.patel933@rediff.com,2022-04-15,Bangalore
CRM007637,Ishaan Reddy,ishaan.reddy709@rediff.com,2023-04-20,Indore
CRM001463,Rohan Pillai,rohan.pillai796@outlook.com,2023-06-22,Chennai
CRM002888,Kritika Bose,kritika.bose164@rediff.com,2022-01-02,Patna
CRM005093,Vijay Verma,vijay.verma207@outlook.com,2022-12-04,Coimbatore
CRM000685,Ishaan Bose,ishaan.bose598@hotmail.com,2024-02-06,Patna
CRM004540,Priya Chatterjee,priya.chatterjee630@hotmail.com,2023-06-02,Patna
CRM004515,Ishaan Bose,ishaan.bose956@yahoo.com,2022-04-23,Patna
CRM008257,Raj Joshi,raj.joshi350@outlook.com,2024-05-15,Ahmedabad
CRM008450,Amit Joshi,amit.joshi246@outlook.com,2022-08-30,Nagpur
CRM001367,Rohan Chatterjee,rohan.chatterjee420@outlook.com,2024-05-27,Bhopal
CRM003917,Aarav Singh,aarav.singh915@hotmail.com,2023-05-01,Bhopal
CRM005119,Reyan Chatterjee,reyan.chatterjee628@rediff.com,2023-11-16,Delhi
CRM002640,Aarav Iyer,aarav.iyer18@rediff.com,2022-11-13,Bangalore
CRM010136,Aadhya Bose,aadhya.bose620@outlook.com,2022-08-27,Thane
CRM009855,Kavya Shah,kavya.shah863@gmail.com,2023-08-17,Bangalore
CRM006729,Saanvi Shah,saanvi.shah612@hotmail.com,2023-07-11,Bangalore
CRM002301,Raj Reddy,raj.reddy386@rediff.com,2022-02-06,Vadodara
CRM002939,Saanvi Mishra,saanvi.mishra191@rediff.com,2022-04-29,Coimbatore
CRM006576,Sai Nair,sai.nair959@yahoo.com,2024-02-17,Jaipur
CRM009277,Saanvi Das,saanvi.das816@gmail.com,2024-01-29,Pune
CRM005800,Meera Bose,meera.bose460@gmail.com,2023-04-22,Lucknow
CRM001980,Aarav Verma,aarav.verma941@gmail.com,2024-02-25,Mumbai
CRM003804,Saanvi Pillai,saanvi.pillai834@gmail.com,2024-05-30,Delhi
CRM004535,Riya Sharma,riya.sharma261@outlook.com,2023-05-28,Patna
CRM005232,Amit Singh,amit.singh834@yahoo.com,2022-10-09,Coimbatore
CRM005004,Ishaan Rao,ishaan.rao455@outlook.com,2023-01-20,Visakhapatnam
CRM005275,Amit Gupta,amit.gupta162@gmail.com,2022-04-01,Bangalore
CRM008001,Ananya Kumar,ananya.kumar697@hotmail.com,2024-03-28,Jaipur
CRM007912,Kabir Verma,kabir.verma224@outlook.com,2022-01-25,Pune
CRM002281,Ishaan Iyer,ishaan.iyer191@outlook.com,2024-03-02,Bangalore
CRM005124,Raj Iyer,raj.iyer413@yahoo.com,2023-08-13,Thane
CRM004784,Ishaan Patel,ishaan.patel171@gmail.com,2023-11-28,Vadodara
CRM004470,Rohan Pillai,rohan.pillai393@outlook.com,2022-12-16,Lucknow
CRM009387,Kritika Sinha,kritika.sinha144@outlook.com,2023-05-28,Jaipur
CRM004131,Vihaan Patel,vihaan.patel440@outlook.com,2023-01-08,Vadodara
CRM009976,Vijay Iyer,vijay.iyer414@gmail.com,2022-09-01,Indore
CRM007624,Priya Reddy,priya.reddy37@outlook.com,2022-03-27,Kanpur
CRM001785,Saanvi Bose,saanvi.bose391@hotmail.com,2023-12-16,Ahmedabad
CRM003183,Sneha Sharma,sneha.sharma320@outlook.com,2023-12-10,Jaipur
CRM000495,Nisha Tiwari,nisha.tiwari525@yahoo.com,2024-06-27,Kolkata
CRM008576,Raj Tiwari,raj.tiwari698@gmail.com,2022-07-30,Thane
CRM008342,Nisha Sharma,nisha.sharma575@gmail.com,2022-04-10,Nagpur
CRM005047,Arjun Pillai,arjun.pillai63@hotmail.com,2024-04-30,Jaipur
CRM002861,Rohan Patel,rohan.patel638@hotmail.com,2023-12-30,Lucknow
CRM008303,Priya Mishra,priya.mishra658@hotmail.com,2024-06-03,Hyderabad
CRM004042,Vijay Mishra,vijay.mishra38@rediff.com,2023-02-27,Hyderabad
CRM008241,Rahul Chatterjee,rahul.chatterjee115@rediff.com,2022-03-02,Visakhapatnam
CRM002898,Nisha Patel,nisha.patel484@yahoo.com,2024-06-02,Indore
CRM000367,Sai Verma,sai.verma796@yahoo.com,2022-05-25,Vadodara
CRM000850,Vivaan Shah,vivaan.shah743@hotmail.com,2024-02-04,Mumbai
CRM007282,Diya Patel,diya.patel307@yahoo.com,2024-02-16,Ahmedabad
CRM010405,Suresh Pillai,suresh.pillai574@yahoo.com,2022-05-19,Surat
CRM006190,Reyan Patel,reyan.patel519@yahoo.com,2022-08-06,Pune
CRM005565,Aadhya Patel,aadhya.patel375@gmail.com,2024-04-01,Nagpur
CRM002654,Vijay Sinha,vijay.sinha319@outlook.com,2023-06-11,Visakhapatnam
CRM003504,Arjun Pillai,arjun.pillai474@gmail.com,2023-01-28,Kolkata
CRM001542,Aditya Kumar,aditya.kumar270@outlook.com,2022-05-14,XX_CITY
CRM007439,Ananya Pillai,ananya.pillai264@hotmail.com,2023-11-21,Patna
CRM009506,Deepa Reddy,deepa.reddy96@hotmail.com,2023-02-23,Surat
CRM000323,Saanvi Sinha,saanvi.sinha562@outlook.com,2023-12-13,Jaipur
CRM002032,Saanvi Kumar,saanvi.kumar325@outlook.com,2023-07-18,Bangalore
CRM000814,Sneha Pillai,sneha.pillai733@outlook.com,2023-05-04,Lucknow
CRM002529,Vihaan Pillai,vihaan.pillai722@rediff.com,2022-12-27,Patna
CRM010045,Arjun Kumar,arjun.kumar790@yahoo.com,2022-08-09,Nagpur
CRM005154,Reyan Gupta,reyan.gupta53@rediff.com,2022-02-03,Bangalore
CRM009856,Arjun Sharma,arjun.sharma347@gmail.com,2022-04-12,Hyderabad
CRM001080,Pooja Gupta,pooja.gupta503@gmail.com,2023-01-07,Visakhapatnam
CRM002227,Aditya Sinha,aditya.sinha880@rediff.com,2022-12-10,Bangalore
CRM009792,Nisha Mehta,nisha.mehta746@hotmail.com,2022-11-03,Jaipur
CRM006450,Riya Sinha,riya.sinha815@rediff.com,2022-06-15,Jaipur
CRM002706,Aadhya Singh,aadhya.singh592@outlook.com,2024-02-26,Bangalore
CRM007872,Vivaan Chatterjee,vivaan.chatterjee311@gmail.com,2024-06-13,Visakhapatnam
CRM004909,Kavya Joshi,kavya.joshi373@yahoo.com,2023-12-30,Bhopal
CRM001165,Rahul Sinha,rahul.sinha631@hotmail.com,2022-03-12,Nagpur
CRM003262,Sneha Singh,sneha.singh314@hotmail.com,2024-02-19,Surat
CRM004843,Amit Singh,amit.singh551@yahoo.com,2023-09-28,Bhopal
CRM001451,Amit Verma,amit.verma451@hotmail.com,2022-06-25,Nagpur
CRM004230,Aditya Rao,aditya.rao770@gmail.com,2022-09-28,Bangalore
CRM003863,Arjun Pillai,arjun.pillai65@gmail.com,2023-03-18,Mumbai
CRM007734,Ishaan Mehta,ishaan.mehta805@outlook.com,2022-05-03,Kolkata
CRM009997,Priya Mishra,priya.mishra285@gmail.com,2022-04-26,Kolkata
CRM003918,Pooja Gupta,pooja.gupta882@rediff.com,2024-02-15,Lucknow
CRM005651,Sai Nair,sai.nair481@outlook.com,2022-05-23,Ahmedabad
CRM008746,Saanvi Iyer,saanvi.iyer154@rediff.com,2022-09-22,Bangalore
CRM007174,Vihaan Mishra,vihaan.mishra501@hotmail.com,2022-09-16,Nagpur
CRM008652,Reyan Kumar,reyan.kumar254@yahoo.com,2023-05-31,Ahmedabad
CRM005191,Rohan Mishra,rohan.mishra306@hotmail.com,2023-04-06,UNKNOWN
CRM004057,Vivaan Kumar,vivaan.kumar583@gmail.com,2023-06-22,Visakhapatnam
CRM010190,Raj Mishra,raj.mishra485@gmail.com,2022-01-12,Lucknow
CRM003000,Aadhya Mishra,aadhya.mishra967@outlook.com,2023-08-29,Bangalore
CRM009673,Kritika Gupta,kritika.gupta465@rediff.com,2023-06-27,Vadodara
CRM001232,Aditya Iyer,aditya.iyer635@hotmail.com,2023-08-10,Bangalore
CRM001515,Ananya Pillai,ananya.pillai883@yahoo.com,2022-01-18,Mumbai
CRM002314,Raj Das,raj.das473@rediff.com,2022-01-08,Pune
CRM001452,Rohan Verma,rohan.verma430@gmail.com,2022-09-07,Pune
CRM005138,Vivaan Gupta,vivaan.gupta299@hotmail.com,2024-02-20,Mumbai
CRM006614,Reyan Iyer,reyan.iyer75@rediff.com,2023-08-20,Patna
CRM009135,Raj Kumar,raj.kumar374@yahoo.com,2022-11-18,Indore
CRM004322,Pooja Das,pooja.das342@gmail.com,2022-05-04,Thane
CRM008972,Vijay Mishra,vijay.mishra745@outlook.com,2024-05-11,Delhi
CRM000839,Ishaan Chatterjee,ishaan.chatterjee15@outlook.com,2023-09-16,Chennai
CRM005280,Sneha Patel,sneha.patel250@hotmail.com,2023-09-17,Ahmedabad
CRM007648,Riya Mehta,riya.mehta622@yahoo.com,2024-02-17,Visakhapatnam
CRM007402,Vivaan Rao,vivaan.rao949@yahoo.com,2023-08-01,Mumbai
CRM009103,Aadhya Kumar,aadhya.kumar826@hotmail.com,2023-02-05,Coimbatore
CRM003568,Kavya Chatterjee,kavya.chatterjee751@outlook.com,2022-12-06,Bhopal
CRM009927,Vivaan Joshi,vivaan.joshi817@rediff.com,2024-05-13,Ahmedabad
CRM003088,Sneha Kumar,sneha.kumar33@hotmail.com,2024-06-14,Mumbai
CRM009262,Deepa Verma,deepa.verma619@gmail.com,2022-08-01,Delhi
CRM009852,Pooja Mishra,pooja.mishra998@yahoo.com,2023-10-05,Bangalore
CRM004693,Ishaan Sinha,ishaan.sinha846@rediff.com,2023-02-14,Surat
CRM001715,Vihaan Nair,vihaan.nair25@outlook.com,2023-02-21,Hyderabad
CRM004271,Arjun Rao,arjun.rao423@rediff.com,2023-03-30,Hyderabad
CRM000340,Aditya Pillai,aditya.pillai966@gmail.com,2022-09-29,Patna
CRM007770,Ananya Kumar,ananya.kumar331@hotmail.com,2023-06-27,Ahmedabad
CRM006861,Vivaan Bose,vivaan.bose370@rediff.com,2024-01-12,Coimbatore
CRM005917,Sai Reddy,sai.reddy965@gmail.com,2023-12-23,Jaipur
CRM008731,Kritika Shah,kritika.shah690@gmail.com,2022-01-15,Surat
CRM006108,Diya Mishra,diya.mishra448@gmail.com,2022-09-30,Bhopal
CRM000589,Kabir Nair,kabir.nair909@hotmail.com,2023-09-30,Mumbai
CRM003366,Riya Mishra,riya.mishra939@hotmail.com,2022-12-15,Visakhapatnam
CRM002671,Sai Gupta,sai.gupta996@gmail.com,2022-07-22,Indore
CRM003590,Aadhya Verma,aadhya.verma496@yahoo.com,2023-12-27,Hyderabad
CRM000035,Raj Nair,raj.nair683@gmail.com,2023-04-28,Kolkata
CRM000029,Riya Nair,riya.nair105@outlook.com,2022-01-21,Patna
CRM008072,Aarav Chatterjee,aarav.chatterjee580@hotmail.com,2022-06-17,Indore
CRM005299,Diya Verma,diya.verma245@gmail.com,2023-09-22,Indore
CRM002171,Rohan Rao,rohan.rao435@gmail.com,2022-04-16,Surat
CRM010473,Sneha Nair,sneha.nair986@yahoo.com,2023-03-02,Surat
CRM005710,Rahul Reddy,rahul.reddy67@gmail.com,2022-01-18,Mumbai
CRM000890,Diya Kumar,diya.kumar501@hotmail.com,2022-02-02,Visakhapatnam
CRM007501,Arjun Verma,arjun.verma58@yahoo.com,2023-12-11,Ahmedabad
CRM003323,Kavya Tiwari,kavya.tiwari654@hotmail.com,2023-06-19,Kanpur
CRM010066,Amit Chatterjee,amit.chatterjee339@gmail.com,2024-01-30,Hyderabad
CRM003515,Kabir Chatterjee,kabir.chatterjee593@yahoo.com,2024-02-12,Bangalore
CRM005107,Amit Kumar,amit.kumar953@hotmail.com,2022-08-17,Delhi
CRM009476,Arjun Sinha,arjun.sinha468@yahoo.com,2023-02-25,Visakhapatnam
CRM006204,Diya Pillai,diya.pillai130@yahoo.com,2022-05-16,Vadodara
CRM003734,Deepa Patel,deepa.patel130@yahoo.com,2022-02-24,Hyderabad
CRM008380,Ananya Gupta,ananya.gupta19@outlook.com,2022-11-28,Hyderabad
CRM010141,Kabir Kumar,kabir.kumar846@outlook.com,2023-03-23,Mumbai
CRM009778,Suresh Sinha,suresh.sinha393@yahoo.com,2023-11-24,Ahmedabad
CRM004529,Sneha Chatterjee,sneha.chatterjee203@rediff.com,2023-12-18,Patna
CRM001655,Vihaan Kumar,vihaan.kumar26@gmail.com,2022-08-25,Ahmedabad
CRM005958,Kabir Kumar,kabir.kumar454@outlook.com,2022-04-24,Patna
CRM005817,Aadhya Mishra,aadhya.mishra780@yahoo.com,2023-10-18,Thane
CRM000224,Arjun Verma,arjun.verma451@yahoo.com,2024-03-25,Vadodara
CRM009242,Nisha Chatterjee,nisha.chatterjee894@hotmail.com,2022-08-11,Patna
CRM010446,Meera Nair,meera.nair603@outlook.com,2022-06-11,Vadodara
CRM004240,Aditya Patel,aditya.patel912@hotmail.com,2022-09-23,Vadodara
CRM001591,Sai Mishra,sai.mishra363@yahoo.com,2023-01-31,Pune
CRM006904,Sneha Iyer,sneha.iyer568@outlook.com,2022-08-26,Kolkata
CRM003257,Amit Tiwari,amit.tiwari475@outlook.com,2022-07-03,Jaipur
CRM005340,Reyan Gupta,reyan.gupta877@hotmail.com,2024-06-21,Kolkata
CRM005513,Meera Sinha,meera.sinha79@hotmail.com,2022-08-01,Vadodara
CRM002182,Priya Pillai,priya.pillai406@hotmail.com,2022-02-11,Kanpur
CRM006445,Kritika Pillai,kritika.pillai114@rediff.com,2023-02-26,Hyderabad
CRM007851,Diya Joshi,diya.joshi46@yahoo.com,2022-10-20,Visakhapatnam
CRM005679,Vijay Gupta,vijay.gupta224@gmail.com,2022-01-03,Nagpur
CRM009937,Pooja Verma,,2022-09-02,Surat
CRM004818,Arjun Verma,arjun.verma689@yahoo.com,2023-10-25,Hyderabad
CRM010466,Riya Das,riya.das335@hotmail.com,2022-07-20,Lucknow
CRM009936,Rohan Patel,rohan.patel591@outlook.com,2023-06-27,Nagpur
CRM001210,Reyan Gupta,reyan.gupta614@hotmail.com,2022-06-16,Pune
CRM000422,Ishaan Chatterjee,ishaan.chatterjee115@outlook.com,2023-09-27,Kolkata
CRM009368,Kavya Shah,kavya.shah851@yahoo.com,2023-08-26,Delhi
CRM001707,Riya Mishra,riya.mishra298@gmail.com,2022-07-18,Jaipur
CRM001159,Kabir Gupta,kabir.gupta620@outlook.com,2022-09-26,Thane
CRM002307,Raj Das,raj.das607@yahoo.com,2024-04-24,Vadodara
CRM000274,Meera Nair,meera.nair475@rediff.com,2022-09-07,Ahmedabad
CRM000172,Aditya Shah,aditya.shah163@hotmail.com,2022-10-19,Coimbatore
CRM003957,Ishaan Mishra,ishaan.mishra92@rediff.com,2022-04-17,Delhi
CRM005615,Priya Iyer,priya.iyer634@outlook.com,2023-09-17,Kanpur
CRM003189,Kavya Iyer,kavya.iyer582@hotmail.com,2024-04-03,Delhi
CRM001726,Kabir Verma,kabir.verma480@gmail.com,2024-03-20,Bangalore
CRM006880,Ishaan Reddy,ishaan.reddy456@gmail.com,2023-08-14,Nagpur
CRM006540,Reyan Reddy,reyan.reddy356@outlook.com,2023-02-13,Thane
CRM001565,Nisha Shah,nisha.shah849@gmail.com,2022-04-24,Pune
CRM001783,Riya Das,riya.das117@rediff.com,2024-05-12,Kolkata
CRM000844,Raj Das,,2023-11-19,Patna
CRM010014,Rahul Pillai,rahul.pillai380@hotmail.com,2022-08-28,Surat
CRM005157,Riya Rao,riya.rao623@rediff.com,2022-07-14,Surat
CRM000905,Sneha Joshi,sneha.joshi745@hotmail.com,2024-05-30,Kanpur
CRM006826,Pooja Iyer,pooja.iyer742@gmail.com,2024-04-13,Visakhapatnam
CRM010361,Kavya Sinha,kavya.sinha427@yahoo.com,2023-01-05,Bhopal
CRM005915,Vihaan Pillai,vihaan.pillai841@yahoo.com,2023-01-30,Bhopal
CRM001548,Aarav Sharma,aarav.sharma124@yahoo.com,2022-12-07,Patna
CRM002081,Saanvi Iyer,saanvi.iyer752@yahoo.com,2022-01-10,Bhopal
CRM009218,Sneha Das,sneha.das501@yahoo.com,2022-03-08,Surat
CRM003986,Rahul Chatterjee,rahul.chatterjee444@gmail.com,2024-05-03,Lucknow
CRM007373,Sneha Verma,sneha.verma693@outlook.com,2023-06-07,Patna
CRM006061,Meera Rao,meera.rao108@outlook.com,2022-11-22,Bhopal
CRM007146,Vihaan Bose,vihaan.bose428@yahoo.com,2024-04-30,Hyderabad
CRM007587,Kavya Sinha,kavya.sinha372@hotmail.com,2023-06-10,Indore
CRM008795,Kabir Sinha,kabir.sinha696@yahoo.com,2024-04-16,Indore
CRM006809,Suresh Sinha,suresh.sinha701@rediff.com,2024-05-13,Mumbai
CRM003821,Aditya Mehta,,2024-06-05,Bhopal
CRM002647,Suresh Nair,suresh.nair366@yahoo.com,2024-06-26,Indore
CRM008826,Nisha Iyer,nisha.iyer520@yahoo.com,2023-01-08,Coimbatore
CRM009388,Arjun Joshi,arjun.joshi248@rediff.com,2022-09-02,Jaipur
CRM005900,Vijay Iyer,vijay.iyer922@gmail.com,2022-08-05,Indore
CRM007557,Kavya Das,kavya.das285@rediff.com,2022-01-30,Mumbai
CRM008073,Ananya Nair,ananya.nair298@gmail.com,2023-07-20,Coimbatore
CRM004351,Reyan Gupta,reyan.gupta455@outlook.com,2022-06-30,Nagpur
CRM007710,Nisha Sharma,nisha.sharma553@yahoo.com,2022-03-19,Thane
CRM002156,Rohan Mishra,rohan.mishra917@gmail.com,2022-11-21,Coimbatore
CRM007747,Sai Das,sai.das118@hotmail.com,2022-11-15,Visakhapatnam
CRM003716,Sneha Verma,sneha.verma308@rediff.com,2023-07-10,Mumbai
CRM004058,Kritika Sharma,kritika.sharma931@gmail.com,2023-02-08,Kanpur
CRM008896,Ishaan Bose,ishaan.bose396@rediff.com,2022-04-02,--
CRM006871,Aarav Chatterjee,aarav.chatterjee46@gmail.com,2022-08-13,Visakhapatnam
CRM005158,Aditya Verma,aditya.verma104@rediff.com,2023-12-04,Patna
CRM003103,Ishaan Rao,ishaan.rao881@rediff.com,2024-02-27,Ahmedabad
CRM000559,Meera Rao,meera.rao145@hotmail.com,2024-06-01,Surat
CRM005329,Vijay Shah,vijay.shah407@gmail.com,2024-05-09,Mumbai
CRM005373,Aadhya Chatterjee,aadhya.chatterjee677@yahoo.com,2023-05-23,Mumbai
CRM001437,Kabir Chatterjee,kabir.chatterjee345@outlook.com,2024-03-07,Kanpur
CRM000508,Kabir Nair,kabir.nair427@yahoo.com,2022-03-05,Kanpur
CRM004473,Vihaan Das,vihaan.das523@rediff.com,2022-12-19,Lucknow
CRM001870,Vivaan Iyer,vivaan.iyer689@rediff.com,2022-11-05,Mumbai
CRM000756,Vijay Patel,vijay.patel653@rediff.com,2022-09-18,Pune
CRM009942,Aarav Mehta,aarav.mehta274@outlook.com,2023-06-07,Pune
CRM004051,Ananya Verma,ananya.verma512@gmail.com,2023-09-11,Coimbatore
CRM008887,Ananya Patel,ananya.patel857@outlook.com,2022-09-09,Vadodara
CRM003837,Deepa Kumar,deepa.kumar488@yahoo.com,2023-07-05,Bangalore
CRM004387,Kabir Das,kabir.das842@rediff.com,2023-03-19,Hyderabad
CRM005385,Rahul Das,rahul.das516@gmail.com,2024-06-29,--
CRM002119,Diya Gupta,diya.gupta536@yahoo.com,2023-08-08,Chennai
CRM008360,Rahul Chatterjee,rahul.chatterjee219@gmail.com,2022-07-02,Pune
CRM008046,Raj Bose,raj.bose187@hotmail.com,2022-08-02,Coimbatore
CRM000502,Sai Sinha,sai.sinha67@rediff.com,2022-05-20,Patna
CRM007712,Priya Rao,priya.rao126@yahoo.com,2022-11-13,Hyderabad
CRM007873,Rahul Verma,rahul.verma397@hotmail.com,2023-06-08,Jaipur
CRM005750,Aditya Gupta,aditya.gupta617@hotmail.com,2022-12-09,Ahmedabad
CRM001540,Saanvi Kumar,saanvi.kumar58@gmail.com,2024-02-25,Coimbatore
CRM007619,Raj Nair,raj.nair242@gmail.com,2024-02-26,Mumbai
CRM001212,Priya Bose,priya.bose843@hotmail.com,2023-06-23,Nagpur
CRM009776,Meera Bose,meera.bose757@hotmail.com,2024-02-17,Bangalore
CRM000673,Rahul Singh,rahul.singh409@hotmail.com,2022-01-18,Visakhapatnam
CRM008086,Rohan Das,rohan.das612@gmail.com,2022-05-15,Vadodara
CRM009440,Aditya Pillai,aditya.pillai793@hotmail.com,2022-06-19,Indore
CRM003378,Vijay Reddy,vijay.reddy788@yahoo.com,2024-05-07,Kolkata
CRM004477,Riya Verma,riya.verma820@gmail.com,2023-10-19,Bhopal
CRM009418,Vivaan Reddy,vivaan.reddy253@outlook.com,2023-11-13,Mumbai
CRM001465,Vivaan Sinha,vivaan.sinha206@rediff.com,2024-06-29,Mumbai
CRM004746,Rahul Tiwari,rahul.tiwari769@outlook.com,2022-02-26,Indore
CRM009567,Diya Chatterjee,diya.chatterjee118@hotmail.com,2022-02-28,Coimbatore
CRM001193,Arjun Reddy,arjun.reddy785@outlook.com,2023-09-27,Jaipur
CRM010417,Vijay Verma,vijay.verma173@yahoo.com,2023-11-25,Mumbai
CRM001873,Saanvi Patel,saanvi.patel80@hotmail.com,2022-04-03,Patna
CRM003591,Raj Gupta,raj.gupta772@hotmail.com,2022-02-15,Coimbatore
CRM007764,Meera Mehta,meera.mehta277@outlook.com,2024-03-03,Ahmedabad
CRM008669,Saanvi Mehta,saanvi.mehta521@outlook.com,2022-09-19,Chennai
CRM000506,Kritika Nair,kritika.nair84@outlook.com,2022-09-03,Delhi
CRM000244,Kavya Chatterjee,kavya.chatterjee325@hotmail.com,2022-02-05,Kolkata
CRM000507,Vivaan Shah,vivaan.shah65@hotmail.com,2024-06-07,Delhi
CRM009252,Reyan Verma,reyan.verma140@outlook.com,2023-04-19,Ahmedabad
CRM005199,Sai Pillai,,2023-03-19,Chennai
CRM006430,Ishaan Patel,ishaan.patel959@yahoo.com,2022-11-29,Visakhapatnam
CRM010469,Vijay Rao,vijay.rao454@gmail.com,2023-12-07,Indore
CRM009399,Sneha Iyer,sneha.iyer963@gmail.com,2023-07-13,Visakhapatnam
CRM005779,Priya Nair,priya.nair687@outlook.com,2022-07-14,Coimbatore
CRM001774,Riya Gupta,riya.gupta191@yahoo.com,2022-12-04,Kanpur
CRM010166,Arjun Kumar,arjun.kumar992@outlook.com,2024-01-06,Pune
CRM008888,Vihaan Iyer,vihaan.iyer206@rediff.com,2022-06-16,Kanpur
CRM008675,Arjun Nair,arjun.nair113@gmail.com,2022-05-05,Bhopal
CRM008771,Vijay Iyer,vijay.iyer195@outlook.com,2023-08-27,Ahmedabad
CRM000798,Nisha Sinha,nisha.sinha250@rediff.com,2023-09-11,Pune
CRM003619,Deepa Verma,deepa.verma748@yahoo.com,2023-02-04,Hyderabad
CRM009895,Pooja Iyer,pooja.iyer81@rediff.com,2022-12-23,Bhopal
CRM002830,Arjun Chatterjee,arjun.chatterjee155@hotmail.com,2023-03-17,Delhi
CRM009986,Reyan Patel,reyan.patel984@hotmail.com,2022-07-26,Kanpur
CRM009365,Sneha Mishra,sneha.mishra341@gmail.com,2024-04-07,Bangalore
CRM004634,Deepa Patel,deepa.patel182@yahoo.com,2024-04-28,Pune
CRM000313,Sneha Das,sneha.das706@yahoo.com,2023-02-26,Indore
CRM000747,Ishaan Gupta,ishaan.gupta989@hotmail.com,2024-05-21,Bhopal
CRM003570,Vihaan Gupta,vihaan.gupta147@gmail.com,2022-09-13,Hyderabad
CRM000791,Amit Bose,amit.bose722@rediff.com,2022-06-06,Bangalore
CRM002477,Pooja Mehta,pooja.mehta405@gmail.com,2023-03-23,Hyderabad
CRM009993,Ananya Bose,,2022-07-03,Lucknow
CRM002571,Ananya Rao,ananya.rao273@outlook.com,2022-08-11,Kolkata
CRM006120,Aarav Das,aarav.das293@rediff.com,2023-07-19,Bangalore
CRM006886,Kabir Chatterjee,,2023-10-04,Indore
CRM004356,Kavya Mishra,kavya.mishra183@gmail.com,2022-01-31,Thane
CRM002164,Vivaan Gupta,vivaan.gupta934@rediff.com,2022-10-10,Hyderabad
CRM007597,Vijay Bose,vijay.bose210@rediff.com,2023-08-28,Thane
CRM008877,Raj Patel,raj.patel595@gmail.com,2024-03-30,Surat
CRM000381,Kavya Sharma,kavya.sharma321@rediff.com,2022-11-09,Delhi
CRM007029,Ishaan Das,ishaan.das305@rediff.com,2023-11-20,--
CRM001293,Reyan Shah,reyan.shah753@hotmail.com,2022-09-02,Vadodara
CRM001913,Deepa Nair,deepa.nair515@outlook.com,2022-08-02,Coimbatore
CRM005282,Kavya Chatterjee,kavya.chatterjee870@yahoo.com,2024-03-23,Bangalore
CRM000600,Nisha Iyer,nisha.iyer786@hotmail.com,2023-12-27,Bhopal
CRM003893,Vivaan Reddy,vivaan.reddy997@outlook.com,2023-07-30,Kanpur
CRM004142,Aditya Bose,aditya.bose798@gmail.com,2022-01-08,Bangalore
CRM001653,Pooja Tiwari,pooja.tiwari245@yahoo.com,2022-01-30,Nagpur
CRM006046,Reyan Gupta,reyan.gupta260@gmail.com,2022-12-10,Kanpur
CRM001894,Nisha Sharma,nisha.sharma425@yahoo.com,2022-07-26,Bhopal
CRM001945,Riya Reddy,riya.reddy229@yahoo.com,2023-09-01,Bhopal
CRM003396,Nisha Kumar,nisha.kumar765@rediff.com,2022-01-09,Lucknow
CRM006336,Rahul Shah,rahul.shah87@yahoo.com,2023-03-04,Pune
CRM004363,Vihaan Nair,vihaan.nair935@outlook.com,2022-05-25,Kanpur
CRM010464,Rahul Bose,rahul.bose839@rediff.com,2023-02-12,Chennai
CRM000376,Vivaan Rao,vivaan.rao669@yahoo.com,2023-09-16,Thane
CRM001967,Ishaan Das,ishaan.das231@outlook.com,2023-08-20,Mumbai
CRM003958,Aadhya Chatterjee,aadhya.chatterjee160@hotmail.com,2022-08-02,Patna
CRM009402,Reyan Kumar,reyan.kumar718@hotmail.com,2023-05-09,Kolkata
CRM004424,Rohan Kumar,rohan.kumar589@yahoo.com,2022-02-15,Nagpur
CRM001244,Meera Verma,meera.verma871@yahoo.com,2022-07-16,Vadodara
CRM008655,Reyan Rao,reyan.rao317@gmail.com,2023-03-24,Mumbai
CRM005207,Raj Patel,raj.patel85@rediff.com,2024-04-03,UNKNOWN
CRM008029,Amit Das,amit.das530@rediff.com,2023-11-06,Patna
CRM006313,Aditya Gupta,aditya.gupta132@yahoo.com,2022-12-27,Indore
CRM001472,Ananya Pillai,ananya.pillai812@yahoo.com,2023-01-18,Surat
CRM003347,Ananya Rao,ananya.rao751@hotmail.com,2024-04-21,Visakhapatnam
CRM004523,Pooja Reddy,pooja.reddy18@gmail.com,2023-10-23,Jaipur
CRM007221,Vihaan Chatterjee,vihaan.chatterjee782@gmail.com,2022-11-09,Indore
CRM002854,Aadhya Shah,aadhya.shah521@rediff.com,2022-11-17,Surat
CRM004507,Nisha Joshi,nisha.joshi148@hotmail.com,2022-09-02,Lucknow
CRM009634,Nisha Bose,nisha.bose945@rediff.com,2023-02-17,Ahmedabad
CRM010470,Meera Joshi,meera.joshi155@rediff.com,2022-12-18,Chennai
CRM007455,Aadhya Patel,aadhya.patel941@hotmail.com,2023-12-17,Bangalore
CRM004063,Rahul Verma,rahul.verma486@rediff.com,2024-04-18,Mumbai
CRM005999,Vivaan Singh,vivaan.singh309@rediff.com,2022-01-04,Kolkata
CRM008683,Kritika Gupta,kritika.gupta481@rediff.com,2022-11-11,Bangalore
CRM004307,Aarav Iyer,aarav.iyer395@rediff.com,2022-01-08,Mumbai
CRM005636,Vijay Iyer,vijay.iyer830@yahoo.com,2022-12-31,Pune
CRM008274,Arjun Kumar,arjun.kumar426@hotmail.com,2022-03-19,Vadodara
CRM006142,Aditya Nair,aditya.nair724@outlook.com,2023-11-02,Bangalore
CRM003991,Ishaan Verma,ishaan.verma69@yahoo.com,2022-09-21,Chennai
CRM001050,Arjun Verma,arjun.verma650@rediff.com,2022-11-24,Thane
CRM007128,Deepa Verma,deepa.verma307@yahoo.com,2022-04-18,Vadodara
CRM006309,Sneha Mehta,sneha.mehta695@gmail.com,2022-03-12,Indore
CRM008599,Rohan Patel,rohan.patel188@yahoo.com,2023-11-27,Bangalore
CRM002036,Suresh Reddy,suresh.reddy595@gmail.com,2023-02-20,Patna
CRM004040,Arjun Verma,arjun.verma978@hotmail.com,2024-02-07,Visakhapatnam
CRM008463,Deepa Reddy,deepa.reddy549@hotmail.com,2022-10-13,Bhopal
CRM010023,Sai Sharma,sai.sharma994@yahoo.com,2023-01-29,Bhopal
CRM001973,Vivaan Bose,vivaan.bose909@yahoo.com,2023-08-14,Mumbai
CRM005518,Diya Verma,diya.verma599@outlook.com,2023-02-16,Surat
CRM002100,Kritika Sinha,kritika.sinha181@gmail.com,2024-01-21,Delhi
CRM001500,Vijay Singh,vijay.singh71@gmail.com,2023-07-29,Bangalore
CRM010163,Vivaan Mishra,vivaan.mishra192@rediff.com,2022-08-26,Coimbatore
CRM000653,Nisha Nair,nisha.nair718@yahoo.com,2023-11-17,Nagpur
CRM000171,Aditya Tiwari,aditya.tiwari291@rediff.com,2023-02-19,Ahmedabad
CRM004086,Nisha Verma,nisha.verma101@outlook.com,2023-04-11,Kolkata
CRM000243,Rohan Mehta,rohan.mehta491@hotmail.com,2023-09-19,Mumbai
CRM006598,Vijay Shah,vijay.shah600@yahoo.com,2022-11-08,Hyderabad
CRM004372,Deepa Joshi,deepa.joshi366@yahoo.com,2023-08-19,Bangalore
CRM008037,Meera Iyer,meera.iyer100@hotmail.com,2022-05-16,Hyderabad
CRM002757,Aarav Sinha,aarav.sinha845@hotmail.com,2023-02-09,Bhopal
CRM009945,Ishaan Gupta,ishaan.gupta830@hotmail.com,2022-04-27,Indore
CRM006970,Sai Tiwari,sai.tiwari367@hotmail.com,2022-05-09,Thane
CRM002077,Aditya Reddy,aditya.reddy16@yahoo.com,2022-07-13,Vadodara
CRM004104,Suresh Bose,suresh.bose305@rediff.com,2024-02-19,Kolkata
CRM010243,Saanvi Sharma,saanvi.sharma880@outlook.com,2023-08-04,Bangalore
CRM007224,Riya Mehta,riya.mehta195@yahoo.com,2022-02-14,Chennai
CRM004802,Suresh Das,suresh.das274@rediff.com,2024-06-10,Mumbai
CRM006758,Sai Shah,sai.shah599@gmail.com,2022-09-17,Chennai
CRM009313,Deepa Kumar,deepa.kumar895@outlook.com,2022-09-06,Pune
CRM009011,Ishaan Tiwari,ishaan.tiwari51@yahoo.com,2023-10-12,Delhi
CRM006766,Arjun Sharma,arjun.sharma887@gmail.com,2024-04-13,Delhi
CRM005562,Pooja Mishra,pooja.mishra837@rediff.com,2023-03-16,Bhopal
CRM010043,Ananya Chatterjee,ananya.chatterjee511@rediff.com,2023-06-26,Ahmedabad
CRM005475,Meera Iyer,meera.iyer140@yahoo.com,2023-10-05,Jaipur
CRM006188,Aarav Singh,aarav.singh100@gmail.com,2023-11-26,Kanpur
CRM008693,Vijay Mishra,vijay.mishra602@yahoo.com,2022-03-07,Thane
CRM008918,Riya Mehta,riya.mehta522@hotmail.com,2023-05-29,Indore
CRM004662,Rohan Singh,rohan.singh250@outlook.com,2022-12-17,Indore
CRM004079,Nisha Gupta,nisha.gupta830@hotmail.com,2022-12-17,Kolkata
CRM009050,Sai Rao,sai.rao527@outlook.com,2024-05-19,Coimbatore
CRM000641,Aditya Tiwari,aditya.tiwari580@rediff.com,2023-12-11,Jaipur
CRM001271,Rahul Tiwari,rahul.tiwari594@hotmail.com,2022-01-12,Patna
CRM002779,Reyan Mishra,reyan.mishra338@outlook.com,2022-09-29,Vadodara
CRM006085,Suresh Rao,suresh.rao785@gmail.com,2024-01-17,Mumbai
CRM004933,Deepa Tiwari,deepa.tiwari628@rediff.com,2023-12-27,Vadodara
CRM001986,Riya Pillai,riya.pillai377@outlook.com,2024-04-12,Delhi
CRM003862,Arjun Patel,arjun.patel428@gmail.com,2024-05-08,Pune
CRM003481,Diya Nair,diya.nair846@hotmail.com,2022-04-28,Delhi
CRM001535,Riya Verma,,2022-09-30,Pune
CRM000326,Priya Joshi,priya.joshi498@outlook.com,2022-10-09,Ahmedabad
CRM002339,Deepa Shah,deepa.shah668@yahoo.com,2023-07-05,Jaipur
CRM003981,Amit Mishra,amit.mishra94@yahoo.com,2024-03-18,Hyderabad
CRM007934,Aditya Das,aditya.das274@hotmail.com,2022-08-16,Kanpur
CRM006679,Suresh Bose,suresh.bose630@outlook.com,2022-07-11,Jaipur
CRM004055,Arjun Mishra,arjun.mishra51@hotmail.com,2024-06-03,Indore
CRM002238,Sneha Sinha,sneha.sinha594@hotmail.com,2024-02-02,Bhopal
CRM008194,Aditya Tiwari,aditya.tiwari107@yahoo.com,2024-04-09,Nagpur
CRM004572,Rohan Shah,rohan.shah507@gmail.com,2023-03-28,Ahmedabad
CRM010359,Rohan Verma,rohan.verma604@outlook.com,2024-03-13,Kanpur
CRM005484,Nisha Iyer,nisha.iyer686@gmail.com,2022-02-20,Lucknow
CRM000865,Deepa Verma,deepa.verma834@yahoo.com,2022-12-27,Ahmedabad
CRM006572,Arjun Nair,arjun.nair859@yahoo.com,2022-03-10,Patna
CRM004943,Suresh Mehta,suresh.mehta200@rediff.com,2023-08-24,Patna
CRM009715,Diya Sinha,diya.sinha787@hotmail.com,2022-06-19,Lucknow
CRM006014,Ishaan Chatterjee,ishaan.chatterjee445@gmail.com,2022-06-22,Delhi
CRM000372,Ishaan Pillai,ishaan.pillai197@hotmail.com,2022-10-16,Vadodara
CRM007269,Riya Singh,riya.singh977@hotmail.com,2022-05-14,Kanpur
CRM006420,Pooja Kumar,pooja.kumar284@hotmail.com,2022-08-04,Chennai
CRM006612,Sai Singh,sai.singh395@outlook.com,2022-06-13,Kanpur
CRM005465,Kabir Kumar,kabir.kumar945@rediff.com,2023-08-09,Bhopal
CRM008957,Arjun Chatterjee,arjun.chatterjee297@rediff.com,2023-12-31,Surat
CRM009951,Sai Shah,sai.shah236@gmail.com,2023-05-20,Delhi
CRM009326,Aadhya Gupta,aadhya.gupta762@hotmail.com,2024-03-19,Kolkata
CRM002365,Rahul Reddy,rahul.reddy756@yahoo.com,2024-03-31,Bhopal
CRM003214,Kritika Mehta,kritika.mehta238@rediff.com,2023-05-29,Kolkata
CRM000912,Aditya Patel,aditya.patel958@rediff.com,2022-09-05,Nagpur
CRM009696,Priya Bose,priya.bose819@gmail.com,2022-05-27,Kolkata
CRM009342,Aarav Nair,,2023-09-05,Chennai
CRM008183,Kavya Reddy,kavya.reddy115@gmail.com,2022-01-05,Visakhapatnam
CRM007909,Vijay Shah,vijay.shah447@rediff.com,2024-06-26,Thane
CRM009026,Raj Singh,raj.singh426@rediff.com,2023-06-22,Coimbatore
CRM007552,Ishaan Tiwari,ishaan.tiwari809@gmail.com,2023-11-07,Thane
CRM006865,Priya Gupta,priya.gupta115@hotmail.com,2022-08-28,Delhi
CRM005061,Rahul Das,rahul.das538@hotmail.com,2023-05-11,Mumbai
CRM001424,Raj Kumar,raj.kumar920@gmail.com,2022-09-13,Vadodara
CRM008516,Kavya Iyer,kavya.iyer116@outlook.com,2022-06-12,Surat
CRM000480,Aadhya Bose,aadhya.bose805@outlook.com,2024-05-11,Indore
CRM000663,Aarav Iyer,aarav.iyer672@gmail.com,2023-04-17,Bangalore
CRM008684,Raj Shah,raj.shah819@outlook.com,2022-03-10,Kolkata
CRM009628,Amit Iyer,amit.iyer260@hotmail.com,2022-08-06,Kanpur
CRM008719,Kavya Pillai,kavya.pillai178@hotmail.com,2023-08-23,Visakhapatnam
CRM002989,Ishaan Iyer,ishaan.iyer562@outlook.com,2024-03-11,Coimbatore
CRM001120,Reyan Singh,reyan.singh70@gmail.com,2024-04-30,Delhi
CRM002777,Amit Patel,amit.patel861@hotmail.com,2023-10-18,Pune
CRM004536,Raj Verma,raj.verma99@outlook.com,2023-04-02,Ahmedabad
CRM006425,Arjun Nair,arjun.nair968@yahoo.com,2024-06-28,Pune
CRM005782,Pooja Bose,pooja.bose258@outlook.com,2024-03-04,Pune
CRM007679,Rahul Iyer,rahul.iyer295@rediff.com,2022-03-16,Jaipur
CRM010217,Priya Mishra,priya.mishra139@hotmail.com,2023-02-15,Thane
CRM004428,Reyan Kumar,reyan.kumar610@yahoo.com,2022-04-23,Pune
CRM008378,Pooja Mehta,pooja.mehta110@yahoo.com,2024-02-23,Nagpur
CRM008069,Riya Joshi,riya.joshi995@yahoo.com,2023-01-11,Mumbai
CRM003982,Sneha Gupta,sneha.gupta263@gmail.com,2023-07-27,Mumbai
CRM007333,Kabir Shah,kabir.shah826@gmail.com,2022-12-16,Surat
CRM002894,Pooja Das,pooja.das335@outlook.com,2022-11-20,Kolkata
CRM002670,Sai Patel,sai.patel355@hotmail.com,2023-09-06,Pune
CRM003978,Suresh Singh,suresh.singh844@outlook.com,2023-08-05,Jaipur
CRM006088,Saanvi Kumar,saanvi.kumar272@rediff.com,2024-01-27,Delhi
CRM000280,Amit Iyer,amit.iyer514@yahoo.com,2022-04-22,Indore
CRM009613,Sneha Das,sneha.das436@gmail.com,2023-04-17,Indore
CRM007769,Priya Mehta,priya.mehta249@gmail.com,2023-02-16,Mumbai
CRM009954,Raj Joshi,raj.joshi734@rediff.com,2023-09-26,Delhi
CRM008090,Vivaan Kumar,vivaan.kumar766@gmail.com,2022-06-15,Ahmedabad
CRM010056,Saanvi Sinha,saanvi.sinha320@rediff.com,2023-02-15,Hyderabad
CRM001695,Pooja Patel,pooja.patel864@gmail.com,2024-03-15,Kanpur
CRM009553,Vijay Bose,vijay.bose396@gmail.com,2023-10-19,Surat
CRM005019,Suresh Verma,suresh.verma582@rediff.com,2022-03-06,Bhopal
CRM003480,Amit Rao,amit.rao272@gmail.com,2022-04-09,Vadodara
CRM004417,Diya Nair,diya.nair480@outlook.com,2024-06-17,Bhopal
CRM009975,Riya Sinha,riya.sinha192@hotmail.com,2023-10-01,Lucknow
CRM004156,Deepa Chatterjee,deepa.chatterjee242@hotmail.com,2023-10-03,Delhi
CRM004884,Pooja Pillai,pooja.pillai931@gmail.com,2022-12-07,Kolkata
CRM008690,Aditya Shah,aditya.shah706@gmail.com,2024-06-22,Delhi
CRM006163,Kavya Kumar,kavya.kumar983@yahoo.com,2023-09-19,Jaipur
CRM009236,Raj Patel,raj.patel58@yahoo.com,2023-03-15,Bhopal
CRM008564,Sneha Gupta,sneha.gupta723@rediff.com,2024-06-15,Jaipur
CRM004297,Kritika Nair,,2024-04-04,Kolkata
CRM006325,Suresh Das,suresh.das202@rediff.com,2024-01-21,Thane
CRM004684,Saanvi Bose,saanvi.bose272@hotmail.com,2022-07-20,Visakhapatnam
CRM010404,Pooja Singh,pooja.singh755@gmail.com,2022-09-30,Bhopal
CRM002210,Kabir Shah,kabir.shah591@hotmail.com,2022-09-05,Nagpur
CRM008471,Riya Gupta,riya.gupta352@yahoo.com,2022-09-30,Chennai
CRM008892,Arjun Reddy,arjun.reddy255@outlook.com,2022-09-21,Kolkata
CRM004564,Kavya Rao,kavya.rao105@gmail.com,2023-04-11,Vadodara
CRM000185,Priya Reddy,priya.reddy650@hotmail.com,2023-01-11,Lucknow
CRM005548,Arjun Mishra,,2023-01-06,Hyderabad
CRM005602,Pooja Shah,pooja.shah694@rediff.com,2022-07-25,Kolkata
CRM004517,Rahul Kumar,,2022-07-12,Pune
CRM002351,Saanvi Iyer,saanvi.iyer13@gmail.com,2022-05-11,Vadodara
CRM000554,Deepa Das,deepa.das177@gmail.com,2024-06-12,Hyderabad
CRM001398,Meera Mehta,meera.mehta878@gmail.com,2022-09-11,Kolkata
CRM001385,Vijay Tiwari,vijay.tiwari800@rediff.com,2023-02-17,Bangalore
CRM008006,Diya Bose,diya.bose32@gmail.com,2022-12-29,Chennai
CRM005854,Aditya Iyer,aditya.iyer384@hotmail.com,2024-05-17,Pune
CRM004904,Aditya Verma,,2022-03-21,Kolkata
CRM000298,Amit Nair,,2023-06-08,Surat
CRM000444,Suresh Shah,suresh.shah326@rediff.com,2022-08-30,Nagpur
CRM006665,Rahul Mishra,rahul.mishra261@yahoo.com,2023-05-31,Surat
CRM008332,Vihaan Sinha,vihaan.sinha368@gmail.com,2022-11-29,Lucknow
CRM002078,Vihaan Verma,vihaan.verma203@hotmail.com,2023-12-01,Jaipur
CRM004752,Pooja Pillai,pooja.pillai721@hotmail.com,2023-12-11,Nagpur
CRM008579,Vihaan Sharma,vihaan.sharma192@rediff.com,2022-10-03,Nagpur
CRM002230,Diya Gupta,,2023-06-12,Patna
CRM002843,Priya Verma,priya.verma615@hotmail.com,2024-04-11,Mumbai
CRM002538,Suresh Tiwari,suresh.tiwari627@gmail.com,2023-08-10,XX_CITY
CRM007225,Reyan Joshi,reyan.joshi242@yahoo.com,2023-02-26,Visakhapatnam
CRM008898,Ishaan Iyer,ishaan.iyer135@gmail.com,2023-12-15,Nagpur
CRM007436,Kabir Kumar,kabir.kumar208@gmail.com,2022-12-11,Nagpur
CRM003368,Vihaan Verma,vihaan.verma483@gmail.com,2022-12-16,Vadodara
CRM005187,Meera Sharma,meera.sharma705@yahoo.com,2022-08-05,Hyderabad
CRM002579,Suresh Chatterjee,suresh.chatterjee288@rediff.com,2023-11-10,Thane
CRM001132,Meera Shah,,2022-10-17,Kolkata
CRM009735,Reyan Bose,reyan.bose419@hotmail.com,2023-02-12,Hyderabad
CRM008308,Aadhya Singh,aadhya.singh987@yahoo.com,2022-03-10,Coimbatore
CRM000321,Ananya Chatterjee,ananya.chatterjee664@rediff.com,2023-04-10,Visakhapatnam
CRM001372,Rahul Rao,rahul.rao517@yahoo.com,2024-03-01,Indore
CRM004043,Rohan Bose,rohan.bose716@rediff.com,2022-09-15,Mumbai
CRM008548,Vivaan Kumar,vivaan.kumar905@outlook.com,2022-05-26,Hyderabad
CRM010294,Kavya Sinha,kavya.sinha742@rediff.com,2024-05-31,Patna
CRM000908,Aditya Nair,aditya.nair189@gmail.com,2023-06-08,Lucknow
CRM009878,Deepa Patel,deepa.patel680@yahoo.com,2022-03-23,Thane
CRM003951,Vihaan Sinha,vihaan.sinha830@outlook.com,2023-09-30,Chennai
CRM009427,Kavya Verma,kavya.verma685@hotmail.com,2023-03-11,Patna
CRM009527,Aditya Joshi,aditya.joshi111@hotmail.com,2022-10-06,Surat
CRM007727,Ishaan Pillai,ishaan.pillai327@rediff.com,2023-07-28,Patna
CRM005754,Aditya Pillai,aditya.pillai38@outlook.com,2024-01-27,Pune
CRM007984,Kabir Nair,kabir.nair991@gmail.com,2023-08-10,Visakhapatnam
CRM007031,Arjun Pillai,arjun.pillai376@hotmail.com,2024-05-31,Vadodara
CRM009001,Rohan Tiwari,rohan.tiwari79@yahoo.com,2024-03-04,Mumbai
CRM000927,Suresh Chatterjee,suresh.chatterjee251@rediff.com,2023-10-02,Nagpur
CRM007088,Nisha Pillai,nisha.pillai126@gmail.com,2023-09-30,Coimbatore
CRM000016,Raj Gupta,raj.gupta461@yahoo.com,2024-05-08,Lucknow
CRM000144,Rohan Patel,rohan.patel398@gmail.com,2022-11-26,Nagpur
CRM002364,Ananya Joshi,ananya.joshi505@yahoo.com,2023-06-21,Coimbatore
CRM000130,Reyan Singh,reyan.singh793@gmail.com,2022-10-03,Jaipur
CRM001162,Diya Das,diya.das584@gmail.com,2023-12-29,Nagpur
CRM009645,Saanvi Mishra,saanvi.mishra35@outlook.com,2023-02-13,Pune
CRM007071,Diya Sharma,diya.sharma517@gmail.com,2023-11-26,Thane
CRM005390,Rohan Kumar,rohan.kumar349@outlook.com,2023-11-10,Delhi
CRM005827,Vihaan Mishra,vihaan.mishra771@gmail.com,2023-03-28,Hyderabad
CRM005485,Rahul Mishra,rahul.mishra347@rediff.com,2023-07-11,Coimbatore
CRM001877,Arjun Mishra,arjun.mishra546@yahoo.com,2022-06-27,Jaipur
CRM002489,Vihaan Mishra,vihaan.mishra347@hotmail.com,2023-10-24,Coimbatore
CRM005493,Sai Rao,sai.rao150@yahoo.com,2023-12-28,Indore
CRM004480,Aadhya Nair,,2023-02-24,Visakhapatnam
CRM001183,Kritika Sinha,kritika.sinha824@gmail.com,2022-10-25,Delhi
CRM007079,Saanvi Mishra,saanvi.mishra739@yahoo.com,2023-06-13,Pune
CRM010447,Reyan Pillai,reyan.pillai150@outlook.com,2022-02-27,Mumbai
CRM001171,Nisha Mishra,nisha.mishra90@outlook.com,2023-10-01,Visakhapatnam
CRM007117,Vivaan Iyer,vivaan.iyer943@yahoo.com,2024-05-27,Nagpur
CRM002183,Sai Pillai,sai.pillai176@yahoo.com,2022-07-18,Kanpur
CRM005973,Vijay Iyer,vijay.iyer507@hotmail.com,2024-04-18,Delhi
CRM003372,Nisha Shah,nisha.shah947@outlook.com,2024-05-01,Jaipur
CRM008699,Meera Nair,meera.nair819@hotmail.com,2023-05-31,Lucknow
CRM001860,Aarav Singh,aarav.singh957@yahoo.com,2022-03-18,Lucknow
CRM005618,Vihaan Iyer,vihaan.iyer946@gmail.com,2022-10-16,Delhi
CRM008738,Meera Iyer,meera.iyer409@gmail.com,2022-05-22,Coimbatore
CRM006135,Kabir Pillai,kabir.pillai72@rediff.com,2023-01-18,Delhi
CRM007338,Saanvi Tiwari,saanvi.tiwari420@outlook.com,2024-04-07,Bhopal
CRM009841,Ishaan Kumar,ishaan.kumar468@gmail.com,2022-01-29,Lucknow
CRM003589,Aadhya Sinha,aadhya.sinha757@rediff.com,2023-01-23,Jaipur
CRM006504,Ishaan Patel,ishaan.patel94@hotmail.com,2022-02-21,Mumbai
CRM003122,Deepa Patel,deepa.patel821@rediff.com,2023-11-05,Surat
CRM000388,Sai Tiwari,sai.tiwari149@hotmail.com,2023-04-12,Delhi
CRM001312,Reyan Mehta,reyan.mehta604@hotmail.com,2023-06-16,Lucknow
CRM001033,Diya Shah,diya.shah964@yahoo.com,2023-10-28,Chennai
CRM009422,Riya Sharma,riya.sharma972@gmail.com,2022-05-24,Bhopal
CRM007093,Saanvi Sinha,saanvi.sinha353@outlook.com,2022-08-24,Jaipur
CRM004937,Diya Iyer,diya.iyer391@rediff.com,2023-06-11,Ahmedabad
CRM000932,Aadhya Pillai,aadhya.pillai818@rediff.com,2024-03-04,Jaipur
CRM004020,Aarav Iyer,aarav.iyer875@hotmail.com,2024-05-19,Delhi
CRM000692,Deepa Sinha,deepa.sinha819@rediff.com,2023-12-21,Delhi
CRM009695,Nisha Sharma,nisha.sharma624@outlook.com,2024-03-07,Delhi
CRM009932,Ishaan Gupta,ishaan.gupta919@rediff.com,2022-06-28,Bangalore
CRM000830,Saanvi Chatterjee,saanvi.chatterjee53@yahoo.com,2023-04-17,Pune
CRM003499,Rahul Kumar,,2022-01-16,Ahmedabad
CRM002082,Kritika Sharma,kritika.sharma79@outlook.com,2024-05-01,Chennai
CRM009552,Suresh Nair,suresh.nair148@outlook.com,2023-04-10,Kanpur
CRM010114,Pooja Reddy,pooja.reddy732@hotmail.com,2024-03-09,Jaipur
CRM000045,Riya Shah,,2022-04-16,Thane
CRM003940,Kritika Nair,kritika.nair570@yahoo.com,2024-01-26,Surat
CRM006086,Nisha Das,nisha.das880@gmail.com,2024-05-03,Nagpur
CRM010315,Nisha Rao,nisha.rao716@gmail.com,2024-06-09,Delhi
CRM004320,Reyan Bose,reyan.bose640@rediff.com,2024-01-09,Thane
CRM002966,Kavya Kumar,kavya.kumar298@hotmail.com,2023-03-20,Lucknow
CRM003970,Diya Shah,diya.shah830@hotmail.com,2023-02-14,Ahmedabad
CRM001188,Aditya Verma,aditya.verma48@gmail.com,2022-04-30,Patna
CRM009602,Amit Reddy,amit.reddy736@rediff.com,2022-03-31,Mumbai
CRM008733,Amit Joshi,amit.joshi699@yahoo.com,2023-12-17,Indore
CRM000285,Kabir Nair,kabir.nair885@gmail.com,2022-02-28,Patna
CRM009513,Riya Tiwari,riya.tiwari264@gmail.com,2023-10-18,Delhi
CRM004160,Pooja Gupta,pooja.gupta800@outlook.com,2024-05-06,Visakhapatnam
CRM003093,Riya Reddy,riya.reddy74@hotmail.com,2022-08-15,Bangalore
CRM006596,Ishaan Verma,ishaan.verma697@rediff.com,2024-01-26,Lucknow
CRM004557,Kritika Mishra,kritika.mishra598@yahoo.com,2022-01-31,Hyderabad
CRM005298,Rohan Bose,rohan.bose79@hotmail.com,2022-07-20,Hyderabad
CRM004324,Aadhya Kumar,aadhya.kumar234@rediff.com,2023-02-21,Ahmedabad
CRM006367,Reyan Mishra,reyan.mishra453@hotmail.com,2022-10-07,Chennai
CRM006331,Vivaan Sinha,vivaan.sinha135@rediff.com,2024-05-25,Mumbai
CRM003365,Riya Das,riya.das664@rediff.com,2022-07-27,Pune
CRM001405,Kritika Patel,kritika.patel569@hotmail.com,2022-04-21,Thane
CRM003196,Sneha Joshi,sneha.joshi942@outlook.com,2023-08-01,Delhi
CRM005939,Arjun Reddy,arjun.reddy752@hotmail.com,2023-01-13,Chennai
CRM000970,Sneha Gupta,,2023-04-19,Indore
CRM003735,Ananya Chatterjee,ananya.chatterjee597@rediff.com,2023-12-29,Surat
CRM000926,Vivaan Shah,vivaan.shah87@outlook.com,2023-07-17,Surat
CRM010333,Kabir Verma,kabir.verma281@outlook.com,2023-06-01,Surat
CRM007445,Arjun Mishra,arjun.mishra690@rediff.com,2022-02-06,Delhi
CRM004726,Reyan Nair,reyan.nair804@gmail.com,2023-07-26,Delhi
CRM006509,Aadhya Gupta,aadhya.gupta80@outlook.com,2022-09-13,Bhopal
CRM002852,Rahul Patel,rahul.patel322@rediff.com,2023-02-19,Bhopal
CRM008847,Nisha Verma,nisha.verma406@outlook.com,2022-06-20,Delhi
CRM005993,Sneha Mehta,sneha.mehta989@yahoo.com,2023-10-27,Kanpur
CRM007083,Rohan Iyer,rohan.iyer613@gmail.com,2024-06-27,Ahmedabad
CRM009845,Amit Mishra,amit.mishra15@yahoo.com,2022-04-09,Bhopal
CRM009651,Kritika Joshi,kritika.joshi833@rediff.com,2023-12-06,Kanpur
CRM004472,Vihaan Chatterjee,vihaan.chatterjee167@gmail.com,2024-04-07,Thane
CRM009752,Vivaan Reddy,vivaan.reddy679@hotmail.com,2022-06-22,Kanpur
CRM004349,Suresh Mishra,suresh.mishra473@gmail.com,2023-01-31,Lucknow
CRM009625,Aditya Joshi,aditya.joshi559@rediff.com,2023-07-13,Pune
CRM008625,Aadhya Chatterjee,aadhya.chatterjee489@rediff.com,2024-06-11,Chennai
CRM003627,Pooja Tiwari,pooja.tiwari40@gmail.com,2024-02-08,Bhopal
CRM001790,Kabir Verma,kabir.verma875@rediff.com,2023-05-02,Bangalore
CRM010338,Kavya Iyer,kavya.iyer120@rediff.com,2023-11-04,Delhi
CRM002060,Ishaan Gupta,ishaan.gupta414@gmail.com,2023-01-05,Bhopal
CRM008016,Aditya Shah,aditya.shah160@hotmail.com,2022-06-27,Ahmedabad
CRM005462,Vivaan Tiwari,vivaan.tiwari872@rediff.com,2023-10-09,Delhi
CRM004014,Aadhya Mishra,aadhya.mishra788@outlook.com,2023-09-15,Thane
CRM001903,Arjun Singh,arjun.singh353@outlook.com,2024-01-01,Kolkata
CRM004687,Diya Bose,diya.bose783@yahoo.com,2023-09-07,Chennai
CRM006449,Riya Bose,riya.bose350@yahoo.com,2023-12-05,Delhi
CRM004923,Ananya Gupta,ananya.gupta905@rediff.com,2023-05-24,Jaipur
CRM009486,Vihaan Nair,,2024-02-14,Bangalore
CRM000076,Amit Singh,amit.singh244@yahoo.com,2022-03-27,Vadodara
CRM002346,Rahul Gupta,,2023-01-11,Indore
CRM006342,Aditya Sinha,aditya.sinha407@gmail.com,2022-07-24,Coimbatore
CRM000431,Ananya Joshi,ananya.joshi311@yahoo.com,2023-04-18,Delhi
CRM004587,Nisha Iyer,nisha.iyer102@hotmail.com,2022-08-07,Ahmedabad
CRM010040,Vijay Mishra,vijay.mishra491@outlook.com,2024-01-13,Mumbai
CRM005829,Kavya Kumar,kavya.kumar909@hotmail.com,2022-04-24,Mumbai
CRM008739,Vivaan Tiwari,vivaan.tiwari535@yahoo.com,2023-11-09,Bangalore
CRM008759,Vijay Chatterjee,vijay.chatterjee94@gmail.com,2022-04-24,Lucknow
CRM008240,Suresh Das,suresh.das329@yahoo.com,2023-09-15,Lucknow
CRM001554,Aarav Das,aarav.das761@gmail.com,2023-05-08,Chennai
CRM000241,Aadhya Verma,aadhya.verma992@gmail.com,2022-10-07,Patna
CRM000784,Rohan Pillai,rohan.pillai282@yahoo.com,2023-12-28,N/A
CRM003067,Diya Tiwari,diya.tiwari743@yahoo.com,2022-06-22,Kanpur
CRM000978,Sneha Bose,sneha.bose710@yahoo.com,2023-08-05,Lucknow
CRM004906,Meera Pillai,meera.pillai335@yahoo.com,2022-03-05,Bangalore
CRM002942,Saanvi Mishra,saanvi.mishra462@rediff.com,2023-10-03,Hyderabad
CRM008317,Rohan Joshi,rohan.joshi514@yahoo.com,2022-08-15,Patna
CRM005466,Ananya Shah,ananya.shah447@gmail.com,2023-06-25,Surat
CRM006264,Vivaan Sharma,vivaan.sharma940@rediff.com,2024-03-23,Coimbatore
CRM001621,Vihaan Patel,vihaan.patel867@hotmail.com,2023-01-24,Visakhapatnam
CRM002147,Nisha Singh,nisha.singh143@hotmail.com,2023-05-02,Ahmedabad
CRM001802,Riya Mehta,riya.mehta295@hotmail.com,2024-06-04,Delhi
CRM002096,Reyan Das,reyan.das93@rediff.com,2023-06-25,Surat
CRM007013,Kavya Shah,kavya.shah48@gmail.com,2023-02-28,Bhopal
CRM006072,Ishaan Kumar,ishaan.kumar444@yahoo.com,2022-06-21,Indore
CRM001358,Deepa Iyer,deepa.iyer120@yahoo.com,2024-02-29,Ahmedabad
CRM008711,Saanvi Mishra,saanvi.mishra830@outlook.com,2023-10-11,Indore
CRM006988,Sai Mehta,sai.mehta807@outlook.com,2023-01-03,Visakhapatnam
CRM008960,Aadhya Pillai,aadhya.pillai727@hotmail.com,2022-09-05,Jaipur
CRM006877,Aditya Bose,aditya.bose549@rediff.com,2022-06-23,Pune
CRM006949,Rahul Singh,rahul.singh982@hotmail.com,2023-07-26,Ahmedabad
CRM007501,Arjun Verma,arjun.verma58@yahoo.com,2023-12-11,Ahmedabad
CRM009401,Kabir Joshi,kabir.joshi122@outlook.com,2023-11-16,Chennai
CRM008965,Kritika Tiwari,kritika.tiwari30@outlook.com,2023-09-25,Lucknow
CRM001610,Aadhya Pillai,aadhya.pillai905@rediff.com,2023-12-28,Delhi
CRM003097,Vivaan Iyer,vivaan.iyer13@rediff.com,2022-11-29,Patna
CRM007894,Kabir Joshi,kabir.joshi976@rediff.com,2024-04-15,Surat
CRM002416,Rahul Gupta,rahul.gupta859@yahoo.com,2023-04-07,Coimbatore
CRM002018,Vihaan Mehta,vihaan.mehta174@outlook.com,2022-12-15,Patna
CRM009879,Saanvi Chatterjee,saanvi.chatterjee553@outlook.com,2022-06-21,Kanpur
CRM004126,Vivaan Singh,vivaan.singh105@gmail.com,2022-04-17,Vadodara
CRM010498,Aadhya Bose,aadhya.bose157@hotmail.com,2024-06-24,Thane
CRM010267,Diya Singh,diya.singh483@rediff.com,2023-12-03,Mumbai
CRM003247,Sai Joshi,sai.joshi128@rediff.com,2023-11-05,Jaipur
CRM000125,Reyan Sinha,reyan.sinha92@outlook.com,2023-01-09,Chennai
CRM007414,Arjun Tiwari,arjun.tiwari683@outlook.com,2022-05-24,Ahmedabad
CRM010005,Suresh Chatterjee,suresh.chatterjee412@hotmail.com,2023-09-07,Pune
CRM007567,Meera Kumar,meera.kumar781@gmail.com,2023-06-27,Visakhapatnam
CRM000841,Kritika Tiwari,kritika.tiwari44@rediff.com,2022-11-01,Visakhapatnam
CRM009814,Aadhya Bose,aadhya.bose689@gmail.com,2023-04-26,Chennai
CRM003342,Meera Reddy,meera.reddy409@outlook.com,2022-06-11,Mumbai
CRM000599,Suresh Shah,suresh.shah458@yahoo.com,2022-11-30,Chennai
CRM002124,Suresh Rao,suresh.rao639@outlook.com,2022-10-07,Ahmedabad
CRM008224,Rohan Chatterjee,rohan.chatterjee363@rediff.com,2023-12-08,Coimbatore
CRM007845,Sai Sharma,,2023-12-20,Kolkata
CRM009230,Sneha Kumar,sneha.kumar935@hotmail.com,2022-10-23,Bhopal
CRM010352,Diya Singh,diya.singh313@outlook.com,2022-07-06,Kanpur
CRM002198,Riya Patel,riya.patel96@rediff.com,2022-08-10,Bangalore
CRM004052,Aadhya Singh,aadhya.singh558@yahoo.com,2022-01-14,Jaipur
CRM006992,Vihaan Gupta,vihaan.gupta968@outlook.com,2022-06-16,Surat
CRM003363,Deepa Reddy,deepa.reddy316@rediff.com,2022-10-08,Mumbai
CRM007904,Nisha Sharma,nisha.sharma836@rediff.com,2023-08-20,Pune
CRM000726,Deepa Rao,deepa.rao966@gmail.com,2022-09-30,Vadodara
CRM007664,Diya Reddy,diya.reddy677@gmail.com,2024-03-24,Delhi
CRM000979,Kavya Mehta,kavya.mehta719@outlook.com,2022-12-18,Ahmedabad
CRM000809,Rohan Singh,rohan.singh821@hotmail.com,2022-02-09,Vadodara
CRM005860,Aarav Verma,aarav.verma994@rediff.com,2023-04-10,Kolkata
CRM001476,Kritika Shah,kritika.shah65@gmail.com,2022-10-08,Bangalore
CRM008388,Raj Joshi,raj.joshi347@gmail.com,2023-05-14,Surat
CRM004907,Saanvi Singh,saanvi.singh874@outlook.com,2023-06-04,Bangalore
CRM006852,Reyan Das,reyan.das358@gmail.com,2023-08-30,Hyderabad
CRM009685,Raj Iyer,raj.iyer227@gmail.com,2024-03-22,Ahmedabad
CRM004931,Rahul Bose,rahul.bose49@hotmail.com,2022-10-18,Surat
CRM004543,Amit Nair,amit.nair50@yahoo.com,2023-05-17,Surat
CRM003963,Amit Gupta,amit.gupta703@rediff.com,2023-12-07,Indore
CRM007411,Ishaan Bose,ishaan.bose553@gmail.com,2023-03-07,Kolkata
CRM008270,Kabir Gupta,kabir.gupta379@rediff.com,2022-02-08,Lucknow
CRM001236,Amit Tiwari,amit.tiwari878@yahoo.com,2024-06-08,Bangalore
CRM001226,Raj Iyer,raj.iyer457@yahoo.com,2024-04-08,Mumbai
CRM001765,Vihaan Gupta,vihaan.gupta404@rediff.com,2023-09-01,Surat
CRM007239,Deepa Patel,deepa.patel728@rediff.com,2022-10-27,Pune
CRM006131,Meera Nair,meera.nair792@hotmail.com,2023-05-27,Thane
CRM008636,Amit Reddy,amit.reddy891@yahoo.com,2023-11-08,Jaipur
CRM006084,Rahul Mehta,rahul.mehta107@rediff.com,2024-05-26,Nagpur
CRM003218,Suresh Verma,suresh.verma557@yahoo.com,2022-05-15,Hyderabad
CRM000288,Pooja Reddy,pooja.reddy950@rediff.com,2023-01-16,Coimbatore
CRM005806,Vivaan Rao,vivaan.rao538@outlook.com,2024-04-19,Bangalore
CRM002967,Kritika Tiwari,kritika.tiwari970@rediff.com,2024-03-25,Jaipur
CRM003165,Rahul Sinha,rahul.sinha109@rediff.com,2022-04-16,Patna
CRM006930,Reyan Bose,reyan.bose450@rediff.com,2022-11-23,Thane
CRM009528,Saanvi Sharma,saanvi.sharma517@rediff.com,2023-06-13,Delhi
CRM001658,Kavya Tiwari,kavya.tiwari454@hotmail.com,2022-03-30,Surat
CRM001976,Sai Joshi,sai.joshi725@outlook.com,2024-03-30,Mumbai
CRM002398,Nisha Nair,nisha.nair304@outlook.com,2023-11-13,Jaipur
CRM000453,Ishaan Shah,ishaan.shah785@gmail.com,2022-08-07,Chennai
CRM002711,Meera Das,meera.das458@outlook.com,2024-02-29,Indore
CRM005423,Suresh Shah,suresh.shah353@rediff.com,2022-09-28,Chennai
CRM003682,Amit Bose,amit.bose747@rediff.com,2022-08-21,Coimbatore
CRM000423,Rohan Chatterjee,rohan.chatterjee31@rediff.com,2023-05-31,Indore
CRM009839,Ishaan Singh,ishaan.singh849@rediff.com,2022-06-13,Nagpur
CRM005317,Suresh Sinha,suresh.sinha721@hotmail.com,2023-08-27,Bangalore
CRM000658,Deepa Bose,deepa.bose673@yahoo.com,2024-04-14,Surat
CRM003302,Meera Patel,meera.patel958@outlook.com,2022-05-13,Bhopal
CRM006753,Pooja Sinha,pooja.sinha638@hotmail.com,2022-11-17,Indore
CRM002846,Rahul Joshi,rahul.joshi767@gmail.com,2024-02-12,Delhi
CRM009755,Amit Rao,amit.rao619@yahoo.com,2023-07-17,Mumbai
CRM008418,Suresh Bose,suresh.bose776@hotmail.com,2023-12-13,Vadodara
CRM005245,Kavya Tiwari,kavya.tiwari598@yahoo.com,2023-05-22,Visakhapatnam
CRM001002,Saanvi Verma,saanvi.verma104@outlook.com,2024-06-15,Bangalore
CRM004199,Suresh Sharma,suresh.sharma709@yahoo.com,2024-04-29,Kolkata
CRM002419,Ishaan Mehta,ishaan.mehta513@gmail.com,2023-09-09,Mumbai
CRM000876,Priya Rao,priya.rao766@gmail.com,2022-09-02,Jaipur
CRM006118,Kritika Mishra,kritika.mishra661@hotmail.com,2023-07-09,Pune
CRM003848,Suresh Iyer,suresh.iyer574@outlook.com,2023-12-27,Visakhapatnam
CRM000962,Meera Sinha,meera.sinha984@rediff.com,2022-11-23,Coimbatore
CRM001581,Kritika Joshi,kritika.joshi348@yahoo.com,2023-12-21,Thane
CRM005786,Reyan Sharma,reyan.sharma638@hotmail.com,2022-08-18,Kolkata
CRM002207,Saanvi Sinha,saanvi.sinha711@outlook.com,2023-01-16,Kolkata
CRM007287,Ishaan Verma,ishaan.verma317@yahoo.com,2024-01-03,Coimbatore
CRM006792,Pooja Tiwari,pooja.tiwari655@yahoo.com,2022-02-23,Pune
CRM004846,Aadhya Rao,aadhya.rao676@outlook.com,2022-11-07,Kanpur
CRM004232,Kritika Das,kritika.das620@hotmail.com,2022-12-09,Jaipur
CRM000758,Raj Rao,raj.rao854@rediff.com,2022-08-07,Pune
CRM004867,Raj Iyer,raj.iyer425@hotmail.com,2024-06-25,Vadodara
CRM005407,Saanvi Rao,saanvi.rao650@yahoo.com,2022-12-28,Coimbatore
CRM005314,Nisha Shah,nisha.shah280@outlook.com,2023-01-20,Jaipur
CRM002285,Sai Joshi,sai.joshi596@outlook.com,2023-04-22,Jaipur
CRM007693,Vijay Sharma,vijay.sharma182@rediff.com,2023-01-24,Hyderabad
CRM008178,Kritika Chatterjee,kritika.chatterjee316@outlook.com,2022-09-12,Bangalore
CRM005310,Nisha Gupta,nisha.gupta614@outlook.com,2024-05-17,Kolkata
CRM004828,Kritika Singh,kritika.singh11@yahoo.com,2022-03-23,Chennai
CRM005841,Diya Gupta,diya.gupta849@hotmail.com,2024-04-04,Patna
CRM000808,Arjun Bose,arjun.bose528@hotmail.com,2023-10-27,Pune
CRM006846,Suresh Reddy,suresh.reddy663@gmail.com,2022-03-08,Coimbatore
CRM008538,Aarav Sharma,aarav.sharma766@yahoo.com,2023-11-07,Bangalore
CRM001957,Suresh Kumar,suresh.kumar573@gmail.com,2022-03-19,Hyderabad
CRM002446,Ananya Bose,ananya.bose192@outlook.com,2022-08-11,Patna
CRM008266,Kabir Sharma,kabir.sharma555@gmail.com,2022-11-28,Coimbatore
CRM008764,Sneha Verma,sneha.verma839@rediff.com,2023-01-24,Indore
CRM007082,Kritika Rao,kritika.rao68@gmail.com,2022-03-06,Mumbai
CRM008761,Diya Rao,diya.rao818@rediff.com,2023-04-21,Jaipur
CRM002403,Aditya Bose,aditya.bose242@hotmail.com,2023-04-20,Kanpur
CRM007320,Vivaan Reddy,vivaan.reddy317@outlook.com,2022-06-14,Indore
CRM001074,Sai Bose,sai.bose406@outlook.com,2022-05-25,Visakhapatnam
CRM008747,Suresh Verma,suresh.verma894@rediff.com,2024-03-10,Vadodara
CRM004241,Aadhya Gupta,aadhya.gupta521@outlook.com,2024-04-18,Delhi
CRM005437,Vivaan Sharma,vivaan.sharma448@hotmail.com,2024-06-22,Coimbatore
CRM009109,Priya Rao,priya.rao447@gmail.com,2024-03-21,Ahmedabad
CRM002092,Riya Bose,riya.bose525@hotmail.com,2023-05-15,Ahmedabad
CRM004528,Raj Bose,raj.bose575@hotmail.com,2022-04-15,Chennai
CRM001699,Vivaan Mishra,vivaan.mishra928@hotmail.com,2022-11-29,Hyderabad
CRM007840,Raj Rao,raj.rao105@rediff.com,2022-05-15,Ahmedabad
CRM008989,Kritika Mehta,kritika.mehta529@outlook.com,2022-05-25,Mumbai
CRM008373,Reyan Nair,reyan.nair408@gmail.com,2024-03-23,Visakhapatnam
CRM005460,Ananya Tiwari,ananya.tiwari868@rediff.com,2022-11-30,Hyderabad
CRM007889,Priya Verma,priya.verma804@outlook.com,2023-04-19,Indore
CRM001004,Diya Shah,diya.shah293@rediff.com,2024-05-09,Kolkata
CRM009750,Saanvi Verma,saanvi.verma465@hotmail.com,2023-06-10,Mumbai
CRM007581,Rahul Das,rahul.das466@gmail.com,2023-10-17,Lucknow
CRM006144,Sneha Sharma,sneha.sharma909@hotmail.com,2022-11-11,Hyderabad
CRM004652,Amit Sinha,,2022-02-04,Patna
CRM009263,Priya Gupta,priya.gupta745@outlook.com,2024-06-24,Kanpur
CRM001486,Rahul Patel,rahul.patel448@hotmail.com,2023-03-07,Hyderabad
CRM009891,Aadhya Chatterjee,aadhya.chatterjee981@yahoo.com,2024-05-03,Mumbai
CRM005369,Pooja Pillai,pooja.pillai950@yahoo.com,2023-12-25,Pune
CRM001412,Priya Nair,priya.nair400@rediff.com,2024-03-11,Kolkata
CRM010105,Vihaan Nair,vihaan.nair538@gmail.com,2023-11-21,Chennai
CRM006215,Kritika Sinha,kritika.sinha362@hotmail.com,2024-05-13,Bangalore
CRM000710,Vivaan Verma,vivaan.verma284@outlook.com,2023-04-05,Hyderabad
CRM006685,Raj Reddy,raj.reddy593@rediff.com,2023-01-30,Chennai
CRM003604,Riya Sharma,riya.sharma62@gmail.com,2022-03-22,Hyderabad
CRM000986,Kavya Mehta,kavya.mehta294@outlook.com,2022-11-28,Patna
CRM003077,Diya Iyer,diya.iyer325@rediff.com,2022-03-25,Lucknow
CRM006822,Saanvi Tiwari,saanvi.tiwari146@gmail.com,2022-03-16,Visakhapatnam
CRM005078,Vivaan Sinha,vivaan.sinha955@gmail.com,2024-02-01,Vadodara
CRM004102,Suresh Verma,suresh.verma896@yahoo.com,2024-03-31,Vadodara
CRM009421,Ananya Iyer,ananya.iyer479@hotmail.com,2023-10-12,Bhopal
CRM002723,Reyan Sinha,reyan.sinha442@hotmail.com,2022-12-20,Kanpur
CRM010029,Diya Sharma,diya.sharma661@hotmail.com,2022-02-13,Nagpur
CRM001269,Nisha Bose,nisha.bose544@rediff.com,2023-05-11,Surat
CRM002463,Aadhya Singh,aadhya.singh244@rediff.com,2023-03-07,Indore
CRM006320,Sai Mishra,sai.mishra228@hotmail.com,2022-02-21,Chennai
CRM000269,Diya Pillai,diya.pillai414@yahoo.com,2022-08-03,Kanpur
CRM003581,Suresh Singh,suresh.singh668@gmail.com,2022-06-12,Kolkata
CRM004751,Vivaan Iyer,vivaan.iyer152@gmail.com,2024-03-11,Bangalore
CRM010324,Nisha Kumar,nisha.kumar737@outlook.com,2022-07-30,Mumbai
CRM005712,Aditya Reddy,aditya.reddy333@outlook.com,2024-06-04,Bangalore
CRM005966,Suresh Iyer,suresh.iyer608@outlook.com,2022-05-12,Pune
CRM007625,Amit Singh,amit.singh407@outlook.com,2024-04-13,Mumbai
CRM002822,Arjun Chatterjee,arjun.chatterjee370@gmail.com,2022-03-02,Nagpur
CRM009865,Vihaan Singh,vihaan.singh435@gmail.com,2023-02-09,Indore
CRM000590,Kavya Mishra,kavya.mishra925@rediff.com,2024-06-01,Bangalore
CRM006875,Meera Verma,meera.verma819@gmail.com,2024-04-04,Vadodara
CRM009631,Aadhya Rao,aadhya.rao385@gmail.com,2022-10-29,Chennai
CRM006082,Riya Mehta,riya.mehta396@yahoo.com,2023-02-15,Vadodara
CRM007691,Sneha Reddy,sneha.reddy106@hotmail.com,2022-05-21,Jaipur
CRM009380,Sneha Joshi,sneha.joshi979@outlook.com,2023-10-07,Chennai
CRM002038,Ishaan Shah,ishaan.shah869@gmail.com,2023-08-09,Visakhapatnam
CRM008092,Aadhya Das,aadhya.das391@hotmail.com,2023-05-04,Coimbatore
CRM009330,Pooja Bose,pooja.bose240@rediff.com,2023-11-21,Pune
CRM006070,Riya Mehta,riya.mehta29@gmail.com,2023-08-31,Chennai
CRM002029,Rahul Iyer,rahul.iyer687@rediff.com,2023-07-23,Bhopal
CRM007866,Aarav Tiwari,aarav.tiwari633@gmail.com,2022-02-19,Lucknow
CRM000678,Aditya Nair,aditya.nair399@gmail.com,2023-06-20,Nagpur
CRM009373,Raj Kumar,raj.kumar342@rediff.com,2023-12-08,Vadodara
CRM001233,Meera Chatterjee,meera.chatterjee836@gmail.com,2022-04-21,Kanpur
CRM005455,Saanvi Patel,saanvi.patel223@gmail.com,2024-06-05,Chennai
CRM006132,Ishaan Pillai,ishaan.pillai993@yahoo.com,2023-04-07,UNKNOWN
CRM008917,Kritika Gupta,kritika.gupta363@hotmail.com,2022-09-15,Lucknow
CRM006119,Arjun Joshi,arjun.joshi650@yahoo.com,2022-05-04,Thane
CRM004857,Vijay Mishra,vijay.mishra656@outlook.com,2024-04-24,Visakhapatnam
CRM008566,Reyan Nair,reyan.nair631@rediff.com,2022-12-08,Coimbatore
CRM002433,Amit Sharma,amit.sharma342@hotmail.com,2024-04-02,Ahmedabad
CRM007294,Aarav Mehta,aarav.mehta379@gmail.com,2023-05-03,Bangalore
CRM007059,Meera Nair,meera.nair50@gmail.com,2023-05-14,Bangalore
CRM006969,Reyan Iyer,reyan.iyer919@gmail.com,2023-03-01,Chennai
CRM007200,Suresh Reddy,suresh.reddy50@gmail.com,2023-09-14,Patna
CRM000897,Priya Mishra,priya.mishra974@gmail.com,2022-11-27,Chennai
CRM001612,Amit Iyer,,2022-10-04,Kolkata
CRM007478,Diya Bose,diya.bose462@outlook.com,2023-11-14,Chennai
CRM005653,Vijay Iyer,vijay.iyer988@gmail.com,2023-11-22,Mumbai
CRM010176,Kritika Verma,kritika.verma119@yahoo.com,2023-03-30,Nagpur
CRM001720,Sneha Mehta,sneha.mehta311@rediff.com,2022-04-27,Jaipur
CRM003807,Sai Patel,,2023-02-16,Kanpur
CRM006952,Rohan Sharma,rohan.sharma951@gmail.com,2022-11-01,XX_CITY
CRM006409,Aadhya Kumar,aadhya.kumar168@outlook.com,2022-08-08,Surat
CRM004702,Kavya Shah,,2023-08-31,Patna
CRM003962,Meera Reddy,meera.reddy240@outlook.com,2022-07-18,Kolkata
CRM008558,Diya Tiwari,diya.tiwari12@hotmail.com,2023-08-18,Bangalore
CRM010427,Ananya Mehta,ananya.mehta333@outlook.com,2023-03-03,Kanpur
CRM000891,Rohan Singh,rohan.singh338@outlook.com,2023-05-15,Lucknow
CRM007363,Amit Nair,amit.nair955@hotmail.com,2022-09-11,Kanpur
CRM009653,Aditya Shah,aditya.shah877@hotmail.com,2022-08-16,Lucknow
CRM007925,Priya Gupta,priya.gupta530@hotmail.com,2022-04-05,Nagpur
CRM010414,Vihaan Shah,vihaan.shah12@outlook.com,2024-02-17,Visakhapatnam
CRM005894,Rohan Tiwari,rohan.tiwari929@yahoo.com,2022-09-11,Surat
CRM008651,Kavya Das,kavya.das430@yahoo.com,2022-09-02,Kanpur
CRM007846,Reyan Chatterjee,reyan.chatterjee335@hotmail.com,2023-04-30,Lucknow
CRM002800,Priya Rao,priya.rao752@yahoo.com,2024-04-22,Indore
CRM000585,Deepa Patel,deepa.patel184@yahoo.com,2023-12-15,Patna
CRM003269,Diya Kumar,diya.kumar480@yahoo.com,2023-02-04,Thane
CRM003933,Vijay Gupta,vijay.gupta318@yahoo.com,2023-12-07,Jaipur
CRM004966,Kabir Verma,kabir.verma485@hotmail.com,2023-12-06,Vadodara
CRM001261,Diya Reddy,diya.reddy960@rediff.com,2023-02-13,Indore
CRM008481,Rahul Reddy,rahul.reddy253@gmail.com,2023-07-14,Coimbatore
CRM000311,Raj Pillai,raj.pillai948@gmail.com,2024-04-26,Bangalore
CRM001717,Vihaan Kumar,vihaan.kumar788@yahoo.com,2023-01-05,Jaipur
CRM005787,Aarav Das,aarav.das892@rediff.com,2023-03-03,Vadodara
CRM010205,Sneha Tiwari,,2023-07-01,Delhi
CRM006796,Vihaan Mehta,vihaan.mehta14@gmail.com,2024-06-04,Mumbai
CRM004669,Pooja Singh,pooja.singh698@hotmail.com,2022-05-08,Mumbai
CRM004299,Amit Kumar,amit.kumar711@gmail.com,2022-12-24,Lucknow
CRM003784,Aarav Patel,aarav.patel61@gmail.com,2023-06-22,Coimbatore
CRM001009,Sneha Kumar,sneha.kumar491@gmail.com,2023-10-02,Nagpur
CRM010223,Rahul Patel,rahul.patel703@hotmail.com,2023-10-16,UNKNOWN
CRM002186,Aadhya Singh,aadhya.singh971@gmail.com,2024-02-23,Hyderabad
CRM003624,Vihaan Pillai,vihaan.pillai20@outlook.com,2022-04-16,Vadodara
CRM008115,Saanvi Mehta,saanvi.mehta854@hotmail.com,2023-10-02,Nagpur
CRM005689,Vihaan Rao,vihaan.rao522@yahoo.com,2022-04-04,Kanpur
CRM010364,Sneha Sinha,sneha.sinha521@hotmail.com,2023-05-26,Pune
CRM007051,Kavya Tiwari,kavya.tiwari155@outlook.com,2022-05-26,Thane
CRM006621,Riya Kumar,riya.kumar242@gmail.com,2022-10-19,Chennai
CRM004835,Kavya Joshi,kavya.joshi53@hotmail.com,2023-06-10,Delhi
CRM008878,Pooja Patel,pooja.patel573@rediff.com,2023-05-06,Surat
CRM004757,Aarav Das,aarav.das709@hotmail.com,2022-12-21,Surat
CRM006437,Kavya Patel,kavya.patel989@hotmail.com,2023-04-15,Bangalore
CRM000091,Riya Das,riya.das210@hotmail.com,2022-04-19,Indore
CRM009040,Priya Kumar,priya.kumar734@yahoo.com,2023-09-13,Pune
CRM007406,Aditya Joshi,aditya.joshi980@yahoo.com,2023-02-25,Hyderabad
CRM001327,Rahul Bose,rahul.bose464@gmail.com,2023-12-26,Visakhapatnam
CRM009038,Rohan Pillai,rohan.pillai864@hotmail.com,2024-01-15,Indore
CRM008627,Pooja Joshi,pooja.joshi270@gmail.com,2022-02-02,Ahmedabad
CRM002118,Nisha Iyer,nisha.iyer683@gmail.com,2022-02-05,Kolkata
CRM002938,Vihaan Kumar,vihaan.kumar53@hotmail.com,2023-08-16,Jaipur
CRM010072,Kavya Reddy,kavya.reddy908@outlook.com,2022-01-08,Kolkata
CRM000984,Meera Das,meera.das827@gmail.com,2022-01-27,Kanpur
CRM008022,Rahul Gupta,rahul.gupta434@yahoo.com,2023-05-20,Indore
CRM006148,Meera Sinha,meera.sinha692@yahoo.com,2023-01-17,Indore
CRM009217,Ananya Rao,ananya.rao735@hotmail.com,2023-02-12,Indore
CRM002926,Kritika Shah,kritika.shah566@hotmail.com,2023-07-27,Bangalore
CRM006228,Kabir Nair,kabir.nair729@hotmail.com,2023-05-18,Ahmedabad
CRM003215,Ananya Pillai,ananya.pillai457@outlook.com,2022-02-05,Vadodara
CRM007440,Rahul Rao,rahul.rao914@rediff.com,2022-11-24,Delhi
CRM007289,Kritika Das,kritika.das621@outlook.com,2024-05-19,Ahmedabad
CRM006358,Ishaan Mehta,ishaan.mehta548@outlook.com,2022-01-17,Delhi
CRM005012,Kritika Joshi,kritika.joshi197@yahoo.com,2022-06-01,Patna
CRM008480,Vijay Kumar,,2023-03-26,Jaipur
CRM005663,Kavya Das,kavya.das869@rediff.com,2022-11-18,Bangalore
CRM000628,Rohan Patel,rohan.patel705@outlook.com,2022-10-07,Kanpur
CRM006339,Aarav Rao,aarav.rao62@hotmail.com,2023-09-19,Pune
CRM004948,Saanvi Sinha,saanvi.sinha141@gmail.com,2023-09-03,Pune
CRM005081,Meera Sinha,meera.sinha88@rediff.com,2022-01-31,Visakhapatnam
CRM004245,Suresh Kumar,suresh.kumar610@gmail.com,2023-03-30,Surat
CRM008013,Kavya Sharma,kavya.sharma11@outlook.com,2023-06-04,Mumbai
CRM004766,Pooja Mehta,pooja.mehta605@yahoo.com,2023-03-31,Indore
CRM001602,Ananya Tiwari,ananya.tiwari471@rediff.com,2023-02-14,Kolkata
CRM010282,Vihaan Bose,vihaan.bose68@hotmail.com,2022-12-10,Lucknow
CRM001270,Sai Das,sai.das765@yahoo.com,2022-03-29,Indore
CRM000129,Sneha Pillai,sneha.pillai40@gmail.com,2023-04-30,Mumbai
CRM008026,Vivaan Joshi,vivaan.joshi321@outlook.com,2023-11-29,Delhi
CRM001712,Suresh Das,suresh.das285@rediff.com,2023-09-12,Jaipur
CRM004183,Rohan Patel,rohan.patel732@hotmail.com,2023-06-21,Bangalore
CRM007461,Deepa Das,deepa.das758@rediff.com,2023-08-25,Chennai
CRM004236,Kabir Chatterjee,kabir.chatterjee708@outlook.com,2024-01-30,N/A
CRM006005,Arjun Iyer,arjun.iyer539@hotmail.com,2022-02-20,Nagpur
CRM002399,Priya Singh,priya.singh883@hotmail.com,2023-12-15,Indore
CRM008381,Reyan Iyer,reyan.iyer503@rediff.com,2022-02-17,Vadodara
CRM006995,Deepa Shah,deepa.shah708@outlook.com,2022-12-07,Delhi
CRM009020,Sai Joshi,sai.joshi787@yahoo.com,2024-06-25,UNKNOWN
CRM001187,Kabir Chatterjee,kabir.chatterjee137@outlook.com,2024-02-26,Patna
CRM010429,Arjun Singh,arjun.singh341@hotmail.com,2023-04-10,Jaipur
CRM010489,Sai Singh,sai.singh44@outlook.com,2022-10-18,Bangalore
CRM010021,Ananya Mehta,ananya.mehta152@rediff.com,2023-12-30,Delhi
CRM001978,Nisha Singh,nisha.singh565@outlook.com,2022-06-26,Surat
CRM005315,Meera Joshi,meera.joshi228@gmail.com,2022-10-02,Ahmedabad
CRM000347,Deepa Mishra,deepa.mishra806@outlook.com,2022-01-09,Thane
CRM004248,Meera Sharma,meera.sharma875@yahoo.com,2022-12-24,Bangalore
CRM008511,Sai Pillai,sai.pillai901@yahoo.com,2024-03-03,Nagpur
CRM000916,Riya Verma,riya.verma343@yahoo.com,2022-04-04,Coimbatore
CRM001306,Raj Kumar,raj.kumar191@hotmail.com,2023-01-12,Kanpur
CRM006307,Kabir Verma,kabir.verma148@outlook.com,2023-12-14,Hyderabad
CRM003050,Kritika Gupta,kritika.gupta660@rediff.com,2024-01-29,Bangalore
CRM010201,Saanvi Verma,saanvi.verma210@outlook.com,2023-03-14,Hyderabad
CRM001274,Vivaan Mishra,vivaan.mishra562@yahoo.com,2022-08-11,Delhi
CRM008705,Riya Tiwari,riya.tiwari69@hotmail.com,2023-12-27,Vadodara
CRM002797,Ishaan Rao,ishaan.rao786@rediff.com,2022-12-31,Bangalore
CRM001399,Nisha Sinha,nisha.sinha816@yahoo.com,2022-08-12,Vadodara
CRM003359,Aarav Das,aarav.das461@rediff.com,2024-01-05,Delhi
CRM000184,Amit Nair,amit.nair575@gmail.com,2024-05-21,Kolkata
CRM005845,Vihaan Chatterjee,vihaan.chatterjee77@hotmail.com,2023-10-05,Pune
CRM008094,Ananya Nair,ananya.nair163@yahoo.com,2023-10-28,Lucknow
CRM009411,Vihaan Joshi,vihaan.joshi261@gmail.com,2022-08-12,Coimbatore
CRM006153,Suresh Pillai,suresh.pillai574@outlook.com,2023-04-26,Vadodara
CRM007121,Priya Verma,priya.verma979@yahoo.com,2022-03-14,Vadodara
CRM008055,Ananya Mishra,ananya.mishra510@hotmail.com,2023-02-23,Delhi
CRM004568,Saanvi Rao,saanvi.rao721@gmail.com,2023-07-05,Surat
CRM008234,Suresh Sharma,suresh.sharma210@rediff.com,2022-06-02,Patna
CRM008697,Raj Reddy,raj.reddy421@yahoo.com,2024-01-22,Jaipur
CRM002657,Suresh Verma,suresh.verma400@gmail.com,2023-01-07,Bangalore
CRM008901,Ananya Chatterjee,ananya.chatterjee321@gmail.com,2024-04-20,Kolkata
CRM007913,Aadhya Nair,aadhya.nair625@gmail.com,2023-04-25,Surat
CRM001962,Sai Rao,sai.rao945@yahoo.com,2023-01-26,Coimbatore
CRM004993,Pooja Mehta,pooja.mehta901@outlook.com,2022-01-31,Vadodara
CRM004892,Rahul Kumar,rahul.kumar609@gmail.com,2024-03-13,Bangalore
CRM007366,Aarav Tiwari,aarav.tiwari875@gmail.com,2024-03-25,Chennai
CRM010154,Kabir Nair,kabir.nair270@outlook.com,2023-04-06,Nagpur
CRM007986,Rohan Mehta,rohan.mehta348@gmail.com,2022-06-09,Coimbatore
CRM000004,Arjun Singh,arjun.singh555@outlook.com,2024-02-20,Mumbai
CRM007431,Meera Patel,meera.patel75@gmail.com,2023-01-03,Mumbai
CRM001252,Ananya Gupta,ananya.gupta619@rediff.com,2022-04-07,Visakhapatnam
CRM003177,Aarav Bose,aarav.bose41@gmail.com,2024-05-09,Mumbai
CRM005073,Rahul Chatterjee,rahul.chatterjee36@hotmail.com,2022-12-31,Chennai
CRM003360,Arjun Nair,arjun.nair483@rediff.com,2022-06-01,Hyderabad
CRM007421,Vivaan Sinha,vivaan.sinha889@yahoo.com,2022-12-30,Bangalore
CRM006329,Riya Singh,riya.singh318@rediff.com,2023-08-29,Mumbai
CRM008333,Sneha Verma,sneha.verma312@outlook.com,2022-12-15,Pune
CRM007798,Ishaan Mishra,ishaan.mishra682@yahoo.com,2024-04-25,Indore
CRM003290,Raj Tiwari,raj.tiwari823@yahoo.com,2023-11-20,Mumbai
CRM007441,Kritika Nair,kritika.nair391@yahoo.com,2022-10-01,Bhopal
CRM009354,Aarav Chatterjee,aarav.chatterjee327@gmail.com,2022-08-09,Thane
CRM003191,Aditya Pillai,aditya.pillai178@outlook.com,2023-07-20,Delhi
CRM008299,Ishaan Tiwari,ishaan.tiwari154@hotmail.com,2023-07-06,Coimbatore
CRM007945,Vivaan Reddy,,2023-02-11,Bangalore
CRM001052,Ananya Gupta,ananya.gupta890@gmail.com,2022-03-03,Mumbai
CRM004070,Rohan Patel,rohan.patel176@gmail.com,2022-01-19,Kanpur
CRM006954,Ishaan Sharma,ishaan.sharma309@yahoo.com,2022-10-17,Delhi
CRM007150,Kabir Iyer,kabir.iyer756@hotmail.com,2024-04-13,Hyderabad
CRM000273,Vijay Nair,vijay.nair738@rediff.com,2024-02-23,Bhopal
CRM002043,Priya Chatterjee,priya.chatterjee258@gmail.com,2023-11-13,Hyderabad
CRM004764,Aadhya Kumar,aadhya.kumar495@yahoo.com,2023-06-13,Kanpur
CRM005748,Vivaan Kumar,vivaan.kumar418@gmail.com,2023-06-26,Lucknow
CRM009991,Aadhya Nair,aadhya.nair860@outlook.com,2023-10-19,Indore
CRM008223,Deepa Gupta,deepa.gupta395@hotmail.com,2023-12-02,Vadodara
CRM001087,Sai Chatterjee,sai.chatterjee623@rediff.com,2024-03-15,Delhi
CRM007309,Rohan Shah,rohan.shah332@outlook.com,2023-09-14,Thane
CRM007325,Kritika Singh,kritika.singh242@gmail.com,2022-08-19,Coimbatore
CRM006324,Priya Das,priya.das890@hotmail.com,2022-02-05,Lucknow
CRM007709,Priya Shah,priya.shah64@hotmail.com,2022-06-30,Nagpur
CRM009495,Reyan Mishra,reyan.mishra482@gmail.com,2023-05-27,Hyderabad
CRM004323,Vivaan Rao,vivaan.rao725@rediff.com,2022-09-11,Patna
CRM008010,Raj Shah,raj.shah625@outlook.com,2024-05-12,Bangalore
CRM008549,Deepa Shah,deepa.shah572@yahoo.com,2023-12-24,Visakhapatnam
CRM006477,Aditya Bose,aditya.bose24@outlook.com,2023-08-07,Mumbai
CRM006383,Kavya Sharma,kavya.sharma889@outlook.com,2023-05-01,Patna
CRM010185,Sneha Reddy,sneha.reddy342@gmail.com,2024-05-17,Patna
CRM007132,Suresh Mehta,suresh.mehta153@hotmail.com,2023-02-17,Vadodara
CRM004710,Kritika Pillai,kritika.pillai243@yahoo.com,2022-03-03,Ahmedabad
CRM006544,Ananya Pillai,ananya.pillai403@yahoo.com,2022-02-12,Visakhapatnam
CRM008740,Vihaan Mishra,vihaan.mishra880@outlook.com,2023-12-14,Thane
CRM006513,Kritika Reddy,kritika.reddy660@gmail.com,2022-03-20,Pune
CRM007829,Sai Joshi,sai.joshi637@rediff.com,2023-10-08,Surat
CRM003479,Aarav Rao,aarav.rao396@outlook.com,2022-06-02,Kanpur
CRM008201,Diya Sharma,diya.sharma392@yahoo.com,2024-05-11,Bangalore
CRM003925,Deepa Verma,deepa.verma602@gmail.com,2022-08-19,Coimbatore
CRM001749,Sai Rao,sai.rao860@yahoo.com,2023-03-07,Coimbatore
CRM000733,Rahul Tiwari,rahul.tiwari192@outlook.com,2024-02-14,Mumbai
CRM002554,Rahul Iyer,rahul.iyer586@hotmail.com,2022-11-25,Ahmedabad
CRM006312,Deepa Das,deepa.das306@gmail.com,2023-05-22,Bhopal
CRM005717,Meera Mishra,meera.mishra467@rediff.com,2024-01-22,Vadodara
CRM002663,Deepa Chatterjee,deepa.chatterjee807@gmail.com,2024-03-25,Delhi
CRM006287,Nisha Mehta,nisha.mehta319@rediff.com,2023-05-10,Indore
CRM007964,Kabir Verma,kabir.verma635@hotmail.com,2023-10-27,Delhi
CRM003114,Kritika Chatterjee,kritika.chatterjee221@hotmail.com,2024-03-20,Hyderabad
CRM003304,Sai Verma,sai.verma504@rediff.com,2024-04-05,Thane
CRM001345,Priya Sinha,priya.sinha164@rediff.com,2023-05-25,Kolkata
CRM009429,Ananya Mishra,ananya.mishra693@hotmail.com,2023-05-03,Surat
CRM001691,Deepa Pillai,deepa.pillai846@outlook.com,2022-08-26,Jaipur
CRM007631,Amit Shah,amit.shah231@hotmail.com,2023-01-16,Indore
CRM009346,Saanvi Tiwari,saanvi.tiwari110@yahoo.com,2024-01-05,Surat
CRM005049,Priya Das,priya.das211@yahoo.com,2023-03-22,Lucknow
CRM005830,Ishaan Mehta,,2024-04-18,Thane
CRM003309,Amit Bose,amit.bose712@hotmail.com,2024-02-16,Bangalore
CRM001505,Riya Reddy,riya.reddy502@hotmail.com,2022-07-20,Bhopal
CRM001807,Diya Patel,diya.patel15@gmail.com,2022-10-05,Thane
CRM007202,Diya Mishra,diya.mishra802@gmail.com,2023-05-05,Kanpur
CRM006212,Amit Mehta,amit.mehta776@rediff.com,2022-08-26,Nagpur
CRM003792,Kavya Singh,kavya.singh985@hotmail.com,2023-04-28,Hyderabad
CRM005218,Vivaan Mehta,vivaan.mehta52@hotmail.com,2022-10-29,Patna
CRM010200,Vijay Gupta,vijay.gupta947@rediff.com,2022-01-29,Nagpur
CRM001068,Deepa Reddy,deepa.reddy244@hotmail.com,2022-07-27,Patna
CRM008334,Ananya Patel,ananya.patel200@gmail.com,2023-12-01,Thane
CRM010168,Kabir Reddy,kabir.reddy620@yahoo.com,2022-03-28,Kolkata
CRM009256,Reyan Bose,reyan.bose138@outlook.com,2022-05-23,Mumbai
CRM002697,Kabir Mehta,kabir.mehta247@hotmail.com,2022-11-04,Jaipur
CRM001849,Aadhya Mehta,aadhya.mehta544@hotmail.com,2022-04-16,Nagpur
CRM004513,Arjun Chatterjee,arjun.chatterjee807@yahoo.com,2022-08-12,Delhi
CRM002432,Reyan Sharma,reyan.sharma499@yahoo.com,2023-10-13,Chennai
CRM004661,Aadhya Kumar,aadhya.kumar410@outlook.com,2024-04-24,Thane
CRM007857,Suresh Joshi,suresh.joshi803@yahoo.com,2024-03-24,Delhi
CRM006462,Kritika Kumar,kritika.kumar238@gmail.com,2022-05-07,Lucknow
CRM010048,Aadhya Joshi,aadhya.joshi170@rediff.com,2023-01-31,Nagpur
CRM000143,Ishaan Chatterjee,ishaan.chatterjee371@outlook.com,2023-03-09,Coimbatore
CRM008043,Ishaan Singh,ishaan.singh897@outlook.com,2022-06-15,Kolkata
CRM009391,Riya Mehta,riya.mehta799@rediff.com,2023-04-18,Lucknow
CRM006031,Kavya Sharma,kavya.sharma507@rediff.com,2022-02-20,Thane
CRM006401,Vihaan Sharma,vihaan.sharma206@rediff.com,2024-06-17,Mumbai
CRM005291,Rohan Sharma,rohan.sharma211@outlook.com,2022-12-05,Thane
CRM007362,Riya Verma,riya.verma725@gmail.com,2022-02-11,Nagpur
CRM003410,Riya Iyer,riya.iyer561@gmail.com,2023-01-16,Coimbatore
CRM001118,Reyan Tiwari,reyan.tiwari12@gmail.com,2023-01-06,Delhi
CRM001757,Diya Rao,diya.rao379@outlook.com,2023-08-14,Hyderabad
CRM000498,Raj Mehta,raj.mehta843@rediff.com,2023-02-24,Visakhapatnam
CRM005991,Kabir Kumar,kabir.kumar10@outlook.com,2022-01-04,N/A
CRM000871,Suresh Pillai,suresh.pillai631@yahoo.com,2022-01-11,Hyderabad
CRM003358,Kabir Tiwari,kabir.tiwari156@gmail.com,2022-03-30,Bangalore
CRM000913,Pooja Tiwari,pooja.tiwari681@rediff.com,2024-01-09,Mumbai
CRM000722,Ishaan Verma,ishaan.verma818@hotmail.com,2023-07-04,Ahmedabad
CRM002806,Deepa Kumar,deepa.kumar823@yahoo.com,2023-06-18,Indore
CRM005517,Vihaan Patel,vihaan.patel724@outlook.com,2022-01-02,Delhi
CRM000887,Rahul Singh,rahul.singh691@hotmail.com,2022-06-13,Chennai
CRM010280,Meera Sinha,meera.sinha323@gmail.com,2022-10-08,Pune
CRM007607,Pooja Iyer,pooja.iyer917@hotmail.com,2022-01-23,Surat
CRM008909,Aarav Sharma,aarav.sharma589@rediff.com,2024-03-31,Kolkata
CRM009425,Aadhya Gupta,aadhya.gupta66@outlook.com,2024-01-19,Nagpur
CRM001521,Nisha Pillai,nisha.pillai551@outlook.com,2022-09-19,Nagpur
CRM009312,Saanvi Sharma,saanvi.sharma426@gmail.com,2023-09-06,Lucknow
CRM002747,Pooja Patel,pooja.patel634@rediff.com,2022-02-14,Lucknow
CRM006560,Rahul Das,rahul.das547@hotmail.com,2022-07-21,Nagpur
CRM006674,Aarav Rao,aarav.rao672@rediff.com,2022-03-17,Lucknow
CRM000315,Riya Shah,riya.shah634@outlook.com,2023-05-28,Kolkata
CRM001800,Riya Verma,riya.verma480@yahoo.com,2024-06-28,Ahmedabad
CRM000328,Kavya Joshi,kavya.joshi610@yahoo.com,2024-05-21,Bangalore
CRM008687,Aadhya Mishra,aadhya.mishra452@rediff.com,2023-05-16,Visakhapatnam
CRM004205,Suresh Tiwari,suresh.tiwari952@hotmail.com,2022-10-08,Kanpur
CRM005448,Aadhya Singh,aadhya.singh914@outlook.com,2023-06-07,Jaipur
CRM003130,Raj Rao,raj.rao50@hotmail.com,2024-05-16,Visakhapatnam
CRM007916,Ananya Pillai,ananya.pillai55@outlook.com,2023-01-05,Patna
CRM007775,Arjun Bose,arjun.bose543@outlook.com,2023-01-13,Indore
CRM003969,Vihaan Chatterjee,vihaan.chatterjee293@rediff.com,2023-05-16,Vadodara
CRM008367,Amit Nair,amit.nair958@rediff.com,2022-10-22,Vadodara
CRM010232,Amit Mishra,amit.mishra534@gmail.com,2022-04-01,Kolkata
CRM001974,Deepa Mishra,deepa.mishra448@gmail.com,2023-04-14,Ahmedabad
CRM000337,Rohan Iyer,rohan.iyer353@outlook.com,2023-11-04,UNKNOWN
CRM002765,Vijay Rao,vijay.rao838@gmail.com,2023-06-08,N/A
CRM008505,Raj Kumar,raj.kumar833@rediff.com,2023-12-15,Ahmedabad
CRM000276,Ananya Iyer,ananya.iyer567@gmail.com,2022-05-29,Bhopal
CRM002986,Diya Shah,diya.shah73@gmail.com,2024-05-20,Hyderabad
CRM006530,Reyan Verma,reyan.verma318@rediff.com,2024-01-28,Kolkata
CRM006760,Kabir Mehta,kabir.mehta899@outlook.com,2022-09-05,Ahmedabad
CRM003478,Aadhya Gupta,aadhya.gupta543@gmail.com,2024-02-14,Kolkata
CRM006062,Pooja Sinha,pooja.sinha817@yahoo.com,2023-09-01,Coimbatore
CRM003559,Meera Verma,meera.verma568@yahoo.com,2022-03-11,Kanpur
CRM008161,Deepa Singh,deepa.singh442@yahoo.com,2023-06-19,Bhopal
CRM002810,Aarav Das,aarav.das553@hotmail.com,2022-12-05,Pune
CRM009765,Saanvi Tiwari,,2022-06-23,Kolkata
CRM004862,Vijay Patel,vijay.patel711@gmail.com,2023-07-22,Bangalore
CRM007606,Suresh Joshi,suresh.joshi816@hotmail.com,2023-04-24,Nagpur
CRM005247,Aarav Verma,aarav.verma60@rediff.com,2024-04-20,Mumbai
CRM003417,Aadhya Mishra,aadhya.mishra134@rediff.com,2022-08-24,Chennai
CRM000308,Rohan Kumar,rohan.kumar280@outlook.com,2022-03-20,Visakhapatnam
CRM003909,Sneha Tiwari,sneha.tiwari730@hotmail.com,2024-06-12,Bhopal
CRM009736,Kritika Bose,kritika.bose623@outlook.com,2022-04-18,Lucknow
CRM000349,Aarav Rao,aarav.rao968@hotmail.com,2024-05-21,Hyderabad
CRM000827,Vijay Sharma,vijay.sharma350@gmail.com,2023-02-14,Kanpur
CRM005297,Sneha Shah,sneha.shah707@gmail.com,2022-05-28,Surat
CRM010180,Vivaan Verma,vivaan.verma735@outlook.com,2023-07-16,Mumbai
CRM004483,Amit Chatterjee,amit.chatterjee514@hotmail.com,2024-02-18,Kanpur
CRM008966,Aadhya Nair,aadhya.nair875@outlook.com,2023-03-19,Visakhapatnam
CRM003683,Kritika Verma,kritika.verma34@yahoo.com,2022-08-21,Jaipur
CRM007763,Arjun Nair,arjun.nair595@rediff.com,2024-02-21,Bangalore
CRM008980,Vivaan Pillai,vivaan.pillai380@outlook.com,2024-02-02,Lucknow
CRM002054,Kavya Reddy,kavya.reddy887@rediff.com,2022-07-28,Mumbai
CRM000072,Aadhya Iyer,aadhya.iyer792@yahoo.com,2022-06-05,Lucknow
CRM008099,Kavya Pillai,kavya.pillai680@hotmail.com,2023-08-25,Coimbatore
CRM008084,Diya Chatterjee,diya.chatterjee677@yahoo.com,2024-06-09,Pune
CRM007247,Riya Kumar,riya.kumar978@rediff.com,2024-02-03,Kanpur
CRM008758,Saanvi Sharma,saanvi.sharma834@hotmail.com,2022-09-30,Pune
CRM005357,Aditya Verma,aditya.verma50@yahoo.com,2024-03-03,Pune
CRM001667,Ananya Nair,ananya.nair847@outlook.com,2022-06-03,Visakhapatnam
CRM005571,Aditya Gupta,aditya.gupta892@outlook.com,2022-07-18,Coimbatore
CRM009395,Vijay Verma,vijay.verma935@gmail.com,2023-10-05,Patna
CRM007470,Sneha Rao,sneha.rao463@yahoo.com,2024-02-20,Bangalore
CRM006210,Saanvi Reddy,saanvi.reddy341@outlook.com,2023-05-04,Ahmedabad
CRM001446,Pooja Sharma,pooja.sharma193@gmail.com,2023-07-20,Surat
CRM007966,Vihaan Pillai,vihaan.pillai345@gmail.com,2022-08-25,Kanpur
CRM006502,Kabir Shah,kabir.shah390@hotmail.com,2024-01-09,Mumbai
CRM001696,Vihaan Shah,vihaan.shah349@gmail.com,2024-06-14,Bangalore
CRM002893,Kavya Gupta,kavya.gupta165@rediff.com,2022-11-18,Patna
CRM009347,Vihaan Tiwari,vihaan.tiwari262@gmail.com,2022-10-10,Pune
CRM001575,Deepa Pillai,deepa.pillai43@hotmail.com,2023-07-12,Lucknow
CRM003204,Kritika Mehta,kritika.mehta18@outlook.com,2024-04-19,Delhi
CRM004406,Meera Shah,meera.shah68@hotmail.com,2022-05-31,Bangalore
CRM001631,Aditya Rao,aditya.rao189@outlook.com,2022-04-02,Indore
CRM009013,Vivaan Chatterjee,vivaan.chatterjee924@hotmail.com,2023-03-08,Lucknow
CRM001882,Kavya Singh,kavya.singh568@hotmail.com,2024-06-29,Bhopal
CRM005113,Priya Singh,priya.singh923@gmail.com,2024-03-08,Kolkata
CRM005709,Ananya Gupta,ananya.gupta705@rediff.com,2022-08-25,Delhi
CRM005075,Sneha Iyer,sneha.iyer435@yahoo.com,2022-01-08,Visakhapatnam
CRM010485,Ananya Sinha,ananya.sinha11@outlook.com,2022-07-19,Pune
CRM009457,Raj Shah,raj.shah761@outlook.com,2022-10-21,Mumbai
CRM006463,Vihaan Verma,vihaan.verma404@yahoo.com,2024-04-30,Surat
CRM000849,Amit Nair,amit.nair610@rediff.com,2023-05-27,Coimbatore
CRM006922,Diya Sinha,diya.sinha899@yahoo.com,2023-11-30,Bhopal
CRM010007,Priya Kumar,priya.kumar116@gmail.com,2023-12-29,Indore
CRM007753,Rahul Das,rahul.das654@outlook.com,2023-12-20,Vadodara
CRM002878,Rahul Das,rahul.das173@outlook.com,2022-08-10,Vadodara
CRM000187,Aarav Chatterjee,aarav.chatterjee222@yahoo.com,2022-07-12,Indore
CRM003780,Aadhya Gupta,aadhya.gupta975@rediff.com,2024-01-20,Bangalore
CRM001831,Suresh Reddy,suresh.reddy775@gmail.com,2023-03-09,Jaipur
CRM005876,Vivaan Rao,vivaan.rao826@hotmail.com,2022-02-01,Thane
CRM002960,Sneha Reddy,sneha.reddy27@outlook.com,2023-08-14,Delhi
CRM009904,Rohan Patel,rohan.patel134@hotmail.com,2023-05-13,Pune
CRM007361,Sai Pillai,sai.pillai715@hotmail.com,2023-11-25,Delhi
CRM005447,Kavya Kumar,kavya.kumar659@hotmail.com,2023-12-03,Bangalore
CRM001235,Ishaan Tiwari,ishaan.tiwari179@hotmail.com,2023-08-13,Indore
CRM008030,Kavya Singh,kavya.singh396@yahoo.com,2024-03-31,Delhi
CRM003916,Ishaan Joshi,ishaan.joshi910@hotmail.com,2022-04-01,Lucknow
CRM000447,Riya Das,riya.das235@outlook.com,2022-04-29,Visakhapatnam
CRM005840,Sai Gupta,sai.gupta35@yahoo.com,2024-05-04,Surat
CRM000845,Vihaan Rao,vihaan.rao300@outlook.com,2022-09-28,Ahmedabad
CRM005202,Ishaan Patel,ishaan.patel344@rediff.com,2024-02-05,Patna
CRM006670,Pooja Iyer,pooja.iyer169@gmail.com,2023-01-08,Visakhapatnam
CRM006248,Saanvi Sharma,saanvi.sharma247@outlook.com,2022-08-25,Mumbai
CRM002441,Kabir Nair,kabir.nair782@rediff.com,2023-04-25,Vadodara
CRM003104,Diya Sinha,diya.sinha301@hotmail.com,2023-05-23,Lucknow
CRM009196,Reyan Das,reyan.das95@outlook.com,2022-06-28,Bhopal
CRM007836,Rahul Rao,rahul.rao488@gmail.com,2024-03-18,Bhopal
CRM006534,Nisha Bose,nisha.bose325@gmail.com,2022-06-19,Lucknow
CRM001295,Kabir Shah,kabir.shah690@gmail.com,2022-07-30,Delhi
CRM005875,Aadhya Tiwari,aadhya.tiwari607@hotmail.com,2022-09-02,Pune
CRM005519,Riya Mehta,,2022-02-11,Chennai
CRM009664,Nisha Sharma,nisha.sharma538@gmail.com,2023-02-23,Surat
CRM005068,Meera Tiwari,meera.tiwari291@hotmail.com,2022-02-25,Patna
CRM003443,Kabir Chatterjee,kabir.chatterjee90@yahoo.com,2024-04-13,Kanpur
CRM009044,Raj Mehta,raj.mehta205@outlook.com,2024-04-12,Mumbai
CRM008289,Diya Iyer,diya.iyer33@hotmail.com,2024-03-19,Delhi
CRM010296,Raj Rao,raj.rao23@yahoo.com,2022-05-13,Visakhapatnam
CRM007045,Ananya Iyer,ananya.iyer33@yahoo.com,2022-09-15,Visakhapatnam
CRM000777,Meera Nair,meera.nair847@hotmail.com,2023-07-18,Thane
CRM010408,Vihaan Iyer,vihaan.iyer612@gmail.com,2022-09-12,Kolkata
CRM002154,Suresh Tiwari,,2022-12-15,Mumbai
CRM005559,Arjun Kumar,arjun.kumar546@hotmail.com,2022-12-26,Mumbai
CRM004921,Raj Chatterjee,raj.chatterjee569@yahoo.com,2023-04-08,Visakhapatnam
CRM007963,Kritika Iyer,kritika.iyer998@outlook.com,2022-03-02,Delhi
CRM010170,Nisha Shah,nisha.shah764@outlook.com,2022-06-17,Kolkata
CRM010382,Aditya Reddy,aditya.reddy979@yahoo.com,2023-12-18,Jaipur
CRM008374,Meera Nair,meera.nair436@yahoo.com,2022-08-20,Visakhapatnam
CRM009025,Ishaan Singh,ishaan.singh686@gmail.com,2023-03-18,Delhi
CRM007955,Sai Sharma,sai.sharma442@gmail.com,2022-05-08,Mumbai
CRM007483,Riya Shah,riya.shah67@outlook.com,2024-02-14,XX_CITY
CRM003184,Riya Rao,riya.rao144@rediff.com,2023-09-18,Bangalore
CRM007837,Sai Sharma,sai.sharma337@outlook.com,2024-03-19,Pune
CRM003200,Kabir Singh,kabir.singh964@hotmail.com,2023-08-03,Bhopal
CRM008096,Aarav Gupta,aarav.gupta749@outlook.com,2023-11-27,Visakhapatnam
CRM001290,Ananya Sinha,ananya.sinha624@hotmail.com,2024-06-06,Mumbai
CRM004582,Nisha Das,,2023-06-14,Coimbatore
CRM009690,Rohan Chatterjee,rohan.chatterjee288@outlook.com,2024-02-08,Pune
CRM009579,Amit Sinha,amit.sinha354@yahoo.com,2022-07-03,Bhopal
CRM010224,Kritika Pillai,kritika.pillai776@rediff.com,2024-01-01,Delhi
CRM007820,Rohan Sinha,rohan.sinha260@outlook.com,2024-06-12,Kolkata
CRM004107,Diya Pillai,diya.pillai235@gmail.com,2022-07-05,Visakhapatnam
CRM004127,Vijay Verma,vijay.verma343@gmail.com,2023-11-12,Pune
CRM010492,Ishaan Joshi,ishaan.joshi20@yahoo.com,2023-01-08,Coimbatore
CRM003967,Aarav Pillai,aarav.pillai751@gmail.com,2023-05-24,Indore
CRM001880,Aarav Sharma,,2023-10-15,Vadodara
CRM009802,Reyan Rao,reyan.rao289@rediff.com,2024-06-08,Delhi
CRM009964,Priya Shah,priya.shah553@hotmail.com,2022-01-12,Surat
CRM005458,Reyan Sinha,reyan.sinha705@hotmail.com,2022-02-21,Lucknow
CRM006249,Pooja Mehta,pooja.mehta288@yahoo.com,2023-08-08,Mumbai
CRM003588,Pooja Gupta,pooja.gupta38@rediff.com,2023-01-24,Patna
CRM009419,Riya Bose,riya.bose144@gmail.com,2023-03-10,Mumbai
CRM003866,Saanvi Tiwari,saanvi.tiwari156@hotmail.com,2023-11-10,Vadodara
CRM002149,Ananya Kumar,ananya.kumar880@yahoo.com,2022-10-21,Vadodara
CRM004132,Rohan Chatterjee,rohan.chatterjee797@yahoo.com,2023-01-06,Thane
CRM001037,Aditya Das,aditya.das595@yahoo.com,2022-03-10,Patna
CRM000637,Arjun Shah,arjun.shah152@outlook.com,2023-07-04,Jaipur
CRM006373,Amit Tiwari,amit.tiwari469@gmail.com,2024-01-05,Bhopal
CRM004135,Reyan Reddy,reyan.reddy816@hotmail.com,2023-09-25,Chennai
CRM006179,Priya Tiwari,,2022-04-02,Mumbai
CRM001084,Amit Nair,amit.nair246@rediff.com,2022-06-26,Patna
CRM000862,Meera Sinha,meera.sinha304@yahoo.com,2023-07-12,Delhi
CRM005213,Kabir Iyer,kabir.iyer938@hotmail.com,2022-11-03,Visakhapatnam
CRM000904,Priya Nair,priya.nair572@yahoo.com,2022-08-19,Pune
CRM000192,Arjun Rao,arjun.rao815@gmail.com,2024-02-25,Delhi
CRM000110,Aadhya Rao,aadhya.rao257@rediff.com,2024-02-20,Pune
CRM004456,Raj Sharma,raj.sharma890@outlook.com,2022-08-09,Chennai
CRM001943,Aditya Das,aditya.das90@outlook.com,2023-06-19,Ahmedabad
CRM006121,Suresh Kumar,suresh.kumar573@outlook.com,2022-05-14,Jaipur
CRM004332,Vijay Chatterjee,vijay.chatterjee237@outlook.com,2022-10-11,Chennai
CRM009491,Reyan Gupta,reyan.gupta666@outlook.com,2022-04-21,Patna
CRM009644,Raj Singh,raj.singh402@gmail.com,2022-11-07,Nagpur
CRM002041,Vihaan Kumar,vihaan.kumar579@hotmail.com,2023-09-22,Mumbai
CRM008327,Kabir Verma,kabir.verma762@yahoo.com,2022-12-24,Hyderabad
CRM009316,Aadhya Rao,aadhya.rao510@yahoo.com,2024-03-17,Patna
CRM004879,Kavya Rao,kavya.rao832@rediff.com,2023-02-21,Hyderabad
CRM004660,Amit Patel,amit.patel188@gmail.com,2024-01-01,Jaipur
CRM007397,Kavya Joshi,kavya.joshi328@outlook.com,2023-08-21,Delhi
CRM002776,Aditya Nair,aditya.nair483@gmail.com,2023-09-15,Pune
CRM004146,Pooja Chatterjee,pooja.chatterjee147@yahoo.com,2022-12-10,Jaipur
CRM002324,Meera Iyer,meera.iyer155@gmail.com,2022-07-29,Nagpur
CRM000763,Vijay Das,vijay.das213@rediff.com,2023-08-22,Kolkata
CRM005922,Amit Kumar,amit.kumar435@hotmail.com,2024-06-09,Delhi
CRM002618,Arjun Pillai,arjun.pillai613@yahoo.com,2024-03-27,Kanpur
CRM002412,Arjun Reddy,arjun.reddy631@hotmail.com,2024-01-01,Mumbai
CRM001095,Aarav Kumar,aarav.kumar553@gmail.com,2023-12-21,Nagpur
CRM008775,Deepa Patel,deepa.patel122@rediff.com,2022-03-28,Vadodara
CRM008614,Vijay Iyer,vijay.iyer668@outlook.com,2022-02-15,Thane
CRM006465,Deepa Kumar,deepa.kumar519@rediff.com,2022-12-16,Ahmedabad
CRM003136,Amit Joshi,amit.joshi557@outlook.com,2023-10-11,Coimbatore
CRM006573,Riya Patel,riya.patel37@outlook.com,2022-12-03,UNKNOWN
CRM005041,Meera Gupta,meera.gupta335@yahoo.com,2022-10-24,Pune
CRM009874,Deepa Tiwari,deepa.tiwari885@yahoo.com,2022-01-05,Pune
CRM005429,Sai Sharma,sai.sharma665@hotmail.com,2022-02-07,Patna
CRM003806,Riya Shah,riya.shah218@outlook.com,2022-12-28,Thane
CRM000885,Raj Gupta,raj.gupta423@rediff.com,2024-05-12,Coimbatore
CRM002655,Aadhya Shah,aadhya.shah590@hotmail.com,2023-01-01,Chennai
CRM008707,Aditya Reddy,aditya.reddy556@rediff.com,2023-12-04,Vadodara
CRM007140,Pooja Mehta,pooja.mehta716@gmail.com,2022-12-09,Kolkata
CRM009884,Aarav Sinha,aarav.sinha883@hotmail.com,2022-05-06,Kolkata
CRM000465,Diya Gupta,diya.gupta567@yahoo.com,2023-11-11,Bangalore
CRM007781,Vivaan Tiwari,vivaan.tiwari148@outlook.com,2023-09-19,Delhi
CRM008482,Aditya Gupta,aditya.gupta945@gmail.com,2022-01-15,Pune
CRM009141,Raj Bose,raj.bose66@hotmail.com,2024-05-08,Delhi
CRM008076,Diya Verma,diya.verma441@hotmail.com,2023-06-01,Vadodara
CRM005193,Sneha Sinha,sneha.sinha852@rediff.com,2022-04-12,Hyderabad
CRM006891,Vivaan Sharma,vivaan.sharma173@hotmail.com,2023-07-17,Delhi
CRM010378,Aadhya Sinha,aadhya.sinha396@yahoo.com,2023-12-02,Indore
CRM005301,Suresh Tiwari,suresh.tiwari838@gmail.com,2022-01-11,Ahmedabad
CRM002203,Pooja Pillai,,2023-11-11,Surat
CRM007047,Ishaan Nair,ishaan.nair719@yahoo.com,2023-05-19,Kolkata
CRM007343,Vijay Sinha,vijay.sinha937@yahoo.com,2024-03-20,Bhopal
CRM001263,Saanvi Mishra,saanvi.mishra569@hotmail.com,2022-02-25,Ahmedabad
CRM006183,Priya Reddy,priya.reddy699@rediff.com,2023-08-13,Ahmedabad
CRM000976,Rohan Sinha,rohan.sinha528@rediff.com,2023-05-22,Mumbai
CRM006742,Meera Singh,meera.singh889@gmail.com,2022-06-28,Bhopal
CRM005867,Meera Joshi,meera.joshi667@yahoo.com,2023-09-11,Delhi
CRM004926,Ishaan Singh,ishaan.singh388@outlook.com,2023-01-17,Visakhapatnam
CRM000942,Ananya Patel,ananya.patel306@yahoo.com,2022-07-31,Chennai
CRM005264,Rahul Joshi,rahul.joshi580@gmail.com,2024-05-25,Delhi
CRM004724,Sneha Kumar,sneha.kumar943@rediff.com,2022-08-09,Thane
CRM002388,Vihaan Bose,vihaan.bose746@outlook.com,2023-01-01,Vadodara
CRM010420,Arjun Mehta,arjun.mehta929@rediff.com,2023-12-29,Delhi
CRM005022,Vihaan Tiwari,,2023-01-12,Kanpur
CRM004392,Pooja Gupta,pooja.gupta207@yahoo.com,2024-05-21,Patna
CRM005149,Kritika Sharma,kritika.sharma931@gmail.com,2022-02-14,Delhi
CRM003222,Raj Iyer,raj.iyer351@outlook.com,2022-12-15,Patna
CRM003883,Arjun Das,arjun.das680@yahoo.com,2023-11-01,Indore
CRM010112,Pooja Gupta,pooja.gupta997@hotmail.com,2023-06-19,Kanpur
CRM007650,Pooja Tiwari,pooja.tiwari54@outlook.com,2022-10-05,Mumbai
CRM006833,Saanvi Nair,,2022-05-29,Chennai
CRM005954,Kavya Nair,kavya.nair805@outlook.com,2023-10-31,Chennai
CRM002790,Arjun Mishra,arjun.mishra357@rediff.com,2022-12-04,Nagpur
CRM000945,Rahul Iyer,rahul.iyer277@outlook.com,2024-05-07,Chennai
CRM009549,Aarav Mishra,aarav.mishra421@hotmail.com,2024-05-09,Mumbai
CRM001858,Vivaan Singh,vivaan.singh992@rediff.com,2023-04-05,Jaipur
CRM009289,Aditya Chatterjee,aditya.chatterjee662@yahoo.com,2022-07-13,Bangalore
CRM004109,Rohan Mehta,rohan.mehta944@gmail.com,2022-11-09,Kanpur
CRM005214,Vihaan Reddy,vihaan.reddy539@hotmail.com,2023-06-09,Surat
CRM009115,Nisha Mehta,nisha.mehta29@outlook.com,2022-02-07,Mumbai
CRM003256,Kritika Patel,kritika.patel274@hotmail.com,2023-03-18,Surat
CRM002691,Sai Pillai,sai.pillai209@outlook.com,2024-01-03,Mumbai
CRM004628,Meera Mehta,meera.mehta52@yahoo.com,2024-02-02,Pune
CRM007841,Vijay Pillai,vijay.pillai67@rediff.com,2023-01-02,Hyderabad
CRM001320,Rohan Shah,rohan.shah569@yahoo.com,2023-05-23,Nagpur
CRM008048,Deepa Sinha,deepa.sinha407@yahoo.com,2024-06-02,Mumbai
CRM003795,Sneha Nair,sneha.nair335@gmail.com,2023-05-24,Mumbai
CRM005163,Kritika Tiwari,kritika.tiwari840@hotmail.com,2022-08-11,Kolkata
CRM006740,Saanvi Shah,saanvi.shah344@hotmail.com,2022-09-15,Nagpur
CRM007838,Deepa Rao,deepa.rao860@yahoo.com,2024-04-22,Jaipur
CRM006878,Vihaan Pillai,vihaan.pillai671@yahoo.com,2024-03-25,Chennai
CRM007204,Aditya Verma,aditya.verma198@outlook.com,2024-05-24,Indore
CRM003476,Meera Nair,meera.nair361@yahoo.com,2022-11-08,Ahmedabad
CRM003506,Rahul Mishra,rahul.mishra245@rediff.com,2024-06-01,Bangalore
CRM004750,Suresh Gupta,suresh.gupta594@yahoo.com,2022-05-08,Indore
CRM002478,Raj Joshi,raj.joshi331@outlook.com,2023-03-21,Coimbatore
CRM006344,Saanvi Tiwari,saanvi.tiwari269@outlook.com,2022-04-13,Lucknow
CRM007640,Saanvi Iyer,,2022-03-24,Bhopal
CRM008337,Aditya Bose,aditya.bose733@yahoo.com,2022-01-06,Mumbai
CRM004502,Deepa Iyer,deepa.iyer553@yahoo.com,2023-11-28,Coimbatore
CRM009459,Meera Reddy,meera.reddy846@outlook.com,2023-01-23,Kanpur
CRM002681,Vivaan Kumar,vivaan.kumar416@hotmail.com,2023-10-16,Visakhapatnam
CRM007800,Sneha Das,sneha.das21@yahoo.com,2023-06-08,Ahmedabad
CRM001875,Aarav Mehta,aarav.mehta228@outlook.com,2024-05-23,Bangalore
CRM009118,Riya Pillai,riya.pillai509@outlook.com,2022-10-22,Coimbatore
CRM006101,Vihaan Iyer,vihaan.iyer705@outlook.com,2022-02-19,Bangalore
CRM010111,Kabir Shah,kabir.shah679@rediff.com,2023-09-15,Bangalore
CRM005097,Vivaan Singh,vivaan.singh531@gmail.com,2022-11-25,Indore
CRM002905,Kavya Kumar,kavya.kumar353@outlook.com,2023-05-09,Visakhapatnam
CRM000571,Kabir Sinha,kabir.sinha154@hotmail.com,2023-05-19,Ahmedabad
CRM001449,Pooja Verma,pooja.verma814@rediff.com,2024-06-15,Visakhapatnam
CRM006885,Vivaan Iyer,vivaan.iyer97@rediff.com,2023-11-18,Kolkata
CRM007208,Kritika Bose,kritika.bose584@hotmail.com,2022-05-12,Surat
CRM007326,Amit Patel,amit.patel152@hotmail.com,2022-02-09,Ahmedabad
CRM008666,Rahul Tiwari,rahul.tiwari595@outlook.com,2022-01-07,Pune
CRM007543,Saanvi Das,saanvi.das487@rediff.com,2022-08-25,Hyderabad
CRM005842,Suresh Kumar,suresh.kumar753@hotmail.com,2022-08-18,Pune
CRM007507,Diya Kumar,diya.kumar705@outlook.com,2023-12-12,Mumbai
CRM003227,Kavya Sharma,kavya.sharma413@yahoo.com,2022-08-14,Patna
CRM010436,Reyan Iyer,reyan.iyer208@yahoo.com,2022-12-08,Indore
CRM003979,Aditya Tiwari,aditya.tiwari328@yahoo.com,2022-08-03,Coimbatore
CRM004384,Diya Pillai,diya.pillai346@gmail.com,2024-03-18,XX_CITY
CRM005835,Aarav Singh,aarav.singh375@hotmail.com,2024-06-13,Thane
CRM008501,Reyan Nair,reyan.nair591@rediff.com,2024-03-16,N/A
CRM003540,Aditya Gupta,aditya.gupta932@gmail.com,2022-05-28,Visakhapatnam
CRM006569,Aditya Kumar,aditya.kumar111@hotmail.com,2022-12-15,Thane
CRM007932,Suresh Das,suresh.das613@rediff.com,2024-05-24,Coimbatore
CRM009530,Vihaan Nair,vihaan.nair616@yahoo.com,2023-10-15,Nagpur
CRM006774,Aditya Bose,,2023-09-26,Delhi
CRM005682,Kavya Reddy,kavya.reddy403@hotmail.com,2022-03-19,Pune
CRM002828,Amit Gupta,amit.gupta515@gmail.com,2022-10-10,N/A
CRM005781,Aadhya Sinha,,2023-02-05,Kolkata
CRM007780,Ananya Singh,ananya.singh561@hotmail.com,2024-05-21,Indore
CRM004997,Reyan Gupta,reyan.gupta27@yahoo.com,2023-03-18,Lucknow
CRM001339,Sneha Bose,sneha.bose419@rediff.com,2022-05-01,Vadodara
CRM003263,Arjun Bose,arjun.bose904@rediff.com,2023-10-05,Delhi
CRM008110,Ishaan Das,ishaan.das764@gmail.com,2023-05-09,Ahmedabad
CRM006935,Raj Nair,raj.nair178@outlook.com,2024-01-08,Mumbai
CRM005742,Pooja Iyer,pooja.iyer534@hotmail.com,2022-06-30,Surat
CRM000651,Sai Patel,sai.patel827@gmail.com,2022-09-06,Lucknow
CRM006040,Sai Tiwari,sai.tiwari869@gmail.com,2023-06-03,Jaipur
CRM002903,Deepa Das,deepa.das53@hotmail.com,2024-03-15,Bangalore
CRM002259,Reyan Kumar,reyan.kumar746@outlook.com,2024-06-19,Coimbatore
CRM005396,Kabir Mishra,kabir.mishra341@hotmail.com,2023-01-16,Delhi
CRM008363,Ananya Das,ananya.das451@yahoo.com,2022-12-14,Indore
CRM003522,Pooja Mishra,pooja.mishra782@outlook.com,2023-01-06,Indore
CRM002731,Sai Joshi,sai.joshi19@yahoo.com,2024-01-28,Vadodara
CRM010100,Vivaan Pillai,vivaan.pillai756@gmail.com,2022-08-02,Pune
CRM004479,Kritika Singh,kritika.singh763@gmail.com,2022-07-07,Mumbai
CRM005661,Reyan Chatterjee,reyan.chatterjee522@rediff.com,2023-04-11,--
CRM001597,Sneha Patel,sneha.patel225@rediff.com,2022-03-19,Lucknow
CRM008147,Diya Nair,diya.nair667@rediff.com,2022-05-22,Hyderabad
CRM002585,Diya Singh,diya.singh150@rediff.com,2023-01-25,Surat
CRM006293,Raj Mehta,raj.mehta589@gmail.com,2022-11-04,Hyderabad
CRM003197,Saanvi Mehta,saanvi.mehta635@rediff.com,2022-11-30,Ahmedabad
CRM006985,Vihaan Shah,vihaan.shah634@hotmail.com,2023-07-20,Lucknow
CRM005328,Raj Verma,raj.verma449@outlook.com,2022-07-06,Lucknow
CRM008517,Aarav Chatterjee,aarav.chatterjee344@outlook.com,2023-04-26,Thane
CRM007788,Kabir Pillai,kabir.pillai346@gmail.com,2022-07-07,Pune
CRM001259,Kabir Bose,kabir.bose525@rediff.com,2024-06-02,Mumbai
CRM006934,Meera Reddy,meera.reddy840@gmail.com,2023-04-24,Coimbatore
CRM009125,Saanvi Verma,saanvi.verma385@outlook.com,2022-09-04,Chennai
CRM000992,Suresh Das,suresh.das481@gmail.com,2022-05-18,Nagpur
CRM003505,Raj Kumar,raj.kumar551@rediff.com,2022-06-04,Jaipur
CRM000114,Aditya Reddy,aditya.reddy275@outlook.com,2023-12-01,Mumbai
CRM000920,Kritika Das,kritika.das229@hotmail.com,2022-05-28,Mumbai
CRM002510,Sai Singh,sai.singh595@yahoo.com,2024-01-12,Kanpur
CRM010075,Amit Mishra,amit.mishra598@gmail.com,2022-04-09,Chennai
CRM000166,Nisha Bose,nisha.bose917@yahoo.com,2023-10-27,Chennai
CRM009056,Rohan Gupta,rohan.gupta917@rediff.com,2022-03-01,Bhopal
CRM007371,Ananya Tiwari,ananya.tiwari873@yahoo.com,2024-04-04,Mumbai
CRM004604,Vihaan Mishra,vihaan.mishra129@yahoo.com,2023-06-11,UNKNOWN
CRM000950,Kavya Kumar,kavya.kumar459@gmail.com,2023-04-15,Delhi
CRM004595,Saanvi Mehta,saanvi.mehta668@rediff.com,2022-01-08,Jaipur
CRM006616,Ananya Reddy,ananya.reddy372@rediff.com,2022-10-04,Bhopal
CRM003771,Aditya Chatterjee,aditya.chatterjee699@rediff.com,2024-06-19,Mumbai
CRM002507,Priya Tiwari,priya.tiwari756@gmail.com,2023-07-27,Bangalore
CRM005108,Suresh Iyer,suresh.iyer58@hotmail.com,2023-02-05,Delhi
CRM002851,Diya Mishra,diya.mishra463@gmail.com,2023-11-28,Chennai
CRM006001,Sai Verma,sai.verma162@outlook.com,2023-07-24,Lucknow
CRM008184,Raj Chatterjee,raj.chatterjee962@yahoo.com,2023-07-28,Mumbai
CRM006205,Aarav Rao,aarav.rao135@outlook.com,2023-06-12,Indore
CRM008914,Deepa Patel,deepa.patel93@hotmail.com,2022-01-22,Mumbai
CRM004447,Aarav Patel,aarav.patel594@rediff.com,2022-07-21,Pune
CRM005795,Vivaan Singh,vivaan.singh870@yahoo.com,2024-03-01,Mumbai
CRM004461,Aarav Singh,aarav.singh112@rediff.com,2023-11-03,Surat
CRM007854,Vivaan Joshi,vivaan.joshi453@rediff.com,2023-08-03,Delhi
CRM002506,Ananya Rao,ananya.rao108@yahoo.com,2022-05-26,Surat
CRM001115,Vihaan Joshi,,2024-04-22,Lucknow
CRM010033,Pooja Reddy,pooja.reddy162@yahoo.com,2022-08-14,Ahmedabad
CRM000299,Rohan Mehta,rohan.mehta840@gmail.com,2023-09-17,N/A
CRM001676,Aarav Chatterjee,aarav.chatterjee613@rediff.com,2022-05-09,Ahmedabad
CRM003348,Saanvi Pillai,saanvi.pillai606@outlook.com,2023-12-02,Delhi
CRM002736,Rahul Iyer,rahul.iyer908@gmail.com,2023-06-26,Chennai
CRM005670,Rohan Rao,rohan.rao260@yahoo.com,2024-05-15,Thane
CRM008582,Aditya Singh,aditya.singh688@rediff.com,2022-09-09,Patna
CRM004989,Vijay Iyer,vijay.iyer751@gmail.com,2023-01-08,Indore
CRM009642,Deepa Iyer,deepa.iyer695@rediff.com,2022-06-09,Ahmedabad
CRM006728,Sai Mishra,sai.mishra533@outlook.com,2022-07-07,Jaipur
CRM008874,Pooja Verma,pooja.verma421@gmail.com,2022-02-05,Thane
CRM004326,Diya Iyer,diya.iyer483@yahoo.com,2023-01-24,Thane
CRM007756,Saanvi Iyer,saanvi.iyer929@yahoo.com,2022-10-09,Vadodara
CRM006828,Nisha Rao,nisha.rao159@outlook.com,2024-02-12,Mumbai
CRM004551,Amit Sinha,,2023-02-19,Bhopal
CRM008158,Rohan Iyer,rohan.iyer868@hotmail.com,2023-10-04,Bangalore
CRM007266,Pooja Das,pooja.das585@yahoo.com,2024-05-31,Bangalore
CRM008591,Amit Sinha,amit.sinha279@yahoo.com,2023-06-12,Nagpur
CRM002104,Aadhya Joshi,aadhya.joshi778@outlook.com,2024-02-22,Bhopal
CRM005337,Vijay Shah,vijay.shah393@hotmail.com,2024-03-01,Nagpur
CRM006724,Sneha Rao,sneha.rao331@hotmail.com,2022-06-24,Mumbai
CRM008142,Vivaan Mishra,vivaan.mishra739@yahoo.com,2024-04-24,Jaipur
CRM008391,Diya Kumar,diya.kumar610@outlook.com,2022-09-25,Indore
CRM001838,Aditya Patel,aditya.patel839@hotmail.com,2022-04-04,Visakhapatnam
CRM009352,Diya Mishra,diya.mishra61@yahoo.com,2022-09-15,Vadodara
CRM008910,Ananya Iyer,ananya.iyer22@yahoo.com,2024-06-08,Hyderabad
CRM010131,Vivaan Mishra,,2022-10-26,Pune
CRM005711,Deepa Bose,deepa.bose735@hotmail.com,2023-10-07,Kolkata
CRM000608,Nisha Reddy,nisha.reddy356@yahoo.com,2024-05-25,Pune
CRM006968,Reyan Nair,reyan.nair510@yahoo.com,2023-12-23,Indore
CRM001094,Sneha Gupta,sneha.gupta139@outlook.com,2024-01-25,Kanpur
CRM008269,Suresh Nair,suresh.nair641@hotmail.com,2024-03-01,Indore
CRM007303,Riya Kumar,riya.kumar590@gmail.com,2023-04-21,Mumbai
CRM009609,Suresh Singh,suresh.singh507@rediff.com,2022-05-17,Thane
CRM004488,Kavya Bose,kavya.bose613@rediff.com,2024-05-31,Delhi
CRM000161,Kabir Mehta,kabir.mehta529@hotmail.com,2023-09-23,Mumbai
CRM000204,Arjun Joshi,arjun.joshi277@outlook.com,2024-03-13,Mumbai
CRM008116,Aarav Pillai,aarav.pillai89@gmail.com,2022-08-04,Ahmedabad
CRM010192,Aarav Gupta,aarav.gupta909@outlook.com,2022-04-21,Bangalore
CRM006104,Sai Das,sai.das200@rediff.com,2022-04-19,Patna
CRM004934,Vijay Bose,vijay.bose551@hotmail.com,2022-05-01,Coimbatore
CRM002935,Rahul Mehta,,2023-09-15,Mumbai
CRM001815,Arjun Mehta,arjun.mehta84@hotmail.com,2024-02-09,Thane
CRM002436,Kabir Kumar,kabir.kumar224@yahoo.com,2022-08-15,Vadodara
CRM001231,Riya Nair,riya.nair943@gmail.com,2024-04-24,Pune
CRM009296,Vijay Reddy,vijay.reddy371@yahoo.com,2024-05-01,Kolkata
CRM003047,Diya Tiwari,diya.tiwari442@outlook.com,2022-07-05,Surat
CRM005706,Vihaan Tiwari,,2022-08-24,Surat
CRM010345,Saanvi Sharma,saanvi.sharma458@hotmail.com,2022-03-02,Vadodara
CRM009572,Riya Kumar,riya.kumar166@rediff.com,2022-02-17,Patna
CRM009728,Amit Joshi,amit.joshi179@outlook.com,2022-09-17,Vadodara
CRM009626,Priya Singh,priya.singh866@hotmail.com,2023-04-25,Jaipur
CRM004252,Diya Pillai,diya.pillai476@yahoo.com,2024-04-08,Mumbai
CRM006112,Vivaan Gupta,vivaan.gupta207@outlook.com,2023-06-22,Hyderabad
CRM006453,Aadhya Patel,aadhya.patel304@hotmail.com,2022-11-06,Bhopal
CRM003294,Kavya Iyer,kavya.iyer857@rediff.com,2023-06-16,Bhopal
CRM004035,Kabir Iyer,kabir.iyer492@yahoo.com,2023-06-23,Nagpur
CRM002726,Vijay Kumar,vijay.kumar757@yahoo.com,2022-07-15,--
CRM004291,Raj Kumar,,2022-09-22,Mumbai
CRM004335,Kabir Gupta,kabir.gupta846@hotmail.com,2022-01-30,Ahmedabad
CRM006848,Nisha Reddy,nisha.reddy72@outlook.com,2024-02-02,Coimbatore
CRM003878,Diya Verma,diya.verma455@outlook.com,2022-08-26,Coimbatore
CRM008522,Reyan Iyer,reyan.iyer923@hotmail.com,2022-05-01,Bhopal
CRM006511,Pooja Patel,pooja.patel69@yahoo.com,2023-06-23,Jaipur
CRM004754,Arjun Patel,arjun.patel673@rediff.com,2023-08-04,Bhopal
CRM004887,Pooja Gupta,pooja.gupta839@yahoo.com,2024-05-21,Thane
CRM000858,Kritika Pillai,kritika.pillai142@outlook.com,2022-03-14,Coimbatore
CRM000371,Ananya Iyer,ananya.iyer531@rediff.com,2024-04-03,Kolkata
CRM009566,Aditya Tiwari,aditya.tiwari718@outlook.com,2022-08-08,Bhopal
CRM002562,Vijay Sharma,vijay.sharma567@hotmail.com,2023-11-10,--
CRM003802,Aditya Reddy,aditya.reddy163@gmail.com,2023-01-30,Hyderabad
CRM002641,Arjun Verma,arjun.verma466@yahoo.com,2022-11-08,Vadodara
CRM005456,Vihaan Kumar,vihaan.kumar545@yahoo.com,2023-01-13,Hyderabad
CRM009389,Ananya Bose,ananya.bose830@gmail.com,2022-11-23,Bhopal
CRM004491,Amit Bose,amit.bose376@rediff.com,2022-12-09,Patna
CRM002348,Rohan Joshi,rohan.joshi708@outlook.com,2023-10-12,Patna
CRM000650,Kabir Sinha,kabir.sinha881@outlook.com,2022-02-15,Kanpur
CRM002782,Amit Shah,amit.shah968@yahoo.com,2024-03-04,Mumbai
CRM006536,Ananya Patel,ananya.patel360@yahoo.com,2023-10-11,Nagpur
CRM009149,Ananya Patel,ananya.patel715@rediff.com,2024-06-24,Patna
CRM009299,Diya Bose,diya.bose180@hotmail.com,2024-06-04,Ahmedabad
CRM005945,Saanvi Reddy,saanvi.reddy894@hotmail.com,2024-06-09,Bangalore
CRM007771,Sai Das,sai.das232@gmail.com,2022-05-11,Kolkata
CRM000616,Sneha Joshi,sneha.joshi422@hotmail.com,2022-06-25,Patna
CRM009041,Priya Tiwari,priya.tiwari706@gmail.com,2024-06-26,Mumbai
CRM002576,Raj Tiwari,raj.tiwari491@yahoo.com,2024-05-22,Kanpur
CRM000054,Aditya Mehta,aditya.mehta760@yahoo.com,2022-02-26,Mumbai
CRM003341,Riya Iyer,riya.iyer184@outlook.com,2023-01-23,Bhopal
CRM008109,Ishaan Gupta,ishaan.gupta39@rediff.com,2023-05-18,Lucknow
CRM001706,Vijay Das,vijay.das730@yahoo.com,2023-08-23,Mumbai
CRM010210,Arjun Reddy,arjun.reddy297@hotmail.com,2023-09-03,Delhi
CRM007144,Meera Singh,meera.singh683@rediff.com,2022-09-23,Bhopal
CRM001494,Reyan Mishra,reyan.mishra736@gmail.com,2024-03-07,Delhi
CRM005877,Deepa Reddy,deepa.reddy34@hotmail.com,2024-02-21,Patna
CRM007743,Vihaan Pillai,vihaan.pillai760@yahoo.com,2023-09-29,Vadodara
CRM009665,Meera Chatterjee,meera.chatterjee123@rediff.com,2023-06-02,Bangalore
CRM000804,Kabir Tiwari,kabir.tiwari580@hotmail.com,2023-08-16,Chennai
CRM004954,Arjun Chatterjee,arjun.chatterjee191@yahoo.com,2022-03-05,Pune
CRM006081,Suresh Kumar,suresh.kumar58@outlook.com,2023-01-13,Mumbai
CRM009364,Arjun Reddy,arjun.reddy365@gmail.com,2023-07-31,Bangalore
CRM000991,Riya Singh,riya.singh338@gmail.com,2023-02-01,Kanpur
CRM002775,Priya Sinha,priya.sinha686@rediff.com,2024-04-01,Bangalore
CRM008441,Arjun Patel,arjun.patel635@hotmail.com,2023-04-14,Kanpur
CRM007407,Pooja Sinha,pooja.sinha985@yahoo.com,2022-08-22,Delhi
CRM003514,Saanvi Pillai,saanvi.pillai651@gmail.com,2023-09-24,Nagpur
CRM006335,Ishaan Verma,ishaan.verma300@gmail.com,2022-12-27,Kanpur
CRM008993,Suresh Singh,suresh.singh633@rediff.com,2022-02-17,Kanpur
CRM000220,Riya Verma,riya.verma172@gmail.com,2023-05-24,Ahmedabad
CRM007189,Diya Mishra,diya.mishra574@rediff.com,2023-06-30,Ahmedabad
CRM001289,Priya Sinha,priya.sinha286@yahoo.com,2024-04-12,N/A
CRM003164,Saanvi Das,saanvi.das406@outlook.com,2024-03-05,Bangalore
CRM004679,Deepa Mishra,deepa.mishra755@hotmail.com,2023-09-05,Lucknow
CRM002619,Pooja Das,pooja.das781@rediff.com,2022-04-09,Kolkata
CRM003613,Pooja Sinha,pooja.sinha721@yahoo.com,2022-03-15,Bhopal
CRM000044,Pooja Gupta,pooja.gupta447@outlook.com,2024-06-12,Delhi
CRM008589,Kritika Joshi,kritika.joshi380@outlook.com,2022-05-09,Patna
CRM007542,Kavya Mehta,kavya.mehta624@gmail.com,2022-01-15,Delhi
CRM003793,Ananya Sinha,ananya.sinha94@gmail.com,2024-01-11,Chennai
CRM003572,Suresh Sinha,suresh.sinha77@gmail.com,2022-12-11,Kanpur
CRM005468,Deepa Kumar,deepa.kumar920@outlook.com,2023-11-18,Jaipur
CRM001504,Aadhya Shah,aadhya.shah538@hotmail.com,2023-05-16,Lucknow
CRM006426,Pooja Nair,pooja.nair365@gmail.com,2023-10-12,Bhopal
CRM010188,Vijay Pillai,vijay.pillai593@outlook.com,2022-08-30,Nagpur
CRM003440,Arjun Nair,arjun.nair518@yahoo.com,2024-01-13,Ahmedabad
CRM001893,Aditya Das,aditya.das401@outlook.com,2023-07-09,Bangalore
CRM009990,Saanvi Iyer,saanvi.iyer210@rediff.com,2023-08-05,Indore
CRM005256,Kabir Patel,kabir.patel984@yahoo.com,2023-06-15,Chennai
CRM001956,Vihaan Sharma,vihaan.sharma484@rediff.com,2022-05-03,Patna
CRM005168,Arjun Reddy,arjun.reddy584@gmail.com,2023-08-25,Indore
CRM004815,Raj Kumar,raj.kumar890@gmail.com,2024-06-10,Bangalore
CRM007232,Aditya Mishra,aditya.mishra664@yahoo.com,2022-10-29,Coimbatore
CRM001506,Raj Nair,raj.nair582@yahoo.com,2023-02-10,Thane
CRM000671,Pooja Joshi,pooja.joshi250@rediff.com,2024-02-03,Lucknow
CRM009548,Saanvi Gupta,saanvi.gupta591@hotmail.com,2023-01-13,Indore
CRM008132,Riya Sharma,riya.sharma532@hotmail.com,2023-03-28,Mumbai
CRM000898,Raj Mishra,raj.mishra343@yahoo.com,2022-07-31,Visakhapatnam
CRM007131,Vijay Verma,vijay.verma774@outlook.com,2023-05-31,Kanpur
CRM002667,Riya Tiwari,riya.tiwari551@rediff.com,2023-09-24,Lucknow
CRM003194,Sneha Joshi,sneha.joshi816@yahoo.com,2022-10-07,Hyderabad
CRM002891,Pooja Kumar,pooja.kumar956@hotmail.com,2022-08-17,Kanpur
CRM006004,Nisha Pillai,nisha.pillai478@rediff.com,2023-04-24,Visakhapatnam
CRM008202,Vijay Tiwari,vijay.tiwari283@hotmail.com,2022-08-27,Ahmedabad
CRM006844,Vihaan Sharma,vihaan.sharma600@gmail.com,2022-10-24,Bhopal
CRM002622,Suresh Sinha,suresh.sinha471@outlook.com,2022-02-04,Chennai
CRM006203,Sai Kumar,sai.kumar597@yahoo.com,2023-06-28,Indore
CRM009909,Kritika Pillai,kritika.pillai433@outlook.com,2023-12-16,Mumbai
CRM007112,Sneha Shah,sneha.shah320@hotmail.com,2022-11-21,Mumbai
CRM006876,Ananya Sharma,ananya.sharma424@rediff.com,2023-07-19,--
CRM005814,Aarav Singh,aarav.singh919@hotmail.com,2023-04-07,Kanpur
CRM000003,Rohan Shah,rohan.shah787@yahoo.com,2024-02-19,Visakhapatnam
CRM005971,Deepa Gupta,deepa.gupta786@yahoo.com,2024-03-17,Bhopal
CRM002371,Aadhya Reddy,aadhya.reddy318@yahoo.com,2023-12-05,Delhi
CRM003805,Nisha Reddy,nisha.reddy80@outlook.com,2024-02-20,Ahmedabad
CRM001770,Aadhya Pillai,aadhya.pillai104@rediff.com,2024-02-06,Chennai
CRM009105,Reyan Iyer,reyan.iyer847@gmail.com,2023-03-12,Lucknow
CRM006958,Riya Patel,riya.patel953@hotmail.com,2023-09-19,Coimbatore
CRM006080,Amit Pillai,amit.pillai690@yahoo.com,2022-07-29,Ahmedabad
CRM000532,Nisha Sharma,nisha.sharma955@gmail.com,2022-09-12,Visakhapatnam
CRM009240,Deepa Tiwari,deepa.tiwari138@outlook.com,2022-09-10,Visakhapatnam
CRM009268,Nisha Mehta,nisha.mehta257@gmail.com,2023-10-14,Lucknow
CRM007634,Reyan Pillai,reyan.pillai13@gmail.com,2024-03-17,Bangalore
CRM007014,Meera Das,meera.das54@gmail.com,2022-08-02,Indore
CRM003121,Nisha Iyer,nisha.iyer333@gmail.com,2023-07-23,Ahmedabad
CRM009670,Rahul Verma,,2022-12-31,Delhi
CRM006260,Ishaan Rao,ishaan.rao895@hotmail.com,2023-06-07,Delhi
CRM000732,Aditya Mehta,aditya.mehta749@hotmail.com,2024-02-12,Delhi
CRM003407,Ananya Patel,,2022-05-02,Coimbatore
CRM002340,Rahul Shah,rahul.shah900@gmail.com,2024-06-27,Chennai
CRM005992,Reyan Mehta,reyan.mehta490@yahoo.com,2023-08-25,Jaipur
CRM006889,Pooja Singh,pooja.singh603@rediff.com,2024-05-04,Ahmedabad
CRM007418,Sai Das,sai.das845@yahoo.com,2023-10-13,Delhi
CRM002566,Aarav Patel,aarav.patel470@outlook.com,2022-03-18,Chennai
CRM002582,Aarav Reddy,aarav.reddy461@gmail.com,2024-04-06,Bangalore
CRM008776,Ananya Rao,ananya.rao109@rediff.com,2022-04-12,Surat
CRM007749,Sai Mehta,sai.mehta81@rediff.com,2024-01-23,Jaipur
CRM008064,Vivaan Tiwari,vivaan.tiwari151@rediff.com,2022-10-12,Nagpur
CRM006340,Rahul Tiwari,rahul.tiwari621@hotmail.com,2022-09-20,Kanpur
CRM006900,Vihaan Verma,vihaan.verma78@rediff.com,2022-10-08,--
CRM009620,Kavya Mehta,kavya.mehta169@gmail.com,2024-04-09,Chennai
CRM001256,Meera Das,meera.das95@hotmail.com,2024-02-18,Hyderabad
CRM002105,Sai Sharma,sai.sharma949@yahoo.com,2023-03-22,Vadodara
CRM007773,Aarav Reddy,aarav.reddy18@hotmail.com,2023-10-19,Kanpur
CRM009160,Vihaan Sinha,vihaan.sinha769@rediff.com,2022-01-15,Coimbatore
CRM009611,Arjun Mehta,arjun.mehta580@hotmail.com,2022-09-24,Chennai
CRM009806,Nisha Das,nisha.das852@outlook.com,2023-07-12,Visakhapatnam
CRM004995,Amit Bose,amit.bose82@yahoo.com,2024-03-06,Chennai
CRM009614,Sneha Singh,sneha.singh344@yahoo.com,2024-04-04,Delhi
CRM010046,Raj Mehta,raj.mehta654@hotmail.com,2022-06-21,Jaipur
CRM005058,Aadhya Verma,aadhya.verma772@rediff.com,2023-01-17,Mumbai
CRM006757,Priya Rao,priya.rao84@yahoo.com,2024-06-21,Indore
CRM004435,Vihaan Verma,vihaan.verma141@hotmail.com,2022-11-03,Kolkata
CRM003485,Aadhya Sharma,aadhya.sharma991@outlook.com,2022-08-22,Coimbatore
CRM010171,Suresh Bose,suresh.bose587@hotmail.com,2023-03-29,Surat
CRM005319,Amit Sinha,amit.sinha336@hotmail.com,2023-02-04,Kolkata
CRM003817,Amit Tiwari,amit.tiwari161@gmail.com,2023-07-17,Bangalore
CRM010265,Saanvi Mehta,saanvi.mehta987@rediff.com,2022-11-01,Kanpur
CRM009544,Aadhya Iyer,aadhya.iyer529@gmail.com,2022-12-28,Coimbatore
CRM002547,Deepa Bose,deepa.bose56@yahoo.com,2023-09-03,Bhopal
CRM007705,Aadhya Sharma,aadhya.sharma869@yahoo.com,2022-02-03,Pune
CRM001622,Aarav Nair,aarav.nair117@outlook.com,2023-06-03,Kanpur
CRM010095,Ananya Nair,ananya.nair41@rediff.com,2022-03-27,Thane
CRM007280,Aditya Mishra,,2024-02-22,Delhi
CRM009374,Pooja Reddy,pooja.reddy889@hotmail.com,2024-02-18,Delhi
CRM009543,Reyan Patel,reyan.patel614@gmail.com,2022-12-13,Ahmedabad
CRM001097,Amit Chatterjee,amit.chatterjee277@yahoo.com,2023-08-20,Lucknow
CRM010356,Sai Mishra,sai.mishra969@outlook.com,2023-08-01,Coimbatore
CRM009863,Nisha Tiwari,nisha.tiwari95@outlook.com,2024-04-13,Indore
CRM010159,Reyan Shah,reyan.shah866@rediff.com,2024-04-30,Lucknow
CRM007839,Deepa Chatterjee,deepa.chatterjee317@outlook.com,2022-10-29,Surat
CRM002464,Riya Joshi,riya.joshi982@outlook.com,2022-12-20,Chennai
CRM009472,Suresh Patel,suresh.patel741@hotmail.com,2022-03-08,Hyderabad
CRM003701,Rahul Sinha,rahul.sinha579@hotmail.com,2022-02-16,N/A
CRM001789,Aarav Shah,aarav.shah139@gmail.com,2022-05-14,Coimbatore
CRM000251,Raj Joshi,raj.joshi758@gmail.com,2023-05-31,Chennai
CRM006315,Aadhya Sinha,aadhya.sinha480@outlook.com,2024-05-27,Bangalore
CRM009573,Ananya Rao,ananya.rao644@hotmail.com,2023-07-13,Lucknow
CRM007147,Aarav Das,aarav.das452@rediff.com,2022-01-27,Vadodara
CRM008546,Kritika Sharma,kritika.sharma699@hotmail.com,2023-01-12,Ahmedabad
CRM000193,Aditya Shah,aditya.shah800@rediff.com,2022-08-24,Ahmedabad
CRM000821,Ishaan Nair,ishaan.nair816@rediff.com,2023-08-21,Nagpur
CRM010316,Aarav Rao,aarav.rao202@yahoo.com,2023-04-23,Bangalore
CRM006602,Kabir Iyer,kabir.iyer511@rediff.com,2022-03-29,Delhi
CRM008251,Sneha Bose,sneha.bose936@yahoo.com,2024-06-11,Delhi
CRM007446,Aarav Singh,aarav.singh505@hotmail.com,2023-04-06,Surat
CRM004401,Meera Nair,meera.nair135@yahoo.com,2023-05-01,--
CRM008119,Priya Tiwari,priya.tiwari615@hotmail.com,2022-09-29,Kolkata
CRM005389,Priya Gupta,priya.gupta19@hotmail.com,2023-04-06,Bangalore
CRM004167,Nisha Bose,nisha.bose72@rediff.com,2023-06-05,Nagpur
CRM006682,Diya Rao,diya.rao971@yahoo.com,2022-05-08,Mumbai
CRM004952,Saanvi Sharma,saanvi.sharma981@rediff.com,2022-01-18,Visakhapatnam
CRM002688,Meera Shah,meera.shah205@hotmail.com,2023-05-18,Chennai
CRM004391,Raj Singh,raj.singh783@yahoo.com,2022-08-12,Delhi
CRM006924,Amit Mehta,amit.mehta16@yahoo.com,2023-08-31,Coimbatore
CRM006903,Suresh Tiwari,suresh.tiwari732@yahoo.com,2024-06-16,Kanpur
CRM004928,Aarav Sharma,aarav.sharma430@yahoo.com,2024-06-13,N/A
CRM007774,Saanvi Gupta,saanvi.gupta622@hotmail.com,2023-10-02,Nagpur
CRM005553,Saanvi Pillai,saanvi.pillai370@gmail.com,2024-05-17,Bhopal
CRM002608,Sai Kumar,sai.kumar263@outlook.com,2023-04-08,Kanpur
CRM008400,Diya Kumar,diya.kumar758@gmail.com,2022-10-21,Visakhapatnam
CRM000239,Ishaan Gupta,ishaan.gupta709@yahoo.com,2022-03-22,Nagpur
CRM004016,Suresh Bose,suresh.bose779@gmail.com,2022-01-14,Lucknow
CRM009925,Aditya Tiwari,aditya.tiwari684@yahoo.com,2024-06-08,Nagpur
CRM002978,Priya Sharma,priya.sharma108@yahoo.com,2022-06-01,Ahmedabad
CRM007186,Aadhya Das,aadhya.das137@hotmail.com,2023-10-12,Pune
CRM007564,Diya Mehta,diya.mehta551@outlook.com,2023-11-07,Mumbai
CRM008553,Arjun Bose,arjun.bose232@rediff.com,2024-03-05,Kolkata
CRM005474,Aditya Gupta,aditya.gupta313@yahoo.com,2023-01-19,Bangalore
CRM000946,Arjun Tiwari,arjun.tiwari601@hotmail.com,2024-04-07,Mumbai
CRM007404,Reyan Pillai,reyan.pillai461@yahoo.com,2022-09-15,Kanpur
CRM008516,Kavya Iyer,kavya.iyer116@outlook.com,2022-06-12,Surat
CRM005098,Priya Nair,priya.nair362@outlook.com,2024-02-24,Kanpur
CRM007396,Amit Reddy,amit.reddy973@gmail.com,2022-08-30,Bhopal
CRM006056,Sneha Nair,sneha.nair941@gmail.com,2022-01-29,Pune
CRM007853,Pooja Joshi,,2022-10-08,Indore
CRM006712,Vihaan Rao,vihaan.rao177@hotmail.com,2023-06-14,Visakhapatnam
CRM003553,Priya Chatterjee,priya.chatterjee629@gmail.com,2022-05-12,Surat
CRM005932,Rohan Joshi,rohan.joshi840@gmail.com,2023-04-24,Hyderabad
CRM003361,Aarav Nair,aarav.nair633@gmail.com,2022-11-27,Patna
CRM006422,Meera Reddy,meera.reddy243@outlook.com,2022-11-11,Kanpur
CRM005629,Saanvi Chatterjee,saanvi.chatterjee608@rediff.com,2022-02-14,Kolkata
CRM002411,Nisha Chatterjee,nisha.chatterjee201@hotmail.com,2022-07-31,Ahmedabad
CRM005784,Arjun Bose,arjun.bose512@outlook.com,2024-01-11,Hyderabad
CRM004508,Raj Iyer,raj.iyer817@yahoo.com,2024-06-23,Mumbai
CRM009055,Meera Patel,meera.patel269@rediff.com,2024-02-17,Mumbai
CRM003983,Vihaan Gupta,vihaan.gupta131@hotmail.com,2023-03-12,Patna
CRM006719,Kabir Pillai,kabir.pillai296@outlook.com,2023-02-17,Thane
CRM000147,Rahul Sinha,rahul.sinha780@outlook.com,2024-02-06,Nagpur
CRM007678,Kavya Iyer,kavya.iyer137@gmail.com,2022-05-07,Pune
CRM002295,Kabir Joshi,kabir.joshi874@hotmail.com,2022-07-10,Hyderabad
CRM002254,Sai Gupta,sai.gupta89@gmail.com,2024-01-08,--
CRM003612,Riya Joshi,riya.joshi418@hotmail.com,2022-08-01,Jaipur
CRM005354,Raj Singh,raj.singh225@rediff.com,2023-05-13,Kanpur
CRM001737,Rahul Gupta,rahul.gupta449@yahoo.com,2022-09-15,Nagpur
CRM002630,Suresh Reddy,suresh.reddy617@outlook.com,2024-01-08,Mumbai
CRM009066,Amit Patel,amit.patel996@outlook.com,2022-05-11,Hyderabad
CRM000115,Aarav Mishra,aarav.mishra350@rediff.com,2023-09-25,Mumbai
CRM009500,Vivaan Shah,vivaan.shah398@rediff.com,2023-01-03,Pune
CRM006127,Amit Tiwari,amit.tiwari402@hotmail.com,2022-09-26,Bhopal
CRM006533,Nisha Verma,nisha.verma475@yahoo.com,2022-06-24,Patna
CRM010152,Sneha Chatterjee,sneha.chatterjee611@gmail.com,2022-01-25,Indore
CRM000499,Rahul Mehta,rahul.mehta352@gmail.com,2023-07-22,Bangalore
CRM006379,Arjun Sharma,arjun.sharma401@gmail.com,2023-05-14,Kanpur
CRM004734,Priya Bose,priya.bose702@rediff.com,2023-11-12,Patna
CRM000721,Pooja Pillai,pooja.pillai877@outlook.com,2023-11-13,Jaipur
CRM004385,Rahul Rao,rahul.rao241@hotmail.com,2023-02-08,Bangalore
CRM009481,Sai Mehta,sai.mehta487@rediff.com,2023-04-22,Vadodara
CRM006619,Vihaan Joshi,vihaan.joshi603@rediff.com,2022-10-25,Kanpur
CRM007075,Amit Sinha,amit.sinha250@outlook.com,2024-04-25,Coimbatore
CRM003090,Sai Pillai,sai.pillai156@rediff.com,2023-09-22,Coimbatore
CRM008263,Pooja Verma,pooja.verma70@outlook.com,2023-09-03,Bangalore
CRM000485,Kabir Patel,kabir.patel288@gmail.com,2023-05-06,Indore
CRM007521,Vijay Gupta,vijay.gupta394@gmail.com,2024-02-28,Mumbai
CRM000597,Aadhya Chatterjee,aadhya.chatterjee762@hotmail.com,2022-12-29,Visakhapatnam
CRM009742,Deepa Das,deepa.das539@gmail.com,2024-01-17,Delhi
CRM007035,Aarav Shah,aarav.shah594@hotmail.com,2023-02-16,Jaipur
CRM007468,Kabir Shah,kabir.shah931@gmail.com,2024-03-29,Visakhapatnam
CRM005165,Meera Chatterjee,meera.chatterjee108@outlook.com,2023-03-20,Indore
CRM009799,Raj Tiwari,raj.tiwari899@outlook.com,2023-12-14,Pune
CRM001648,Ishaan Pillai,ishaan.pillai580@yahoo.com,2022-12-29,Kolkata
CRM007076,Arjun Patel,arjun.patel930@hotmail.com,2023-07-13,Thane
CRM009393,Pooja Tiwari,pooja.tiwari103@yahoo.com,2022-02-18,Chennai
CRM002701,Vihaan Rao,vihaan.rao810@rediff.com,2022-08-07,Indore
CRM008376,Kritika Singh,kritika.singh873@rediff.com,2023-07-21,Nagpur
CRM001701,Raj Reddy,raj.reddy104@gmail.com,2023-11-27,Coimbatore
CRM009587,Vivaan Reddy,vivaan.reddy49@outlook.com,2022-07-25,Kolkata
CRM005405,Meera Sinha,,2022-02-25,Patna
CRM008794,Suresh Sinha,suresh.sinha276@hotmail.com,2023-01-17,Delhi
CRM006849,Rohan Sinha,rohan.sinha257@gmail.com,2024-04-10,Delhi
CRM002943,Diya Tiwari,diya.tiwari501@yahoo.com,2024-03-14,Pune
CRM008068,Raj Sharma,raj.sharma909@gmail.com,2023-11-11,Bangalore
CRM007274,Reyan Reddy,reyan.reddy411@outlook.com,2024-03-24,Bangalore
CRM000087,Kavya Das,kavya.das635@hotmail.com,2023-11-24,Bangalore
CRM002309,Kavya Verma,kavya.verma973@hotmail.com,2024-01-21,Kanpur
CRM002678,Deepa Joshi,deepa.joshi575@outlook.com,2023-11-04,Vadodara
CRM008805,Aadhya Kumar,aadhya.kumar564@yahoo.com,2022-02-17,Indore
CRM009128,Sai Iyer,sai.iyer520@rediff.com,2022-04-04,Kanpur
CRM002595,Suresh Reddy,suresh.reddy174@hotmail.com,2023-11-04,Nagpur
CRM006798,Riya Sharma,riya.sharma914@yahoo.com,2023-05-14,Patna
CRM001030,Suresh Kumar,suresh.kumar750@outlook.com,2024-02-17,Mumbai
CRM000137,Vijay Reddy,vijay.reddy714@yahoo.com,2024-05-30,Jaipur
CRM007882,Meera Sharma,meera.sharma273@yahoo.com,2023-04-14,Chennai
CRM006241,Pooja Gupta,pooja.gupta368@rediff.com,2023-08-27,Mumbai
CRM007087,Kabir Gupta,kabir.gupta464@rediff.com,2024-04-15,Pune
CRM002855,Meera Iyer,meera.iyer623@rediff.com,2022-12-26,Jaipur
CRM004410,Deepa Sinha,deepa.sinha939@rediff.com,2024-02-16,Patna
CRM001201,Vihaan Joshi,vihaan.joshi837@rediff.com,2022-08-18,Lucknow
CRM006122,Amit Kumar,amit.kumar191@rediff.com,2024-01-19,Bangalore
CRM004718,Pooja Sinha,pooja.sinha32@hotmail.com,2022-05-01,Thane
CRM010197,Rohan Das,rohan.das736@rediff.com,2024-04-26,Thane
CRM007615,Pooja Rao,pooja.rao710@outlook.com,2022-03-02,Bhopal
CRM000567,Vihaan Sharma,vihaan.sharma280@rediff.com,2022-08-03,Nagpur
CRM008283,Vijay Das,vijay.das283@outlook.com,2023-04-21,Vadodara
CRM005934,Aditya Singh,aditya.singh146@yahoo.com,2023-11-11,Chennai
CRM005431,Aditya Rao,aditya.rao755@gmail.com,2023-02-25,Thane
CRM005869,Raj Reddy,raj.reddy242@yahoo.com,2023-05-21,Bhopal
CRM006297,Riya Joshi,,2023-11-17,Lucknow
CRM003928,Kavya Kumar,kavya.kumar47@hotmail.com,2022-09-16,Kolkata
CRM006196,Rohan Bose,rohan.bose290@rediff.com,2023-05-05,Thane
CRM006993,Meera Tiwari,meera.tiwari977@yahoo.com,2023-01-15,Mumbai
CRM008465,Kritika Nair,kritika.nair448@hotmail.com,2022-08-06,Indore
CRM009981,Raj Joshi,raj.joshi825@gmail.com,2022-01-10,Bhopal
CRM007592,Deepa Shah,deepa.shah566@yahoo.com,2023-10-02,Bhopal
CRM008573,Vijay Kumar,vijay.kumar822@outlook.com,2023-09-13,Delhi
CRM007551,Sai Nair,sai.nair725@gmail.com,2022-10-20,Nagpur
CRM009554,Reyan Joshi,reyan.joshi411@yahoo.com,2022-05-14,Mumbai
CRM009989,Vihaan Tiwari,vihaan.tiwari948@rediff.com,2024-01-01,Mumbai
CRM002331,Nisha Sinha,nisha.sinha381@outlook.com,2022-08-27,Visakhapatnam
CRM003516,Vijay Joshi,vijay.joshi187@rediff.com,2024-04-04,Delhi
CRM002188,Sneha Mishra,sneha.mishra24@rediff.com,2024-02-12,Lucknow
CRM000196,Kavya Sinha,kavya.sinha76@gmail.com,2024-03-19,Pune
CRM008281,Aarav Joshi,aarav.joshi426@rediff.com,2023-06-13,Patna
CRM006551,Deepa Verma,deepa.verma791@yahoo.com,2022-03-29,Visakhapatnam
CRM005060,Nisha Verma,nisha.verma614@yahoo.com,2023-11-05,Thane
CRM000803,Deepa Verma,deepa.verma967@outlook.com,2022-08-17,Nagpur
CRM005716,Rahul Shah,rahul.shah297@hotmail.com,2022-10-16,Ahmedabad
CRM009193,Nisha Pillai,nisha.pillai872@yahoo.com,2022-04-09,Hyderabad
CRM007339,Kritika Joshi,,2024-04-28,Thane
CRM000242,Deepa Bose,deepa.bose694@gmail.com,2023-08-26,Bangalore
CRM002069,Arjun Mehta,arjun.mehta484@gmail.com,2023-06-27,Kolkata
CRM007033,Amit Kumar,amit.kumar624@yahoo.com,2023-03-16,Ahmedabad
CRM009372,Vihaan Iyer,vihaan.iyer384@outlook.com,2022-06-10,Hyderabad
CRM000645,Arjun Shah,arjun.shah564@outlook.com,2023-04-05,Jaipur
CRM010044,Vijay Joshi,vijay.joshi724@hotmail.com,2024-02-02,Nagpur
CRM005104,Rohan Rao,rohan.rao411@outlook.com,2023-04-13,Surat
CRM005461,Saanvi Shah,saanvi.shah735@outlook.com,2022-03-26,Vadodara
CRM001638,Raj Patel,raj.patel591@gmail.com,2024-03-29,Delhi
CRM000121,Vivaan Reddy,vivaan.reddy540@yahoo.com,2022-06-26,Hyderabad
CRM005874,Diya Iyer,diya.iyer560@yahoo.com,2023-07-31,Delhi
CRM002982,Meera Das,meera.das234@hotmail.com,2023-12-26,Jaipur
CRM005070,Priya Mehta,priya.mehta633@gmail.com,2024-04-20,Pune
CRM003075,Reyan Pillai,reyan.pillai151@outlook.com,2022-03-06,Ahmedabad
CRM009570,Diya Rao,diya.rao331@outlook.com,2024-05-16,Chennai
CRM003279,Deepa Sinha,deepa.sinha95@gmail.com,2023-02-05,Surat
CRM002136,Reyan Kumar,reyan.kumar986@outlook.com,2023-07-08,Kanpur
CRM007444,Vivaan Nair,vivaan.nair712@yahoo.com,2024-05-19,Pune
CRM004971,Rohan Verma,rohan.verma134@yahoo.com,2024-01-07,Bhopal
CRM007748,Vijay Singh,vijay.singh838@outlook.com,2022-10-04,Visakhapatnam
CRM000135,Amit Singh,amit.singh178@rediff.com,2023-11-01,Jaipur
CRM004352,Kavya Iyer,kavya.iyer845@gmail.com,2024-04-10,Jaipur
CRM005325,Amit Das,amit.das455@outlook.com,2022-05-05,Thane
CRM010330,Sneha Reddy,sneha.reddy491@outlook.com,2022-08-24,Delhi
CRM007109,Raj Pillai,raj.pillai700@hotmail.com,2022-06-15,Pune
CRM002560,Priya Reddy,priya.reddy485@hotmail.com,2023-03-22,Lucknow
CRM000063,Saanvi Mishra,saanvi.mishra864@hotmail.com,2023-07-16,Vadodara
CRM003910,Aarav Nair,aarav.nair967@outlook.com,2023-02-03,Patna
CRM001359,Kavya Pillai,kavya.pillai228@hotmail.com,2024-06-29,Jaipur
CRM009383,Kritika Shah,kritika.shah617@rediff.com,2024-06-29,Bangalore
CRM007424,Ishaan Sharma,ishaan.sharma119@yahoo.com,2023-07-27,Visakhapatnam
CRM009409,Pooja Chatterjee,pooja.chatterjee656@yahoo.com,2024-02-08,Kanpur
CRM002468,Amit Singh,amit.singh23@gmail.com,2022-03-24,Chennai
CRM000680,Sai Mehta,sai.mehta75@hotmail.com,2022-10-28,Patna
CRM007842,Reyan Tiwari,reyan.tiwari941@yahoo.com,2022-07-05,Lucknow
CRM000742,Ananya Kumar,ananya.kumar118@rediff.com,2022-07-17,Thane
CRM005308,Amit Mishra,amit.mishra319@gmail.com,2024-02-17,Nagpur
CRM006267,Kritika Joshi,kritika.joshi299@rediff.com,2023-10-29,Delhi
CRM007783,Sai Patel,sai.patel585@rediff.com,2024-04-16,Bhopal
CRM003642,Reyan Mehta,reyan.mehta771@rediff.com,2024-03-20,Ahmedabad
CRM000445,Kabir Mishra,kabir.mishra975@yahoo.com,2022-10-12,Thane
CRM008751,Vivaan Iyer,vivaan.iyer839@yahoo.com,2024-03-25,Nagpur
CRM003259,Vivaan Rao,vivaan.rao245@outlook.com,2024-05-18,Kanpur
CRM004664,Vihaan Das,vihaan.das627@gmail.com,2023-03-10,UNKNOWN
CRM001874,Suresh Singh,suresh.singh923@outlook.com,2023-12-17,Thane
CRM007348,Rahul Chatterjee,rahul.chatterjee551@yahoo.com,2022-10-15,Coimbatore
CRM002597,Vivaan Mishra,vivaan.mishra446@outlook.com,2023-04-18,Coimbatore
CRM001718,Diya Nair,diya.nair450@hotmail.com,2022-02-03,Mumbai
CRM002913,Pooja Sinha,pooja.sinha54@outlook.com,2022-02-01,Thane
CRM002844,Vivaan Reddy,vivaan.reddy880@yahoo.com,2022-12-13,Thane
CRM004028,Deepa Reddy,deepa.reddy355@rediff.com,2022-03-18,Jaipur
CRM005489,Deepa Shah,deepa.shah26@gmail.com,2022-07-12,Bangalore
CRM009251,Sneha Shah,sneha.shah499@hotmail.com,2022-07-03,Delhi
CRM004486,Deepa Pillai,deepa.pillai911@yahoo.com,2024-01-14,Pune
CRM002557,Priya Mishra,priya.mishra738@gmail.com,2022-10-20,Surat
CRM000490,Rohan Das,rohan.das693@rediff.com,2024-03-18,Bangalore
CRM000494,Saanvi Nair,saanvi.nair129@hotmail.com,2022-05-02,Visakhapatnam
CRM000691,Deepa Iyer,deepa.iyer515@gmail.com,2023-07-09,Kolkata
CRM007435,Aditya Pillai,aditya.pillai653@outlook.com,2024-01-07,Chennai
CRM003822,Kavya Kumar,kavya.kumar733@rediff.com,2022-07-05,Mumbai
CRM000603,Vijay Bose,vijay.bose258@gmail.com,2022-03-23,Jaipur
CRM001912,Kabir Sharma,,2023-11-07,Nagpur
CRM001015,Aarav Patel,aarav.patel759@yahoo.com,2024-01-27,Thane
CRM008867,Suresh Nair,suresh.nair993@outlook.com,2022-08-26,Patna
CRM001994,Sai Shah,sai.shah427@hotmail.com,2022-12-11,Jaipur
CRM010257,Aditya Reddy,aditya.reddy860@outlook.com,2022-02-27,Patna
CRM003758,Ananya Sinha,ananya.sinha543@rediff.com,2022-08-04,Indore
CRM002367,Ishaan Nair,ishaan.nair200@outlook.com,2023-10-20,Coimbatore
CRM005284,Diya Iyer,diya.iyer443@gmail.com,2023-09-24,Hyderabad
CRM004371,Nisha Pillai,nisha.pillai187@yahoo.com,2023-10-09,Mumbai
CRM007941,Priya Mishra,priya.mishra646@hotmail.com,2022-02-01,Surat
CRM008080,Vihaan Kumar,vihaan.kumar214@outlook.com,2022-12-25,Mumbai
CRM001362,Amit Singh,amit.singh359@yahoo.com,2023-03-27,Thane
CRM006909,Deepa Kumar,deepa.kumar798@rediff.com,2022-08-25,Ahmedabad
CRM001527,Rahul Reddy,rahul.reddy897@rediff.com,2023-03-08,Mumbai
CRM001328,Kritika Mehta,kritika.mehta166@rediff.com,2024-05-30,Thane
CRM007021,Riya Joshi,riya.joshi744@yahoo.com,2022-04-12,Vadodara
CRM010434,Priya Mehta,priya.mehta965@yahoo.com,2023-04-30,Kanpur
CRM001552,Vijay Joshi,vijay.joshi639@hotmail.com,2023-08-12,Thane
CRM007237,Raj Pillai,raj.pillai676@hotmail.com,2022-01-13,Visakhapatnam
CRM010379,Vihaan Joshi,vihaan.joshi980@hotmail.com,2023-10-05,Surat
CRM001338,Vivaan Iyer,vivaan.iyer282@rediff.com,2022-08-02,Kolkata
CRM003902,Vijay Nair,vijay.nair785@gmail.com,2022-12-26,Chennai
CRM003011,Aadhya Mishra,aadhya.mishra965@yahoo.com,2022-06-17,Delhi
CRM005042,Aditya Joshi,aditya.joshi997@gmail.com,2022-12-28,Patna
CRM009462,Aarav Das,aarav.das56@outlook.com,2024-03-18,Pune
CRM002251,Amit Tiwari,amit.tiwari982@yahoo.com,2023-08-31,Chennai
CRM007895,Riya Rao,riya.rao977@yahoo.com,2023-07-30,Pune
CRM008335,Reyan Bose,reyan.bose349@rediff.com,2023-07-09,Kolkata
CRM005040,Ananya Nair,ananya.nair133@yahoo.com,2024-03-20,Thane
CRM002347,Pooja Sharma,,2023-02-13,Bhopal
CRM009946,Riya Singh,riya.singh795@rediff.com,2023-01-17,Lucknow
CRM005486,Rahul Verma,rahul.verma305@rediff.com,2022-03-31,Jaipur
CRM009508,Vijay Iyer,vijay.iyer451@gmail.com,2024-03-19,Pune
CRM002785,Reyan Reddy,reyan.reddy378@rediff.com,2023-01-02,Thane
CRM005695,Rohan Patel,rohan.patel434@rediff.com,2023-09-06,Surat
CRM005120,Aditya Rao,aditya.rao163@yahoo.com,2023-11-28,Pune
CRM005167,Amit Chatterjee,amit.chatterjee576@outlook.com,2023-05-27,Kolkata
CRM005556,Kabir Reddy,kabir.reddy451@outlook.com,2022-01-20,Mumbai
CRM005600,Priya Patel,priya.patel774@gmail.com,2022-12-14,Chennai
CRM008413,Rohan Gupta,rohan.gupta515@gmail.com,2023-07-24,Visakhapatnam
CRM000151,Kritika Bose,kritika.bose624@rediff.com,2022-09-18,Delhi
CRM002805,Aditya Joshi,aditya.joshi797@gmail.com,2022-01-06,Nagpur
CRM006787,Amit Mishra,amit.mishra744@hotmail.com,2023-03-13,Bangalore
CRM002087,Priya Kumar,priya.kumar750@gmail.com,2022-01-22,Kanpur
CRM003752,Diya Sinha,diya.sinha822@outlook.com,2022-05-11,Patna
CRM005613,Sai Tiwari,sai.tiwari122@yahoo.com,2022-09-09,Delhi
CRM002260,Kavya Tiwari,kavya.tiwari388@hotmail.com,2022-08-03,Lucknow
CRM004018,Aadhya Patel,aadhya.patel274@gmail.com,2024-04-10,Vadodara
CRM008869,Nisha Das,nisha.das78@rediff.com,2023-06-23,Kanpur
CRM006996,Sai Reddy,sai.reddy210@hotmail.com,2022-12-11,Pune
CRM002425,Aadhya Pillai,aadhya.pillai657@yahoo.com,2022-07-29,Visakhapatnam
CRM004139,Vijay Pillai,vijay.pillai355@outlook.com,2024-06-16,Thane
CRM003857,Deepa Kumar,deepa.kumar127@gmail.com,2024-01-10,Mumbai
CRM000860,Aadhya Sinha,aadhya.sinha766@yahoo.com,2022-06-16,Vadodara
CRM005368,Aadhya Singh,aadhya.singh459@hotmail.com,2022-11-05,Thane
CRM002963,Sai Iyer,sai.iyer177@rediff.com,2023-03-25,Kanpur
CRM008808,Pooja Mishra,pooja.mishra11@rediff.com,2022-05-09,Kanpur
CRM008958,Raj Mehta,raj.mehta889@gmail.com,2022-04-02,Delhi
CRM009173,Kritika Iyer,kritika.iyer85@rediff.com,2023-10-18,Delhi
CRM004740,Reyan Patel,reyan.patel706@yahoo.com,2023-12-11,Nagpur
CRM009206,Amit Patel,amit.patel606@hotmail.com,2023-05-16,Bhopal
CRM004463,Deepa Bose,deepa.bose316@yahoo.com,2022-10-04,Jaipur
CRM005529,Sneha Iyer,sneha.iyer207@rediff.com,2022-02-09,Nagpur
CRM001365,Rohan Sharma,rohan.sharma338@rediff.com,2022-07-12,Jaipur
CRM001780,Aarav Bose,aarav.bose840@outlook.com,2024-02-09,Visakhapatnam
CRM006783,Rahul Chatterjee,rahul.chatterjee720@gmail.com,2023-07-03,Jaipur
CRM004786,Vivaan Verma,vivaan.verma558@yahoo.com,2022-08-31,Surat
CRM007311,Aarav Shah,aarav.shah692@gmail.com,2022-03-28,Surat
CRM001819,Riya Joshi,riya.joshi77@gmail.com,2022-08-28,Bhopal
CRM000370,Priya Reddy,priya.reddy847@hotmail.com,2024-02-16,Pune
CRM004938,Sneha Nair,sneha.nair327@rediff.com,2023-04-04,Visakhapatnam
CRM002705,Vivaan Reddy,vivaan.reddy737@yahoo.com,2023-03-28,Bangalore
CRM005286,Diya Iyer,diya.iyer313@hotmail.com,2022-12-09,Delhi
CRM000176,Vivaan Tiwari,vivaan.tiwari826@outlook.com,2024-01-07,Hyderabad
CRM006406,Arjun Sharma,arjun.sharma156@rediff.com,2023-09-30,Surat
CRM008409,Sneha Mehta,sneha.mehta664@gmail.com,2023-04-05,Thane
CRM002094,Ishaan Iyer,ishaan.iyer390@outlook.com,2024-03-06,Mumbai
CRM009101,Suresh Sinha,suresh.sinha834@outlook.com,2022-02-06,Vadodara
CRM003492,Deepa Shah,deepa.shah48@yahoo.com,2023-11-29,Bangalore
CRM001921,Kritika Tiwari,kritika.tiwari107@rediff.com,2023-10-15,Vadodara
CRM000083,Vijay Joshi,vijay.joshi171@rediff.com,2024-04-28,Ahmedabad
CRM000817,Pooja Sinha,pooja.sinha564@outlook.com,2024-05-24,Mumbai
CRM009215,Suresh Joshi,suresh.joshi755@hotmail.com,2022-09-21,Indore
CRM001092,Aditya Iyer,aditya.iyer32@hotmail.com,2022-10-20,Coimbatore
CRM004397,Vihaan Sinha,vihaan.sinha841@rediff.com,2024-04-21,Ahmedabad
CRM007811,Arjun Kumar,,2023-06-05,Bangalore
CRM005569,Nisha Chatterjee,nisha.chatterjee167@yahoo.com,2023-05-31,Bhopal
CRM000284,Riya Sharma,,2023-12-10,Coimbatore
CRM006125,Vivaan Rao,vivaan.rao864@gmail.com,2024-01-15,Thane
CRM004121,Vivaan Rao,vivaan.rao423@yahoo.com,2022-06-12,Kanpur
CRM008768,Reyan Sinha,reyan.sinha654@outlook.com,2022-11-20,Mumbai
CRM000610,Deepa Chatterjee,deepa.chatterjee992@gmail.com,2023-11-28,Delhi
CRM002916,Meera Pillai,,2024-05-26,Indore
CRM001814,Sai Tiwari,sai.tiwari149@hotmail.com,2023-12-15,Lucknow
CRM001272,Raj Iyer,raj.iyer529@outlook.com,2024-05-28,Thane
CRM006840,Aditya Mehta,aditya.mehta742@gmail.com,2022-10-11,Coimbatore
CRM010283,Amit Tiwari,amit.tiwari677@gmail.com,2023-12-17,Chennai
CRM002995,Kabir Sinha,kabir.sinha344@yahoo.com,2022-04-14,Surat
CRM008197,Pooja Shah,pooja.shah88@rediff.com,2022-02-22,Kanpur
CRM007738,Ananya Shah,ananya.shah706@rediff.com,2022-04-22,Jaipur
CRM006410,Diya Nair,diya.nair23@rediff.com,2022-06-09,Kolkata
CRM006105,Vijay Nair,vijay.nair419@outlook.com,2023-03-11,Coimbatore
CRM008900,Diya Patel,diya.patel762@gmail.com,2023-08-04,Bangalore
CRM002643,Reyan Joshi,reyan.joshi127@hotmail.com,2023-04-04,Visakhapatnam
CRM009922,Aadhya Rao,aadhya.rao692@gmail.com,2022-03-23,Surat
CRM004509,Diya Bose,diya.bose28@rediff.com,2024-01-07,Kanpur
CRM002306,Vijay Bose,vijay.bose676@rediff.com,2023-04-28,Thane
CRM007515,Aditya Rao,aditya.rao690@yahoo.com,2023-03-05,Hyderabad
CRM008833,Ananya Sinha,ananya.sinha409@rediff.com,2023-05-22,Pune
CRM004196,Deepa Iyer,deepa.iyer266@yahoo.com,2024-04-30,Ahmedabad
CRM005563,Deepa Iyer,deepa.iyer886@yahoo.com,2022-04-08,Kanpur
CRM004841,Aditya Shah,aditya.shah475@yahoo.com,2024-05-22,Delhi
CRM004656,Vivaan Patel,vivaan.patel242@rediff.com,2023-01-16,Nagpur
CRM009346,Saanvi Tiwari,saanvi.tiwari110@yahoo.com,2024-01-05,Surat
CRM004169,Ishaan Sharma,ishaan.sharma380@hotmail.com,2023-02-21,Lucknow
CRM003850,Saanvi Sinha,saanvi.sinha128@hotmail.com,2022-08-09,Lucknow
CRM005318,Pooja Joshi,pooja.joshi607@gmail.com,2023-02-02,Delhi
CRM008994,Kabir Sharma,kabir.sharma274@hotmail.com,2023-12-11,Delhi
CRM005254,Sai Sinha,sai.sinha273@outlook.com,2023-10-29,Kolkata
CRM010256,Aarav Pillai,aarav.pillai314@hotmail.com,2024-04-29,Bangalore
CRM005534,Deepa Iyer,deepa.iyer414@gmail.com,2022-03-25,Delhi
CRM002415,Kritika Reddy,kritika.reddy836@yahoo.com,2024-04-23,Coimbatore
CRM003555,Rohan Das,rohan.das974@outlook.com,2022-11-26,Hyderabad
CRM004692,Suresh Shah,suresh.shah541@outlook.com,2024-05-20,Coimbatore
CRM004499,Aditya Rao,aditya.rao351@rediff.com,2024-05-16,Lucknow
CRM002196,Aadhya Gupta,aadhya.gupta727@hotmail.com,2022-08-20,Jaipur
CRM005046,Saanvi Shah,saanvi.shah109@gmail.com,2024-06-28,Visakhapatnam
CRM002601,Kritika Sharma,kritika.sharma948@rediff.com,2024-04-26,Bhopal
CRM006164,Meera Rao,meera.rao772@rediff.com,2022-07-24,Indore
CRM006374,Reyan Patel,reyan.patel476@yahoo.com,2022-03-11,Ahmedabad
CRM001519,Aarav Joshi,aarav.joshi951@yahoo.com,2022-08-30,Bangalore
CRM004765,Saanvi Mehta,saanvi.mehta976@rediff.com,2023-01-03,Lucknow
CRM004315,Reyan Sharma,reyan.sharma237@rediff.com,2023-01-16,Ahmedabad
CRM003367,Nisha Kumar,nisha.kumar930@gmail.com,2022-06-05,Delhi
CRM006059,Nisha Bose,nisha.bose182@outlook.com,2022-07-27,Lucknow
CRM008726,Amit Joshi,amit.joshi433@hotmail.com,2022-05-06,Pune
CRM007602,Aditya Bose,aditya.bose232@outlook.com,2024-05-11,Bhopal
CRM006310,Vijay Iyer,vijay.iyer175@rediff.com,2023-12-08,Bangalore
CRM002634,Nisha Mishra,nisha.mishra750@yahoo.com,2023-03-29,Surat
CRM008179,Kabir Chatterjee,kabir.chatterjee857@yahoo.com,2022-04-25,Ahmedabad
CRM005634,Rahul Chatterjee,rahul.chatterjee266@outlook.com,2022-03-30,Delhi
CRM008782,Ananya Tiwari,ananya.tiwari713@outlook.com,2023-01-15,Delhi
CRM005923,Riya Bose,riya.bose473@hotmail.com,2022-12-30,Mumbai
CRM009970,Aditya Iyer,aditya.iyer26@outlook.com,2022-02-03,Indore
CRM009424,Rahul Reddy,rahul.reddy306@yahoo.com,2023-06-11,Lucknow
CRM002435,Rohan Rao,rohan.rao144@yahoo.com,2022-02-08,Lucknow
CRM010204,Suresh Reddy,suresh.reddy143@rediff.com,2023-01-28,Pune
CRM007802,Ananya Mishra,ananya.mishra676@yahoo.com,2023-12-12,Delhi
CRM008027,Saanvi Gupta,saanvi.gupta226@rediff.com,2024-01-16,Kanpur
CRM007635,Vivaan Sinha,vivaan.sinha294@rediff.com,2022-05-08,Pune
CRM006065,Amit Verma,amit.verma47@gmail.com,2023-12-14,Mumbai
CRM004521,Kritika Sharma,kritika.sharma186@yahoo.com,2023-01-08,Jaipur
CRM005588,Riya Pillai,riya.pillai428@yahoo.com,2022-01-12,Thane
CRM003546,Pooja Iyer,pooja.iyer237@yahoo.com,2023-10-04,Coimbatore
CRM006887,Kritika Singh,kritika.singh856@hotmail.com,2022-06-20,Bangalore
CRM006917,Ishaan Reddy,ishaan.reddy707@outlook.com,2022-03-14,Vadodara
CRM009441,Ananya Patel,ananya.patel760@gmail.com,2023-07-21,Mumbai
CRM005532,Kritika Das,kritika.das888@hotmail.com,2022-05-10,Bhopal
CRM005445,Sai Joshi,sai.joshi205@rediff.com,2022-06-04,Kolkata
CRM000518,Sai Nair,sai.nair461@hotmail.com,2022-01-31,XX_CITY
CRM007050,Suresh Reddy,suresh.reddy159@rediff.com,2024-06-23,Delhi
CRM006161,Rohan Gupta,rohan.gupta170@hotmail.com,2024-05-12,Delhi
CRM007920,Ishaan Chatterjee,ishaan.chatterjee14@gmail.com,2024-01-19,Delhi
CRM009732,Ananya Shah,ananya.shah31@gmail.com,2024-06-17,Patna
CRM008665,Amit Gupta,amit.gupta740@outlook.com,2024-05-02,Surat
CRM010281,Priya Das,priya.das510@yahoo.com,2024-04-20,Coimbatore
CRM001416,Vijay Mehta,vijay.mehta331@gmail.com,2024-06-06,Surat
CRM004665,Amit Mishra,amit.mishra865@gmail.com,2023-09-27,Thane
CRM004457,Meera Mehta,meera.mehta373@gmail.com,2024-06-29,Mumbai
CRM002762,Aadhya Sinha,aadhya.sinha563@outlook.com,2022-06-03,Chennai
CRM006482,Aditya Shah,aditya.shah813@outlook.com,2024-05-30,Lucknow
CRM005912,Rohan Shah,rohan.shah558@hotmail.com,2024-01-11,Bhopal
CRM006548,Aarav Mishra,aarav.mishra294@yahoo.com,2022-09-17,Kanpur
CRM004856,Priya Reddy,priya.reddy198@hotmail.com,2022-01-16,Lucknow
CRM009499,Diya Chatterjee,diya.chatterjee976@hotmail.com,2023-01-31,Lucknow
CRM000128,Rohan Bose,rohan.bose877@outlook.com,2023-09-10,Chennai
CRM003475,Vivaan Shah,vivaan.shah429@gmail.com,2024-06-13,Bangalore
CRM006359,Nisha Iyer,nisha.iyer446@hotmail.com,2023-02-14,Hyderabad
CRM008662,Rohan Das,rohan.das510@yahoo.com,2023-05-17,Thane
CRM004311,Vivaan Tiwari,vivaan.tiwari295@hotmail.com,2022-08-10,Jaipur
CRM002439,Kabir Gupta,kabir.gupta951@rediff.com,2023-09-21,Bangalore
CRM003766,Nisha Chatterjee,nisha.chatterjee781@yahoo.com,2023-09-09,Chennai
CRM007933,Riya Joshi,,2024-04-13,Indore
CRM009526,Saanvi Rao,saanvi.rao28@yahoo.com,2024-01-25,Bangalore
CRM006433,Raj Kumar,,2022-02-08,Kanpur
CRM006751,Rahul Mishra,rahul.mishra767@outlook.com,2022-01-11,Lucknow
CRM007172,Arjun Sharma,arjun.sharma341@outlook.com,2022-03-19,N/A
CRM010465,Aadhya Shah,aadhya.shah289@hotmail.com,2023-12-08,Mumbai
CRM001474,Kabir Iyer,kabir.iyer798@hotmail.com,2022-12-12,Patna
CRM006341,Diya Reddy,diya.reddy998@yahoo.com,2022-07-21,Thane
CRM004822,Suresh Chatterjee,suresh.chatterjee115@hotmail.com,2024-03-03,Thane
CRM007976,Sneha Verma,sneha.verma932@yahoo.com,2023-09-04,Kanpur
CRM003561,Priya Iyer,priya.iyer367@outlook.com,2023-06-24,Hyderabad
CRM003952,Rahul Rao,rahul.rao668@gmail.com,2022-09-10,Surat
CRM000050,Kavya Verma,kavya.verma31@outlook.com,2023-04-24,Visakhapatnam
CRM005438,Reyan Mehta,reyan.mehta440@yahoo.com,2022-09-15,Lucknow
CRM009119,Diya Nair,diya.nair356@gmail.com,2022-07-13,Kolkata
CRM000888,Meera Das,meera.das191@yahoo.com,2023-03-08,Nagpur
CRM006262,Rohan Reddy,rohan.reddy231@gmail.com,2022-12-10,Hyderabad
CRM006044,Vihaan Verma,vihaan.verma851@rediff.com,2022-04-18,Coimbatore
CRM002617,Priya Kumar,priya.kumar960@rediff.com,2022-01-06,Ahmedabad
CRM000517,Aditya Verma,aditya.verma927@hotmail.com,2023-06-15,Coimbatore
CRM003169,Priya Nair,priya.nair452@hotmail.com,2024-02-27,Delhi
CRM002950,Riya Bose,riya.bose803@gmail.com,2022-05-04,Bangalore
CRM001425,Raj Pillai,raj.pillai369@gmail.com,2022-07-06,Indore
CRM000140,Reyan Sinha,reyan.sinha673@outlook.com,2022-08-24,Chennai
CRM001925,Aadhya Mishra,aadhya.mishra731@hotmail.com,2022-04-09,Vadodara
CRM002379,Kavya Mehta,kavya.mehta212@hotmail.com,2023-07-08,Indore
CRM003198,Deepa Patel,deepa.patel456@hotmail.com,2022-09-27,Ahmedabad
CRM005132,Arjun Bose,arjun.bose556@rediff.com,2022-01-26,Patna
CRM000113,Rohan Shah,rohan.shah560@gmail.com,2023-12-22,Chennai
CRM004560,Raj Nair,raj.nair561@rediff.com,2022-10-01,Kolkata
CRM004596,Kritika Patel,kritika.patel275@outlook.com,2024-06-07,Chennai
CRM005330,Vivaan Joshi,vivaan.joshi577@yahoo.com,2022-05-23,Visakhapatnam
CRM003251,Nisha Bose,nisha.bose78@gmail.com,2023-01-03,Lucknow
CRM004691,Vivaan Verma,vivaan.verma913@gmail.com,2023-01-02,Delhi
CRM008365,Sai Gupta,sai.gupta582@hotmail.com,2023-07-08,Hyderabad
CRM003698,Aditya Kumar,aditya.kumar831@rediff.com,2022-04-05,Delhi
CRM004547,Suresh Iyer,,2022-02-15,Mumbai
CRM009713,Sai Mehta,sai.mehta27@yahoo.com,2023-09-13,Pune
CRM003278,Ishaan Tiwari,ishaan.tiwari232@hotmail.com,2022-04-09,Kanpur
CRM007253,Arjun Das,arjun.das817@yahoo.com,2024-01-09,Mumbai
CRM007614,Kritika Iyer,kritika.iyer436@gmail.com,2022-07-16,Visakhapatnam
CRM004069,Pooja Tiwari,pooja.tiwari997@yahoo.com,2023-09-13,Bangalore
CRM004409,Pooja Das,pooja.das412@outlook.com,2023-12-27,Visakhapatnam
CRM007096,Kabir Mishra,kabir.mishra784@yahoo.com,2022-11-11,Chennai
CRM009199,Ananya Gupta,ananya.gupta352@hotmail.com,2022-12-03,Ahmedabad
CRM010431,Ananya Pillai,ananya.pillai558@hotmail.com,2022-06-20,Hyderabad
CRM003223,Aditya Sinha,aditya.sinha233@gmail.com,2023-02-12,Coimbatore
CRM008799,Reyan Patel,reyan.patel259@yahoo.com,2023-01-30,Kanpur
CRM000452,Ishaan Nair,ishaan.nair151@rediff.com,2023-12-10,Lucknow
CRM003732,Kabir Verma,kabir.verma977@gmail.com,2023-06-09,Vadodara
CRM009597,Meera Singh,meera.singh800@rediff.com,2022-06-20,Bangalore
CRM004987,Pooja Chatterjee,pooja.chatterjee962@hotmail.com,2022-06-07,Hyderabad
CRM003664,Sneha Tiwari,sneha.tiwari25@yahoo.com,2023-12-26,Bangalore
CRM002764,Kabir Mehta,kabir.mehta979@rediff.com,2022-02-16,Lucknow
CRM000659,Vihaan Shah,vihaan.shah315@rediff.com,2023-09-24,Chennai
CRM005603,Meera Reddy,meera.reddy22@rediff.com,2024-04-22,Kolkata
CRM001856,Sneha Reddy,sneha.reddy794@gmail.com,2023-11-03,Visakhapatnam
CRM004621,Deepa Gupta,deepa.gupta573@hotmail.com,2024-04-02,Ahmedabad
CRM001000,Kavya Chatterjee,kavya.chatterjee777@outlook.com,2023-06-11,Patna
CRM000390,Raj Gupta,raj.gupta249@outlook.com,2023-05-09,Pune
CRM003408,Kritika Mishra,kritika.mishra101@outlook.com,2023-06-12,Thane
CRM006427,Diya Singh,diya.singh855@outlook.com,2022-03-21,N/A
CRM001477,Deepa Shah,deepa.shah416@outlook.com,2022-12-31,Bangalore
CRM002241,Vivaan Iyer,vivaan.iyer356@yahoo.com,2022-05-06,Lucknow
CRM002387,Sai Nair,,2023-12-24,Pune
CRM009795,Meera Pillai,meera.pillai499@hotmail.com,2024-05-20,Kanpur
CRM000993,Deepa Singh,deepa.singh365@yahoo.com,2023-07-31,Kanpur
CRM004998,Pooja Bose,pooja.bose538@rediff.com,2023-04-03,Visakhapatnam
CRM003923,Kritika Gupta,kritika.gupta488@gmail.com,2023-12-29,Bangalore
CRM002973,Aadhya Tiwari,aadhya.tiwari855@hotmail.com,2023-07-04,Indore
CRM003387,Raj Reddy,raj.reddy879@rediff.com,2023-04-09,Patna
CRM008515,Priya Singh,priya.singh774@hotmail.com,2024-01-13,Coimbatore
CRM009959,Vivaan Bose,vivaan.bose334@outlook.com,2022-03-01,Lucknow
CRM008025,Aadhya Bose,aadhya.bose230@outlook.com,2022-10-22,Patna
CRM004770,Saanvi Kumar,saanvi.kumar845@rediff.com,2023-09-07,Jaipur
CRM001294,Ishaan Sinha,ishaan.sinha602@hotmail.com,2024-01-10,Visakhapatnam
CRM001825,Amit Singh,amit.singh11@rediff.com,2023-12-30,Lucknow
CRM002874,Aarav Shah,aarav.shah284@yahoo.com,2023-06-18,Bangalore
CRM004174,Rohan Mishra,rohan.mishra231@gmail.com,2024-06-07,Hyderabad
CRM002536,Rohan Reddy,rohan.reddy931@outlook.com,2022-10-30,Bangalore
CRM009788,Ishaan Nair,ishaan.nair721@rediff.com,2024-03-30,Lucknow
CRM001908,Rahul Patel,rahul.patel756@gmail.com,2023-05-19,Hyderabad
CRM000043,Suresh Patel,suresh.patel294@gmail.com,2023-05-13,Lucknow
CRM010169,Suresh Reddy,suresh.reddy56@outlook.com,2023-05-25,Pune
CRM000369,Ananya Mehta,ananya.mehta374@gmail.com,2024-05-24,Pune
CRM006034,Sneha Das,sneha.das56@rediff.com,2023-11-19,Kolkata
CRM001152,Kavya Sinha,kavya.sinha35@gmail.com,2022-04-27,Hyderabad
CRM001568,Rahul Verma,rahul.verma680@rediff.com,2022-10-03,Mumbai
CRM010397,Pooja Iyer,pooja.iyer268@outlook.com,2023-06-26,Bangalore
CRM006827,Saanvi Mehta,saanvi.mehta126@yahoo.com,2024-04-03,Chennai
CRM008956,Kabir Reddy,kabir.reddy319@rediff.com,2023-04-13,Pune
CRM008616,Sneha Mehta,sneha.mehta889@yahoo.com,2023-05-26,Nagpur
CRM004161,Sneha Tiwari,sneha.tiwari442@hotmail.com,2024-05-20,Pune
CRM004288,Riya Nair,riya.nair858@gmail.com,2022-08-21,Ahmedabad
CRM002231,Priya Verma,priya.verma983@rediff.com,2022-12-18,Vadodara
CRM007750,Priya Singh,priya.singh727@yahoo.com,2022-05-26,Kanpur
CRM000175,Nisha Tiwari,nisha.tiwari432@yahoo.com,2024-03-08,Nagpur
CRM001904,Nisha Iyer,nisha.iyer91@outlook.com,2023-01-03,Coimbatore
CRM001100,Raj Rao,raj.rao43@yahoo.com,2023-03-23,Visakhapatnam
CRM008736,Kavya Mishra,kavya.mishra873@outlook.com,2022-08-05,Ahmedabad
CRM003409,Vijay Verma,vijay.verma772@rediff.com,2022-10-06,Vadodara
CRM001539,Raj Sharma,raj.sharma380@outlook.com,2023-05-18,Nagpur
CRM002293,Aarav Reddy,aarav.reddy599@hotmail.com,2023-11-22,Coimbatore
CRM009965,Priya Gupta,priya.gupta961@rediff.com,2022-05-17,Lucknow
CRM001364,Kritika Reddy,kritika.reddy950@outlook.com,2022-02-01,Visakhapatnam
CRM008047,Suresh Reddy,suresh.reddy921@yahoo.com,2023-02-08,Ahmedabad
CRM007655,Aditya Reddy,aditya.reddy472@yahoo.com,2022-12-29,Delhi
CRM005261,Reyan Tiwari,reyan.tiwari957@outlook.com,2023-05-01,Vadodara
CRM007863,Kritika Sinha,kritika.sinha864@gmail.com,2022-10-17,Thane
CRM008133,Ananya Reddy,ananya.reddy533@hotmail.com,2023-06-17,Bangalore
CRM000681,Arjun Sinha,arjun.sinha516@rediff.com,2022-05-10,--
CRM009982,Meera Pillai,meera.pillai189@rediff.com,2024-05-31,XX_CITY
CRM008500,Raj Kumar,raj.kumar576@gmail.com,2023-02-08,Visakhapatnam
CRM003665,Saanvi Pillai,saanvi.pillai360@yahoo.com,2023-04-18,UNKNOWN
CRM009658,Kritika Verma,kritika.verma575@yahoo.com,2023-11-28,Surat
CRM001662,Arjun Nair,arjun.nair697@rediff.com,2023-10-21,Pune
CRM000509,Suresh Chatterjee,suresh.chatterjee893@rediff.com,2024-04-10,Ahmedabad
CRM000167,Meera Das,meera.das396@outlook.com,2022-06-19,Patna
CRM005498,Meera Rao,meera.rao856@yahoo.com,2023-03-10,Patna
CRM008891,Aadhya Bose,aadhya.bose380@hotmail.com,2022-03-31,Vadodara
CRM001007,Aarav Reddy,aarav.reddy943@gmail.com,2023-07-27,Mumbai
CRM008944,Kavya Bose,kavya.bose872@gmail.com,2023-12-26,Chennai
CRM001915,Pooja Das,pooja.das692@rediff.com,2022-05-22,Coimbatore
CRM003495,Saanvi Nair,saanvi.nair148@hotmail.com,2022-03-24,Patna
CRM010322,Pooja Das,pooja.das347@gmail.com,2022-06-06,Pune
CRM010442,Aarav Pillai,aarav.pillai64@outlook.com,2022-11-16,Indore
CRM007437,Aarav Reddy,aarav.reddy543@yahoo.com,2024-02-13,Mumbai
CRM004991,Sneha Bose,sneha.bose768@yahoo.com,2022-08-15,Patna
CRM002537,Meera Das,meera.das217@gmail.com,2022-07-30,Delhi
CRM001105,Diya Rao,diya.rao587@hotmail.com,2024-03-24,Vadodara
CRM003876,Ishaan Pillai,ishaan.pillai21@hotmail.com,2023-07-11,Visakhapatnam
CRM008431,Deepa Kumar,deepa.kumar392@yahoo.com,2022-10-05,Ahmedabad
CRM001753,Meera Reddy,meera.reddy789@rediff.com,2023-08-08,Kolkata
CRM005311,Aditya Mishra,aditya.mishra324@hotmail.com,2023-07-23,Mumbai
CRM005953,Ananya Kumar,ananya.kumar226@yahoo.com,2022-05-31,Chennai
CRM008036,Arjun Mishra,arjun.mishra705@hotmail.com,2022-08-23,Coimbatore
CRM002917,Diya Verma,diya.verma75@gmail.com,2022-10-29,Hyderabad
CRM009210,Aarav Mishra,aarav.mishra539@rediff.com,2022-08-14,Mumbai
CRM005755,Vijay Chatterjee,vijay.chatterjee765@gmail.com,2022-04-24,Vadodara
CRM000153,Vivaan Gupta,vivaan.gupta304@hotmail.com,2024-02-18,Lucknow
CRM005231,Riya Mishra,riya.mishra178@gmail.com,2022-11-11,Surat
CRM008537,Vihaan Chatterjee,vihaan.chatterjee428@hotmail.com,2023-04-14,Lucknow
CRM005680,Vivaan Pillai,vivaan.pillai879@hotmail.com,2022-11-23,Vadodara
CRM003908,Amit Nair,amit.nair411@hotmail.com,2022-01-30,Nagpur
CRM009791,Ananya Shah,ananya.shah366@yahoo.com,2023-11-15,Ahmedabad
CRM002553,Rohan Sinha,rohan.sinha288@outlook.com,2022-12-23,Kanpur
CRM002774,Deepa Sinha,deepa.sinha948@outlook.com,2023-02-07,Bangalore
CRM007038,Vijay Patel,vijay.patel403@yahoo.com,2024-01-22,Thane
CRM003552,Meera Singh,meera.singh744@gmail.com,2022-07-10,Coimbatore
CRM003723,Kritika Das,kritika.das965@yahoo.com,2023-10-04,Vadodara
CRM007670,Vihaan Das,vihaan.das862@rediff.com,2022-05-22,Mumbai
CRM000521,Vihaan Chatterjee,vihaan.chatterjee69@hotmail.com,2022-08-26,Thane
CRM008694,Amit Kumar,amit.kumar690@rediff.com,2022-09-14,Surat
CRM009596,Riya Verma,riya.verma881@yahoo.com,2022-06-06,Kanpur
CRM004539,Ananya Iyer,ananya.iyer21@gmail.com,2023-12-12,Coimbatore
CRM006176,Aadhya Mehta,aadhya.mehta589@hotmail.com,2023-05-18,Jaipur
CRM007823,Suresh Bose,suresh.bose431@outlook.com,2023-11-13,Pune
CRM001823,Kabir Mishra,kabir.mishra103@gmail.com,2024-04-15,Mumbai
CRM004087,Arjun Singh,arjun.singh66@gmail.com,2023-09-20,Bhopal
CRM007094,Reyan Nair,reyan.nair76@outlook.com,2022-12-28,Ahmedabad
CRM009370,Kritika Sharma,kritika.sharma848@gmail.com,2022-09-16,Pune
CRM001992,Vihaan Das,vihaan.das407@gmail.com,2023-10-30,UNKNOWN
CRM009437,Suresh Shah,suresh.shah48@gmail.com,2023-02-28,Hyderabad
CRM000310,Raj Singh,raj.singh132@hotmail.com,2023-01-01,Thane
CRM004309,Priya Rao,priya.rao893@hotmail.com,2022-08-24,Hyderabad
CRM007467,Reyan Mishra,reyan.mishra416@rediff.com,2022-05-19,Nagpur
CRM008318,Sneha Gupta,sneha.gupta788@yahoo.com,2022-01-25,Pune
CRM003600,Reyan Sharma,reyan.sharma862@yahoo.com,2023-12-15,N/A
CRM003623,Aditya Verma,aditya.verma607@gmail.com,2022-07-14,Kanpur
CRM003812,Ananya Sinha,ananya.sinha631@rediff.com,2023-01-22,Ahmedabad
CRM006006,Rohan Verma,rohan.verma613@outlook.com,2022-02-20,Mumbai
CRM003451,Pooja Kumar,pooja.kumar651@outlook.com,2022-02-01,Surat
CRM004592,Meera Reddy,meera.reddy220@yahoo.com,2022-10-19,Bhopal
CRM000206,Reyan Reddy,reyan.reddy570@hotmail.com,2023-09-15,Lucknow
CRM001069,Ishaan Singh,ishaan.singh131@yahoo.com,2022-01-27,Surat
CRM001136,Aarav Rao,aarav.rao41@gmail.com,2022-09-16,Lucknow
CRM006681,Saanvi Pillai,saanvi.pillai51@gmail.com,2023-09-07,Jaipur
CRM010054,Reyan Pillai,reyan.pillai43@rediff.com,2024-02-15,Delhi
CRM002750,Kavya Sharma,kavya.sharma187@outlook.com,2023-02-17,Jaipur
CRM003614,Kavya Mehta,kavya.mehta67@yahoo.com,2023-12-02,Mumbai
CRM000306,Reyan Iyer,reyan.iyer351@hotmail.com,2024-04-18,Vadodara
CRM001850,Saanvi Mehta,saanvi.mehta433@rediff.com,2022-05-09,Lucknow
CRM009224,Kritika Nair,kritika.nair647@hotmail.com,2022-08-19,Thane
CRM009717,Aditya Gupta,,2022-02-26,Lucknow
CRM001989,Vijay Reddy,vijay.reddy712@rediff.com,2023-06-13,Lucknow
CRM003241,Rahul Nair,rahul.nair577@outlook.com,2022-10-08,Visakhapatnam
CRM002799,Kritika Chatterjee,kritika.chatterjee946@rediff.com,2022-02-02,Hyderabad
CRM004516,Kritika Shah,kritika.shah892@outlook.com,2022-05-11,Lucknow
CRM005631,Reyan Das,reyan.das683@hotmail.com,2022-08-15,Lucknow
CRM008535,Diya Bose,diya.bose737@rediff.com,2024-03-10,Mumbai
CRM003110,Nisha Sinha,nisha.sinha125@hotmail.com,2024-03-17,Pune
CRM004940,Arjun Sharma,arjun.sharma943@yahoo.com,2024-05-21,Lucknow
CRM004060,Vivaan Shah,vivaan.shah570@gmail.com,2024-03-30,Jaipur
CRM001988,Rohan Pillai,rohan.pillai941@outlook.com,2023-11-18,Ahmedabad
CRM005935,Aditya Reddy,aditya.reddy285@rediff.com,2023-05-25,Chennai
CRM009514,Kabir Shah,kabir.shah525@gmail.com,2024-02-27,Bhopal
CRM007638,Saanvi Iyer,saanvi.iyer952@yahoo.com,2023-01-12,Jaipur
CRM000384,Kritika Singh,kritika.singh360@outlook.com,2022-10-29,Thane
CRM005635,Aadhya Reddy,aadhya.reddy160@gmail.com,2023-02-28,Coimbatore
CRM004308,Pooja Shah,pooja.shah239@gmail.com,2023-01-19,Jaipur
CRM003389,Saanvi Singh,saanvi.singh601@yahoo.com,2022-04-21,Kanpur
CRM003157,Priya Sinha,priya.sinha705@outlook.com,2023-03-09,Bangalore
CRM006054,Rohan Nair,rohan.nair452@outlook.com,2022-11-10,Coimbatore
CRM008167,Raj Iyer,raj.iyer554@hotmail.com,2023-01-27,Ahmedabad
CRM006535,Vivaan Verma,vivaan.verma747@outlook.com,2022-10-26,Kolkata
CRM002728,Suresh Reddy,suresh.reddy146@rediff.com,2023-07-10,Delhi
CRM007310,Aditya Mishra,aditya.mishra660@outlook.com,2023-07-04,Kanpur
CRM007251,Deepa Patel,deepa.patel747@hotmail.com,2022-05-17,Thane
CRM009307,Priya Reddy,priya.reddy586@gmail.com,2023-09-07,Visakhapatnam
CRM008894,Kabir Rao,kabir.rao501@outlook.com,2022-02-26,Mumbai
CRM010372,Ishaan Verma,ishaan.verma73@outlook.com,2022-08-09,Kanpur
CRM006974,Vihaan Verma,vihaan.verma864@hotmail.com,2023-07-14,Coimbatore
CRM003833,Saanvi Rao,saanvi.rao522@gmail.com,2024-05-26,Visakhapatnam
CRM009488,Priya Tiwari,priya.tiwari788@rediff.com,2024-04-17,Kanpur
CRM004777,Kritika Kumar,kritika.kumar484@gmail.com,2024-02-06,Indore
CRM004277,Sai Shah,sai.shah18@yahoo.com,2023-07-27,Mumbai
CRM000254,Ananya Sharma,ananya.sharma541@yahoo.com,2022-10-18,Surat
CRM008491,Rohan Reddy,rohan.reddy677@yahoo.com,2022-07-25,Hyderabad
CRM010277,Sai Singh,,2022-04-13,Ahmedabad
CRM002925,Arjun Joshi,arjun.joshi900@hotmail.com,2023-01-19,Visakhapatnam
CRM000279,Reyan Pillai,reyan.pillai103@yahoo.com,2023-08-29,Patna
CRM006772,Kabir Joshi,kabir.joshi308@gmail.com,2024-03-02,Visakhapatnam
CRM003253,Arjun Rao,arjun.rao551@gmail.com,2024-05-30,Thane
CRM009322,Aadhya Bose,aadhya.bose137@hotmail.com,2022-10-22,Delhi
CRM002481,Suresh Pillai,suresh.pillai336@outlook.com,2023-10-27,Nagpur
CRM000290,Priya Mehta,priya.mehta518@outlook.com,2023-12-11,Bhopal
CRM010275,Rohan Patel,,2022-03-05,Nagpur
CRM003076,Suresh Rao,suresh.rao468@yahoo.com,2023-07-10,Bangalore
CRM004074,Ananya Singh,,2024-03-30,Hyderabad
CRM002584,Riya Das,riya.das675@outlook.com,2022-07-28,Hyderabad
CRM007388,Kabir Reddy,kabir.reddy249@gmail.com,2022-02-03,UNKNOWN
CRM006109,Deepa Nair,deepa.nair187@outlook.com,2024-06-19,Delhi
CRM005090,Rohan Nair,rohan.nair617@outlook.com,2023-05-01,Indore
CRM006333,Vivaan Kumar,vivaan.kumar265@yahoo.com,2023-04-07,Kanpur
CRM010042,Arjun Iyer,arjun.iyer457@yahoo.com,2022-06-19,Pune
CRM008295,Aarav Patel,aarav.patel661@yahoo.com,2022-01-15,Surat
CRM010409,Nisha Mehta,nisha.mehta768@rediff.com,2023-08-23,Indore
CRM008995,Rohan Reddy,rohan.reddy551@outlook.com,2022-05-06,Lucknow
CRM006851,Kabir Tiwari,kabir.tiwari404@rediff.com,2023-06-29,Bhopal
CRM009601,Vijay Shah,vijay.shah451@gmail.com,2022-02-03,Bhopal
CRM007062,Kabir Bose,kabir.bose410@gmail.com,2024-03-16,Delhi
CRM004067,Aditya Singh,aditya.singh208@yahoo.com,2023-04-17,Bhopal
CRM000271,Pooja Reddy,pooja.reddy835@gmail.com,2022-09-22,Lucknow
CRM006010,Sai Iyer,sai.iyer607@outlook.com,2023-05-27,Vadodara
CRM004571,Amit Shah,amit.shah157@hotmail.com,2022-11-05,Thane
CRM003577,Nisha Mehta,nisha.mehta230@yahoo.com,2023-06-24,Visakhapatnam
CRM003566,Suresh Das,suresh.das925@gmail.com,2023-07-21,Thane
CRM002972,Vivaan Iyer,vivaan.iyer467@yahoo.com,2022-01-08,Chennai
CRM007149,Vivaan Singh,vivaan.singh35@gmail.com,2022-08-29,Kanpur
CRM009400,Saanvi Sharma,saanvi.sharma641@hotmail.com,2022-11-24,--
CRM004208,Sneha Patel,sneha.patel376@rediff.com,2023-05-24,Mumbai
CRM003219,Ananya Patel,ananya.patel330@gmail.com,2023-12-10,Surat
CRM001392,Deepa Patel,deepa.patel897@hotmail.com,2023-09-12,Indore
CRM006697,Aditya Sharma,aditya.sharma740@outlook.com,2023-08-14,Bangalore
CRM003976,Amit Mehta,amit.mehta54@yahoo.com,2023-05-15,Jaipur
CRM004317,Deepa Chatterjee,deepa.chatterjee784@outlook.com,2023-08-18,Bangalore
CRM007730,Vivaan Reddy,vivaan.reddy698@yahoo.com,2022-05-20,Bhopal
CRM002676,Ishaan Kumar,ishaan.kumar977@gmail.com,2024-02-29,Coimbatore
CRM006898,Aarav Verma,aarav.verma204@outlook.com,2024-01-26,Kolkata
CRM001423,Saanvi Gupta,saanvi.gupta723@hotmail.com,2022-07-22,Delhi
CRM000084,Meera Gupta,meera.gupta555@rediff.com,2023-08-08,Kanpur
CRM000874,Ananya Gupta,ananya.gupta649@gmail.com,2023-03-10,Patna
CRM010293,Sai Das,sai.das205@yahoo.com,2023-08-22,Bangalore
CRM008488,Aarav Tiwari,aarav.tiwari867@gmail.com,2023-05-10,Bhopal
CRM004558,Aadhya Tiwari,,2024-04-18,Kolkata
CRM004501,Reyan Tiwari,reyan.tiwari762@rediff.com,2023-07-09,Kanpur
CRM004648,Reyan Gupta,reyan.gupta591@gmail.com,2022-01-25,Nagpur
CRM008605,Sai Nair,sai.nair979@yahoo.com,2024-04-01,Mumbai
CRM006471,Vihaan Kumar,,2023-12-28,Lucknow
CRM002039,Aditya Mehta,aditya.mehta374@yahoo.com,2023-08-23,Nagpur
CRM008385,Ananya Das,ananya.das640@gmail.com,2023-02-15,Delhi
CRM010386,Rahul Sharma,rahul.sharma702@gmail.com,2023-09-20,Ahmedabad
CRM007970,Sai Das,sai.das810@hotmail.com,2024-03-06,Chennai
CRM002451,Reyan Sharma,,2023-01-17,Vadodara
CRM003955,Ananya Joshi,ananya.joshi514@yahoo.com,2024-02-12,Kolkata
CRM002330,Deepa Bose,deepa.bose170@yahoo.com,2022-07-15,Visakhapatnam
CRM009779,Amit Tiwari,amit.tiwari244@rediff.com,2023-09-30,Mumbai
CRM006243,Rahul Kumar,rahul.kumar420@yahoo.com,2022-10-25,Bangalore
CRM008120,Sneha Reddy,sneha.reddy863@outlook.com,2022-08-11,Surat
CRM005043,Diya Pillai,,2022-12-31,Jaipur
CRM010034,Kabir Rao,kabir.rao12@hotmail.com,2022-04-25,Surat
CRM004747,Rahul Shah,rahul.shah827@outlook.com,2022-11-05,Coimbatore
CRM010037,Priya Bose,priya.bose469@gmail.com,2023-04-24,Pune
CRM008814,Aarav Bose,aarav.bose687@hotmail.com,2024-05-20,Bangalore
CRM007504,Aditya Kumar,aditya.kumar629@yahoo.com,2022-04-08,Jaipur
CRM007667,Aarav Verma,aarav.verma548@rediff.com,2022-12-05,UNKNOWN
CRM007336,Meera Singh,meera.singh599@gmail.com,2023-02-24,Ahmedabad
CRM002402,Nisha Tiwari,nisha.tiwari240@yahoo.com,2022-08-16,Jaipur
CRM005521,Amit Reddy,amit.reddy623@rediff.com,2024-03-30,Chennai
CRM001217,Reyan Mishra,reyan.mishra988@gmail.com,2023-10-23,Lucknow
CRM009319,Arjun Mishra,arjun.mishra684@gmail.com,2023-04-19,Ahmedabad
CRM006021,Nisha Bose,nisha.bose501@yahoo.com,2023-11-14,Ahmedabad
CRM007921,Ishaan Patel,ishaan.patel790@rediff.com,2022-07-22,Hyderabad
CRM001065,Vivaan Mehta,vivaan.mehta141@rediff.com,2024-06-21,Indore
CRM003787,Priya Gupta,priya.gupta537@outlook.com,2023-02-10,Hyderabad
CRM004411,Suresh Sinha,suresh.sinha625@rediff.com,2023-08-13,Kolkata
CRM007915,Arjun Mishra,arjun.mishra424@outlook.com,2024-05-30,Delhi
CRM007804,Pooja Joshi,pooja.joshi762@outlook.com,2023-11-17,Bangalore
CRM005524,Reyan Tiwari,reyan.tiwari781@outlook.com,2022-03-21,Hyderabad
CRM005997,Aadhya Pillai,,2024-05-14,Kolkata
CRM009470,Nisha Bose,nisha.bose45@gmail.com,2024-04-22,Kanpur
CRM005889,Aarav Reddy,aarav.reddy284@rediff.com,2023-01-23,Pune
CRM002162,Suresh Mishra,suresh.mishra477@hotmail.com,2023-01-05,Bhopal
CRM003009,Kavya Mishra,kavya.mishra177@hotmail.com,2023-08-14,Thane
CRM009356,Rohan Mehta,,2022-10-01,Visakhapatnam
CRM001106,Priya Patel,priya.patel387@hotmail.com,2024-03-15,Mumbai
CRM010401,Nisha Pillai,nisha.pillai925@yahoo.com,2022-10-21,Vadodara
CRM000693,Diya Patel,diya.patel335@rediff.com,2023-11-11,Hyderabad
CRM002004,Nisha Nair,nisha.nair500@rediff.com,2023-11-22,Lucknow
CRM004957,Nisha Shah,nisha.shah614@rediff.com,2024-06-14,Bangalore
CRM007620,Saanvi Chatterjee,saanvi.chatterjee625@hotmail.com,2022-10-23,Surat
CRM009076,Vivaan Iyer,vivaan.iyer573@rediff.com,2022-05-08,Bhopal
CRM004370,Nisha Bose,nisha.bose608@yahoo.com,2023-04-08,Vadodara
CRM002766,Reyan Pillai,reyan.pillai103@hotmail.com,2024-05-31,Vadodara
CRM003930,Raj Pillai,raj.pillai835@rediff.com,2023-06-26,Pune
CRM008211,Ananya Kumar,ananya.kumar510@rediff.com,2023-05-03,Thane
CRM009363,Suresh Mehta,suresh.mehta257@yahoo.com,2024-03-07,Mumbai
CRM001881,Suresh Reddy,suresh.reddy892@outlook.com,2024-05-18,Coimbatore
CRM007382,Aadhya Chatterjee,aadhya.chatterjee131@rediff.com,2022-11-30,Coimbatore
CRM000629,Saanvi Singh,saanvi.singh25@outlook.com,2023-02-04,Bhopal
CRM002452,Nisha Das,nisha.das931@hotmail.com,2022-01-24,Hyderabad
CRM007205,Aarav Gupta,aarav.gupta286@rediff.com,2022-01-12,Patna
CRM007785,Rohan Rao,rohan.rao729@gmail.com,2023-11-04,Bhopal
CRM003825,Amit Kumar,amit.kumar165@yahoo.com,2023-10-23,Mumbai
CRM009623,Vihaan Mehta,vihaan.mehta720@rediff.com,2023-09-10,Bhopal
CRM002653,Deepa Shah,deepa.shah20@gmail.com,2023-04-26,Lucknow
CRM009759,Kritika Tiwari,kritika.tiwari115@gmail.com,2024-02-04,Bangalore
CRM003744,Ananya Chatterjee,ananya.chatterjee897@gmail.com,2023-05-27,Visakhapatnam
CRM002177,Rohan Patel,rohan.patel976@gmail.com,2023-08-15,Mumbai
CRM008676,Aarav Patel,aarav.patel89@hotmail.com,2023-06-21,Lucknow
CRM006690,Sai Sinha,sai.sinha275@hotmail.com,2023-09-14,Kolkata
CRM008935,Pooja Kumar,pooja.kumar478@hotmail.com,2022-03-18,Visakhapatnam
CRM003319,Diya Sinha,diya.sinha224@hotmail.com,2024-02-26,Delhi
CRM007958,Nisha Pillai,nisha.pillai688@outlook.com,2024-03-03,Coimbatore
CRM002788,Amit Nair,amit.nair167@hotmail.com,2023-02-20,Jaipur
CRM004106,Rahul Nair,rahul.nair525@gmail.com,2023-04-15,Surat
CRM007337,Vivaan Rao,vivaan.rao291@yahoo.com,2023-06-07,Delhi
CRM001677,Suresh Mehta,suresh.mehta783@gmail.com,2023-12-09,Thane
CRM003948,Sneha Chatterjee,sneha.chatterjee814@yahoo.com,2022-09-22,Bangalore
CRM004445,Nisha Mehta,nisha.mehta469@yahoo.com,2022-07-27,Pune
CRM002937,Saanvi Rao,saanvi.rao867@gmail.com,2024-02-29,Kolkata
CRM007690,Deepa Nair,deepa.nair426@yahoo.com,2023-10-18,Pune
CRM002838,Ishaan Rao,ishaan.rao163@yahoo.com,2023-03-13,Jaipur
CRM005723,Raj Shah,raj.shah547@gmail.com,2024-06-10,Bangalore
CRM009569,Riya Gupta,riya.gupta994@hotmail.com,2023-09-26,Jaipur
CRM002504,Aarav Kumar,aarav.kumar82@rediff.com,2023-03-15,Nagpur
CRM009111,Amit Iyer,amit.iyer788@yahoo.com,2023-09-09,Bangalore
CRM002370,Vivaan Tiwari,vivaan.tiwari37@rediff.com,2024-02-10,Mumbai
CRM004968,Kritika Das,kritika.das201@outlook.com,2023-03-03,Surat
CRM005884,Ishaan Shah,ishaan.shah754@gmail.com,2023-01-07,Indore
CRM002218,Kritika Mehta,kritika.mehta100@outlook.com,2024-03-04,Delhi
CRM005848,Vivaan Gupta,vivaan.gupta501@yahoo.com,2024-02-02,Bhopal
CRM002219,Vihaan Sharma,vihaan.sharma160@outlook.com,2024-04-19,Kanpur
CRM003327,Aditya Mehta,aditya.mehta609@gmail.com,2023-02-14,Mumbai
CRM007772,Suresh Bose,suresh.bose627@yahoo.com,2024-01-08,Visakhapatnam
CRM003584,Rahul Rao,rahul.rao326@gmail.com,2023-03-28,Kanpur
CRM009570,Diya Rao,diya.rao331@outlook.com,2024-05-16,Chennai
CRM003620,Amit Mishra,amit.mishra81@rediff.com,2023-07-23,Hyderabad
CRM006218,Meera Iyer,meera.iyer481@yahoo.com,2023-03-10,Coimbatore
CRM002469,Amit Das,amit.das235@hotmail.com,2023-11-29,Bangalore
CRM007423,Vivaan Joshi,vivaan.joshi814@yahoo.com,2023-04-15,Bhopal
CRM003116,Pooja Nair,,2024-04-15,Kolkata
CRM000086,Deepa Nair,deepa.nair445@yahoo.com,2022-02-22,Kolkata
CRM001684,Amit Kumar,amit.kumar897@rediff.com,2024-02-01,Patna
CRM005974,Kabir Gupta,kabir.gupta394@outlook.com,2022-03-08,Pune
CRM002802,Kritika Sinha,,2023-06-01,Surat
CRM003672,Kabir Nair,kabir.nair914@yahoo.com,2024-03-25,Bangalore
CRM003668,Sneha Mehta,sneha.mehta155@gmail.com,2022-07-29,Indore
CRM010490,Vijay Nair,vijay.nair406@hotmail.com,2022-10-10,Lucknow
CRM008941,Aditya Reddy,aditya.reddy974@rediff.com,2022-09-17,Chennai
CRM005159,Saanvi Bose,saanvi.bose869@outlook.com,2023-11-26,Surat
CRM006977,Vihaan Verma,vihaan.verma606@hotmail.com,2022-11-30,Mumbai
CRM005726,Diya Bose,diya.bose711@gmail.com,2023-04-30,Lucknow
CRM004591,Ananya Bose,ananya.bose699@gmail.com,2023-11-07,Bhopal
CRM002020,Saanvi Bose,saanvi.bose84@hotmail.com,2022-06-26,Delhi
CRM003424,Aditya Singh,aditya.singh367@gmail.com,2024-01-14,Lucknow
CRM002526,Pooja Sharma,pooja.sharma677@hotmail.com,2022-06-06,Delhi
CRM008316,Meera Shah,,2022-05-05,Lucknow
CRM008331,Kritika Chatterjee,kritika.chatterjee158@rediff.com,2023-05-12,Bangalore
CRM003213,Arjun Sharma,arjun.sharma391@rediff.com,2024-04-28,Jaipur
CRM000520,Kabir Chatterjee,kabir.chatterjee410@yahoo.com,2022-11-20,--
CRM005367,Kabir Iyer,kabir.iyer274@yahoo.com,2023-05-19,Ahmedabad
CRM010285,Diya Patel,diya.patel486@hotmail.com,2023-05-27,Indore
CRM006594,Aditya Pillai,aditya.pillai164@gmail.com,2022-12-04,Nagpur
CRM002896,Vijay Reddy,vijay.reddy421@yahoo.com,2022-01-01,Thane
CRM000245,Diya Nair,diya.nair821@outlook.com,2023-06-12,Bangalore
CRM005931,Sneha Shah,sneha.shah294@yahoo.com,2023-01-13,Ahmedabad
CRM004715,Suresh Joshi,suresh.joshi37@hotmail.com,2022-08-02,Lucknow
CRM009870,Rohan Joshi,rohan.joshi799@rediff.com,2023-11-27,Ahmedabad
CRM003426,Saanvi Rao,,2023-12-30,Mumbai
CRM007776,Aditya Sharma,aditya.sharma803@rediff.com,2022-03-03,Lucknow
CRM009512,Kritika Bose,kritika.bose222@outlook.com,2024-03-15,Mumbai
CRM007757,Aarav Nair,aarav.nair936@gmail.com,2024-05-21,Kolkata
CRM007663,Kabir Gupta,kabir.gupta801@hotmail.com,2024-04-12,Delhi
CRM007884,Saanvi Verma,saanvi.verma114@rediff.com,2024-04-05,Bhopal
CRM008275,Arjun Tiwari,,2024-04-12,Chennai
CRM005510,Rahul Patel,rahul.patel69@outlook.com,2024-03-09,Thane
CRM006298,Raj Sinha,raj.sinha91@outlook.com,2022-11-05,Nagpur
CRM002002,Aarav Rao,aarav.rao498@outlook.com,2022-10-27,Hyderabad
CRM000886,Aditya Das,aditya.das733@gmail.com,2022-10-13,Kolkata
CRM000870,Nisha Iyer,nisha.iyer139@yahoo.com,2022-01-30,Lucknow
CRM006455,Meera Mishra,meera.mishra829@hotmail.com,2022-12-09,Vadodara
CRM010380,Sai Mishra,sai.mishra921@rediff.com,2022-01-17,Jaipur
CRM008276,Kabir Iyer,kabir.iyer343@outlook.com,2022-12-02,Hyderabad
CRM005721,Kabir Shah,kabir.shah331@outlook.com,2022-03-25,Mumbai
CRM000357,Aarav Iyer,aarav.iyer905@gmail.com,2023-06-14,Kolkata
CRM004793,Aadhya Nair,aadhya.nair377@rediff.com,2023-07-03,Mumbai
CRM005452,Sneha Rao,sneha.rao468@outlook.com,2023-04-12,Jaipur
CRM008780,Vihaan Patel,vihaan.patel202@rediff.com,2024-01-27,Bangalore
CRM007429,Aditya Das,aditya.das487@yahoo.com,2023-12-05,Patna
CRM002744,Diya Das,diya.das383@gmail.com,2024-04-14,UNKNOWN
CRM010216,Saanvi Verma,saanvi.verma601@rediff.com,2022-02-12,Jaipur
CRM001276,Reyan Sharma,reyan.sharma275@rediff.com,2023-07-16,XX_CITY
CRM001891,Raj Kumar,raj.kumar191@outlook.com,2024-06-27,Jaipur
CRM009309,Priya Chatterjee,priya.chatterjee730@gmail.com,2022-06-01,Delhi
CRM006416,Diya Patel,diya.patel314@gmail.com,2022-09-09,Chennai
CRM010207,Aarav Singh,aarav.singh610@rediff.com,2022-03-16,Hyderabad
CRM009842,Sneha Singh,sneha.singh114@outlook.com,2022-03-20,Ahmedabad
CRM003564,Saanvi Nair,saanvi.nair79@yahoo.com,2024-02-15,Visakhapatnam
CRM005788,Vijay Rao,vijay.rao811@yahoo.com,2022-07-27,Lucknow
CRM004959,Nisha Iyer,nisha.iyer612@rediff.com,2023-01-08,Chennai
CRM001547,Kritika Bose,kritika.bose875@gmail.com,2023-04-14,Nagpur
CRM006194,Aarav Kumar,aarav.kumar803@gmail.com,2024-02-23,Bhopal
CRM002381,Amit Sinha,amit.sinha369@yahoo.com,2023-10-31,Chennai
CRM006475,Suresh Singh,suresh.singh851@hotmail.com,2023-11-11,Delhi
CRM003824,Raj Kumar,raj.kumar715@rediff.com,2023-12-05,Bhopal
CRM003233,Meera Mehta,meera.mehta658@hotmail.com,2022-12-23,Pune
CRM008992,Aadhya Mehta,aadhya.mehta603@gmail.com,2023-02-01,Ahmedabad
CRM003307,Vihaan Verma,vihaan.verma894@gmail.com,2022-03-28,Mumbai
CRM000493,Deepa Mishra,deepa.mishra74@gmail.com,2023-02-21,Bhopal
CRM003500,Nisha Sinha,nisha.sinha147@rediff.com,2022-02-13,Kanpur
CRM008730,Rohan Mishra,rohan.mishra210@gmail.com,2022-01-25,Kanpur
CRM001117,Suresh Chatterjee,suresh.chatterjee482@hotmail.com,2022-02-09,Visakhapatnam
CRM005638,Aadhya Verma,aadhya.verma943@rediff.com,2023-06-07,Hyderabad
CRM009407,Priya Iyer,priya.iyer452@yahoo.com,2022-07-12,Hyderabad
CRM006147,Kritika Bose,kritika.bose454@outlook.com,2022-08-29,Surat
CRM003835,Aarav Tiwari,aarav.tiwari715@outlook.com,2023-03-02,Kolkata
CRM009408,Riya Gupta,riya.gupta187@rediff.com,2023-07-08,Bangalore
CRM007741,Meera Sinha,meera.sinha166@hotmail.com,2023-11-16,Indore
CRM008815,Rohan Shah,rohan.shah455@gmail.com,2023-10-19,Mumbai
CRM006858,Amit Pillai,amit.pillai671@yahoo.com,2024-05-14,Thane
CRM009226,Priya Patel,priya.patel178@rediff.com,2022-11-25,Indore
CRM006590,Amit Kumar,amit.kumar522@gmail.com,2022-06-24,Pune
CRM010424,Suresh Singh,suresh.singh465@outlook.com,2023-07-21,Indore
CRM003646,Aditya Bose,aditya.bose200@gmail.com,2023-10-13,Surat
CRM002501,Diya Reddy,diya.reddy28@outlook.com,2023-08-14,Hyderabad
CRM005678,Sneha Gupta,sneha.gupta309@rediff.com,2023-08-16,Bangalore
CRM008678,Amit Nair,amit.nair704@gmail.com,2022-10-25,Jaipur
CRM005242,Riya Chatterjee,riya.chatterjee722@rediff.com,2024-02-23,Delhi
CRM007533,Kritika Reddy,kritika.reddy912@hotmail.com,2022-03-26,Jaipur
CRM002784,Pooja Patel,pooja.patel61@hotmail.com,2022-08-26,Visakhapatnam
CRM006159,Priya Gupta,priya.gupta115@outlook.com,2024-03-02,Coimbatore
CRM003810,Vihaan Mishra,vihaan.mishra467@outlook.com,2023-11-20,Mumbai
CRM007645,Kabir Chatterjee,kabir.chatterjee126@yahoo.com,2022-09-09,Indore
CRM009265,Aditya Gupta,aditya.gupta944@gmail.com,2024-04-30,Hyderabad
CRM002994,Aditya Sinha,aditya.sinha656@gmail.com,2023-12-20,Chennai
CRM001697,Amit Rao,amit.rao934@gmail.com,2022-02-26,Mumbai
CRM005686,Riya Iyer,riya.iyer841@rediff.com,2022-03-27,Chennai
CRM002296,Kavya Bose,kavya.bose196@gmail.com,2022-12-12,Patna
CRM010462,Arjun Sharma,arjun.sharma277@gmail.com,2022-04-05,Lucknow
CRM006505,Meera Iyer,meera.iyer335@yahoo.com,2023-03-04,Nagpur
CRM005940,Aadhya Mishra,aadhya.mishra443@rediff.com,2022-01-07,Patna
CRM002053,Vivaan Mehta,vivaan.mehta471@outlook.com,2024-05-13,Delhi
CRM001777,Ananya Chatterjee,ananya.chatterjee352@rediff.com,2024-05-05,Chennai
CRM010238,Rohan Iyer,rohan.iyer18@gmail.com,2023-07-08,Mumbai
CRM003314,Pooja Patel,pooja.patel463@hotmail.com,2024-01-07,Hyderabad
CRM004782,Suresh Pillai,suresh.pillai185@hotmail.com,2022-12-04,Ahmedabad
CRM006633,Ishaan Joshi,ishaan.joshi464@gmail.com,2023-08-19,Hyderabad
CRM009059,Aarav Chatterjee,aarav.chatterjee808@outlook.com,2023-09-28,Ahmedabad
CRM007826,Ananya Das,ananya.das446@gmail.com,2023-08-23,Visakhapatnam
CRM001593,Kavya Iyer,kavya.iyer270@outlook.com,2024-05-30,Pune
CRM001724,Vijay Chatterjee,vijay.chatterjee424@yahoo.com,2024-04-02,Kanpur
CRM000216,Riya Pillai,riya.pillai753@yahoo.com,2024-05-07,Patna
CRM007302,Saanvi Pillai,saanvi.pillai786@yahoo.com,2023-05-07,Nagpur
CRM006708,Raj Chatterjee,raj.chatterjee807@outlook.com,2022-04-08,Chennai
CRM008846,Priya Joshi,priya.joshi633@gmail.com,2022-05-26,Mumbai
CRM000491,Aadhya Chatterjee,aadhya.chatterjee454@rediff.com,2023-11-17,Thane
CRM009789,Pooja Das,pooja.das607@yahoo.com,2022-03-30,Surat
CRM003484,Rahul Joshi,rahul.joshi648@hotmail.com,2022-05-31,Pune
CRM007007,Kritika Mishra,kritika.mishra441@gmail.com,2023-09-20,Delhi
CRM005103,Deepa Tiwari,deepa.tiwari745@rediff.com,2023-08-16,Bhopal
CRM005188,Vihaan Sinha,vihaan.sinha950@yahoo.com,2023-06-25,Coimbatore
CRM003432,Pooja Chatterjee,pooja.chatterjee53@outlook.com,2022-05-31,Delhi
CRM006600,Aarav Kumar,aarav.kumar226@outlook.com,2022-07-02,Nagpur
CRM007268,Pooja Verma,pooja.verma680@rediff.com,2023-04-21,Mumbai
CRM000461,Raj Das,raj.das359@gmail.com,2022-07-06,Surat
CRM006411,Rohan Iyer,rohan.iyer294@hotmail.com,2024-02-20,Surat
CRM006651,Aadhya Sharma,aadhya.sharma498@rediff.com,2023-04-07,Bangalore
CRM005514,Rahul Patel,rahul.patel544@gmail.com,2022-07-29,Jaipur
CRM000026,Vijay Chatterjee,vijay.chatterjee105@outlook.com,2023-11-29,Delhi
CRM003513,Raj Reddy,raj.reddy721@rediff.com,2024-03-01,Bhopal
CRM002410,Ananya Pillai,ananya.pillai56@rediff.com,2022-11-27,Chennai
CRM003271,Kritika Chatterjee,kritika.chatterjee877@rediff.com,2022-03-29,Kolkata
CRM005210,Vivaan Tiwari,vivaan.tiwari507@rediff.com,2022-01-09,Visakhapatnam
CRM009336,Suresh Bose,suresh.bose337@yahoo.com,2023-02-05,Chennai
CRM001553,Riya Nair,riya.nair708@rediff.com,2023-03-29,Ahmedabad
CRM009859,Sai Iyer,sai.iyer17@gmail.com,2022-08-10,Delhi
CRM009238,Aarav Sharma,aarav.sharma672@gmail.com,2022-12-14,Nagpur
CRM009650,Raj Patel,raj.patel844@rediff.com,2022-11-13,XX_CITY
CRM003872,Saanvi Tiwari,saanvi.tiwari101@yahoo.com,2023-02-11,Kolkata
CRM003403,Aditya Shah,aditya.shah161@rediff.com,2024-02-25,Bangalore
CRM004530,Reyan Nair,reyan.nair788@outlook.com,2024-01-25,Delhi
CRM000980,Diya Mishra,diya.mishra693@rediff.com,2023-09-19,Bangalore
CRM002656,Meera Nair,meera.nair878@outlook.com,2023-09-21,Nagpur
CRM001848,Sneha Sinha,sneha.sinha826@rediff.com,2023-07-24,Patna
CRM009827,Kavya Joshi,kavya.joshi854@outlook.com,2024-03-14,Ahmedabad
CRM008830,Sneha Joshi,sneha.joshi414@rediff.com,2023-10-01,Mumbai
CRM008219,Priya Das,priya.das577@hotmail.com,2022-12-15,Pune
CRM008304,Rahul Sharma,rahul.sharma374@hotmail.com,2022-01-04,Patna
CRM005722,Vijay Pillai,vijay.pillai217@rediff.com,2024-06-10,Indore
CRM000516,Ishaan Kumar,ishaan.kumar286@gmail.com,2022-09-16,Kolkata
CRM008813,Arjun Joshi,arjun.joshi20@hotmail.com,2022-12-17,Lucknow
CRM010336,Amit Kumar,amit.kumar828@hotmail.com,2023-03-27,Lucknow
CRM008889,Nisha Iyer,nisha.iyer664@gmail.com,2024-03-30,Indore
CRM001103,Pooja Kumar,pooja.kumar381@hotmail.com,2023-10-22,Indore
CRM003277,Vijay Chatterjee,vijay.chatterjee137@rediff.com,2022-02-15,Kolkata
CRM007660,Reyan Gupta,reyan.gupta30@gmail.com,2023-04-26,Surat
CRM005346,Kavya Joshi,kavya.joshi177@gmail.com,2023-05-18,Delhi
CRM002658,Aadhya Iyer,aadhya.iyer161@rediff.com,2023-10-08,Mumbai
CRM009726,Sneha Sharma,sneha.sharma312@hotmail.com,2023-11-28,UNKNOWN
CRM008929,Sneha Nair,sneha.nair614@outlook.com,2022-12-31,Vadodara
CRM003997,Reyan Tiwari,reyan.tiwari647@rediff.com,2024-03-04,Nagpur
CRM000195,Sai Chatterjee,sai.chatterjee199@yahoo.com,2023-03-31,Lucknow
CRM004712,Suresh Pillai,suresh.pillai946@hotmail.com,2022-07-04,Lucknow
CRM000644,Kritika Mishra,kritika.mishra648@rediff.com,2022-10-21,Nagpur
CRM008982,Meera Gupta,meera.gupta438@outlook.com,2023-03-24,Indore
CRM003286,Raj Das,raj.das528@rediff.com,2023-02-15,Kanpur
CRM003117,Priya Kumar,priya.kumar119@hotmail.com,2023-11-10,Ahmedabad
CRM009479,Riya Rao,riya.rao370@hotmail.com,2022-12-07,Kolkata
CRM003576,Sai Chatterjee,sai.chatterjee112@rediff.com,2024-01-24,Kolkata
CRM006873,Kavya Iyer,kavya.iyer48@yahoo.com,2023-11-05,Mumbai
CRM007786,Rahul Sharma,rahul.sharma481@hotmail.com,2022-11-15,Kolkata
CRM004321,Ananya Tiwari,ananya.tiwari847@rediff.com,2023-09-14,Patna
CRM007460,Riya Singh,riya.singh95@gmail.com,2024-04-01,Nagpur
CRM008508,Deepa Reddy,deepa.reddy211@outlook.com,2024-02-15,Thane
CRM002208,Vijay Sinha,vijay.sinha629@yahoo.com,2023-03-30,Lucknow
CRM004553,Kritika Sinha,kritika.sinha672@gmail.com,2023-10-19,Delhi
CRM004403,Saanvi Reddy,saanvi.reddy780@outlook.com,2022-04-25,Nagpur
CRM009483,Ishaan Reddy,ishaan.reddy992@rediff.com,2023-05-22,Lucknow
CRM003719,Meera Sharma,meera.sharma457@outlook.com,2024-04-13,Chennai
CRM000973,Diya Shah,diya.shah510@rediff.com,2023-11-15,Thane
CRM004580,Vivaan Chatterjee,vivaan.chatterjee233@rediff.com,2022-08-22,Coimbatore
CRM006517,Sneha Rao,sneha.rao640@rediff.com,2024-03-03,UNKNOWN
CRM006699,Vihaan Bose,vihaan.bose684@rediff.com,2022-11-17,Coimbatore
CRM000720,Kavya Bose,kavya.bose767@rediff.com,2022-07-06,Bangalore
CRM007529,Priya Gupta,priya.gupta187@gmail.com,2023-07-31,Thane
CRM006156,Rohan Das,rohan.das217@hotmail.com,2022-07-01,Lucknow
CRM010103,Kritika Sharma,kritika.sharma604@hotmail.com,2022-01-24,Delhi
CRM003897,Nisha Reddy,nisha.reddy994@hotmail.com,2023-11-05,Indore
CRM002804,Rahul Tiwari,rahul.tiwari472@rediff.com,2022-03-07,Kanpur
CRM002567,Sneha Tiwari,sneha.tiwari916@gmail.com,2023-04-27,Kanpur
CRM004026,Rahul Patel,rahul.patel991@hotmail.com,2022-02-03,Bangalore
CRM006199,Saanvi Gupta,saanvi.gupta991@rediff.com,2022-02-10,Chennai
CRM000033,Suresh Patel,suresh.patel715@outlook.com,2023-12-21,Kanpur
CRM008899,Reyan Shah,reyan.shah907@yahoo.com,2022-07-14,Vadodara
CRM002471,Pooja Kumar,pooja.kumar686@gmail.com,2024-01-15,Mumbai
CRM003541,Priya Tiwari,priya.tiwari529@hotmail.com,2022-07-20,Vadodara
CRM004064,Kabir Singh,kabir.singh42@gmail.com,2024-04-23,Patna
CRM009592,Arjun Mehta,arjun.mehta541@rediff.com,2022-11-15,Nagpur
CRM005541,Vijay Chatterjee,vijay.chatterjee111@hotmail.com,2024-03-08,Pune
CRM001698,Sai Tiwari,sai.tiwari456@hotmail.com,2023-08-18,Patna
CRM002793,Saanvi Gupta,saanvi.gupta334@rediff.com,2022-07-11,Patna
CRM002223,Deepa Singh,deepa.singh973@rediff.com,2022-02-10,Visakhapatnam
CRM005819,Reyan Pillai,reyan.pillai673@outlook.com,2022-05-31,Hyderabad
CRM001278,Saanvi Kumar,saanvi.kumar495@outlook.com,2022-04-05,Coimbatore
CRM003765,Sai Tiwari,sai.tiwari403@rediff.com,2024-06-10,Chennai
CRM003867,Sai Chatterjee,sai.chatterjee98@gmail.com,2024-02-18,Mumbai
CRM010032,Priya Rao,priya.rao567@outlook.com,2022-04-01,Nagpur
CRM009281,Vijay Shah,vijay.shah138@rediff.com,2024-06-25,Mumbai
CRM009582,Pooja Joshi,pooja.joshi67@gmail.com,2022-05-27,Coimbatore
CRM007702,Ishaan Bose,ishaan.bose945@rediff.com,2022-07-28,Hyderabad
CRM008963,Kritika Singh,kritika.singh564@gmail.com,2023-02-11,Patna
CRM003759,Priya Verma,priya.verma796@rediff.com,2022-08-08,Vadodara
CRM002832,Nisha Mishra,nisha.mishra776@outlook.com,2023-08-20,Delhi
CRM003228,Vihaan Shah,vihaan.shah684@yahoo.com,2023-12-02,Ahmedabad
CRM004215,Vivaan Rao,vivaan.rao826@outlook.com,2023-02-10,Nagpur
CRM003924,Sneha Das,sneha.das688@yahoo.com,2024-01-14,UNKNOWN
CRM003905,Rahul Bose,rahul.bose694@yahoo.com,2022-09-25,Lucknow
CRM002278,Sneha Nair,sneha.nair451@yahoo.com,2023-12-15,Mumbai
CRM007002,Saanvi Reddy,saanvi.reddy259@rediff.com,2022-07-13,Bangalore
CRM009649,Vivaan Bose,vivaan.bose860@gmail.com,2023-09-15,Coimbatore
CRM001402,Priya Singh,priya.singh951@hotmail.com,2022-03-02,Pune
CRM000740,Reyan Mishra,reyan.mishra114@yahoo.com,2023-03-12,Kanpur
CRM006553,Arjun Chatterjee,arjun.chatterjee645@outlook.com,2024-01-20,Kanpur
CRM004267,Sai Joshi,sai.joshi914@rediff.com,2022-01-25,Indore
CRM010356,Sai Mishra,sai.mishra969@outlook.com,2023-08-01,Coimbatore
CRM004980,Priya Pillai,priya.pillai792@rediff.com,2022-12-16,Kanpur
CRM003254,Raj Patel,raj.patel381@outlook.com,2023-10-29,Bhopal
CRM003852,Kritika Kumar,kritika.kumar653@yahoo.com,2022-07-30,Indore
CRM009248,Sai Patel,sai.patel77@hotmail.com,2022-05-11,Nagpur
CRM002662,Reyan Tiwari,reyan.tiwari119@yahoo.com,2023-03-18,Kolkata
CRM007517,Rahul Chatterjee,rahul.chatterjee83@gmail.com,2022-10-07,Chennai
CRM007898,Kavya Patel,kavya.patel470@outlook.com,2024-06-05,Bangalore
CRM000675,Kabir Chatterjee,kabir.chatterjee797@yahoo.com,2024-06-07,Patna
CRM008172,Raj Rao,raj.rao228@rediff.com,2024-06-14,Thane
CRM007012,Nisha Nair,nisha.nair939@outlook.com,2023-08-19,Lucknow
CRM007342,Rohan Nair,rohan.nair454@hotmail.com,2024-01-25,Bangalore
CRM003842,Kavya Rao,kavya.rao362@hotmail.com,2022-09-25,Lucknow
CRM001816,Kavya Mehta,,2022-11-23,Pune
CRM008927,Vivaan Sinha,vivaan.sinha838@yahoo.com,2023-12-15,Mumbai
CRM010015,Aditya Tiwari,aditya.tiwari989@yahoo.com,2022-05-23,Thane
CRM009864,Ishaan Bose,ishaan.bose444@gmail.com,2024-04-25,Pune
CRM004654,Vijay Bose,vijay.bose990@gmail.com,2023-10-04,Lucknow
CRM003658,Pooja Shah,pooja.shah158@yahoo.com,2024-03-18,Mumbai
CRM002101,Sneha Bose,sneha.bose400@rediff.com,2023-03-03,Indore
CRM005164,Arjun Kumar,,2023-08-08,Patna
CRM006709,Riya Iyer,riya.iyer693@gmail.com,2022-04-11,Mumbai
CRM001674,Nisha Sinha,nisha.sinha675@yahoo.com,2022-10-01,Vadodara
CRM002102,Diya Mishra,diya.mishra539@gmail.com,2024-01-01,Mumbai
CRM004214,Priya Tiwari,priya.tiwari426@gmail.com,2023-05-17,Chennai
CRM008023,Saanvi Kumar,saanvi.kumar62@yahoo.com,2023-12-28,Bangalore
CRM001549,Riya Sinha,riya.sinha977@yahoo.com,2022-12-20,Coimbatore
CRM008226,Aarav Verma,aarav.verma560@yahoo.com,2023-11-17,Indore
CRM007392,Ishaan Joshi,ishaan.joshi955@rediff.com,2022-11-10,Jaipur
CRM003324,Ishaan Das,ishaan.das278@outlook.com,2022-05-11,Delhi
CRM008279,Nisha Nair,nisha.nair621@rediff.com,2024-03-09,Coimbatore
CRM000356,Saanvi Bose,saanvi.bose976@yahoo.com,2023-08-12,Nagpur
CRM005185,Nisha Das,nisha.das753@gmail.com,2023-06-30,Delhi
CRM001462,Arjun Das,arjun.das811@outlook.com,2022-05-26,Nagpur
CRM008716,Vijay Tiwari,vijay.tiwari204@gmail.com,2022-08-13,Coimbatore
CRM006632,Raj Pillai,raj.pillai867@yahoo.com,2023-08-15,Patna
CRM010055,Sneha Kumar,sneha.kumar127@rediff.com,2022-03-27,Chennai
CRM003221,Vivaan Joshi,vivaan.joshi150@outlook.com,2022-09-26,Vadodara
CRM000940,Vijay Tiwari,vijay.tiwari234@yahoo.com,2024-04-18,Bhopal
CRM009817,Riya Reddy,riya.reddy290@rediff.com,2022-03-11,Coimbatore
CRM005148,Kabir Nair,kabir.nair525@rediff.com,2022-06-27,Pune
CRM007171,Kavya Pillai,kavya.pillai118@yahoo.com,2022-11-08,Bhopal
CRM006418,Vihaan Rao,,2023-04-05,Chennai
CRM005924,Aditya Reddy,aditya.reddy136@rediff.com,2024-04-27,Bangalore
CRM008611,Ananya Pillai,ananya.pillai689@gmail.com,2024-03-31,Ahmedabad
CRM001752,Ishaan Bose,ishaan.bose576@gmail.com,2023-05-14,Pune
CRM003977,Pooja Singh,pooja.singh103@yahoo.com,2023-01-10,Lucknow
CRM008467,Rahul Patel,rahul.patel869@gmail.com,2024-05-13,Bangalore
CRM001773,Suresh Gupta,suresh.gupta456@outlook.com,2023-08-13,Thane
CRM001197,Raj Rao,raj.rao334@yahoo.com,2023-12-26,Mumbai
CRM001879,Amit Chatterjee,amit.chatterjee440@rediff.com,2023-12-24,Mumbai
CRM002669,Kabir Chatterjee,kabir.chatterjee348@rediff.com,2022-01-24,Patna
CRM003172,Kabir Sharma,kabir.sharma945@gmail.com,2022-09-19,Delhi
CRM002017,Deepa Nair,deepa.nair18@yahoo.com,2022-05-31,Ahmedabad
CRM002006,Rohan Chatterjee,rohan.chatterjee743@yahoo.com,2024-01-16,Kanpur
CRM008862,Kritika Pillai,kritika.pillai155@rediff.com,2024-04-26,Nagpur
CRM003894,Riya Sharma,riya.sharma513@yahoo.com,2022-04-04,Bhopal
CRM001892,Rahul Kumar,rahul.kumar829@yahoo.com,2024-04-13,Mumbai
CRM003238,Vijay Sinha,vijay.sinha642@outlook.com,2022-09-22,Visakhapatnam
CRM004425,Deepa Kumar,deepa.kumar933@hotmail.com,2023-05-10,Patna
CRM004745,Aarav Sinha,aarav.sinha419@gmail.com,2024-04-07,Surat
CRM009797,Pooja Pillai,pooja.pillai475@yahoo.com,2023-07-08,Mumbai
CRM002079,Priya Verma,priya.verma727@yahoo.com,2024-02-02,Mumbai
CRM005220,Nisha Shah,nisha.shah454@gmail.com,2024-01-31,Vadodara
CRM000397,Suresh Shah,suresh.shah588@rediff.com,2024-06-19,Mumbai
CRM002789,Suresh Mishra,suresh.mishra654@yahoo.com,2023-09-02,Thane
CRM002258,Amit Pillai,amit.pillai38@outlook.com,2024-05-08,Nagpur
CRM007519,Kabir Bose,kabir.bose112@yahoo.com,2023-03-20,Patna
CRM004073,Sneha Iyer,sneha.iyer626@hotmail.com,2023-10-06,Thane
CRM005575,Kritika Sharma,kritika.sharma493@outlook.com,2022-01-07,Kanpur
CRM008961,Aadhya Patel,aadhya.patel752@yahoo.com,2022-12-03,Jaipur
CRM010186,Priya Kumar,priya.kumar99@hotmail.com,2023-12-08,Mumbai
CRM005356,Nisha Singh,nisha.singh306@outlook.com,2023-07-26,Mumbai
CRM008729,Suresh Bose,suresh.bose542@gmail.com,2024-03-15,Kolkata
CRM006094,Vihaan Sinha,,2023-06-28,Chennai
CRM009084,Kabir Tiwari,kabir.tiwari265@gmail.com,2022-02-12,Bhopal
CRM001520,Riya Mishra,riya.mishra64@yahoo.com,2023-02-26,Delhi
CRM009170,Priya Singh,priya.singh695@yahoo.com,2022-02-25,Indore
CRM001379,Suresh Singh,suresh.singh290@gmail.com,2022-01-24,Jaipur
CRM005673,Saanvi Sharma,saanvi.sharma749@rediff.com,2023-03-24,Pune
CRM001024,Rahul Tiwari,rahul.tiwari401@hotmail.com,2024-03-03,Ahmedabad
CRM002588,Kavya Pillai,kavya.pillai220@gmail.com,2022-08-15,Delhi
CRM009116,Deepa Tiwari,deepa.tiwari90@gmail.com,2023-06-19,Jaipur
CRM008118,Ishaan Joshi,ishaan.joshi523@rediff.com,2023-12-17,Mumbai
CRM005622,Kabir Patel,kabir.patel316@rediff.com,2022-07-03,Surat
CRM008490,Aarav Sharma,aarav.sharma599@hotmail.com,2023-08-27,Bangalore
CRM005009,Vihaan Tiwari,vihaan.tiwari347@rediff.com,2024-03-05,Vadodara
CRM002858,Pooja Sharma,pooja.sharma485@gmail.com,2023-02-23,Delhi
CRM008844,Suresh Sinha,suresh.sinha47@outlook.com,2024-01-29,Kanpur
CRM005772,Aarav Iyer,aarav.iyer613@rediff.com,2022-02-03,Patna
CRM005843,Reyan Bose,reyan.bose986@outlook.com,2024-06-02,Bhopal
CRM007123,Ishaan Singh,ishaan.singh18@rediff.com,2022-11-10,Thane
CRM005958,Kabir Kumar,kabir.kumar454@outlook.com,2022-04-24,Patna
CRM005833,Aarav Gupta,aarav.gupta247@outlook.com,2023-12-22,Bangalore
CRM001630,Vihaan Sharma,vihaan.sharma737@outlook.com,2023-04-08,Thane
CRM004889,Aditya Verma,aditya.verma683@outlook.com,2023-09-02,Chennai
CRM004527,Amit Das,amit.das467@yahoo.com,2023-11-20,Delhi
CRM003524,Pooja Shah,pooja.shah861@outlook.com,2023-04-30,Kolkata
CRM005905,Vivaan Kumar,vivaan.kumar732@rediff.com,2023-05-27,Coimbatore
CRM000523,Suresh Iyer,suresh.iyer753@hotmail.com,2023-01-23,Visakhapatnam
CRM003608,Priya Pillai,priya.pillai714@hotmail.com,2022-02-26,Kolkata
CRM010090,Arjun Singh,arjun.singh75@gmail.com,2022-06-25,Ahmedabad
CRM005221,Kritika Das,kritika.das389@gmail.com,2024-02-24,Kanpur
CRM007181,Ishaan Sharma,ishaan.sharma944@rediff.com,2023-06-15,Ahmedabad
CRM000235,Saanvi Sharma,saanvi.sharma201@hotmail.com,2024-01-11,Chennai
CRM003989,Ishaan Gupta,ishaan.gupta112@rediff.com,2022-04-02,Hyderabad
CRM003797,Aadhya Mishra,aadhya.mishra578@outlook.com,2022-01-07,Ahmedabad
CRM004119,Kritika Gupta,kritika.gupta791@rediff.com,2023-08-03,Vadodara
CRM006319,Sai Sharma,sai.sharma801@rediff.com,2022-06-11,Lucknow
CRM005002,Riya Verma,riya.verma43@rediff.com,2024-03-21,Lucknow
CRM007095,Kabir Patel,kabir.patel566@rediff.com,2024-05-31,Bangalore
CRM006776,Kavya Mehta,kavya.mehta552@yahoo.com,2022-07-22,Bhopal
CRM003801,Kritika Iyer,kritika.iyer995@outlook.com,2023-02-17,Delhi
CRM010441,Vivaan Joshi,vivaan.joshi600@rediff.com,2024-05-27,Chennai
CRM003900,Kabir Gupta,kabir.gupta183@yahoo.com,2024-03-28,Lucknow
CRM005025,Vivaan Das,vivaan.das421@rediff.com,2023-10-05,Hyderabad
CRM001949,Vijay Shah,vijay.shah658@rediff.com,2022-01-03,Pune
CRM006362,Diya Kumar,diya.kumar982@rediff.com,2022-10-06,Ahmedabad
CRM000471,Suresh Kumar,suresh.kumar955@yahoo.com,2023-01-21,Indore
CRM002449,Aarav Shah,aarav.shah850@rediff.com,2022-03-24,Visakhapatnam
CRM003493,Saanvi Shah,saanvi.shah695@rediff.com,2024-02-03,Ahmedabad
CRM006835,Diya Iyer,diya.iyer89@gmail.com,2024-03-28,Vadodara
CRM006092,Aditya Joshi,aditya.joshi243@yahoo.com,2022-10-17,Ahmedabad
CRM002672,Vijay Das,vijay.das578@hotmail.com,2023-05-23,Chennai
CRM010496,Nisha Mishra,nisha.mishra868@outlook.com,2022-05-01,Kanpur
CRM002225,Kritika Bose,kritika.bose282@yahoo.com,2023-01-26,Bhopal
CRM001107,Nisha Kumar,nisha.kumar924@outlook.com,2022-01-23,Surat
CRM002189,Rahul Shah,rahul.shah67@outlook.com,2022-06-02,Kanpur
CRM000819,Amit Joshi,amit.joshi442@outlook.com,2023-01-04,Patna
CRM007055,Kabir Singh,kabir.singh933@yahoo.com,2022-05-18,Pune
CRM006756,Vijay Kumar,vijay.kumar897@yahoo.com,2024-02-15,Mumbai
CRM005572,Vihaan Sinha,vihaan.sinha276@gmail.com,2022-02-15,XX_CITY
CRM004524,Arjun Nair,arjun.nair556@yahoo.com,2023-08-26,Visakhapatnam
CRM005794,Aditya Pillai,aditya.pillai794@yahoo.com,2023-12-27,Delhi
CRM010051,Kabir Sharma,kabir.sharma103@gmail.com,2022-01-28,Coimbatore
CRM009414,Priya Nair,priya.nair147@gmail.com,2022-02-14,Jaipur
CRM005739,Reyan Sinha,reyan.sinha856@rediff.com,2022-02-02,Kanpur
CRM002625,Pooja Nair,pooja.nair908@hotmail.com,2022-11-06,Chennai
CRM008177,Rohan Iyer,rohan.iyer277@hotmail.com,2023-05-03,--
CRM010062,Sneha Patel,sneha.patel23@yahoo.com,2023-03-20,Hyderabad
CRM000971,Vijay Chatterjee,vijay.chatterjee914@gmail.com,2023-12-15,Chennai
CRM009773,Kabir Sinha,kabir.sinha247@yahoo.com,2022-09-09,Delhi
CRM000889,Reyan Rao,reyan.rao931@outlook.com,2022-10-09,Hyderabad
CRM009089,Diya Chatterjee,diya.chatterjee997@hotmail.com,2024-03-26,Coimbatore
CRM007808,Aarav Shah,aarav.shah431@yahoo.com,2024-06-15,Pune
CRM002438,Meera Mishra,meera.mishra155@yahoo.com,2023-04-13,Ahmedabad
CRM006057,Amit Sinha,amit.sinha701@outlook.com,2023-05-18,Jaipur
CRM008145,Aditya Mehta,aditya.mehta610@outlook.com,2022-02-12,Surat
CRM000818,Aarav Tiwari,aarav.tiwari760@rediff.com,2022-03-12,Pune
CRM009578,Arjun Bose,arjun.bose170@yahoo.com,2022-06-08,Mumbai
CRM003415,Kritika Sinha,kritika.sinha699@hotmail.com,2024-04-29,Bhopal
CRM006353,Rahul Joshi,rahul.joshi747@gmail.com,2024-04-05,Thane
CRM002342,Ishaan Pillai,ishaan.pillai430@outlook.com,2023-06-11,Bangalore
CRM009678,Saanvi Singh,saanvi.singh434@gmail.com,2022-12-09,Coimbatore
CRM003168,Rohan Patel,rohan.patel564@outlook.com,2023-07-25,Vadodara
CRM001810,Reyan Mishra,reyan.mishra197@yahoo.com,2023-08-17,Indore
CRM008483,Rahul Mishra,rahul.mishra589@yahoo.com,2022-10-04,Coimbatore
CRM008695,Reyan Chatterjee,reyan.chatterjee799@rediff.com,2022-04-22,Chennai
CRM007162,Vijay Sinha,vijay.sinha846@outlook.com,2024-01-03,Mumbai
CRM001265,Pooja Bose,pooja.bose321@rediff.com,2023-12-30,Jaipur
CRM005087,Aarav Sharma,aarav.sharma721@yahoo.com,2022-10-28,Nagpur
CRM008392,Kabir Reddy,kabir.reddy757@yahoo.com,2023-11-10,Thane
CRM005836,Aditya Pillai,aditya.pillai534@outlook.com,2023-09-30,Indore
CRM007017,Vihaan Nair,vihaan.nair41@rediff.com,2022-12-29,Thane
CRM005195,Aadhya Mishra,aadhya.mishra756@yahoo.com,2024-02-14,Coimbatore
CRM004450,Diya Gupta,diya.gupta332@yahoo.com,2024-05-04,Bangalore
CRM004946,Rahul Kumar,rahul.kumar994@hotmail.com,2022-09-12,Patna
CRM004046,Rahul Nair,rahul.nair142@yahoo.com,2022-06-10,Bhopal
CRM007516,Priya Pillai,priya.pillai467@yahoo.com,2022-09-21,Nagpur
CRM003703,Nisha Tiwari,nisha.tiwari700@hotmail.com,2022-07-30,Mumbai
CRM001036,Meera Rao,meera.rao47@outlook.com,2024-06-13,Bangalore
CRM009919,Pooja Das,pooja.das25@yahoo.com,2023-10-17,Bangalore
CRM006920,Ishaan Nair,ishaan.nair448@rediff.com,2024-01-13,Hyderabad
CRM005591,Arjun Mehta,arjun.mehta167@yahoo.com,2022-06-06,Kolkata
CRM007227,Amit Nair,amit.nair225@gmail.com,2022-03-09,Nagpur
CRM001229,Nisha Sinha,nisha.sinha619@outlook.com,2022-07-12,Visakhapatnam
CRM009896,Sai Iyer,sai.iyer151@yahoo.com,2023-09-11,Nagpur
CRM007553,Raj Singh,raj.singh999@hotmail.com,2022-10-28,Hyderabad
CRM000425,Amit Iyer,amit.iyer593@rediff.com,2023-10-27,Indore
CRM005142,Vihaan Singh,vihaan.singh360@hotmail.com,2022-03-22,Patna
CRM002459,Amit Singh,amit.singh292@gmail.com,2024-02-15,Hyderabad
CRM006552,Kabir Gupta,kabir.gupta236@yahoo.com,2023-06-26,Coimbatore
CRM000053,Aadhya Joshi,aadhya.joshi249@gmail.com,2024-01-12,Bangalore
CRM001012,Suresh Kumar,suresh.kumar633@gmail.com,2023-12-08,Visakhapatnam
CRM006556,Reyan Kumar,reyan.kumar195@yahoo.com,2022-05-05,Bhopal
CRM008369,Ananya Sinha,ananya.sinha365@hotmail.com,2023-12-08,Patna
CRM007182,Sai Rao,sai.rao388@rediff.com,2022-09-26,--
CRM009288,Pooja Pillai,pooja.pillai599@rediff.com,2023-04-30,Surat
CRM000160,Arjun Mehta,arjun.mehta490@gmail.com,2023-11-28,Mumbai
CRM008447,Priya Shah,priya.shah860@rediff.com,2023-06-01,Nagpur
CRM001588,Nisha Kumar,nisha.kumar527@outlook.com,2022-05-02,Lucknow
CRM001590,Aditya Nair,aditya.nair872@hotmail.com,2022-11-11,Ahmedabad
CRM005467,Vivaan Joshi,vivaan.joshi613@rediff.com,2022-12-22,Coimbatore
CRM008622,Nisha Bose,nisha.bose505@yahoo.com,2024-03-17,Mumbai
CRM010142,Aditya Chatterjee,aditya.chatterjee337@rediff.com,2023-04-08,Visakhapatnam
CRM009996,Raj Kumar,raj.kumar270@hotmail.com,2022-06-21,Pune
CRM006688,Diya Gupta,diya.gupta729@gmail.com,2023-11-16,Kanpur
CRM010008,Saanvi Verma,saanvi.verma174@outlook.com,2022-08-08,Kolkata
CRM007992,Sai Rao,sai.rao905@outlook.com,2024-05-21,Bangalore
CRM009469,Reyan Shah,reyan.shah190@rediff.com,2022-10-19,Visakhapatnam
CRM006175,Aarav Mishra,aarav.mishra160@outlook.com,2024-04-09,Pune
CRM009648,Aarav Iyer,aarav.iyer591@gmail.com,2023-01-22,Hyderabad
CRM009532,Priya Mehta,priya.mehta120@outlook.com,2022-04-01,Bhopal
CRM007481,Rohan Mishra,rohan.mishra870@gmail.com,2022-01-23,Visakhapatnam
CRM003859,Aditya Sharma,aditya.sharma626@yahoo.com,2023-01-04,Patna
CRM001670,Ananya Iyer,,2023-01-21,Chennai
CRM007723,Kavya Bose,kavya.bose638@rediff.com,2024-02-12,Visakhapatnam
CRM002829,Raj Das,raj.das186@yahoo.com,2023-04-16,Bangalore
CRM000437,Kritika Sinha,kritika.sinha581@hotmail.com,2023-06-10,Lucknow
CRM005790,Saanvi Iyer,saanvi.iyer372@hotmail.com,2022-09-01,Bhopal
CRM010177,Diya Gupta,diya.gupta814@hotmail.com,2022-09-06,Ahmedabad
CRM010139,Pooja Das,pooja.das946@outlook.com,2023-06-01,Nagpur
CRM009655,Priya Iyer,priya.iyer156@outlook.com,2023-12-02,Pune
CRM003879,Vivaan Mishra,vivaan.mishra239@outlook.com,2022-04-07,Pune
CRM001589,Raj Iyer,raj.iyer536@gmail.com,2022-04-15,Ahmedabad
CRM007399,Priya Chatterjee,,2023-04-04,Bangalore
CRM002781,Diya Kumar,diya.kumar647@rediff.com,2022-11-02,Indore
CRM009627,Saanvi Rao,saanvi.rao205@gmail.com,2023-07-06,Lucknow
CRM009169,Vihaan Kumar,vihaan.kumar877@hotmail.com,2023-06-12,Vadodara
CRM005687,Saanvi Singh,saanvi.singh955@gmail.com,2023-12-16,Delhi
CRM003966,Kavya Patel,kavya.patel835@yahoo.com,2023-08-14,Delhi
CRM004728,Aditya Singh,aditya.singh799@rediff.com,2022-01-05,Kolkata
CRM000974,Priya Tiwari,priya.tiwari840@hotmail.com,2022-10-30,Bhopal
CRM001239,Diya Reddy,diya.reddy537@hotmail.com,2023-06-10,Kanpur
CRM002952,Nisha Rao,nisha.rao751@yahoo.com,2022-04-08,Kanpur
CRM002343,Meera Sharma,meera.sharma906@yahoo.com,2022-08-04,Kolkata
CRM007535,Meera Das,meera.das751@hotmail.com,2024-04-04,Vadodara
CRM008314,Sneha Verma,sneha.verma21@outlook.com,2024-01-22,Chennai
CRM006047,Aditya Sinha,aditya.sinha391@outlook.com,2023-03-14,Jaipur
CRM002159,Vijay Nair,vijay.nair12@gmail.com,2023-03-14,Vadodara
CRM009952,Sneha Sharma,sneha.sharma446@outlook.com,2022-11-08,Mumbai
CRM007609,Rohan Rao,rohan.rao444@yahoo.com,2024-05-25,Bangalore
CRM001498,Kabir Sharma,kabir.sharma556@rediff.com,2023-05-23,Jaipur
CRM004546,Arjun Nair,arjun.nair950@outlook.com,2024-02-16,Bangalore
CRM006466,Kabir Chatterjee,kabir.chatterjee667@gmail.com,2023-12-28,Bangalore
CRM007356,Aadhya Bose,aadhya.bose341@gmail.com,2023-11-05,Delhi
CRM004258,Rahul Reddy,rahul.reddy865@hotmail.com,2022-09-16,Thane
CRM002423,Arjun Tiwari,arjun.tiwari237@rediff.com,2023-01-07,Pune
CRM009174,Kritika Gupta,kritika.gupta143@gmail.com,2024-06-22,Hyderabad
CRM008166,Deepa Gupta,deepa.gupta906@gmail.com,2024-03-17,Pune
CRM005186,Reyan Bose,reyan.bose894@rediff.com,2023-09-22,Bangalore
CRM005648,Kavya Gupta,kavya.gupta690@hotmail.com,2022-06-03,Kolkata
CRM000358,Ananya Iyer,ananya.iyer542@yahoo.com,2024-06-09,Mumbai
CRM005243,Vivaan Sharma,vivaan.sharma385@yahoo.com,2022-06-20,Bangalore
CRM002131,Vivaan Shah,vivaan.shah295@yahoo.com,2023-12-10,Hyderabad
CRM009903,Aarav Mishra,aarav.mishra851@outlook.com,2023-04-13,Surat
CRM002093,Vivaan Patel,vivaan.patel226@rediff.com,2023-06-17,Visakhapatnam
CRM005410,Sneha Patel,sneha.patel488@hotmail.com,2024-05-20,Visakhapatnam
CRM002016,Raj Iyer,raj.iyer352@outlook.com,2023-10-10,Patna
CRM009708,Kritika Iyer,kritika.iyer305@gmail.com,2024-06-22,Kanpur
CRM004045,Sneha Sinha,sneha.sinha491@yahoo.com,2023-09-26,Pune
CRM000188,Pooja Mishra,pooja.mishra430@rediff.com,2022-09-02,Pune
CRM007914,Sai Joshi,sai.joshi869@hotmail.com,2022-06-10,Bangalore
CRM003656,Vijay Bose,vijay.bose323@yahoo.com,2022-05-26,Patna
CRM003427,Diya Mehta,diya.mehta70@rediff.com,2022-05-07,Surat
CRM008250,Arjun Shah,arjun.shah168@hotmail.com,2022-03-29,Indore
CRM001382,Rohan Shah,rohan.shah875@gmail.com,2023-09-01,Hyderabad
CRM008402,Aarav Mehta,aarav.mehta248@outlook.com,2023-03-12,Bhopal
CRM000414,Rahul Joshi,rahul.joshi773@hotmail.com,2023-09-29,Mumbai
CRM007428,Diya Singh,diya.singh462@hotmail.com,2022-02-26,Bangalore
CRM005038,Raj Sharma,raj.sharma824@outlook.com,2023-07-24,Delhi
CRM004898,Kabir Kumar,kabir.kumar941@outlook.com,2022-08-04,Kolkata
CRM003337,Diya Chatterjee,diya.chatterjee731@gmail.com,2022-02-17,Nagpur
CRM003607,Nisha Bose,nisha.bose451@gmail.com,2022-05-13,Jaipur
CRM003176,Kritika Sinha,,2023-02-21,Visakhapatnam
CRM006847,Reyan Chatterjee,reyan.chatterjee72@outlook.com,2023-03-24,Vadodara
CRM002242,Kavya Das,kavya.das918@yahoo.com,2022-05-09,Vadodara
CRM010400,Arjun Iyer,arjun.iyer623@hotmail.com,2023-01-29,Surat
CRM008571,Ananya Sharma,ananya.sharma703@outlook.com,2023-02-22,Kanpur
CRM000257,Ishaan Verma,ishaan.verma486@rediff.com,2023-11-22,Mumbai
CRM008137,Deepa Bose,deepa.bose431@hotmail.com,2024-02-28,Mumbai
CRM000201,Arjun Joshi,arjun.joshi137@rediff.com,2024-01-30,Vadodara
CRM008524,Aditya Gupta,aditya.gupta921@hotmail.com,2023-01-08,Kolkata
CRM002236,Arjun Singh,arjun.singh939@gmail.com,2023-04-22,Kolkata
CRM004744,Rohan Sharma,rohan.sharma784@hotmail.com,2022-05-10,Visakhapatnam
CRM001768,Saanvi Tiwari,saanvi.tiwari699@rediff.com,2022-10-19,Nagpur
CRM004237,Pooja Rao,pooja.rao431@hotmail.com,2023-02-01,Indore
CRM007768,Ishaan Bose,ishaan.bose267@outlook.com,2022-06-07,Chennai
CRM009043,Amit Das,amit.das362@yahoo.com,2022-04-03,Nagpur
CRM008895,Sai Pillai,sai.pillai356@outlook.com,2022-07-18,Visakhapatnam
CRM001573,Suresh Gupta,suresh.gupta271@outlook.com,2023-03-26,Bhopal
CRM000025,Sneha Verma,sneha.verma924@yahoo.com,2023-07-24,Lucknow
CRM003364,Aarav Joshi,aarav.joshi563@yahoo.com,2022-07-03,Indore
CRM001089,Vivaan Rao,vivaan.rao746@gmail.com,2024-01-26,Visakhapatnam
CRM004675,Arjun Singh,arjun.singh989@rediff.com,2023-10-27,Bangalore
CRM002695,Reyan Reddy,reyan.reddy681@gmail.com,2023-08-12,Bhopal
CRM008461,Nisha Pillai,nisha.pillai99@gmail.com,2022-03-16,Patna
CRM003399,Arjun Verma,arjun.verma863@gmail.com,2024-01-20,Pune
CRM003560,Reyan Nair,reyan.nair415@yahoo.com,2023-04-23,Delhi
CRM009813,Diya Shah,diya.shah576@hotmail.com,2022-10-02,Kanpur
CRM002842,Aadhya Bose,aadhya.bose711@outlook.com,2022-04-29,Nagpur
CRM002312,Suresh Das,suresh.das917@outlook.com,2024-06-25,Delhi
CRM007538,Kabir Reddy,kabir.reddy253@rediff.com,2023-05-30,Surat
CRM006898,Aarav Verma,aarav.verma204@outlook.com,2024-01-26,Kolkata
CRM003235,Amit Nair,amit.nair445@outlook.com,2023-11-01,Visakhapatnam
CRM007471,Rohan Chatterjee,rohan.chatterjee705@hotmail.com,2022-02-02,Kanpur
CRM004153,Vivaan Mishra,,2023-11-24,Coimbatore
CRM001310,Rahul Joshi,rahul.joshi372@gmail.com,2022-03-20,Bhopal
CRM000696,Riya Singh,riya.singh708@yahoo.com,2022-07-10,Jaipur
CRM007699,Kabir Pillai,kabir.pillai621@outlook.com,2023-02-16,Coimbatore
CRM003753,Ananya Joshi,ananya.joshi771@hotmail.com,2023-05-18,Kanpur
CRM006338,Riya Singh,riya.singh233@outlook.com,2024-06-22,Ahmedabad
CRM001228,Aadhya Verma,aadhya.verma695@rediff.com,2022-06-11,Surat
CRM002000,Ananya Patel,ananya.patel569@hotmail.com,2023-11-17,Surat
CRM000277,Suresh Nair,suresh.nair631@yahoo.com,2023-03-28,Visakhapatnam
CRM009212,Aadhya Mehta,aadhya.mehta192@outlook.com,2023-03-23,Coimbatore
CRM008162,Vihaan Iyer,vihaan.iyer946@yahoo.com,2023-01-30,Coimbatore
CRM005930,Deepa Pillai,deepa.pillai947@yahoo.com,2024-05-11,Lucknow
CRM002954,Vijay Kumar,vijay.kumar684@yahoo.com,2024-04-12,Indore
CRM003638,Kritika Kumar,kritika.kumar105@gmail.com,2022-10-30,Bhopal
CRM003907,Nisha Verma,nisha.verma13@rediff.com,2022-05-02,Kolkata
CRM004779,Suresh Iyer,suresh.iyer556@hotmail.com,2022-10-05,Delhi
CRM005846,Nisha Mehta,nisha.mehta233@yahoo.com,2024-04-19,Nagpur
CRM010390,Rohan Pillai,,2023-02-15,Chennai
CRM004118,Amit Bose,amit.bose746@outlook.com,2023-08-05,Visakhapatnam
CRM008102,Kabir Tiwari,kabir.tiwari945@yahoo.com,2024-03-23,Lucknow
CRM001138,Diya Chatterjee,diya.chatterjee484@gmail.com,2022-05-20,Pune
CRM002768,Arjun Gupta,arjun.gupta990@yahoo.com,2023-10-23,Delhi
CRM002335,Kabir Sharma,kabir.sharma275@outlook.com,2023-12-01,Bhopal
CRM008532,Saanvi Mehta,saanvi.mehta649@rediff.com,2022-01-05,Chennai
CRM000943,Nisha Kumar,nisha.kumar974@gmail.com,2023-04-14,Bhopal
CRM008506,Riya Rao,riya.rao44@outlook.com,2023-08-27,Bangalore
CRM007794,Aditya Mishra,aditya.mishra966@hotmail.com,2023-07-23,Thane
CRM002491,Arjun Patel,arjun.patel593@gmail.com,2022-08-17,Vadodara
CRM010370,Kabir Pillai,kabir.pillai888@yahoo.com,2024-06-16,Ahmedabad
CRM006291,Ananya Nair,ananya.nair86@hotmail.com,2022-03-22,Nagpur
CRM004936,Kavya Tiwari,kavya.tiwari85@yahoo.com,2022-08-11,Nagpur
CRM003936,Vivaan Joshi,vivaan.joshi841@yahoo.com,2022-12-13,Lucknow
CRM006881,Raj Rao,raj.rao119@outlook.com,2022-07-15,Bangalore
CRM008021,Ananya Iyer,ananya.iyer406@outlook.com,2022-04-22,Patna
CRM002385,Deepa Gupta,deepa.gupta599@hotmail.com,2023-01-14,Indore
CRM007085,Vihaan Joshi,vihaan.joshi612@yahoo.com,2024-06-13,Pune
CRM000116,Riya Shah,riya.shah149@yahoo.com,2022-06-29,Jaipur
CRM001864,Reyan Kumar,reyan.kumar94@yahoo.com,2022-02-11,Coimbatore
CRM007497,Vihaan Pillai,vihaan.pillai184@rediff.com,2023-01-11,Ahmedabad
CRM001286,Amit Bose,amit.bose966@yahoo.com,2022-10-25,Ahmedabad
CRM003120,Saanvi Tiwari,saanvi.tiwari281@outlook.com,2023-03-17,Surat
CRM004259,Saanvi Mishra,saanvi.mishra860@outlook.com,2024-06-03,Delhi
CRM007739,Ananya Chatterjee,ananya.chatterjee949@rediff.com,2023-12-03,Coimbatore
CRM000903,Aditya Bose,aditya.bose411@gmail.com,2022-02-18,Surat
CRM002820,Rohan Mishra,rohan.mishra827@yahoo.com,2023-08-25,Ahmedabad
CRM003823,Nisha Sharma,nisha.sharma942@gmail.com,2024-03-17,Kanpur
CRM009339,Meera Bose,meera.bose820@outlook.com,2024-01-09,Indore
CRM007949,Sai Pillai,sai.pillai859@outlook.com,2024-03-24,Bangalore
CRM009740,Deepa Patel,deepa.patel615@outlook.com,2022-11-02,Pune
CRM004700,Aadhya Joshi,aadhya.joshi21@rediff.com,2023-09-04,Bhopal
CRM009559,Rahul Verma,rahul.verma38@gmail.com,2022-02-16,Mumbai
CRM003803,Reyan Mishra,reyan.mishra203@outlook.com,2023-02-25,Thane
CRM008905,Vivaan Sinha,vivaan.sinha98@rediff.com,2022-01-21,Bangalore
CRM006069,Arjun Tiwari,arjun.tiwari589@yahoo.com,2022-04-25,Mumbai
CRM005811,Ishaan Shah,ishaan.shah224@gmail.com,2024-02-29,Pune
CRM003537,Ishaan Pillai,ishaan.pillai979@yahoo.com,2023-05-30,Bangalore
CRM003826,Priya Sinha,priya.sinha678@yahoo.com,2023-07-06,Chennai
CRM006643,Aditya Pillai,aditya.pillai358@gmail.com,2022-01-06,Kolkata
CRM009260,Kritika Nair,kritika.nair810@rediff.com,2023-10-20,Vadodara
CRM009223,Riya Mehta,riya.mehta890@outlook.com,2023-05-03,Kanpur
CRM004811,Kavya Joshi,,2022-04-11,Bhopal
CRM001947,Rahul Patel,rahul.patel999@rediff.com,2022-03-16,Bhopal
CRM010119,Arjun Sinha,arjun.sinha391@yahoo.com,2022-01-29,Thane
CRM008212,Kabir Patel,kabir.patel626@outlook.com,2022-07-17,Jaipur
CRM005336,Sneha Sharma,sneha.sharma570@gmail.com,2023-11-12,Vadodara
CRM003489,Amit Kumar,amit.kumar429@outlook.com,2023-09-30,Pune
CRM001611,Sai Mishra,sai.mishra762@hotmail.com,2023-10-08,Patna
CRM007270,Nisha Bose,nisha.bose655@yahoo.com,2023-11-04,Hyderabad
CRM008397,Aadhya Pillai,aadhya.pillai738@gmail.com,2022-07-26,Chennai
CRM008135,Kavya Chatterjee,kavya.chatterjee297@hotmail.com,2023-09-15,Bangalore
CRM007167,Diya Joshi,diya.joshi484@outlook.com,2022-05-13,Pune
CRM004678,Saanvi Joshi,saanvi.joshi62@hotmail.com,2023-09-14,Pune
CRM004960,Vivaan Reddy,vivaan.reddy820@rediff.com,2023-09-07,Hyderabad
CRM008159,Riya Kumar,riya.kumar706@yahoo.com,2022-09-15,Kolkata
CRM005868,Kritika Bose,kritika.bose851@yahoo.com,2022-04-07,Delhi
CRM009394,Vihaan Nair,vihaan.nair852@outlook.com,2024-05-17,UNKNOWN
CRM007472,Ananya Singh,ananya.singh455@hotmail.com,2024-01-29,Kanpur
CRM004762,Reyan Joshi,reyan.joshi421@yahoo.com,2023-04-05,Kanpur
CRM002195,Ananya Gupta,ananya.gupta402@yahoo.com,2023-09-19,Coimbatore
CRM000883,Vijay Reddy,vijay.reddy34@rediff.com,2023-08-31,Patna
CRM005702,Kritika Singh,kritika.singh235@hotmail.com,2024-03-25,Mumbai
CRM005114,Arjun Pillai,arjun.pillai744@outlook.com,2023-09-23,Delhi
CRM000558,Vivaan Mehta,vivaan.mehta695@outlook.com,2022-07-12,Vadodara
CRM009155,Ananya Mishra,ananya.mishra353@hotmail.com,2022-12-21,Kolkata
CRM005140,Vihaan Tiwari,vihaan.tiwari221@yahoo.com,2022-07-21,Kanpur
CRM001208,Kavya Reddy,kavya.reddy673@gmail.com,2023-07-28,Bangalore
CRM008105,Suresh Verma,suresh.verma450@gmail.com,2022-05-19,Indore
CRM008313,Deepa Patel,deepa.patel773@gmail.com,2024-03-25,Bhopal
CRM001511,Kritika Chatterjee,kritika.chatterjee963@outlook.com,2022-07-17,Visakhapatnam
CRM007813,Deepa Sharma,deepa.sharma112@outlook.com,2022-01-31,Hyderabad
CRM003830,Reyan Reddy,reyan.reddy994@hotmail.com,2024-04-28,Hyderabad
CRM003733,Amit Tiwari,amit.tiwari526@yahoo.com,2023-02-18,Vadodara
CRM008656,Meera Tiwari,meera.tiwari486@gmail.com,2022-07-10,Surat
CRM003212,Rohan Patel,rohan.patel305@outlook.com,2022-12-07,Mumbai
CRM003631,Diya Verma,diya.verma998@gmail.com,2022-05-12,Jaipur
CRM001709,Rohan Chatterjee,rohan.chatterjee564@outlook.com,2022-01-31,Jaipur
CRM001846,Rahul Rao,rahul.rao725@outlook.com,2022-01-14,Surat
CRM000267,Sneha Sinha,sneha.sinha273@rediff.com,2023-07-26,Bangalore
CRM005986,Deepa Verma,deepa.verma906@rediff.com,2024-06-26,Kanpur
CRM001141,Aditya Patel,aditya.patel473@gmail.com,2022-08-31,Mumbai
CRM003163,Rahul Mishra,rahul.mishra27@outlook.com,2022-10-08,Patna
CRM006208,Kabir Verma,kabir.verma811@hotmail.com,2024-01-12,Kolkata
CRM002047,Priya Nair,priya.nair235@yahoo.com,2022-01-20,Pune
CRM003731,Vihaan Sharma,vihaan.sharma286@hotmail.com,2023-05-03,Lucknow
CRM001910,Pooja Tiwari,pooja.tiwari563@outlook.com,2023-07-23,Chennai
CRM002212,Aadhya Mishra,aadhya.mishra319@rediff.com,2023-09-19,Delhi
CRM002661,Aarav Joshi,aarav.joshi154@outlook.com,2023-05-11,Bhopal
CRM000657,Reyan Iyer,reyan.iyer529@outlook.com,2022-06-21,Pune
CRM006661,Ishaan Das,ishaan.das34@hotmail.com,2023-12-20,Surat
CRM001308,Kabir Patel,kabir.patel581@yahoo.com,2022-01-29,Jaipur
CRM002568,Pooja Nair,pooja.nair439@yahoo.com,2022-03-01,Patna
CRM000999,Aditya Shah,aditya.shah181@rediff.com,2022-11-04,Patna
CRM009487,Priya Sharma,priya.sharma985@rediff.com,2022-03-11,Mumbai
CRM002835,Diya Verma,diya.verma196@yahoo.com,2024-01-30,Bangalore
CRM005454,Meera Tiwari,meera.tiwari507@rediff.com,2022-04-13,Vadodara
CRM009837,Diya Verma,diya.verma412@outlook.com,2024-06-16,Bangalore
CRM005881,Vijay Kumar,vijay.kumar876@hotmail.com,2023-12-04,Ahmedabad
CRM001238,Vihaan Iyer,vihaan.iyer488@gmail.com,2022-02-06,Kolkata
CRM002152,Rahul Reddy,rahul.reddy745@yahoo.com,2022-10-03,Bhopal
CRM003836,Meera Iyer,meera.iyer936@yahoo.com,2024-06-04,Patna
CRM010387,Kritika Mehta,kritika.mehta420@gmail.com,2022-09-06,Kolkata
CRM008247,Vijay Gupta,vijay.gupta763@gmail.com,2023-11-02,Nagpur
CRM008824,Reyan Pillai,reyan.pillai661@hotmail.com,2022-03-14,Jaipur
CRM006579,Diya Rao,diya.rao614@yahoo.com,2023-07-20,--
CRM005092,Meera Singh,meera.singh370@hotmail.com,2023-01-15,Thane
CRM002187,Kavya Bose,kavya.bose439@hotmail.com,2022-05-16,Kolkata
CRM009247,Reyan Patel,,2024-06-09,Hyderabad
CRM001135,Rohan Bose,rohan.bose161@rediff.com,2023-09-15,Surat
CRM005005,Amit Gupta,amit.gupta862@hotmail.com,2022-11-05,Indore
CRM006627,Vivaan Rao,vivaan.rao486@rediff.com,2023-06-10,Thane
CRM001304,Aadhya Iyer,aadhya.iyer931@rediff.com,2022-09-27,Ahmedabad
CRM009062,Kabir Sinha,kabir.sinha656@rediff.com,2024-01-08,Patna
CRM001628,Riya Sinha,riya.sinha892@rediff.com,2022-08-26,Kolkata
CRM008741,Kavya Singh,kavya.singh195@hotmail.com,2022-01-07,Bhopal
CRM001523,Reyan Reddy,reyan.reddy360@yahoo.com,2023-01-08,Delhi
CRM006030,Sai Iyer,sai.iyer977@gmail.com,2024-03-14,Kanpur
CRM000359,Vijay Gupta,vijay.gupta379@hotmail.com,2024-06-24,Mumbai
CRM000139,Rohan Mehta,rohan.mehta459@rediff.com,2023-10-18,Thane
CRM000300,Arjun Sharma,arjun.sharma610@gmail.com,2023-07-22,Bhopal
CRM001557,Vihaan Singh,vihaan.singh792@yahoo.com,2022-05-05,Kanpur
CRM005100,Priya Reddy,priya.reddy756@gmail.com,2022-04-06,Jaipur
CRM000383,Rohan Kumar,rohan.kumar468@yahoo.com,2022-01-06,Hyderabad
CRM008904,Aarav Tiwari,,2024-04-20,Kanpur
CRM008012,Ananya Das,ananya.das674@yahoo.com,2024-01-21,Lucknow
CRM007665,Saanvi Mehta,saanvi.mehta878@hotmail.com,2024-03-11,Mumbai
CRM004858,Arjun Mehta,arjun.mehta100@gmail.com,2023-12-27,Kolkata
CRM003181,Sneha Nair,sneha.nair58@yahoo.com,2023-12-20,Delhi
CRM001440,Aadhya Shah,aadhya.shah17@gmail.com,2022-10-20,Pune
CRM008210,Suresh Mehta,suresh.mehta720@gmail.com,2023-09-19,Delhi
CRM005674,Aarav Reddy,aarav.reddy395@rediff.com,2023-07-18,Chennai
CRM007043,Sai Joshi,sai.joshi705@yahoo.com,2024-01-22,Mumbai
CRM000947,Suresh Patel,,2022-07-22,Lucknow
CRM002391,Raj Gupta,raj.gupta941@yahoo.com,2024-01-16,Mumbai
CRM005499,Rohan Mishra,rohan.mishra359@hotmail.com,2023-02-25,Mumbai
CRM010200,Vijay Gupta,vijay.gupta947@rediff.com,2022-01-29,Nagpur
CRM009893,Diya Kumar,diya.kumar886@outlook.com,2022-07-07,Bhopal
CRM002722,Kavya Singh,kavya.singh634@outlook.com,2023-03-24,Jaipur
CRM001933,Vivaan Verma,vivaan.verma708@yahoo.com,2024-01-17,Vadodara
CRM002353,Priya Joshi,priya.joshi671@gmail.com,2023-10-24,Delhi
CRM007657,Aditya Verma,aditya.verma170@outlook.com,2023-01-26,Hyderabad
CRM003237,Rahul Verma,rahul.verma759@yahoo.com,2023-05-14,Delhi
CRM003141,Kritika Sinha,kritika.sinha596@rediff.com,2024-05-30,Pune
CRM004164,Aditya Pillai,aditya.pillai76@hotmail.com,2024-04-16,Jaipur
CRM009529,Kabir Verma,kabir.verma502@gmail.com,2022-09-20,Chennai
CRM008881,Vijay Mehta,,2023-03-01,Mumbai
CRM003808,Vijay Mishra,vijay.mishra294@hotmail.com,2022-01-13,Pune
CRM010157,Sneha Nair,,2023-11-07,Ahmedabad
CRM008050,Sneha Gupta,sneha.gupta465@rediff.com,2022-05-13,Pune
CRM009545,Aarav Verma,aarav.verma691@rediff.com,2023-05-07,Nagpur
CRM006782,Aadhya Reddy,aadhya.reddy670@yahoo.com,2024-02-09,Bangalore
CRM007952,Sai Rao,sai.rao10@outlook.com,2023-05-04,Ahmedabad
CRM004155,Arjun Singh,arjun.singh482@yahoo.com,2022-07-30,Bhopal
CRM004173,Saanvi Mishra,,2023-07-03,Mumbai
CRM000797,Riya Verma,riya.verma379@yahoo.com,2023-06-18,Bhopal
CRM002417,Ananya Verma,ananya.verma400@gmail.com,2022-07-22,Patna
CRM008237,Kabir Iyer,kabir.iyer203@outlook.com,2024-01-04,Thane
CRM006140,Aditya Gupta,aditya.gupta234@yahoo.com,2023-11-26,Bangalore
CRM000786,Aadhya Pillai,aadhya.pillai300@gmail.com,2024-03-18,Thane
CRM008148,Kabir Reddy,kabir.reddy79@outlook.com,2023-01-24,Kolkata
CRM006790,Vihaan Reddy,vihaan.reddy22@hotmail.com,2023-04-27,Chennai
CRM003159,Priya Kumar,priya.kumar788@hotmail.com,2023-06-16,Bangalore
CRM007203,Pooja Iyer,pooja.iyer14@rediff.com,2024-06-01,Patna
CRM000124,Amit Bose,amit.bose748@rediff.com,2023-04-27,Mumbai
CRM010135,Sneha Gupta,sneha.gupta774@yahoo.com,2022-03-05,Bhopal
CRM008427,Kritika Kumar,kritika.kumar932@gmail.com,2023-01-04,N/A
CRM002173,Rahul Patel,rahul.patel397@rediff.com,2023-08-24,Bangalore
CRM002170,Vijay Patel,vijay.patel622@gmail.com,2023-05-30,Nagpur
CRM007938,Vivaan Singh,vivaan.singh903@hotmail.com,2024-02-01,N/A
CRM004010,Arjun Sharma,,2024-05-25,Chennai
CRM009960,Arjun Kumar,arjun.kumar618@gmail.com,2024-01-03,Nagpur
CRM004341,Kabir Bose,kabir.bose853@yahoo.com,2024-04-02,Thane
CRM000911,Diya Nair,diya.nair816@yahoo.com,2022-05-01,Indore
CRM006269,Saanvi Gupta,saanvi.gupta688@gmail.com,2023-12-04,Nagpur
CRM008560,Saanvi Gupta,saanvi.gupta805@gmail.com,2024-03-14,Surat
CRM002310,Meera Gupta,meera.gupta846@gmail.com,2023-12-17,Thane
CRM010349,Deepa Kumar,deepa.kumar674@yahoo.com,2023-08-26,Nagpur
CRM003635,Raj Pillai,raj.pillai204@gmail.com,2022-02-05,Hyderabad
CRM001258,Suresh Mishra,suresh.mishra758@rediff.com,2024-06-21,Indore
CRM006592,Meera Tiwari,meera.tiwari808@outlook.com,2022-03-02,Patna
CRM004459,Kabir Gupta,kabir.gupta287@yahoo.com,2023-04-03,Kolkata
CRM006134,Kabir Patel,kabir.patel903@rediff.com,2022-09-02,Chennai
CRM007598,Kabir Kumar,kabir.kumar876@rediff.com,2023-08-11,Mumbai
CRM001179,Ishaan Mehta,ishaan.mehta445@gmail.com,2022-03-31,Bangalore
CRM004653,Sai Verma,sai.verma74@gmail.com,2023-04-18,Delhi
CRM006219,Arjun Singh,arjun.singh776@rediff.com,2023-12-08,Coimbatore
CRM003651,Ishaan Das,ishaan.das517@gmail.com,2023-02-01,Nagpur
CRM000443,Rohan Iyer,rohan.iyer188@yahoo.com,2022-03-12,Chennai
CRM003416,Reyan Bose,reyan.bose30@gmail.com,2023-10-01,Ahmedabad
CRM001400,Arjun Gupta,arjun.gupta869@outlook.com,2023-12-08,Delhi
CRM009366,Rohan Mishra,rohan.mishra419@gmail.com,2024-03-24,Bhopal
CRM009323,Arjun Joshi,arjun.joshi644@hotmail.com,2024-04-01,Nagpur
CRM001458,Kavya Mishra,kavya.mishra511@hotmail.com,2024-05-10,Bangalore
CRM008432,Nisha Nair,nisha.nair52@hotmail.com,2023-09-28,Mumbai
CRM005745,Rahul Sharma,rahul.sharma891@yahoo.com,2022-09-29,Thane
CRM006548,Aarav Mishra,aarav.mishra294@yahoo.com,2022-09-17,Kanpur
CRM001055,Rahul Gupta,rahul.gupta620@outlook.com,2022-02-11,Visakhapatnam
CRM009335,Aditya Reddy,aditya.reddy29@outlook.com,2023-12-25,Pune
CRM007654,Sneha Iyer,sneha.iyer93@rediff.com,2022-06-08,Lucknow
CRM003276,Diya Reddy,diya.reddy237@yahoo.com,2022-07-19,XX_CITY
CRM001464,Kabir Joshi,kabir.joshi997@yahoo.com,2024-05-21,Ahmedabad
CRM003700,Ananya Iyer,ananya.iyer271@hotmail.com,2024-02-08,Coimbatore
CRM003760,Arjun Sharma,arjun.sharma102@gmail.com,2022-05-01,Jaipur
CRM000930,Sai Rao,sai.rao342@outlook.com,2024-06-27,Delhi
CRM005512,Kabir Das,kabir.das878@outlook.com,2022-05-12,Indore
CRM006469,Reyan Shah,reyan.shah609@gmail.com,2023-02-03,Jaipur
CRM009005,Reyan Joshi,reyan.joshi497@gmail.com,2022-05-13,Mumbai
CRM001830,Rohan Kumar,rohan.kumar447@gmail.com,2022-06-16,Lucknow
CRM002929,Riya Pillai,riya.pillai925@gmail.com,2024-02-05,Thane
CRM007999,Raj Singh,raj.singh890@rediff.com,2022-09-26,Bangalore
CRM006539,Aadhya Das,aadhya.das345@rediff.com,2022-12-13,Visakhapatnam
CRM004222,Vihaan Bose,vihaan.bose806@yahoo.com,2024-02-23,Chennai
CRM003547,Vijay Reddy,vijay.reddy229@hotmail.com,2022-06-02,Hyderabad
CRM005599,Aarav Kumar,aarav.kumar633@outlook.com,2022-10-22,Visakhapatnam
CRM010128,Aditya Verma,aditya.verma661@outlook.com,2022-11-24,Kanpur
CRM010376,Kritika Verma,kritika.verma720@yahoo.com,2023-12-19,Mumbai
CRM008742,Nisha Singh,nisha.singh252@hotmail.com,2022-10-24,Kolkata
CRM002012,Saanvi Sharma,saanvi.sharma31@gmail.com,2023-07-28,Indore
CRM000914,Meera Iyer,meera.iyer999@yahoo.com,2023-06-01,Ahmedabad
CRM007612,Kabir Shah,kabir.shah984@gmail.com,2022-04-18,Hyderabad
CRM010252,Aadhya Sinha,aadhya.sinha771@hotmail.com,2022-06-17,Kolkata
CRM008284,Aadhya Bose,aadhya.bose166@gmail.com,2022-12-26,Pune
CRM003220,Kavya Kumar,kavya.kumar510@gmail.com,2023-04-13,Mumbai
CRM002607,Suresh Mishra,suresh.mishra433@hotmail.com,2023-06-02,Ahmedabad
CRM003265,Riya Rao,riya.rao124@hotmail.com,2022-10-22,Mumbai
CRM004929,Aadhya Singh,aadhya.singh212@yahoo.com,2022-07-04,Mumbai
CRM009280,Ishaan Rao,ishaan.rao544@outlook.com,2023-10-22,Mumbai
CRM006565,Deepa Pillai,deepa.pillai411@yahoo.com,2024-04-02,Bhopal
CRM008745,Amit Tiwari,amit.tiwari734@gmail.com,2023-06-08,Delhi
CRM000007,Saanvi Verma,saanvi.verma26@gmail.com,2023-07-25,Bangalore
CRM002981,Vivaan Tiwari,vivaan.tiwari30@gmail.com,2022-07-28,Chennai
CRM006584,Rahul Kumar,rahul.kumar415@yahoo.com,2022-04-12,Pune
CRM003362,Rohan Mehta,rohan.mehta849@yahoo.com,2022-06-01,Ahmedabad
CRM004775,Nisha Chatterjee,nisha.chatterjee998@yahoo.com,2024-04-10,Bhopal
CRM001944,Reyan Kumar,reyan.kumar123@outlook.com,2024-03-20,Mumbai
CRM009739,Riya Sinha,riya.sinha845@rediff.com,2022-04-13,Chennai
CRM005500,Vivaan Chatterjee,vivaan.chatterjee742@hotmail.com,2023-12-29,Ahmedabad
CRM001636,Aarav Nair,aarav.nair176@rediff.com,2022-10-25,Delhi
CRM001142,Kabir Iyer,kabir.iyer262@gmail.com,2022-06-07,Pune
CRM002042,Vihaan Gupta,vihaan.gupta532@outlook.com,2023-02-23,Kolkata
CRM006816,Aadhya Singh,aadhya.singh400@gmail.com,2023-12-17,Lucknow
CRM006704,Sneha Verma,sneha.verma927@yahoo.com,2022-04-27,Pune
CRM007243,Kavya Mehta,kavya.mehta35@outlook.com,2022-08-29,Lucknow
CRM000360,Kavya Chatterjee,kavya.chatterjee417@rediff.com,2023-05-11,Kanpur
CRM002071,Diya Patel,diya.patel139@gmail.com,2022-04-22,Kolkata
CRM003135,Arjun Shah,arjun.shah193@outlook.com,2023-02-01,Bangalore
CRM005161,Nisha Chatterjee,nisha.chatterjee90@gmail.com,2022-09-01,Patna
CRM006991,Kabir Sharma,kabir.sharma165@yahoo.com,2022-06-25,Kolkata
CRM003244,Vihaan Shah,vihaan.shah184@outlook.com,2022-05-27,Indore
CRM005276,Saanvi Sinha,saanvi.sinha515@rediff.com,2022-11-10,Kolkata
CRM002243,Saanvi Sinha,saanvi.sinha747@outlook.com,2022-12-17,Mumbai
CRM001475,Sai Sinha,sai.sinha354@outlook.com,2024-01-31,Bangalore
CRM009201,Suresh Nair,suresh.nair820@outlook.com,2023-12-08,Delhi
CRM001890,Arjun Iyer,arjun.iyer570@outlook.com,2024-03-17,Visakhapatnam
CRM003436,Reyan Rao,reyan.rao741@hotmail.com,2022-09-22,Visakhapatnam
CRM003260,Rahul Kumar,rahul.kumar663@yahoo.com,2022-07-15,Bhopal
CRM005150,Sneha Kumar,sneha.kumar790@hotmail.com,2022-06-15,Patna
CRM003706,Deepa Nair,deepa.nair70@gmail.com,2022-11-06,Chennai
CRM002022,Suresh Joshi,suresh.joshi330@outlook.com,2022-04-08,Pune
CRM004021,Suresh Bose,suresh.bose851@rediff.com,2023-02-20,Kolkata
CRM009467,Vivaan Mehta,vivaan.mehta559@yahoo.com,2024-06-03,Bangalore
CRM009036,Sai Patel,sai.patel816@hotmail.com,2023-05-08,Surat
CRM003501,Amit Mehta,amit.mehta903@gmail.com,2024-04-03,Mumbai
CRM002659,Saanvi Reddy,saanvi.reddy238@rediff.com,2022-10-14,Coimbatore
CRM009049,Ananya Joshi,ananya.joshi102@yahoo.com,2024-04-16,Ahmedabad
CRM007946,Suresh Singh,suresh.singh276@hotmail.com,2022-05-20,Hyderabad
CRM001131,Sneha Rao,sneha.rao53@rediff.com,2022-01-28,Nagpur
CRM005558,Nisha Verma,nisha.verma63@hotmail.com,2022-07-04,Indore
CRM008340,Reyan Tiwari,reyan.tiwari835@hotmail.com,2023-08-12,Bangalore
CRM001820,Pooja Sinha,pooja.sinha815@outlook.com,2022-11-17,Ahmedabad
CRM007462,Sneha Verma,sneha.verma510@yahoo.com,2024-06-16,Bangalore
CRM008440,Suresh Sharma,suresh.sharma524@gmail.com,2023-03-24,Bangalore
CRM008410,Pooja Das,pooja.das849@rediff.com,2022-09-20,Surat
CRM008772,Raj Rao,raj.rao712@outlook.com,2024-05-07,Patna
CRM007065,Aarav Chatterjee,aarav.chatterjee818@gmail.com,2024-06-08,Pune
CRM004319,Meera Iyer,meera.iyer170@outlook.com,2022-07-11,Kanpur
CRM010292,Arjun Reddy,arjun.reddy170@yahoo.com,2022-03-14,Chennai
CRM004145,Arjun Mehta,arjun.mehta347@gmail.com,2023-11-29,Delhi
CRM004670,Raj Reddy,raj.reddy61@outlook.com,2024-02-01,Surat
CRM001237,Vihaan Kumar,vihaan.kumar36@yahoo.com,2023-08-28,Kolkata
CRM005477,Diya Bose,diya.bose614@outlook.com,2022-08-30,Kanpur
CRM007130,Amit Das,amit.das608@gmail.com,2023-07-02,Delhi
CRM001524,Rohan Iyer,rohan.iyer450@outlook.com,2023-06-16,Delhi
CRM007479,Pooja Shah,pooja.shah364@rediff.com,2022-01-10,Pune
CRM001857,Amit Verma,amit.verma433@gmail.com,2022-12-12,Pune
CRM002283,Nisha Tiwari,nisha.tiwari32@rediff.com,2023-06-17,Coimbatore
CRM009317,Aarav Pillai,aarav.pillai872@outlook.com,2023-01-07,Pune
CRM010488,Kritika Mehta,kritika.mehta974@hotmail.com,2022-02-02,Thane
CRM004094,Kabir Pillai,kabir.pillai232@yahoo.com,2023-04-08,Indore
CRM008139,Suresh Gupta,suresh.gupta570@yahoo.com,2023-08-16,Nagpur
CRM005201,Ananya Iyer,ananya.iyer194@yahoo.com,2022-09-12,Pune
CRM006402,Kavya Verma,kavya.verma747@gmail.com,2023-10-18,Kolkata
CRM000714,Arjun Iyer,arjun.iyer210@yahoo.com,2022-10-03,Mumbai
CRM003422,Raj Pillai,raj.pillai495@outlook.com,2022-06-03,Kanpur
CRM009933,Rohan Pillai,rohan.pillai256@hotmail.com,2022-10-29,Vadodara
CRM000387,Raj Rao,raj.rao764@rediff.com,2022-09-11,Nagpur
CRM009154,Diya Tiwari,diya.tiwari895@outlook.com,2024-02-11,Pune
CRM001629,Meera Pillai,meera.pillai563@hotmail.com,2023-05-27,Indore
CRM003586,Suresh Iyer,suresh.iyer157@outlook.com,2023-04-30,Visakhapatnam
CRM004725,Aarav Iyer,aarav.iyer667@outlook.com,2022-04-06,Hyderabad
CRM002715,Ananya Das,,2022-05-14,Bhopal
CRM002502,Saanvi Singh,saanvi.singh182@hotmail.com,2023-11-26,Coimbatore
CRM009028,Aditya Sinha,aditya.sinha304@yahoo.com,2023-01-06,Surat
CRM009988,Kavya Nair,kavya.nair748@hotmail.com,2023-10-05,Coimbatore
CRM005660,Amit Sinha,amit.sinha216@gmail.com,2022-05-28,Nagpur
CRM007719,Deepa Bose,deepa.bose237@yahoo.com,2023-03-25,Hyderabad
CRM008262,Nisha Joshi,nisha.joshi49@yahoo.com,2022-09-09,Patna
CRM006857,Nisha Pillai,nisha.pillai291@rediff.com,2023-05-13,Indore
CRM003190,Rohan Joshi,,2024-03-04,Bangalore
CRM002871,Kritika Mehta,kritika.mehta173@rediff.com,2022-11-06,Hyderabad
CRM004306,Vihaan Nair,vihaan.nair948@outlook.com,2023-06-22,Ahmedabad
CRM000910,Vivaan Verma,vivaan.verma213@hotmail.com,2023-12-12,Pune
CRM005386,Ishaan Rao,ishaan.rao629@rediff.com,2022-11-30,Jaipur
CRM001997,Aditya Chatterjee,aditya.chatterjee417@rediff.com,2022-09-04,Patna
CRM001867,Aditya Rao,aditya.rao350@gmail.com,2024-06-13,N/A
CRM001843,Ananya Mishra,ananya.mishra908@rediff.com,2022-02-24,Coimbatore
CRM002498,Kavya Gupta,kavya.gupta71@hotmail.com,2022-11-01,Mumbai
CRM000202,Vihaan Singh,vihaan.singh947@rediff.com,2023-08-11,Delhi
CRM008626,Reyan Chatterjee,reyan.chatterjee354@hotmail.com,2023-04-01,Jaipur
CRM003869,Riya Chatterjee,riya.chatterjee215@yahoo.com,2023-02-16,Thane
CRM005055,Ananya Reddy,ananya.reddy999@gmail.com,2023-11-11,Patna
CRM005890,Aarav Rao,aarav.rao127@hotmail.com,2023-09-14,Thane
CRM004007,Nisha Joshi,nisha.joshi775@gmail.com,2023-03-19,Hyderabad
CRM008234,Suresh Sharma,suresh.sharma210@rediff.com,2022-06-02,Patna
CRM002703,Rahul Tiwari,rahul.tiwari43@rediff.com,2022-08-28,Nagpur
CRM007923,Nisha Rao,,2023-03-22,Surat
CRM003450,Riya Bose,riya.bose71@gmail.com,2024-06-01,XX_CITY
CRM000332,Aditya Nair,aditya.nair974@yahoo.com,2024-02-17,Jaipur
CRM003809,Kavya Bose,,2022-01-04,Bangalore
CRM009605,Riya Iyer,riya.iyer232@rediff.com,2023-11-15,Delhi
CRM008860,Vijay Sharma,vijay.sharma112@yahoo.com,2022-06-24,Kanpur
CRM000936,Aditya Reddy,aditya.reddy283@hotmail.com,2023-11-21,Hyderabad
CRM002460,Rahul Sharma,rahul.sharma857@yahoo.com,2023-08-19,Delhi
CRM001775,Kritika Nair,kritika.nair154@rediff.com,2022-10-28,Chennai
CRM009786,Rahul Patel,rahul.patel907@gmail.com,2022-11-28,Ahmedabad
CRM006629,Kritika Mehta,kritika.mehta301@outlook.com,2023-12-12,Bangalore
CRM009143,Raj Tiwari,raj.tiwari309@rediff.com,2022-03-09,Hyderabad
CRM009730,Aarav Nair,aarav.nair48@hotmail.com,2022-09-15,Coimbatore
CRM002687,Aditya Reddy,aditya.reddy313@yahoo.com,2024-02-09,Jaipur
CRM009803,Suresh Sinha,suresh.sinha517@yahoo.com,2022-04-14,Indore
CRM000990,Deepa Rao,deepa.rao885@rediff.com,2023-10-07,Nagpur
CRM008107,Kritika Mehta,kritika.mehta892@gmail.com,2024-03-09,Hyderabad
CRM008940,Vihaan Sinha,vihaan.sinha327@outlook.com,2023-04-14,Lucknow
CRM008700,Meera Singh,meera.singh508@yahoo.com,2023-05-28,Bhopal
CRM006994,Kritika Nair,kritika.nair700@hotmail.com,2023-08-20,Mumbai
CRM009157,Kritika Reddy,kritika.reddy244@yahoo.com,2023-05-15,Ahmedabad
CRM005807,Rahul Sharma,rahul.sharma737@outlook.com,2023-07-08,Mumbai
CRM009361,Riya Reddy,,2022-06-14,Coimbatore
CRM009321,Vihaan Sharma,vihaan.sharma190@yahoo.com,2022-03-31,N/A
CRM006575,Priya Reddy,priya.reddy485@rediff.com,2023-12-15,Vadodara
CRM003053,Rohan Mishra,rohan.mishra263@gmail.com,2022-02-03,Bhopal
CRM009255,Rahul Das,rahul.das721@yahoo.com,2024-05-02,Kanpur
CRM005463,Nisha Mehta,nisha.mehta818@gmail.com,2023-08-12,Bhopal
CRM000174,Nisha Shah,nisha.shah135@yahoo.com,2022-12-24,Bangalore
CRM004955,Kritika Bose,kritika.bose923@outlook.com,2023-12-29,Kolkata
CRM007321,Diya Tiwari,diya.tiwari33@yahoo.com,2022-02-12,Patna
CRM004616,Ishaan Tiwari,ishaan.tiwari911@hotmail.com,2022-09-08,Vadodara
CRM007621,Ananya Shah,ananya.shah554@hotmail.com,2022-09-08,Kanpur
CRM003322,Sneha Verma,sneha.verma273@hotmail.com,2023-09-04,Vadodara
CRM008146,Vijay Das,vijay.das27@rediff.com,2022-01-13,Bhopal
CRM006247,Reyan Kumar,reyan.kumar209@yahoo.com,2023-04-08,Bangalore
CRM006746,Kavya Sinha,kavya.sinha778@hotmail.com,2022-03-25,Patna
CRM003373,Rohan Joshi,rohan.joshi957@outlook.com,2022-02-04,Vadodara
CRM006049,Aditya Singh,aditya.singh22@hotmail.com,2023-11-03,Ahmedabad
CRM003312,Ishaan Verma,ishaan.verma518@gmail.com,2022-05-21,Coimbatore
CRM008371,Reyan Singh,reyan.singh648@yahoo.com,2022-02-10,Thane
CRM003340,Sneha Gupta,sneha.gupta307@outlook.com,2023-01-14,N/A
CRM001133,Vihaan Mehta,vihaan.mehta109@outlook.com,2024-04-16,Patna
CRM010047,Aditya Tiwari,aditya.tiwari344@gmail.com,2024-06-30,Mumbai
CRM009729,Nisha Das,nisha.das241@hotmail.com,2023-10-16,Mumbai
CRM004552,Nisha Bose,nisha.bose866@outlook.com,2024-05-15,Visakhapatnam
CRM004680,Vivaan Bose,vivaan.bose94@rediff.com,2023-11-06,Thane
CRM003404,Saanvi Nair,saanvi.nair892@hotmail.com,2022-03-31,UNKNOWN
CRM000019,Arjun Mehta,arjun.mehta109@gmail.com,2022-01-19,Kolkata
CRM003692,Kabir Mishra,kabir.mishra337@rediff.com,2023-09-30,Bhopal
CRM009273,Raj Shah,raj.shah943@gmail.com,2022-06-11,Ahmedabad
CRM004097,Reyan Kumar,reyan.kumar795@outlook.com,2023-08-22,Mumbai
CRM003629,Sai Chatterjee,sai.chatterjee259@yahoo.com,2022-05-20,Surat
CRM009502,Reyan Das,reyan.das470@outlook.com,2024-04-16,Surat
CRM002175,Priya Sharma,priya.sharma606@rediff.com,2023-05-26,Chennai
CRM001357,Sai Tiwari,,2022-11-20,Indore
CRM005003,Aarav Rao,aarav.rao637@rediff.com,2022-01-22,Pune
CRM007827,Aditya Tiwari,aditya.tiwari354@hotmail.com,2023-12-04,Bangalore
CRM008355,Kabir Nair,kabir.nair659@rediff.com,2022-10-26,Kanpur
CRM006923,Kavya Shah,kavya.shah14@yahoo.com,2023-08-16,Mumbai
CRM005824,Nisha Nair,nisha.nair652@hotmail.com,2024-04-28,Mumbai
CRM010181,Kavya Joshi,kavya.joshi786@outlook.com,2022-07-11,Delhi
CRM005671,Rohan Mehta,rohan.mehta182@hotmail.com,2024-05-12,Jaipur
CRM003113,Amit Das,amit.das541@outlook.com,2022-04-28,Indore
CRM000183,Aadhya Kumar,aadhya.kumar394@gmail.com,2023-11-28,Surat
CRM003643,Pooja Verma,pooja.verma493@gmail.com,2022-09-27,Indore
CRM009497,Kavya Mehta,kavya.mehta502@outlook.com,2023-08-06,Chennai
CRM001813,Rahul Pillai,rahul.pillai256@gmail.com,2022-10-19,Vadodara
CRM000856,Kabir Reddy,kabir.reddy668@hotmail.com,2023-10-01,Vadodara
CRM007697,Rahul Mishra,rahul.mishra772@hotmail.com,2022-09-11,Thane
CRM009035,Kavya Iyer,kavya.iyer398@gmail.com,2023-03-21,Chennai
CRM004913,Aarav Singh,aarav.singh726@rediff.com,2023-04-03,Jaipur
CRM005669,Raj Mehta,raj.mehta440@yahoo.com,2024-02-06,Vadodara
CRM009148,Aarav Verma,aarav.verma155@yahoo.com,2022-05-25,Pune
CRM001801,Raj Chatterjee,raj.chatterjee226@yahoo.com,2024-01-06,Indore
CRM009914,Ishaan Rao,ishaan.rao203@outlook.com,2022-01-06,Hyderabad
CRM002430,Aarav Reddy,aarav.reddy556@outlook.com,2023-07-24,Bangalore
CRM007404,Reyan Pillai,reyan.pillai461@yahoo.com,2022-09-15,Kanpur
CRM005483,Kritika Joshi,kritika.joshi834@gmail.com,2022-11-24,Nagpur
CRM006762,Vijay Iyer,vijay.iyer200@yahoo.com,2023-03-11,Surat
CRM007977,Aditya Nair,aditya.nair824@rediff.com,2023-06-05,Jaipur
CRM008938,Kavya Iyer,kavya.iyer19@hotmail.com,2023-02-26,Chennai
CRM001969,Suresh Mishra,suresh.mishra218@rediff.com,2023-06-01,Jaipur
CRM009379,Aadhya Mehta,aadhya.mehta165@outlook.com,2023-04-20,Bhopal
CRM008752,Kavya Pillai,kavya.pillai698@yahoo.com,2023-05-10,Vadodara
CRM008526,Vijay Das,vijay.das963@hotmail.com,2023-05-11,Delhi
CRM004698,Deepa Chatterjee,deepa.chatterjee496@yahoo.com,2022-01-31,Patna
CRM007009,Deepa Shah,deepa.shah352@hotmail.com,2022-12-26,Surat
CRM004988,Arjun Nair,arjun.nair160@rediff.com,2022-12-04,Bhopal
CRM010449,Arjun Nair,arjun.nair23@rediff.com,2022-04-17,Visakhapatnam
CRM004651,Sneha Joshi,sneha.joshi538@hotmail.com,2023-10-03,Kanpur
CRM001160,Sai Reddy,sai.reddy518@gmail.com,2024-03-31,Vadodara
CRM001214,Aarav Patel,aarav.patel579@outlook.com,2022-02-21,Vadodara
CRM008439,Kavya Nair,kavya.nair664@hotmail.com,2024-04-10,Kolkata
CRM001326,Sai Pillai,sai.pillai165@gmail.com,2023-01-02,Kolkata
CRM008425,Diya Chatterjee,diya.chatterjee548@yahoo.com,2023-12-15,Pune
CRM008459,Vivaan Das,vivaan.das560@hotmail.com,2023-04-30,Thane
CRM004797,Sai Joshi,sai.joshi193@gmail.com,2024-05-30,Visakhapatnam
CRM006797,Pooja Sharma,pooja.sharma78@yahoo.com,2023-05-27,Delhi
CRM005809,Ishaan Tiwari,ishaan.tiwari328@outlook.com,2022-05-03,Coimbatore
CRM005944,Reyan Iyer,reyan.iyer106@hotmail.com,2022-07-04,Surat
CRM009947,Raj Chatterjee,raj.chatterjee455@rediff.com,2022-03-16,Kolkata
CRM004922,Pooja Joshi,pooja.joshi131@outlook.com,2023-10-05,Mumbai
CRM001456,Arjun Das,arjun.das332@hotmail.com,2024-01-20,Mumbai
CRM005411,Ananya Mehta,ananya.mehta233@yahoo.com,2024-01-23,UNKNOWN
CRM008207,Priya Rao,,2022-08-22,Vadodara
CRM009021,Amit Iyer,amit.iyer376@gmail.com,2023-12-02,Hyderabad
CRM004963,Saanvi Bose,saanvi.bose762@hotmail.com,2024-05-02,Ahmedabad
CRM002801,Raj Nair,raj.nair979@yahoo.com,2022-08-29,--
CRM001645,Ishaan Bose,ishaan.bose539@rediff.com,2022-12-13,Surat
CRM002141,Suresh Kumar,suresh.kumar763@gmail.com,2022-06-30,--
CRM004537,Saanvi Singh,saanvi.singh593@rediff.com,2022-01-10,Vadodara
CRM007617,Kabir Singh,kabir.singh393@yahoo.com,2023-06-08,Lucknow
CRM004458,Suresh Mehta,suresh.mehta335@gmail.com,2022-11-26,Jaipur
CRM009595,Vihaan Das,vihaan.das114@rediff.com,2023-09-13,Bangalore
CRM005587,Vihaan Kumar,vihaan.kumar991@yahoo.com,2022-03-20,Bangalore
CRM007816,Meera Chatterjee,meera.chatterjee789@rediff.com,2024-04-05,Mumbai
CRM004379,Vivaan Kumar,vivaan.kumar937@outlook.com,2022-10-15,Pune
CRM000730,Ishaan Mehta,ishaan.mehta201@rediff.com,2024-04-12,Mumbai
CRM004358,Riya Chatterjee,riya.chatterjee691@gmail.com,2022-04-16,Kolkata
CRM010064,Sai Bose,sai.bose472@yahoo.com,2024-03-24,Delhi
CRM006717,Meera Nair,meera.nair75@yahoo.com,2022-04-15,Indore
CRM001937,Raj Pillai,raj.pillai932@outlook.com,2023-06-22,Kanpur
CRM003794,Rahul Patel,rahul.patel545@gmail.com,2024-05-29,Bangalore
CRM003737,Meera Nair,meera.nair290@hotmail.com,2024-06-22,Indore
CRM002262,Vijay Patel,vijay.patel948@rediff.com,2024-01-11,Delhi
CRM007430,Priya Singh,priya.singh630@rediff.com,2022-12-21,Surat
CRM004006,Aditya Patel,aditya.patel778@hotmail.com,2022-07-03,Mumbai
CRM001111,Rohan Singh,rohan.singh390@outlook.com,2022-06-30,Bangalore
CRM007752,Kritika Gupta,kritika.gupta911@gmail.com,2024-03-22,Vadodara
CRM009677,Pooja Reddy,pooja.reddy524@outlook.com,2022-07-05,Jaipur
CRM005481,Meera Bose,meera.bose745@rediff.com,2024-05-22,Chennai
CRM002999,Reyan Chatterjee,reyan.chatterjee573@gmail.com,2022-06-07,Indore
CRM002395,Rohan Nair,rohan.nair204@rediff.com,2022-04-09,Surat
CRM001186,Sneha Iyer,sneha.iyer692@hotmail.com,2022-04-29,Nagpur
CRM002008,Kritika Mehta,kritika.mehta593@outlook.com,2023-04-15,Indore
CRM000194,Diya Nair,,2024-06-08,Mumbai
CRM005612,Saanvi Shah,saanvi.shah578@outlook.com,2022-10-18,Jaipur
CRM002902,Reyan Das,reyan.das690@yahoo.com,2022-12-13,Delhi
CRM000579,Saanvi Bose,saanvi.bose417@hotmail.com,2024-03-28,Mumbai
CRM006220,Vihaan Sharma,vihaan.sharma891@rediff.com,2022-06-25,Pune
CRM005526,Ishaan Sharma,,2024-04-23,Vadodara
CRM000772,Arjun Patel,arjun.patel344@outlook.com,2023-10-14,Mumbai
CRM006684,Saanvi Das,saanvi.das801@yahoo.com,2023-11-09,Visakhapatnam
CRM002396,Saanvi Reddy,saanvi.reddy627@rediff.com,2023-01-12,Ahmedabad
CRM001479,Sneha Chatterjee,sneha.chatterjee365@yahoo.com,2024-06-10,Bhopal
CRM001847,Deepa Patel,deepa.patel242@yahoo.com,2023-04-22,Kanpur
CRM009760,Sneha Das,sneha.das963@gmail.com,2023-06-17,Indore
CRM004275,Kabir Gupta,kabir.gupta865@hotmail.com,2023-10-25,Bangalore
CRM003741,Ananya Mehta,ananya.mehta180@yahoo.com,2023-08-10,Indore
CRM004601,Aadhya Shah,aadhya.shah742@gmail.com,2022-05-13,Bhopal
CRM008722,Deepa Joshi,deepa.joshi452@hotmail.com,2023-06-21,Kolkata
CRM001574,Aditya Bose,aditya.bose741@yahoo.com,2022-07-02,Kolkata
CRM007987,Saanvi Patel,saanvi.patel892@yahoo.com,2023-12-04,Ahmedabad
CRM006677,Kabir Das,kabir.das95@gmail.com,2022-05-31,Nagpur
CRM006376,Saanvi Shah,saanvi.shah146@outlook.com,2022-11-04,Chennai
CRM000406,Rahul Reddy,rahul.reddy733@rediff.com,2022-12-11,Pune
CRM010220,Vivaan Nair,vivaan.nair967@gmail.com,2022-03-09,Surat
CRM004916,Kavya Iyer,kavya.iyer807@outlook.com,2022-12-04,Thane
CRM002074,Aarav Patel,aarav.patel830@outlook.com,2022-01-02,Mumbai
CRM004755,Diya Gupta,diya.gupta442@gmail.com,2022-09-01,Bhopal
CRM001897,Vijay Mehta,vijay.mehta64@hotmail.com,2023-05-10,Ahmedabad
CRM009159,Kabir Nair,kabir.nair87@outlook.com,2023-01-13,Mumbai
CRM006703,Meera Mishra,meera.mishra913@outlook.com,2024-01-07,Bhopal
CRM006318,Ishaan Mehta,ishaan.mehta966@gmail.com,2023-04-16,Indore
CRM003660,Reyan Sharma,reyan.sharma310@yahoo.com,2023-09-04,Bangalore
CRM006582,Ishaan Bose,ishaan.bose224@hotmail.com,2023-10-25,Indore
CRM002380,Ananya Shah,ananya.shah647@outlook.com,2022-01-17,Kanpur
CRM001448,Aditya Singh,aditya.singh394@outlook.com,2023-10-01,Chennai
CRM007599,Reyan Patel,reyan.patel499@outlook.com,2022-05-27,Mumbai
CRM000343,Saanvi Verma,saanvi.verma558@hotmail.com,2023-09-23,Patna
CRM007469,Ananya Shah,,2022-04-19,Patna
CRM005128,Priya Bose,priya.bose577@hotmail.com,2023-07-14,Visakhapatnam
CRM003137,Vijay Patel,vijay.patel377@rediff.com,2022-04-21,Ahmedabad
CRM002528,Kritika Bose,kritika.bose481@outlook.com,2022-11-30,Indore
CRM000728,Riya Rao,riya.rao178@outlook.com,2023-10-11,Bangalore
CRM004578,Sai Sharma,sai.sharma901@yahoo.com,2024-04-04,Nagpur
CRM000977,Rohan Nair,rohan.nair458@outlook.com,2022-12-15,Pune
CRM008984,Amit Verma,amit.verma534@rediff.com,2022-09-14,Nagpur
CRM005444,Reyan Sharma,reyan.sharma260@hotmail.com,2022-10-26,Jaipur
CRM009683,Aarav Iyer,aarav.iyer313@rediff.com,2023-08-08,Pune
CRM003517,Arjun Mehta,arjun.mehta559@outlook.com,2023-03-22,XX_CITY
CRM009531,Arjun Joshi,arjun.joshi869@hotmail.com,2022-05-24,Ahmedabad
CRM010069,Deepa Bose,deepa.bose732@yahoo.com,2024-01-25,Bangalore
CRM007157,Vihaan Pillai,vihaan.pillai537@rediff.com,2023-12-23,Thane
CRM010358,Sneha Patel,sneha.patel341@outlook.com,2023-05-01,Thane
CRM007852,Meera Sharma,meera.sharma257@hotmail.com,2024-03-08,Hyderabad
CRM010482,Sai Bose,sai.bose734@hotmail.com,2022-07-06,Chennai
CRM003941,Kritika Sinha,kritika.sinha980@gmail.com,2024-04-19,Vadodara
CRM001300,Diya Sinha,diya.sinha819@rediff.com,2024-06-27,Kanpur
CRM010459,Aadhya Joshi,aadhya.joshi486@outlook.com,2023-12-09,Kolkata
CRM001349,Reyan Singh,reyan.singh648@gmail.com,2022-03-20,Mumbai
CRM000661,Diya Mishra,diya.mishra534@rediff.com,2023-07-23,Delhi
CRM005887,Meera Pillai,meera.pillai300@gmail.com,2022-03-27,Pune
CRM001493,Deepa Patel,deepa.patel191@outlook.com,2022-06-19,Indore
CRM001871,Rahul Nair,,2023-07-27,Bangalore
CRM004590,Vihaan Mehta,vihaan.mehta887@yahoo.com,2022-12-03,Ahmedabad
CRM007744,Suresh Patel,suresh.patel628@yahoo.com,2023-08-08,Coimbatore
CRM009134,Ishaan Mishra,ishaan.mishra808@gmail.com,2023-05-22,Thane
CRM005155,Kavya Bose,kavya.bose182@gmail.com,2023-09-18,Delhi
CRM002316,Sai Mehta,sai.mehta683@hotmail.com,2023-12-11,Nagpur
CRM010303,Reyan Tiwari,reyan.tiwari755@yahoo.com,2023-05-11,Pune
CRM010264,Saanvi Gupta,saanvi.gupta538@outlook.com,2023-10-12,Kolkata
CRM007025,Kavya Rao,kavya.rao622@hotmail.com,2023-05-25,Bangalore
CRM001086,Pooja Pillai,pooja.pillai71@yahoo.com,2022-04-04,Ahmedabad
CRM002525,Aadhya Rao,aadhya.rao145@hotmail.com,2022-06-22,Visakhapatnam
CRM008282,Diya Das,diya.das888@rediff.com,2024-01-09,Vadodara
CRM009073,Amit Shah,amit.shah351@gmail.com,2022-06-12,Lucknow
CRM005375,Pooja Tiwari,pooja.tiwari254@yahoo.com,2022-09-08,Surat
CRM003199,Sai Kumar,sai.kumar150@outlook.com,2022-10-15,Delhi
CRM005752,Kavya Mehta,kavya.mehta194@gmail.com,2023-12-02,Pune
CRM004009,Aarav Bose,aarav.bose790@rediff.com,2023-05-19,Surat
CRM005718,Suresh Sharma,suresh.sharma340@outlook.com,2023-08-20,Indore
CRM008193,Pooja Das,pooja.das500@outlook.com,2023-11-13,Chennai
CRM009754,Aarav Mehta,aarav.mehta939@outlook.com,2024-04-13,Jaipur
CRM008041,Saanvi Verma,saanvi.verma917@hotmail.com,2022-10-14,Pune
CRM006658,Priya Kumar,priya.kumar410@hotmail.com,2023-06-03,Mumbai
CRM010402,Nisha Nair,nisha.nair944@gmail.com,2023-07-01,Patna
CRM008828,Aadhya Joshi,aadhya.joshi568@rediff.com,2022-10-22,Lucknow
CRM000068,Deepa Singh,deepa.singh393@gmail.com,2023-09-04,Mumbai
CRM009661,Reyan Tiwari,reyan.tiwari278@gmail.com,2022-11-13,Thane
CRM000041,Diya Mehta,diya.mehta525@rediff.com,2023-12-03,Kolkata
CRM002270,Nisha Das,nisha.das379@yahoo.com,2023-03-21,Mumbai
CRM002382,Rahul Bose,rahul.bose540@hotmail.com,2023-10-05,Kanpur
CRM008123,Suresh Reddy,suresh.reddy709@outlook.com,2024-04-19,Mumbai
CRM003049,Nisha Joshi,nisha.joshi181@gmail.com,2024-03-18,Indore
CRM009988,Kavya Nair,kavya.nair748@hotmail.com,2023-10-05,Coimbatore
CRM004917,Vivaan Patel,vivaan.patel705@gmail.com,2022-11-04,Kolkata
CRM005323,Saanvi Pillai,saanvi.pillai662@rediff.com,2023-06-16,Hyderabad
CRM005774,Raj Nair,raj.nair576@rediff.com,2022-11-20,Patna
CRM006233,Sai Shah,sai.shah698@gmail.com,2022-04-27,Delhi
CRM006964,Priya Joshi,priya.joshi59@yahoo.com,2023-04-13,Nagpur
CRM003448,Riya Das,riya.das371@yahoo.com,2022-03-18,Indore
CRM006817,Nisha Mishra,nisha.mishra882@outlook.com,2022-02-06,Patna
CRM002368,Reyan Kumar,reyan.kumar484@yahoo.com,2023-10-04,Nagpur
CRM008264,Raj Kumar,raj.kumar313@gmail.com,2023-10-21,Lucknow
CRM008766,Suresh Joshi,suresh.joshi413@outlook.com,2022-01-08,Coimbatore
CRM002513,Kavya Iyer,kavya.iyer423@hotmail.com,2024-06-30,Nagpur
CRM010308,Kavya Bose,kavya.bose172@hotmail.com,2022-04-07,Thane
CRM002724,Kavya Pillai,kavya.pillai356@yahoo.com,2022-03-31,Vadodara
CRM005949,Nisha Shah,nisha.shah292@hotmail.com,2024-06-20,Kolkata
CRM009844,Reyan Verma,reyan.verma379@hotmail.com,2022-08-09,Surat
CRM009188,Rahul Reddy,rahul.reddy361@rediff.com,2022-01-25,Nagpur
CRM001144,Meera Pillai,meera.pillai350@gmail.com,2022-11-06,Thane
CRM010428,Priya Kumar,priya.kumar645@rediff.com,2023-11-09,Bhopal
CRM007156,Deepa Tiwari,deepa.tiwari455@hotmail.com,2022-09-07,Bangalore
CRM008260,Ananya Chatterjee,ananya.chatterjee985@gmail.com,2022-12-22,Surat
CRM008884,Kavya Gupta,kavya.gupta801@outlook.com,2022-07-27,Bangalore
CRM009883,Raj Iyer,raj.iyer792@rediff.com,2022-09-08,Kolkata
CRM004729,Sai Shah,sai.shah472@rediff.com,2022-01-23,Delhi
CRM005495,Aditya Kumar,aditya.kumar553@outlook.com,2023-05-28,Jaipur
CRM005756,Kabir Gupta,kabir.gupta570@rediff.com,2023-08-11,Surat
CRM008451,Ishaan Tiwari,ishaan.tiwari661@yahoo.com,2023-10-31,Thane
CRM009910,Vijay Chatterjee,vijay.chatterjee792@gmail.com,2023-12-07,Surat
CRM007231,Sneha Mehta,sneha.mehta23@hotmail.com,2022-01-22,Bangalore
CRM003790,Arjun Das,arjun.das131@gmail.com,2022-11-14,Vadodara
CRM010122,Vivaan Sharma,vivaan.sharma146@rediff.com,2024-03-25,Bangalore
CRM002221,Rahul Nair,rahul.nair691@yahoo.com,2024-03-05,Hyderabad
CRM005076,Raj Mehta,raj.mehta803@yahoo.com,2022-11-05,Lucknow
CRM002332,Diya Rao,diya.rao766@yahoo.com,2024-06-27,Mumbai
CRM007881,Nisha Rao,nisha.rao245@yahoo.com,2023-11-19,Vadodara
CRM005395,Rahul Rao,rahul.rao68@hotmail.com,2024-03-20,Visakhapatnam
CRM008384,Pooja Gupta,pooja.gupta781@rediff.com,2022-09-23,Coimbatore
CRM009161,Sai Kumar,sai.kumar360@rediff.com,2024-02-18,Indore
CRM007091,Arjun Mehta,arjun.mehta55@yahoo.com,2023-08-07,UNKNOWN
CRM007790,Diya Tiwari,diya.tiwari530@gmail.com,2022-07-16,Delhi
CRM010004,Aadhya Chatterjee,aadhya.chatterjee994@outlook.com,2024-05-31,Bangalore
CRM004089,Aadhya Gupta,aadhya.gupta926@outlook.com,2023-01-26,Nagpur
CRM001968,Aditya Joshi,aditya.joshi801@gmail.com,2024-05-26,Mumbai
CRM009635,Rahul Tiwari,rahul.tiwari42@yahoo.com,2023-04-14,Kanpur
CRM010104,Ananya Rao,ananya.rao860@yahoo.com,2022-10-17,Kanpur
CRM010273,Deepa Singh,deepa.singh784@yahoo.com,2022-05-04,Delhi
CRM007000,Arjun Sharma,arjun.sharma603@gmail.com,2024-05-16,Bhopal
CRM000424,Nisha Tiwari,nisha.tiwari918@outlook.com,2023-06-15,Lucknow
CRM009190,Diya Tiwari,diya.tiwari946@outlook.com,2022-01-13,Mumbai
CRM006143,Riya Bose,riya.bose173@outlook.com,2023-07-18,Mumbai
CRM005662,Suresh Verma,suresh.verma782@yahoo.com,2024-01-12,Coimbatore
CRM004597,Kavya Sinha,kavya.sinha739@gmail.com,2022-10-26,Surat
CRM002660,Riya Verma,riya.verma65@gmail.com,2022-04-04,Lucknow
CRM000142,Saanvi Gupta,saanvi.gupta36@yahoo.com,2023-09-06,Delhi
CRM002598,Vihaan Chatterjee,vihaan.chatterjee250@gmail.com,2022-07-29,Vadodara
CRM006702,Rahul Chatterjee,rahul.chatterjee593@gmail.com,2022-06-03,Hyderabad
CRM001378,Suresh Nair,suresh.nair723@outlook.com,2023-04-18,Visakhapatnam
CRM003675,Vihaan Reddy,vihaan.reddy700@yahoo.com,2023-05-06,Bangalore
CRM008275,Arjun Tiwari,arjun.tiwari253@outlook.com,2024-04-12,Chennai
CRM006363,Kritika Patel,,2022-08-22,Mumbai
CRM010031,Ananya Tiwari,ananya.tiwari371@outlook.com,2022-06-17,Patna
CRM004742,Sai Iyer,sai.iyer720@rediff.com,2023-01-29,Coimbatore
CRM001139,Sneha Sinha,sneha.sinha210@rediff.com,2024-03-30,Bhopal
CRM007375,Riya Iyer,riya.iyer393@hotmail.com,2023-09-27,Mumbai
CRM001788,Aditya Mishra,aditya.mishra808@rediff.com,2023-03-22,Jaipur
CRM008623,Kritika Rao,kritika.rao187@outlook.com,2022-09-03,Lucknow
CRM004647,Saanvi Verma,saanvi.verma438@rediff.com,2022-08-09,Mumbai
CRM007569,Kabir Singh,kabir.singh827@outlook.com,2023-09-21,Chennai
CRM000460,Ishaan Mishra,ishaan.mishra634@hotmail.com,2023-03-22,Bangalore
CRM006116,Riya Tiwari,riya.tiwari263@hotmail.com,2022-07-13,Chennai
CRM008180,Sai Gupta,sai.gupta12@yahoo.com,2022-01-27,Indore
CRM000949,Aadhya Reddy,aadhya.reddy628@rediff.com,2023-02-18,Indore
CRM006371,Sai Gupta,sai.gupta313@yahoo.com,2022-03-03,Jaipur
CRM004629,Diya Chatterjee,diya.chatterjee303@rediff.com,2023-06-16,Visakhapatnam
CRM007359,Vivaan Shah,vivaan.shah362@outlook.com,2022-11-16,Ahmedabad
CRM005926,Nisha Tiwari,nisha.tiwari435@hotmail.com,2024-01-28,Bangalore
CRM006041,Suresh Gupta,suresh.gupta426@rediff.com,2022-05-13,Coimbatore
CRM000442,Aditya Nair,aditya.nair667@hotmail.com,2022-10-29,Delhi
CRM006660,Vihaan Pillai,vihaan.pillai706@hotmail.com,2022-11-06,Bhopal
CRM003831,Kabir Mishra,kabir.mishra154@gmail.com,2022-08-06,Surat
CRM010065,Vihaan Patel,vihaan.patel142@yahoo.com,2024-04-29,Delhi
CRM006145,Saanvi Das,saanvi.das806@outlook.com,2022-08-10,Lucknow
CRM009701,Vihaan Pillai,vihaan.pillai643@rediff.com,2022-06-12,Coimbatore
CRM006345,Kabir Reddy,kabir.reddy355@yahoo.com,2023-02-21,Visakhapatnam
CRM001959,Sai Bose,sai.bose735@rediff.com,2023-02-15,Thane
CRM000156,Sneha Chatterjee,sneha.chatterjee854@outlook.com,2022-06-04,Thane
CRM004579,Riya Reddy,riya.reddy410@outlook.com,2022-01-11,Coimbatore
CRM001090,Pooja Pillai,pooja.pillai451@hotmail.com,2022-10-19,Kanpur
CRM006050,Meera Nair,meera.nair44@gmail.com,2024-03-02,Kolkata
CRM007951,Ananya Singh,ananya.singh755@outlook.com,2023-12-25,Chennai
CRM001675,Sai Sinha,sai.sinha666@gmail.com,2023-12-05,Mumbai
CRM006764,Amit Verma,amit.verma309@hotmail.com,2024-03-30,Indore
CRM008981,Vijay Das,,2023-07-05,Visakhapatnam
CRM006417,Pooja Reddy,pooja.reddy11@outlook.com,2023-01-14,Hyderabad
CRM002327,Rohan Rao,rohan.rao467@gmail.com,2022-01-12,Lucknow
CRM007097,Rahul Chatterjee,rahul.chatterjee649@gmail.com,2023-11-22,Mumbai
CRM009203,Saanvi Reddy,saanvi.reddy316@rediff.com,2022-05-13,Chennai
CRM008460,Diya Sharma,diya.sharma998@outlook.com,2022-02-23,Nagpur
CRM006451,Kritika Sinha,kritika.sinha789@gmail.com,2023-01-29,Jaipur
CRM001716,Saanvi Patel,saanvi.patel801@rediff.com,2023-12-01,Pune
CRM003832,Sneha Nair,sneha.nair553@outlook.com,2024-05-29,Chennai
CRM006300,Priya Singh,priya.singh111@gmail.com,2022-11-06,Hyderabad
CRM003349,Kavya Reddy,kavya.reddy458@yahoo.com,2022-10-30,Visakhapatnam
CRM010198,Pooja Bose,pooja.bose619@hotmail.com,2022-07-17,N/A
CRM000588,Ishaan Sharma,ishaan.sharma664@gmail.com,2022-12-22,Indore
CRM010202,Raj Sharma,raj.sharma479@hotmail.com,2022-07-20,Chennai
CRM002991,Aadhya Mishra,aadhya.mishra415@yahoo.com,2023-01-10,Surat
CRM009944,Aditya Singh,aditya.singh295@yahoo.com,2023-05-08,Thane
CRM008498,Diya Mishra,diya.mishra181@hotmail.com,2023-04-03,Vadodara
CRM009756,Aadhya Chatterjee,aadhya.chatterjee838@yahoo.com,2023-01-31,Bhopal
CRM000265,Vivaan Pillai,vivaan.pillai223@outlook.com,2023-09-25,Thane
CRM008484,Ananya Chatterjee,ananya.chatterjee369@rediff.com,2023-03-27,Vadodara
CRM006789,Deepa Verma,,2023-02-09,Indore
CRM009119,Diya Nair,diya.nair356@gmail.com,2022-07-13,Kolkata
CRM003865,Sneha Tiwari,sneha.tiwari258@rediff.com,2022-06-20,Thane
CRM006275,Raj Kumar,raj.kumar585@hotmail.com,2024-05-06,Delhi
CRM010499,Pooja Mehta,pooja.mehta606@rediff.com,2023-10-31,Mumbai
CRM003712,Priya Nair,priya.nair458@rediff.com,2023-05-24,Kolkata
CRM001530,Priya Gupta,priya.gupta848@yahoo.com,2023-06-14,Mumbai
CRM008812,Rohan Sinha,rohan.sinha57@rediff.com,2024-01-26,Kolkata
CRM000924,Suresh Patel,suresh.patel828@outlook.com,2022-12-31,Bangalore
CRM008448,Priya Rao,priya.rao496@outlook.com,2023-04-04,Patna
CRM007330,Deepa Shah,deepa.shah778@hotmail.com,2023-08-25,Kanpur
CRM004365,Kritika Shah,kritika.shah913@yahoo.com,2023-01-05,Thane
CRM000670,Rohan Mehta,rohan.mehta955@yahoo.com,2022-08-03,Chennai
CRM003605,Pooja Bose,pooja.bose207@outlook.com,2024-01-11,Visakhapatnam
CRM005109,Meera Shah,meera.shah850@hotmail.com,2023-07-24,Visakhapatnam
CRM005249,Pooja Joshi,pooja.joshi450@gmail.com,2023-02-21,Kanpur
CRM007184,Reyan Rao,reyan.rao40@gmail.com,2022-03-06,Visakhapatnam
CRM002592,Deepa Iyer,deepa.iyer193@outlook.com,2022-12-26,Ahmedabad
CRM005907,Kabir Sinha,kabir.sinha218@hotmail.com,2023-06-16,Lucknow
CRM006510,Kavya Sinha,kavya.sinha611@rediff.com,2023-08-08,Chennai
CRM007134,Riya Bose,riya.bose495@hotmail.com,2022-09-04,Kolkata
CRM002308,Deepa Rao,deepa.rao263@yahoo.com,2024-02-25,Bangalore
CRM003691,Kavya Das,kavya.das693@gmail.com,2022-06-18,Kanpur
CRM000688,Sneha Singh,sneha.singh867@yahoo.com,2023-02-03,Pune
CRM000613,Vijay Kumar,vijay.kumar422@gmail.com,2022-12-13,Chennai
CRM007168,Aadhya Iyer,,2022-03-11,Surat
CRM008493,Ishaan Shah,ishaan.shah158@yahoo.com,2022-12-19,Nagpur
CRM003201,Rahul Chatterjee,,2024-06-15,Indore
CRM006630,Vivaan Mehta,vivaan.mehta395@outlook.com,2023-12-22,Delhi
CRM004136,Rohan Singh,rohan.singh886@gmail.com,2022-07-20,Coimbatore
CRM001899,Saanvi Tiwari,saanvi.tiwari959@outlook.com,2023-11-22,Indore
CRM000283,Kabir Iyer,kabir.iyer241@gmail.com,2022-04-03,Bhopal
CRM000259,Saanvi Rao,saanvi.rao699@outlook.com,2023-03-31,Jaipur
CRM010096,Aditya Shah,aditya.shah304@outlook.com,2023-05-10,Chennai
CRM004944,Deepa Sharma,deepa.sharma547@hotmail.com,2024-04-11,Ahmedabad
CRM002823,Meera Das,meera.das611@rediff.com,2022-08-06,Patna
CRM003526,Diya Patel,diya.patel149@hotmail.com,2022-10-17,Hyderabad
CRM010347,Ananya Gupta,ananya.gupta182@yahoo.com,2022-12-28,Visakhapatnam
CRM005224,Ishaan Verma,ishaan.verma672@hotmail.com,2022-10-27,Vadodara
CRM002286,Aadhya Kumar,aadhya.kumar957@rediff.com,2022-05-24,Ahmedabad
CRM006064,Suresh Singh,suresh.singh428@hotmail.com,2023-02-04,Nagpur
CRM008079,Aditya Sinha,aditya.sinha465@outlook.com,2022-01-17,Lucknow
CRM004655,Sneha Sharma,sneha.sharma619@outlook.com,2024-06-27,Kanpur
CRM005001,Rohan Mehta,rohan.mehta491@yahoo.com,2024-01-22,Hyderabad
CRM006711,Deepa Bose,deepa.bose833@outlook.com,2022-03-05,Kanpur
CRM009992,Diya Sharma,diya.sharma510@rediff.com,2022-04-27,Jaipur
CRM005417,Pooja Nair,pooja.nair757@hotmail.com,2023-10-30,Jaipur
CRM000476,Priya Reddy,priya.reddy836@rediff.com,2022-04-24,Surat
CRM002556,Aditya Chatterjee,aditya.chatterjee501@gmail.com,2024-02-01,Visakhapatnam
CRM008088,Vivaan Patel,vivaan.patel668@gmail.com,2024-01-06,Kanpur
CRM000008,Aarav Patel,aarav.patel115@rediff.com,2023-12-03,Coimbatore
CRM006412,Amit Singh,amit.singh344@yahoo.com,2024-05-17,Delhi
CRM009822,Aadhya Sharma,aadhya.sharma969@gmail.com,2024-03-19,Nagpur
CRM009557,Rohan Chatterjee,rohan.chatterjee264@rediff.com,2023-02-11,Coimbatore
CRM005547,Aarav Rao,aarav.rao348@hotmail.com,2023-02-21,Indore
CRM002427,Aarav Verma,aarav.verma996@hotmail.com,2024-01-14,Patna
CRM006745,Kavya Joshi,kavya.joshi794@yahoo.com,2024-05-03,Surat
CRM010314,Reyan Sharma,reyan.sharma278@rediff.com,2023-05-10,Ahmedabad
CRM002275,Nisha Singh,nisha.singh963@rediff.com,2022-06-03,Kolkata
CRM001578,Meera Verma,meera.verma525@yahoo.com,2022-11-16,Ahmedabad
CRM007265,Rohan Das,rohan.das815@outlook.com,2024-02-13,Indore
CRM003971,Vijay Nair,vijay.nair559@gmail.com,2023-04-18,Patna
CRM005880,Deepa Iyer,deepa.iyer823@hotmail.com,2022-02-28,Lucknow
CRM009023,Kabir Nair,kabir.nair621@hotmail.com,2022-10-18,Jaipur
CRM009994,Reyan Sharma,reyan.sharma79@rediff.com,2024-05-07,Surat
CRM007194,Kavya Bose,kavya.bose369@gmail.com,2022-07-16,Bangalore
CRM003868,Meera Pillai,meera.pillai101@yahoo.com,2022-02-07,Visakhapatnam
CRM010087,Riya Shah,riya.shah221@gmail.com,2024-03-09,Indore
CRM006824,Kavya Reddy,kavya.reddy949@hotmail.com,2023-12-06,Chennai
CRM007549,Ishaan Bose,ishaan.bose372@yahoo.com,2022-02-18,Kolkata
CRM000782,Vijay Mehta,vijay.mehta56@gmail.com,2022-01-24,Lucknow
CRM001750,Ananya Mehta,ananya.mehta399@gmail.com,2022-06-26,Hyderabad
CRM006520,Vihaan Singh,vihaan.singh312@outlook.com,2023-02-05,Vadodara
CRM005775,Pooja Sinha,pooja.sinha924@yahoo.com,2022-04-11,Pune
CRM002325,Rahul Singh,rahul.singh91@outlook.com,2024-01-31,Thane
CRM005056,Aadhya Gupta,aadhya.gupta160@outlook.com,2022-08-08,--
CRM009668,Ishaan Mishra,ishaan.mishra981@outlook.com,2023-11-30,Bangalore
CRM001728,Aarav Reddy,aarav.reddy562@hotmail.com,2024-05-26,Chennai
CRM000611,Vihaan Das,vihaan.das514@rediff.com,2023-06-19,Vadodara
CRM004667,Ishaan Bose,ishaan.bose498@rediff.com,2024-03-10,Bangalore
CRM005414,Pooja Reddy,pooja.reddy726@gmail.com,2023-10-15,Indore
CRM008104,Deepa Shah,deepa.shah974@hotmail.com,2024-01-06,Mumbai
CRM008175,Meera Sinha,meera.sinha760@rediff.com,2023-01-05,Pune
CRM003751,Reyan Sinha,reyan.sinha395@yahoo.com,2023-06-12,Indore
CRM000098,Aditya Patel,aditya.patel245@rediff.com,2022-06-30,Mumbai
CRM006986,Vijay Joshi,vijay.joshi546@yahoo.com,2022-10-14,--
CRM003138,Reyan Gupta,reyan.gupta116@yahoo.com,2023-08-08,Patna
CRM001538,Kavya Verma,kavya.verma909@outlook.com,2022-08-25,Hyderabad
CRM003649,Saanvi Tiwari,saanvi.tiwari771@hotmail.com,2022-01-16,Bhopal
CRM001518,Vijay Kumar,vijay.kumar757@gmail.com,2023-12-13,Ahmedabad
CRM010018,Riya Bose,riya.bose601@yahoo.com,2024-02-12,Delhi
CRM004625,Sneha Tiwari,sneha.tiwari588@yahoo.com,2022-03-26,Chennai
CRM006567,Rohan Mehta,rohan.mehta624@gmail.com,2022-05-24,Hyderabad
CRM002091,Kritika Pillai,kritika.pillai801@gmail.com,2022-09-09,Nagpur
CRM007098,Riya Gupta,riya.gupta646@yahoo.com,2023-03-30,Pune
CRM006172,Kabir Nair,kabir.nair36@hotmail.com,2022-05-07,Kolkata
CRM007522,Vijay Mishra,vijay.mishra112@rediff.com,2022-10-27,Surat
CRM000573,Saanvi Patel,saanvi.patel54@gmail.com,2024-05-17,Delhi
CRM009723,Vijay Iyer,vijay.iyer93@gmail.com,2022-07-17,Kanpur
CRM003063,Suresh Sharma,suresh.sharma668@yahoo.com,2022-11-22,Kolkata
CRM000598,Ananya Mehta,ananya.mehta813@rediff.com,2023-03-20,Thane
CRM006634,Rahul Gupta,rahul.gupta811@gmail.com,2022-07-14,Thane
CRM007876,Ishaan Mehta,ishaan.mehta286@hotmail.com,2022-11-01,Surat
CRM007346,Vivaan Shah,vivaan.shah546@outlook.com,2024-01-12,Bangalore
CRM006305,Sai Tiwari,sai.tiwari606@outlook.com,2022-09-11,Mumbai
CRM010113,Ananya Gupta,ananya.gupta640@rediff.com,2022-10-15,Visakhapatnam
CRM005977,Saanvi Bose,,2023-03-23,Mumbai
CRM001939,Aditya Sinha,aditya.sinha375@gmail.com,2023-04-25,Coimbatore
CRM008101,Nisha Joshi,nisha.joshi360@yahoo.com,2022-06-23,Bhopal
CRM001754,Pooja Iyer,pooja.iyer387@yahoo.com,2022-12-05,Thane
CRM003671,Ishaan Patel,ishaan.patel826@hotmail.com,2023-09-02,Hyderabad
CRM008628,Riya Chatterjee,riya.chatterjee238@outlook.com,2022-02-22,Jaipur
CRM002362,Kabir Singh,kabir.singh47@gmail.com,2022-04-14,Thane
CRM004261,Kritika Mishra,kritika.mishra446@rediff.com,2023-10-26,Coimbatore
CRM005433,Vihaan Kumar,vihaan.kumar286@gmail.com,2022-09-19,Indore
CRM006286,Vihaan Verma,vihaan.verma926@outlook.com,2024-01-13,Delhi
CRM008978,Aadhya Mehta,aadhya.mehta494@hotmail.com,2023-12-29,Indore
CRM010140,Aditya Tiwari,aditya.tiwari804@yahoo.com,2022-09-14,Nagpur
CRM009533,Vihaan Sharma,vihaan.sharma299@rediff.com,2022-01-09,Indore
CRM009167,Suresh Joshi,suresh.joshi589@hotmail.com,2022-09-10,Mumbai
CRM005592,Kabir Pillai,kabir.pillai534@hotmail.com,2024-06-29,Jaipur
CRM001172,Arjun Gupta,arjun.gupta609@gmail.com,2023-03-19,Coimbatore
CRM007928,Riya Mishra,riya.mishra670@hotmail.com,2022-03-03,Mumbai
CRM008643,Priya Singh,priya.singh318@hotmail.com,2023-03-25,Jaipur
CRM010019,Vivaan Bose,vivaan.bose653@outlook.com,2022-12-25,Patna
CRM009382,Diya Verma,diya.verma82@gmail.com,2022-06-19,Ahmedabad
CRM009821,Aadhya Sinha,aadhya.sinha409@hotmail.com,2024-05-02,Hyderabad
CRM000875,Sneha Tiwari,sneha.tiwari70@hotmail.com,2022-06-15,Indore
CRM002298,Deepa Shah,deepa.shah23@hotmail.com,2023-08-17,Surat
CRM009969,Raj Verma,raj.verma714@yahoo.com,2022-07-10,Bhopal
CRM002644,Raj Gupta,raj.gupta789@gmail.com,2024-03-03,Ahmedabad
CRM005348,Kritika Shah,kritika.shah452@hotmail.com,2022-07-10,Bhopal
CRM007969,Nisha Sharma,nisha.sharma671@outlook.com,2023-12-11,Coimbatore
CRM000582,Arjun Iyer,arjun.iyer936@hotmail.com,2023-03-03,Bhopal
CRM000205,Kabir Tiwari,kabir.tiwari995@yahoo.com,2023-12-05,Bangalore
CRM007897,Priya Mishra,priya.mishra361@gmail.com,2023-10-30,Delhi
CRM002015,Ananya Sharma,,2022-05-04,Bhopal
CRM000906,Nisha Verma,nisha.verma993@gmail.com,2022-09-08,Jaipur
CRM000632,Suresh Nair,suresh.nair713@outlook.com,2023-09-13,Patna
CRM008941,Aditya Reddy,aditya.reddy974@rediff.com,2022-09-17,Chennai
CRM001975,Sai Rao,,2023-01-07,Hyderabad
CRM000163,Vijay Sinha,vijay.sinha55@rediff.com,2024-01-30,Mumbai
CRM004999,Vihaan Pillai,vihaan.pillai517@outlook.com,2022-09-27,Hyderabad
CRM004714,Kavya Gupta,kavya.gupta261@yahoo.com,2023-04-20,Indore
CRM001432,Riya Iyer,riya.iyer222@hotmail.com,2024-02-10,Visakhapatnam
CRM006869,Aarav Nair,aarav.nair508@hotmail.com,2023-12-18,Bangalore
CRM009794,Reyan Reddy,reyan.reddy990@rediff.com,2022-02-18,Delhi
CRM007711,Aadhya Shah,aadhya.shah724@gmail.com,2023-11-23,Lucknow
CRM007737,Riya Bose,riya.bose935@yahoo.com,2023-02-24,Coimbatore
CRM004284,Amit Reddy,amit.reddy24@gmail.com,2023-09-18,Visakhapatnam
CRM007532,Rohan Nair,rohan.nair711@gmail.com,2023-04-27,Visakhapatnam
CRM009697,Diya Pillai,diya.pillai475@outlook.com,2022-12-02,Coimbatore
CRM003385,Aadhya Patel,aadhya.patel524@outlook.com,2024-06-18,Visakhapatnam
CRM010248,Reyan Sinha,reyan.sinha293@gmail.com,2022-07-19,Hyderabad
CRM008724,Ishaan Das,ishaan.das331@hotmail.com,2024-04-16,Hyderabad
CRM008939,Sneha Chatterjee,sneha.chatterjee296@yahoo.com,2023-09-16,Mumbai
CRM007463,Pooja Bose,pooja.bose849@rediff.com,2022-06-18,Bangalore
CRM003332,Meera Shah,meera.shah501@yahoo.com,2024-03-15,Chennai
CRM006405,Meera Pillai,meera.pillai153@yahoo.com,2023-09-18,Mumbai
CRM002097,Rohan Sinha,rohan.sinha911@outlook.com,2023-10-09,Thane
CRM009000,Arjun Tiwari,arjun.tiwari196@hotmail.com,2022-04-24,Ahmedabad
CRM008000,Aadhya Kumar,aadhya.kumar899@gmail.com,2022-12-11,Jaipur
CRM005018,Pooja Singh,pooja.singh647@outlook.com,2024-04-04,Bhopal
CRM001450,Priya Tiwari,priya.tiwari638@hotmail.com,2023-10-29,Kanpur
CRM006901,Kabir Patel,kabir.patel366@hotmail.com,2022-07-04,Delhi
CRM002611,Pooja Reddy,pooja.reddy773@yahoo.com,2022-08-07,Surat
CRM001901,Deepa Mehta,deepa.mehta412@outlook.com,2024-04-09,Bangalore
CRM008187,Aadhya Mishra,aadhya.mishra502@yahoo.com,2022-07-19,Bangalore
CRM003921,Diya Gupta,diya.gupta819@rediff.com,2022-11-11,Thane
CRM002758,Deepa Sinha,deepa.sinha184@yahoo.com,2022-06-11,Patna
CRM006398,Rohan Verma,rohan.verma559@yahoo.com,2022-03-14,Surat
CRM009286,Aditya Bose,aditya.bose469@outlook.com,2024-04-11,Bhopal
CRM002098,Sneha Sharma,sneha.sharma592@hotmail.com,2023-06-09,Jaipur
CRM008330,Raj Mishra,raj.mishra971@gmail.com,2024-03-11,Bhopal
CRM005625,Raj Sinha,raj.sinha665@yahoo.com,2023-02-26,Visakhapatnam
CRM003472,Sai Mehta,sai.mehta38@yahoo.com,2023-07-12,Lucknow
CRM008267,Rohan Rao,rohan.rao697@gmail.com,2023-08-07,Visakhapatnam
CRM002172,Ananya Gupta,ananya.gupta490@outlook.com,2023-04-03,Kanpur
CRM009894,Suresh Patel,suresh.patel334@hotmail.com,2023-09-30,Vadodara
CRM009843,Vijay Pillai,vijay.pillai688@outlook.com,2023-01-30,Ahmedabad
CRM002011,Arjun Sharma,arjun.sharma892@yahoo.com,2023-04-26,Bhopal
CRM010487,Ananya Sharma,ananya.sharma86@rediff.com,2023-04-16,Delhi
CRM001284,Meera Mehta,meera.mehta619@hotmail.com,2024-02-21,Thane
CRM010284,Ishaan Patel,,2023-02-21,Kolkata
CRM001020,Vihaan Nair,vihaan.nair780@yahoo.com,2024-04-08,Nagpur
CRM002811,Rahul Sharma,rahul.sharma999@rediff.com,2024-06-07,Delhi
CRM009249,Suresh Patel,suresh.patel725@outlook.com,2023-09-14,Lucknow
CRM001652,Rohan Bose,rohan.bose25@yahoo.com,2023-03-11,Thane
CRM010299,Sneha Pillai,sneha.pillai611@rediff.com,2023-02-13,Bhopal
CRM001170,Rahul Gupta,rahul.gupta457@yahoo.com,2023-12-04,Delhi
CRM006257,Saanvi Verma,saanvi.verma568@outlook.com,2023-03-28,Surat
CRM005470,Nisha Bose,nisha.bose24@outlook.com,2022-01-23,Nagpur
CRM000868,Deepa Reddy,deepa.reddy764@yahoo.com,2023-12-08,Coimbatore
CRM005094,Kavya Rao,kavya.rao47@rediff.com,2023-11-28,Mumbai
CRM005434,Kabir Chatterjee,kabir.chatterjee701@hotmail.com,2023-03-21,Delhi
CRM000542,Diya Pillai,diya.pillai247@gmail.com,2024-01-03,Delhi
CRM006430,Ishaan Patel,ishaan.patel959@yahoo.com,2022-11-29,Visakhapatnam
CRM006355,Riya Mehta,riya.mehta607@rediff.com,2023-07-04,Indore
CRM010001,Arjun Sharma,arjun.sharma22@yahoo.com,2022-01-13,Kolkata
CRM003391,Vijay Tiwari,vijay.tiwari864@rediff.com,2024-05-19,Hyderabad
CRM008632,Sai Joshi,sai.joshi346@outlook.com,2023-08-29,Delhi
CRM009555,Aarav Joshi,aarav.joshi23@yahoo.com,2022-08-24,Hyderabad
CRM003960,Vijay Mishra,vijay.mishra887@hotmail.com,2024-05-23,Patna
CRM006644,Ananya Nair,ananya.nair362@yahoo.com,2022-05-04,Kolkata
CRM006842,Diya Kumar,diya.kumar231@rediff.com,2023-03-19,Surat
CRM008890,Sneha Pillai,sneha.pillai14@hotmail.com,2024-06-06,Jaipur
CRM003587,Vijay Das,vijay.das567@hotmail.com,2023-03-22,Surat
CRM008671,Aadhya Nair,aadhya.nair47@gmail.com,2024-05-03,Mumbai
CRM002564,Saanvi Verma,saanvi.verma314@rediff.com,2023-01-12,Chennai
CRM005037,Priya Pillai,priya.pillai327@yahoo.com,2022-12-11,Lucknow
CRM001081,Riya Nair,riya.nair442@gmail.com,2023-12-01,Ahmedabad
CRM005892,Sneha Reddy,sneha.reddy13@outlook.com,2023-07-16,Nagpur
CRM004967,Kritika Iyer,kritika.iyer471@rediff.com,2024-01-25,Jaipur
CRM002024,Rohan Das,rohan.das198@outlook.com,2022-03-30,Chennai
CRM009633,Saanvi Tiwari,saanvi.tiwari867@gmail.com,2023-05-26,Ahmedabad
CRM007910,Kabir Mehta,kabir.mehta904@hotmail.com,2024-05-16,Ahmedabad
CRM009344,Ananya Nair,ananya.nair212@yahoo.com,2022-02-16,Surat
CRM007322,Rahul Shah,rahul.shah992@rediff.com,2022-10-12,Patna
CRM000227,Diya Mehta,diya.mehta94@hotmail.com,2023-09-06,Indore
CRM001014,Priya Tiwari,priya.tiwari59@yahoo.com,2022-05-15,Jaipur
CRM001930,Aarav Mishra,aarav.mishra389@yahoo.com,2023-07-28,Visakhapatnam
CRM005252,Nisha Das,nisha.das966@outlook.com,2023-09-01,Hyderabad
CRM002180,Vijay Sharma,vijay.sharma850@outlook.com,2024-05-29,Kolkata
CRM000698,Amit Joshi,amit.joshi722@outlook.com,2022-05-28,Nagpur
CRM001125,Amit Rao,amit.rao577@yahoo.com,2023-08-09,Nagpur
CRM007379,Nisha Mishra,nisha.mishra187@hotmail.com,2024-02-25,Vadodara
CRM008806,Aadhya Singh,aadhya.singh943@hotmail.com,2023-07-30,Mumbai
CRM005111,Meera Mishra,meera.mishra301@gmail.com,2024-06-27,Patna
CRM007903,Sai Reddy,sai.reddy658@rediff.com,2022-01-22,Pune
CRM001779,Deepa Rao,deepa.rao470@gmail.com,2024-01-30,Visakhapatnam
CRM008880,Vijay Gupta,vijay.gupta821@outlook.com,2022-11-09,Bangalore
CRM002635,Amit Pillai,amit.pillai599@rediff.com,2022-08-01,Indore
CRM007545,Pooja Reddy,pooja.reddy673@hotmail.com,2022-06-10,Hyderabad
CRM007605,Vivaan Pillai,vivaan.pillai319@outlook.com,2022-10-18,Patna
CRM003490,Aditya Iyer,aditya.iyer53@outlook.com,2023-08-03,Vadodara
CRM001038,Riya Das,riya.das451@hotmail.com,2023-09-17,Bhopal
CRM008777,Pooja Sinha,pooja.sinha691@outlook.com,2023-02-16,Bhopal
CRM002650,Kavya Chatterjee,kavya.chatterjee493@rediff.com,2023-12-09,Jaipur
CRM002980,Kabir Mehta,kabir.mehta123@rediff.com,2024-05-21,Hyderabad
CRM002548,Deepa Gupta,deepa.gupta133@rediff.com,2022-10-23,Coimbatore
CRM005133,Suresh Chatterjee,suresh.chatterjee22@yahoo.com,2022-04-01,Kolkata
CRM002160,Arjun Gupta,arjun.gupta362@rediff.com,2023-04-28,Delhi
CRM006446,Pooja Reddy,pooja.reddy304@outlook.com,2022-10-21,Chennai
CRM003968,Vihaan Das,vihaan.das550@rediff.com,2022-07-01,Thane
CRM001429,Amit Sinha,,2024-05-14,Coimbatore
CRM009015,Aditya Singh,aditya.singh238@hotmail.com,2022-06-22,Visakhapatnam
CRM002521,Nisha Bose,nisha.bose924@hotmail.com,2022-05-31,Indore
CRM008034,Sneha Sharma,sneha.sharma210@yahoo.com,2022-04-20,Kolkata
CRM009250,Aarav Pillai,aarav.pillai504@yahoo.com,2022-09-30,Nagpur
CRM005787,Aarav Das,aarav.das892@rediff.com,2023-03-03,Vadodara
CRM000449,Vijay Sinha,vijay.sinha939@outlook.com,2022-05-20,Pune
CRM010099,Raj Reddy,raj.reddy112@outlook.com,2022-12-13,Kolkata
CRM005996,Vihaan Kumar,vihaan.kumar292@hotmail.com,2022-10-13,Nagpur
CRM008621,Ananya Sharma,ananya.sharma720@rediff.com,2022-10-12,Bhopal
CRM003728,Reyan Verma,reyan.verma245@outlook.com,2023-06-03,Surat
CRM007354,Vivaan Joshi,vivaan.joshi853@gmail.com,2023-05-26,Patna
CRM006280,Diya Shah,diya.shah907@rediff.com,2022-11-20,Vadodara
CRM009586,Deepa Gupta,deepa.gupta928@outlook.com,2024-03-08,Delhi
CRM007296,Deepa Iyer,deepa.iyer554@outlook.com,2023-03-25,Mumbai
CRM006252,Meera Nair,meera.nair682@yahoo.com,2022-05-11,Kanpur
CRM005927,Aditya Reddy,aditya.reddy455@gmail.com,2022-12-09,Ahmedabad
CRM002461,Vivaan Singh,vivaan.singh16@hotmail.com,2024-04-24,Hyderabad
CRM000023,Diya Rao,diya.rao297@rediff.com,2022-03-29,Kanpur
CRM002067,Vihaan Sharma,vihaan.sharma201@gmail.com,2024-04-25,Vadodara
CRM001654,Reyan Chatterjee,reyan.chatterjee920@gmail.com,2022-01-10,UNKNOWN
CRM001377,Amit Das,amit.das903@yahoo.com,2024-06-09,Bangalore
CRM001725,Ananya Patel,ananya.patel407@rediff.com,2023-12-11,Ahmedabad
CRM003755,Nisha Shah,nisha.shah617@gmail.com,2023-08-21,Delhi
CRM004184,Riya Sharma,riya.sharma697@yahoo.com,2022-12-18,Bhopal
CRM004083,Sai Rao,sai.rao261@rediff.com,2023-11-09,Lucknow
CRM008475,Pooja Mehta,pooja.mehta83@outlook.com,2023-09-04,Bangalore
CRM006580,Aditya Patel,aditya.patel931@hotmail.com,2022-04-30,Kanpur
CRM004559,Amit Rao,amit.rao791@yahoo.com,2023-03-14,Coimbatore
CRM003538,Rohan Mehta,rohan.mehta614@rediff.com,2023-06-20,Patna
CRM007004,Ishaan Patel,ishaan.patel479@gmail.com,2022-02-05,Visakhapatnam
CRM010147,Suresh Nair,suresh.nair575@rediff.com,2022-01-08,Kanpur
CRM000647,Priya Joshi,priya.joshi898@gmail.com,2022-02-06,Mumbai
CRM006382,Aarav Singh,aarav.singh94@outlook.com,2023-08-31,Visakhapatnam
CRM007528,Aadhya Reddy,aadhya.reddy825@yahoo.com,2022-09-22,Mumbai
CRM010389,Sai Das,sai.das48@hotmail.com,2023-05-31,Patna
CRM007166,Nisha Bose,nisha.bose633@gmail.com,2022-02-15,Mumbai
CRM002956,Vijay Shah,vijay.shah154@hotmail.com,2024-04-10,Kanpur
CRM007698,Kritika Iyer,kritika.iyer115@hotmail.com,2024-01-25,Mumbai
CRM010078,Raj Shah,raj.shah40@rediff.com,2023-06-04,Surat
CRM004876,Amit Tiwari,amit.tiwari209@outlook.com,2023-11-02,Bhopal
CRM009207,Ananya Sinha,ananya.sinha172@hotmail.com,2023-05-02,Hyderabad
CRM005342,Aditya Singh,aditya.singh565@outlook.com,2022-05-20,Bangalore
CRM007032,Deepa Shah,deepa.shah925@gmail.com,2024-04-06,Patna
CRM002161,Vijay Sharma,vijay.sharma246@hotmail.com,2023-02-09,Lucknow
CRM000686,Sneha Nair,sneha.nair527@hotmail.com,2023-05-08,Thane
CRM002462,Saanvi Chatterjee,saanvi.chatterjee695@outlook.com,2023-11-22,Coimbatore
CRM007129,Vihaan Mishra,vihaan.mishra106@rediff.com,2022-01-17,Nagpur
CRM006268,Pooja Singh,pooja.singh680@rediff.com,2022-10-11,Patna
CRM004942,Kavya Sharma,kavya.sharma984@outlook.com,2024-01-25,Jaipur
CRM005947,Sneha Kumar,sneha.kumar345@yahoo.com,2023-04-26,Indore
CRM004584,Aarav Bose,aarav.bose243@hotmail.com,2024-02-27,Kolkata
CRM005785,Reyan Kumar,reyan.kumar481@rediff.com,2022-09-11,Vadodara
CRM007570,Suresh Singh,suresh.singh380@outlook.com,2024-06-14,Coimbatore
CRM000522,Suresh Nair,suresh.nair916@yahoo.com,2022-04-15,Bangalore
CRM003984,Ishaan Nair,ishaan.nair62@outlook.com,2022-03-15,Bhopal
CRM010244,Meera Nair,meera.nair810@outlook.com,2023-03-23,Kolkata
CRM000781,Deepa Sinha,deepa.sinha468@outlook.com,2023-04-04,Visakhapatnam
CRM008820,Aarav Tiwari,aarav.tiwari392@gmail.com,2022-12-04,Surat
CRM005608,Kabir Chatterjee,kabir.chatterjee506@rediff.com,2022-09-02,Coimbatore
CRM005979,Aadhya Patel,aadhya.patel341@gmail.com,2024-05-31,Surat
CRM003748,Vihaan Sharma,,2023-04-13,Pune
CRM002197,Vijay Patel,vijay.patel962@yahoo.com,2022-03-01,Surat
CRM008562,Arjun Gupta,arjun.gupta860@outlook.com,2024-05-24,Kanpur
CRM002877,Sai Kumar,sai.kumar823@yahoo.com,2022-08-09,Bhopal
CRM004286,Diya Chatterjee,diya.chatterjee198@hotmail.com,2022-11-19,Indore
CRM008570,Aarav Sharma,aarav.sharma166@rediff.com,2022-08-06,Patna
CRM006980,Aditya Sinha,aditya.sinha454@outlook.com,2022-03-16,Kanpur
CRM001828,Deepa Kumar,,2022-08-22,Surat
CRM010363,Deepa Patel,deepa.patel448@gmail.com,2023-05-30,Kanpur
CRM002377,Aadhya Verma,aadhya.verma940@gmail.com,2023-11-06,Mumbai
CRM008552,Meera Kumar,meera.kumar436@outlook.com,2022-12-15,Ahmedabad
CRM003840,Riya Verma,riya.verma431@outlook.com,2023-07-23,Lucknow
CRM001247,Sneha Bose,sneha.bose107@rediff.com,2023-07-30,Thane
CRM007505,Meera Das,meera.das289@hotmail.com,2024-06-28,Delhi
CRM006512,Kavya Chatterjee,kavya.chatterjee376@yahoo.com,2024-05-23,Nagpur
CRM005440,Rohan Joshi,rohan.joshi958@gmail.com,2022-09-17,Lucknow
CRM009906,Aadhya Mishra,aadhya.mishra663@yahoo.com,2022-11-24,Jaipur
CRM005511,Diya Patel,diya.patel683@rediff.com,2022-10-13,Kolkata
CRM005331,Saanvi Sinha,saanvi.sinha209@outlook.com,2023-08-14,Delhi
CRM004532,Kritika Das,kritika.das671@gmail.com,2022-09-12,Kolkata
CRM000366,Arjun Chatterjee,arjun.chatterjee112@yahoo.com,2023-09-17,Mumbai
CRM005206,Sai Joshi,sai.joshi777@hotmail.com,2024-05-13,Surat
CRM000148,Kavya Sharma,kavya.sharma277@yahoo.com,2023-04-08,Coimbatore
CRM001669,Nisha Shah,nisha.shah402@gmail.com,2023-06-20,Jaipur
CRM009482,Raj Tiwari,raj.tiwari238@gmail.com,2022-11-17,Ahmedabad
CRM007651,Ananya Kumar,ananya.kumar61@hotmail.com,2022-07-22,Visakhapatnam
CRM007789,Nisha Nair,nisha.nair438@hotmail.com,2024-03-29,Patna
CRM003457,Kabir Mehta,kabir.mehta98@outlook.com,2022-08-16,Delhi
CRM003272,Riya Nair,riya.nair218@gmail.com,2024-06-18,Kanpur
CRM004941,Reyan Singh,reyan.singh148@gmail.com,2022-10-23,Surat
CRM006231,Rohan Tiwari,rohan.tiwari100@rediff.com,2023-06-01,Nagpur
CRM009547,Kavya Chatterjee,kavya.chatterjee873@yahoo.com,2023-10-12,Delhi
CRM008704,Kabir Singh,,2022-08-01,Indore
CRM003927,Arjun Tiwari,arjun.tiwari380@gmail.com,2023-01-21,Lucknow
CRM009153,Kavya Patel,kavya.patel824@gmail.com,2022-07-14,Bangalore
CRM008081,Vijay Kumar,vijay.kumar100@gmail.com,2022-01-07,Ahmedabad
CRM000079,Raj Reddy,raj.reddy915@rediff.com,2022-12-02,Nagpur
CRM007089,Amit Reddy,amit.reddy838@outlook.com,2023-11-01,Patna
CRM002248,Deepa Verma,deepa.verma383@rediff.com,2024-02-18,Kanpur
CRM008853,Priya Sinha,priya.sinha143@outlook.com,2023-07-22,Delhi
CRM005732,Arjun Joshi,arjun.joshi338@hotmail.com,2022-07-12,Patna
CRM007452,Reyan Iyer,reyan.iyer629@yahoo.com,2023-02-28,Pune
CRM002280,Diya Pillai,diya.pillai139@gmail.com,2022-06-13,Coimbatore
CRM008124,Rohan Patel,rohan.patel524@yahoo.com,2023-10-17,Kanpur
CRM003898,Saanvi Rao,saanvi.rao95@hotmail.com,2022-11-13,Visakhapatnam
CRM009809,Rahul Shah,rahul.shah687@yahoo.com,2023-02-09,Kanpur
CRM007178,Priya Verma,priya.verma399@outlook.com,2023-04-04,Pune
CRM010130,Ananya Singh,ananya.singh953@outlook.com,2023-07-15,Pune
CRM003632,Aditya Nair,aditya.nair36@hotmail.com,2022-04-08,Bangalore
CRM009241,Aditya Kumar,aditya.kumar492@rediff.com,2023-08-18,Lucknow
CRM006273,Vihaan Sharma,,2023-03-26,Mumbai
CRM008617,Sai Sharma,sai.sharma794@outlook.com,2022-10-06,Nagpur
CRM000393,Kabir Mishra,kabir.mishra693@outlook.com,2022-09-16,Ahmedabad
CRM003192,Rahul Shah,rahul.shah972@gmail.com,2024-05-10,Chennai
CRM000017,Suresh Pillai,suresh.pillai236@yahoo.com,2023-02-13,Coimbatore
CRM004201,Aadhya Reddy,aadhya.reddy978@gmail.com,2023-12-15,Visakhapatnam
CRM002673,Vihaan Iyer,vihaan.iyer835@gmail.com,2022-04-10,Nagpur
CRM006165,Vivaan Pillai,vivaan.pillai963@yahoo.com,2022-03-05,Nagpur
CRM003494,Nisha Kumar,nisha.kumar569@gmail.com,2023-06-14,Hyderabad
CRM007395,Kabir Mishra,kabir.mishra456@hotmail.com,2024-02-25,Delhi
CRM004840,Sai Pillai,sai.pillai665@gmail.com,2024-01-15,Ahmedabad
CRM000594,Kritika Rao,kritika.rao962@hotmail.com,2023-02-15,Surat
CRM009980,Nisha Iyer,nisha.iyer84@rediff.com,2023-06-17,Ahmedabad
CRM005828,Raj Rao,raj.rao606@hotmail.com,2022-03-04,Chennai
CRM007962,Pooja Reddy,pooja.reddy720@yahoo.com,2023-01-16,Pune
CRM005888,Amit Mehta,amit.mehta953@hotmail.com,2024-03-04,Kolkata
CRM002356,Kavya Tiwari,kavya.tiwari843@hotmail.com,2023-10-03,Vadodara
CRM006037,Riya Singh,riya.singh337@hotmail.com,2022-05-18,Coimbatore
CRM004799,Kritika Reddy,kritika.reddy849@rediff.com,2022-07-12,Vadodara
CRM009264,Meera Sharma,meera.sharma955@gmail.com,2022-09-18,Bangalore
CRM004593,Sai Tiwari,sai.tiwari815@hotmail.com,2023-12-08,Mumbai
CRM000164,Vivaan Reddy,vivaan.reddy60@gmail.com,2022-09-22,Jaipur
CRM009924,Aditya Gupta,aditya.gupta761@yahoo.com,2023-01-21,Nagpur
CRM010107,Kritika Iyer,kritika.iyer312@gmail.com,2023-01-05,Ahmedabad
CRM010472,Ishaan Das,ishaan.das631@hotmail.com,2024-06-13,Lucknow
CRM007381,Ishaan Gupta,ishaan.gupta273@rediff.com,2023-10-15,Bangalore
CRM004221,Rohan Sinha,rohan.sinha808@outlook.com,2024-04-01,Mumbai
CRM006357,Rohan Reddy,rohan.reddy292@rediff.com,2022-11-29,Ahmedabad
CRM005543,Ananya Mehta,ananya.mehta932@outlook.com,2022-10-30,Ahmedabad
CRM006008,Aadhya Bose,aadhya.bose147@gmail.com,2022-07-21,--
CRM007994,Riya Iyer,riya.iyer654@hotmail.com,2023-08-29,Mumbai
CRM007639,Sneha Chatterjee,sneha.chatterjee421@yahoo.com,2023-09-01,Delhi
CRM006794,Sai Das,sai.das879@rediff.com,2023-12-19,Jaipur
CRM007759,Kabir Joshi,kabir.joshi733@yahoo.com,2022-12-04,Vadodara
CRM004838,Aarav Das,,2023-03-10,Bangalore
CRM002294,Kavya Nair,kavya.nair416@outlook.com,2022-06-30,Vadodara
CRM006549,Sneha Iyer,sneha.iyer387@hotmail.com,2023-11-12,Bangalore
CRM007899,Nisha Chatterjee,nisha.chatterjee219@outlook.com,2022-10-25,Ahmedabad
CRM004482,Vijay Nair,vijay.nair52@hotmail.com,2022-07-10,Kanpur
CRM003717,Raj Mehta,raj.mehta876@rediff.com,2023-12-19,Bhopal
CRM006141,Nisha Verma,nisha.verma424@rediff.com,2022-12-08,Nagpur
CRM001550,Saanvi Sharma,saanvi.sharma167@hotmail.com,2024-06-30,Jaipur
CRM002045,Vihaan Sinha,vihaan.sinha100@hotmail.com,2023-02-26,Delhi
CRM000768,Saanvi Singh,saanvi.singh225@hotmail.com,2024-03-05,Kanpur
CRM005694,Reyan Chatterjee,reyan.chatterjee586@outlook.com,2023-12-06,Bangalore
CRM007871,Kavya Singh,kavya.singh679@yahoo.com,2023-06-29,Hyderabad
CRM007858,Ishaan Verma,ishaan.verma593@outlook.com,2023-08-25,Bangalore
CRM003303,Vivaan Kumar,vivaan.kumar756@yahoo.com,2023-09-16,Kanpur
CRM004518,Aarav Singh,aarav.singh92@rediff.com,2023-05-19,Kanpur
CRM009727,Vihaan Das,vihaan.das815@gmail.com,2022-09-04,Indore
CRM003293,Amit Sinha,amit.sinha19@outlook.com,2024-06-30,Surat
CRM001404,Suresh Mishra,suresh.mishra979@outlook.com,2023-05-20,Surat
CRM001383,Arjun Bose,arjun.bose491@hotmail.com,2023-09-15,Bangalore
CRM006929,Priya Iyer,priya.iyer782@hotmail.com,2022-07-15,Surat
CRM005672,Aditya Sharma,aditya.sharma41@outlook.com,2023-12-03,Chennai
CRM001639,Vijay Sinha,vijay.sinha164@gmail.com,2023-11-24,Nagpur
CRM006908,Arjun Reddy,arjun.reddy681@rediff.com,2023-10-29,Jaipur
CRM008592,Diya Tiwari,diya.tiwari663@outlook.com,2022-11-27,Kolkata
CRM006407,Rohan Sharma,rohan.sharma161@yahoo.com,2023-10-19,Kolkata
CRM001180,Raj Mishra,raj.mishra328@outlook.com,2022-07-10,Patna
CRM005449,Ananya Mehta,ananya.mehta978@hotmail.com,2023-03-18,Delhi
CRM005079,Ananya Iyer,ananya.iyer718@hotmail.com,2023-08-18,Pune
CRM008649,Aditya Das,aditya.das653@gmail.com,2024-05-17,Delhi
CRM005176,Rahul Patel,rahul.patel475@yahoo.com,2023-07-11,Lucknow
CRM000690,Arjun Shah,arjun.shah600@yahoo.com,2023-03-14,Visakhapatnam
CRM009492,Vihaan Verma,vihaan.verma364@outlook.com,2024-03-17,Mumbai
CRM006526,Aditya Mehta,aditya.mehta701@yahoo.com,2023-10-10,Ahmedabad
CRM009297,Priya Rao,priya.rao893@rediff.com,2022-05-15,Coimbatore
CRM006489,Kritika Pillai,,2022-08-23,Patna
CRM007155,Amit Chatterjee,amit.chatterjee445@hotmail.com,2022-01-20,Pune
CRM009017,Sneha Bose,sneha.bose198@hotmail.com,2022-07-20,Delhi
CRM006611,Vihaan Patel,vihaan.patel198@outlook.com,2022-10-17,Visakhapatnam
CRM009177,Priya Mishra,priya.mishra751@outlook.com,2024-03-21,Vadodara
CRM004350,Raj Kumar,raj.kumar527@rediff.com,2022-08-12,Thane
CRM001885,Kritika Patel,kritika.patel612@rediff.com,2022-11-17,Vadodara
CRM009257,Kavya Mehta,kavya.mehta277@rediff.com,2022-03-12,Hyderabad
CRM002495,Priya Nair,priya.nair471@rediff.com,2023-04-28,Patna
CRM005948,Meera Tiwari,meera.tiwari660@outlook.com,2023-07-05,Visakhapatnam
CRM003037,Reyan Shah,reyan.shah879@rediff.com,2024-01-04,XX_CITY
CRM005778,Ishaan Iyer,ishaan.iyer688@hotmail.com,2022-08-15,Mumbai
CRM000846,Saanvi Singh,saanvi.singh301@rediff.com,2024-02-04,Mumbai
CRM007968,Nisha Iyer,nisha.iyer341@gmail.com,2023-11-28,Indore
CRM009082,Rahul Bose,rahul.bose983@yahoo.com,2022-03-19,Ahmedabad
CRM007341,Arjun Das,arjun.das162@rediff.com,2023-10-23,Thane
CRM009654,Vijay Singh,vijay.singh989@rediff.com,2023-03-18,Coimbatore
CRM008882,Rohan Tiwari,rohan.tiwari154@rediff.com,2024-05-31,Surat
CRM007138,Vijay Sharma,vijay.sharma425@hotmail.com,2024-01-20,Mumbai
CRM002965,Sneha Patel,sneha.patel232@gmail.com,2023-05-29,Coimbatore
CRM002530,Priya Verma,priya.verma996@rediff.com,2023-08-03,Visakhapatnam
CRM005773,Saanvi Patel,saanvi.patel157@hotmail.com,2024-03-08,Bangalore
CRM001049,Vijay Reddy,vijay.reddy709@hotmail.com,2022-10-30,Lucknow
CRM007046,Nisha Pillai,nisha.pillai103@hotmail.com,2022-03-08,Surat
CRM001961,Meera Joshi,meera.joshi669@gmail.com,2022-09-18,Jaipur
CRM002531,Aditya Joshi,aditya.joshi557@rediff.com,2024-02-17,Bangalore
CRM008430,Kavya Kumar,kavya.kumar167@yahoo.com,2023-04-03,Chennai
CRM004918,Saanvi Nair,saanvi.nair258@hotmail.com,2023-04-03,Visakhapatnam
CRM005902,Reyan Kumar,reyan.kumar867@outlook.com,2023-01-20,Hyderabad
CRM008287,Nisha Das,nisha.das967@rediff.com,2023-01-05,Bangalore
CRM004260,Ananya Reddy,ananya.reddy676@hotmail.com,2022-11-24,Jaipur
CRM005657,Arjun Chatterjee,arjun.chatterjee765@outlook.com,2023-04-30,Thane
CRM006098,Raj Joshi,raj.joshi760@rediff.com,2022-06-28,Patna
CRM005908,Deepa Chatterjee,deepa.chatterjee840@hotmail.com,2023-09-09,Thane
CRM007374,Sneha Singh,sneha.singh860@hotmail.com,2022-12-06,Vadodara
CRM002979,Reyan Das,reyan.das536@yahoo.com,2023-09-04,Bhopal
CRM009501,Nisha Joshi,nisha.joshi537@hotmail.com,2023-12-22,Patna
CRM009966,Suresh Singh,suresh.singh63@yahoo.com,2023-05-10,Thane
CRM006722,Vivaan Sharma,vivaan.sharma510@outlook.com,2023-07-01,Kolkata
CRM007843,Riya Mehta,riya.mehta404@gmail.com,2022-10-15,UNKNOWN
CRM008265,Arjun Das,arjun.das470@hotmail.com,2023-12-18,Kolkata
CRM009672,Vihaan Das,vihaan.das661@gmail.com,2022-01-17,Thane
CRM003139,Aadhya Singh,aadhya.singh10@rediff.com,2024-02-21,Bangalore
CRM008326,Arjun Das,arjun.das640@hotmail.com,2023-10-28,Visakhapatnam
CRM008073,Ananya Nair,ananya.nair298@gmail.com,2023-07-20,Coimbatore
CRM001827,Vivaan Joshi,vivaan.joshi917@gmail.com,2023-07-19,Pune
CRM005549,Deepa Kumar,deepa.kumar979@hotmail.com,2023-09-25,Kanpur
CRM000561,Rahul Chatterjee,rahul.chatterjee597@outlook.com,2024-03-29,Surat
CRM009442,Kritika Iyer,kritika.iyer879@gmail.com,2023-11-05,Ahmedabad
CRM008436,Ananya Mishra,ananya.mishra754@outlook.com,2022-02-25,Bhopal
CRM005436,Raj Rao,raj.rao528@yahoo.com,2022-07-17,Jaipur
CRM004438,Kritika Singh,kritika.singh164@rediff.com,2023-08-30,Visakhapatnam
CRM008598,Arjun Kumar,arjun.kumar829@rediff.com,2024-06-30,Chennai
CRM001443,Ishaan Mehta,ishaan.mehta318@yahoo.com,2023-07-09,Hyderabad
CRM008454,Rahul Pillai,rahul.pillai710@outlook.com,2023-07-05,Kanpur
CRM004407,Kavya Mehta,kavya.mehta808@outlook.com,2024-03-12,Indore
CRM010214,Nisha Tiwari,nisha.tiwari758@rediff.com,2022-07-03,Chennai
CRM001690,Riya Das,riya.das13@outlook.com,2023-06-28,Delhi
CRM003101,Kritika Singh,kritika.singh271@rediff.com,2024-02-03,Hyderabad
CRM009640,Aarav Joshi,aarav.joshi816@gmail.com,2023-03-25,Chennai
CRM005963,Ishaan Mishra,ishaan.mishra511@yahoo.com,2023-02-25,Indore
CRM002497,Vivaan Singh,,2024-06-10,Kanpur
CRM008787,Diya Reddy,diya.reddy231@hotmail.com,2024-03-16,Ahmedabad
CRM000341,Saanvi Reddy,saanvi.reddy722@outlook.com,2022-06-08,Lucknow
CRM002409,Arjun Mehta,,2022-01-31,Chennai
CRM008951,Meera Mishra,meera.mishra776@hotmail.com,2024-06-19,Lucknow
CRM005783,Aditya Reddy,aditya.reddy55@hotmail.com,2023-01-09,Mumbai
CRM004577,Vihaan Reddy,vihaan.reddy495@hotmail.com,2022-07-20,Jaipur
CRM003726,Kavya Das,kavya.das863@yahoo.com,2023-06-28,UNKNOWN
CRM002786,Kritika Chatterjee,kritika.chatterjee242@rediff.com,2022-09-15,Delhi
CRM001013,Raj Bose,raj.bose158@hotmail.com,2022-11-17,Lucknow
CRM005281,Riya Sharma,riya.sharma115@hotmail.com,2022-08-11,Patna
CRM004896,Priya Pillai,priya.pillai264@gmail.com,2024-03-30,Visakhapatnam
CRM007122,Aditya Verma,aditya.verma700@yahoo.com,2022-03-31,Kolkata
CRM006550,Kritika Mishra,kritika.mishra72@yahoo.com,2024-04-29,Mumbai
CRM004038,Rahul Chatterjee,rahul.chatterjee742@yahoo.com,2022-10-17,Delhi
CRM000149,Aditya Shah,aditya.shah97@rediff.com,2024-02-06,Bangalore
CRM000286,Reyan Pillai,reyan.pillai750@gmail.com,2023-12-19,Vadodara
CRM010342,Diya Patel,diya.patel499@gmail.com,2022-07-14,Nagpur
CRM008556,Sneha Mehta,sneha.mehta283@outlook.com,2022-01-21,Mumbai
CRM009003,Saanvi Mishra,saanvi.mishra963@hotmail.com,2024-01-23,Coimbatore
CRM006771,Vihaan Kumar,vihaan.kumar894@rediff.com,2022-11-15,Nagpur
CRM004444,Pooja Mehta,pooja.mehta445@gmail.com,2023-04-26,Patna
CRM007447,Pooja Mehta,pooja.mehta131@gmail.com,2024-02-17,Hyderabad
CRM000237,Sneha Pillai,sneha.pillai748@outlook.com,2023-06-13,Surat
CRM010272,Aditya Kumar,aditya.kumar471@rediff.com,2023-06-18,Bhopal
CRM007124,Ananya Tiwari,ananya.tiwari453@hotmail.com,2023-09-13,Coimbatore
CRM008949,Vihaan Das,vihaan.das280@rediff.com,2023-04-09,Pune
CRM003084,Sneha Shah,sneha.shah792@hotmail.com,2023-12-29,Lucknow
CRM000633,Aarav Verma,aarav.verma424@rediff.com,2023-06-23,Indore
CRM006814,Ishaan Gupta,ishaan.gupta520@gmail.com,2024-05-02,Kolkata
CRM002494,Ishaan Shah,ishaan.shah615@outlook.com,2023-03-04,Bhopal
CRM002666,Raj Mishra,raj.mishra895@outlook.com,2024-04-15,Mumbai
CRM009931,Arjun Pillai,arjun.pillai189@hotmail.com,2024-02-15,Chennai
CRM009261,Vijay Mishra,vijay.mishra246@gmail.com,2022-04-11,Kanpur
CRM009068,Riya Sharma,riya.sharma552@gmail.com,2022-01-10,Kanpur
CRM004212,Vivaan Singh,vivaan.singh865@hotmail.com,2022-07-25,Lucknow
CRM003875,Suresh Das,suresh.das742@outlook.com,2022-10-07,Indore
CRM002818,Kritika Kumar,kritika.kumar893@hotmail.com,2022-01-01,Kanpur
CRM008858,Aditya Joshi,,2024-06-30,Indore
CRM002109,Vivaan Bose,vivaan.bose78@rediff.com,2022-08-19,Indore
CRM009626,Priya Singh,priya.singh866@hotmail.com,2023-04-25,Jaipur
CRM007427,Pooja Shah,pooja.shah795@outlook.com,2022-07-10,Coimbatore
CRM009216,Suresh Iyer,suresh.iyer251@hotmail.com,2023-03-28,Jaipur
CRM009071,Diya Verma,diya.verma788@outlook.com,2023-11-08,Lucknow
CRM009860,Reyan Sinha,reyan.sinha692@gmail.com,2022-03-16,Lucknow
CRM001736,Rohan Iyer,rohan.iyer832@rediff.com,2023-10-06,Hyderabad
CRM007398,Deepa Gupta,deepa.gupta43@outlook.com,2022-07-07,Nagpur
CRM004256,Deepa Shah,deepa.shah503@gmail.com,2024-05-24,Mumbai
CRM008879,Meera Pillai,meera.pillai476@outlook.com,2022-05-24,Pune
CRM002476,Kritika Mehta,kritika.mehta682@outlook.com,2023-02-10,Jaipur
CRM002983,Suresh Shah,suresh.shah442@hotmail.com,2022-06-16,Bhopal
CRM003714,Kabir Gupta,kabir.gupta122@rediff.com,2024-01-27,Delhi
CRM009624,Sai Patel,sai.patel162@outlook.com,2022-02-25,Coimbatore
CRM001805,Kabir Verma,kabir.verma635@outlook.com,2023-04-03,Kanpur
CRM000708,Rahul Pillai,rahul.pillai190@outlook.com,2023-06-02,Ahmedabad
CRM009851,Rohan Tiwari,rohan.tiwari986@rediff.com,2022-01-07,Vadodara
CRM005190,Ishaan Mehta,ishaan.mehta778@gmail.com,2022-10-18,Coimbatore
CRM005473,Sneha Tiwari,sneha.tiwari803@hotmail.com,2023-02-23,Mumbai
CRM000073,Pooja Chatterjee,pooja.chatterjee226@gmail.com,2023-10-26,Indore
CRM007844,Aadhya Rao,aadhya.rao693@gmail.com,2023-12-22,Chennai
CRM005102,Nisha Sinha,nisha.sinha276@outlook.com,2024-01-06,Lucknow
CRM006765,Ishaan Patel,ishaan.patel482@rediff.com,2022-02-10,Kolkata
CRM001126,Suresh Patel,suresh.patel112@hotmail.com,2022-11-21,Indore
CRM001242,Reyan Tiwari,reyan.tiwari118@gmail.com,2023-11-18,Thane
CRM008843,Rohan Rao,,2022-11-03,Lucknow
CRM002350,Suresh Joshi,suresh.joshi209@hotmail.com,2022-03-26,Chennai
CRM006603,Sai Mishra,sai.mishra508@gmail.com,2024-04-13,Delhi
CRM006781,Reyan Pillai,reyan.pillai207@hotmail.com,2023-08-28,Vadodara
CRM004359,Rohan Sharma,rohan.sharma588@yahoo.com,2022-02-16,Visakhapatnam
CRM001344,Ananya Nair,ananya.nair414@hotmail.com,2023-11-10,--
CRM000938,Amit Iyer,amit.iyer752@hotmail.com,2022-04-30,Hyderabad
CRM009301,Ananya Sinha,,2024-06-04,UNKNOWN
CRM010261,Vijay Joshi,,2023-09-11,Ahmedabad
CRM008633,Ananya Bose,ananya.bose488@yahoo.com,2022-03-23,Bhopal
CRM006653,Reyan Patel,reyan.patel688@gmail.com,2024-06-30,Delhi
CRM001101,Diya Iyer,diya.iyer70@gmail.com,2022-08-28,Delhi
CRM007328,Riya Mehta,riya.mehta800@yahoo.com,2023-01-05,Visakhapatnam
CRM007623,Vihaan Gupta,vihaan.gupta278@hotmail.com,2022-09-11,Kanpur
CRM000988,Arjun Joshi,arjun.joshi670@gmail.com,2022-09-03,Hyderabad
CRM002853,Meera Joshi,meera.joshi870@rediff.com,2023-12-17,Bangalore
CRM000631,Priya Gupta,priya.gupta969@gmail.com,2024-01-02,Bangalore
CRM001250,Meera Kumar,meera.kumar710@rediff.com,2023-12-14,Kanpur
CRM003180,Raj Pillai,raj.pillai919@gmail.com,2023-07-09,Mumbai
CRM000483,Arjun Kumar,,2024-03-17,Patna
CRM003041,Raj Singh,,2022-01-08,Coimbatore
CRM005011,Riya Shah,riya.shah66@rediff.com,2023-05-18,Patna
CRM009355,Diya Pillai,diya.pillai875@yahoo.com,2023-02-06,Kolkata
CRM007001,Amit Bose,amit.bose788@outlook.com,2024-04-24,Vadodara
CRM003274,Reyan Mishra,reyan.mishra510@rediff.com,2024-04-05,Hyderabad
CRM007228,Rohan Mehta,rohan.mehta659@rediff.com,2024-06-10,Delhi
CRM003684,Rahul Kumar,rahul.kumar286@outlook.com,2024-04-18,Visakhapatnam
CRM006675,Kavya Rao,kavya.rao386@hotmail.com,2023-12-09,Thane
CRM006808,Aditya Rao,aditya.rao443@hotmail.com,2022-10-27,Bhopal
CRM005118,Arjun Bose,arjun.bose789@yahoo.com,2022-03-12,Jaipur
CRM001317,Pooja Mishra,pooja.mishra728@outlook.com,2022-03-01,Vadodara
CRM003226,Kavya Iyer,kavya.iyer768@yahoo.com,2023-07-25,Bangalore
CRM001073,Aadhya Reddy,aadhya.reddy562@outlook.com,2023-07-15,Bangalore
CRM004816,Riya Chatterjee,riya.chatterjee405@hotmail.com,2023-01-07,Coimbatore
CRM009052,Rahul Verma,rahul.verma742@gmail.com,2024-04-12,Mumbai
CRM005753,Rohan Das,rohan.das968@rediff.com,2022-12-05,Chennai
CRM009801,Sneha Nair,sneha.nair721@yahoo.com,2022-08-29,Ahmedabad
CRM004617,Meera Chatterjee,meera.chatterjee838@gmail.com,2024-03-21,Mumbai
CRM003098,Vihaan Gupta,vihaan.gupta810@rediff.com,2023-01-01,Bhopal
CRM006870,Aarav Mishra,aarav.mishra572@outlook.com,2022-07-09,Lucknow
CRM001301,Sneha Joshi,sneha.joshi443@gmail.com,2022-09-12,Pune
CRM007286,Kritika Kumar,kritika.kumar682@outlook.com,2023-05-24,UNKNOWN
CRM006285,Rahul Tiwari,rahul.tiwari274@rediff.com,2023-05-22,Pune
CRM005496,Raj Patel,raj.patel971@hotmail.com,2024-06-07,Indore
CRM005292,Raj Joshi,raj.joshi828@gmail.com,2024-04-07,Hyderabad
CRM001799,Kavya Rao,kavya.rao983@gmail.com,2024-06-29,Vadodara
CRM005204,Riya Gupta,riya.gupta382@yahoo.com,2022-10-07,Delhi
CRM008228,Deepa Das,deepa.das611@yahoo.com,2023-09-14,Mumbai
CRM005048,Saanvi Pillai,saanvi.pillai511@hotmail.com,2023-01-08,Kanpur
CRM006442,Sai Iyer,sai.iyer958@rediff.com,2022-04-05,Kanpur
CRM008637,Raj Das,raj.das559@outlook.com,2023-05-15,Delhi
CRM008106,Diya Mishra,diya.mishra656@gmail.com,2023-03-29,Visakhapatnam
CRM002360,Riya Tiwari,riya.tiwari343@rediff.com,2022-08-13,Bhopal
CRM010050,Vivaan Verma,,2023-11-27,Surat
CRM003655,Kritika Das,kritika.das475@outlook.com,2022-12-31,Kolkata
CRM007053,Sneha Chatterjee,sneha.chatterjee351@outlook.com,2022-08-31,Kanpur
CRM001287,Meera Iyer,meera.iyer533@hotmail.com,2022-02-06,Jaipur
CRM009781,Arjun Bose,arjun.bose804@gmail.com,2022-03-27,Hyderabad
CRM004446,Sai Rao,sai.rao37@gmail.com,2023-06-15,Chennai
CRM002138,Sneha Reddy,sneha.reddy737@yahoo.com,2024-06-04,Bangalore
CRM006788,Rahul Tiwari,rahul.tiwari509@hotmail.com,2023-12-27,Lucknow
CRM010444,Vivaan Verma,vivaan.verma730@hotmail.com,2023-02-04,Indore
CRM009831,Saanvi Bose,saanvi.bose407@yahoo.com,2023-07-19,Vadodara
CRM009612,Suresh Sharma,suresh.sharma828@yahoo.com,2022-01-27,Coimbatore
CRM006895,Aditya Mehta,aditya.mehta895@gmail.com,2022-01-22,Thane
CRM009179,Priya Sharma,priya.sharma242@yahoo.com,2022-01-26,Nagpur
CRM008565,Aarav Bose,aarav.bose970@gmail.com,2024-06-12,Lucknow
CRM007152,Kavya Shah,kavya.shah480@hotmail.com,2022-04-08,Chennai
CRM000964,Vivaan Reddy,vivaan.reddy258@yahoo.com,2023-01-10,Hyderabad
CRM006013,Deepa Iyer,deepa.iyer676@hotmail.com,2023-11-14,Pune
CRM004883,Ishaan Mishra,ishaan.mishra706@hotmail.com,2022-09-01,Delhi
CRM000141,Priya Kumar,priya.kumar68@rediff.com,2024-06-07,Mumbai
CRM009681,Reyan Bose,reyan.bose836@hotmail.com,2023-03-14,Thane
CRM006937,Rahul Kumar,rahul.kumar389@outlook.com,2022-12-21,Thane
CRM006543,Arjun Singh,arjun.singh960@gmail.com,2023-06-11,Nagpur
CRM005244,Kavya Chatterjee,kavya.chatterjee888@gmail.com,2024-02-19,Thane
CRM004432,Raj Bose,raj.bose112@hotmail.com,2022-12-02,Indore
CRM000407,Aarav Pillai,aarav.pillai648@hotmail.com,2023-07-03,Mumbai
CRM008213,Aarav Mehta,aarav.mehta361@rediff.com,2024-06-29,Thane
CRM010221,Ananya Sharma,ananya.sharma944@yahoo.com,2023-11-22,Bangalore
CRM009244,Sneha Singh,sneha.singh651@gmail.com,2024-03-01,Patna
CRM008235,Priya Bose,priya.bose76@outlook.com,2023-02-26,Delhi
CRM004400,Aarav Kumar,aarav.kumar670@yahoo.com,2023-09-27,Ahmedabad
CRM005253,Kabir Verma,kabir.verma687@outlook.com,2024-03-14,Delhi
CRM000012,Reyan Sinha,reyan.sinha219@hotmail.com,2023-11-20,Bangalore
CRM004761,Suresh Mehta,suresh.mehta790@gmail.com,2023-12-27,Bangalore
CRM001178,Rahul Mishra,rahul.mishra422@hotmail.com,2023-03-02,Hyderabad
CRM002864,Sai Gupta,sai.gupta83@rediff.com,2023-10-16,Coimbatore
CRM006472,Aadhya Sharma,aadhya.sharma853@rediff.com,2023-12-14,Indore
CRM006229,Kritika Patel,kritika.patel745@outlook.com,2022-09-17,Kanpur
CRM002990,Diya Iyer,diya.iyer208@rediff.com,2024-05-17,Lucknow
CRM007118,Arjun Iyer,arjun.iyer85@gmail.com,2023-05-25,Delhi
CRM007011,Vivaan Sharma,vivaan.sharma127@gmail.com,2022-04-09,Surat
CRM009165,Sai Sinha,sai.sinha383@gmail.com,2024-01-26,Jaipur
CRM001441,Rohan Chatterjee,rohan.chatterjee35@rediff.com,2024-06-21,Mumbai
CRM010439,Kritika Bose,kritika.bose993@gmail.com,2024-04-30,Thane
CRM002876,Nisha Mishra,nisha.mishra495@outlook.com,2022-08-15,Delhi
CRM009749,Rohan Joshi,rohan.joshi14@gmail.com,2024-06-09,Kanpur
CRM009423,Rahul Pillai,rahul.pillai330@gmail.com,2022-12-17,Jaipur
CRM007233,Aarav Singh,aarav.singh30@yahoo.com,2024-05-13,Kanpur
CRM003727,Amit Kumar,,2023-06-21,Bhopal
CRM002773,Deepa Verma,deepa.verma843@hotmail.com,2022-10-15,Thane
CRM000455,Ananya Singh,ananya.singh857@gmail.com,2024-06-30,Kanpur
CRM008190,Reyan Sharma,reyan.sharma947@hotmail.com,2023-04-10,Jaipur
CRM001368,Raj Joshi,raj.joshi808@gmail.com,2023-08-11,Thane
CRM003713,Reyan Das,reyan.das100@rediff.com,2023-01-09,Thane
CRM000544,Amit Singh,amit.singh987@outlook.com,2023-05-19,Mumbai
CRM001389,Sneha Mehta,sneha.mehta655@gmail.com,2023-02-11,Vadodara
CRM001001,Diya Sharma,diya.sharma689@gmail.com,2023-01-09,Delhi
CRM007762,Nisha Gupta,nisha.gupta414@yahoo.com,2023-03-26,Hyderabad
CRM003554,Kavya Verma,kavya.verma647@gmail.com,2023-10-17,Hyderabad
CRM004115,Ishaan Verma,ishaan.verma113@outlook.com,2023-06-06,Chennai
CRM001668,Vijay Bose,vijay.bose203@outlook.com,2022-08-14,Visakhapatnam
CRM003174,Kavya Kumar,kavya.kumar553@hotmail.com,2024-03-26,Mumbai
CRM010067,Sneha Reddy,,2023-07-04,Ahmedabad
CRM000489,Sneha Tiwari,sneha.tiwari11@gmail.com,2024-01-07,Jaipur
CRM003231,Reyan Chatterjee,reyan.chatterjee961@hotmail.com,2023-07-14,Nagpur
CRM003829,Priya Mehta,priya.mehta11@yahoo.com,2023-08-18,Nagpur
CRM009270,Suresh Patel,suresh.patel780@hotmail.com,2023-08-07,Nagpur
CRM005209,Saanvi Gupta,saanvi.gupta142@outlook.com,2024-01-27,Kanpur
CRM007849,Nisha Nair,nisha.nair777@rediff.com,2023-05-10,Thane
CRM005705,Sai Joshi,sai.joshi978@rediff.com,2024-04-02,Lucknow
CRM010329,Sneha Verma,sneha.verma430@gmail.com,2022-12-25,Surat
CRM008134,Ananya Rao,ananya.rao694@gmail.com,2022-08-10,Visakhapatnam
CRM000704,Ananya Tiwari,ananya.tiwari592@gmail.com,2024-01-10,Indore
CRM005106,Amit Mishra,,2022-08-26,Kanpur
CRM009534,Kritika Gupta,kritika.gupta502@yahoo.com,2023-08-01,Bangalore
CRM003292,Vijay Patel,vijay.patel496@yahoo.com,2023-01-20,Pune
CRM008126,Vijay Tiwari,vijay.tiwari816@outlook.com,2023-04-13,--
CRM010320,Aditya Kumar,aditya.kumar309@hotmail.com,2022-05-13,Kolkata
CRM009669,Aadhya Sinha,,2024-02-01,Kanpur
CRM004910,Diya Joshi,diya.joshi725@hotmail.com,2022-05-18,Bhopal
CRM004441,Amit Sharma,amit.sharma115@yahoo.com,2023-05-03,Jaipur
CRM000987,Sneha Tiwari,sneha.tiwari251@hotmail.com,2023-10-27,Mumbai
CRM009899,Aadhya Joshi,aadhya.joshi909@yahoo.com,2022-09-08,Hyderabad
CRM009711,Aarav Gupta,aarav.gupta82@gmail.com,2024-04-19,Mumbai
CRM007706,Kritika Iyer,kritika.iyer548@rediff.com,2023-01-05,Pune
CRM006258,Kabir Singh,kabir.singh100@gmail.com,2023-10-23,Visakhapatnam
CRM006090,Aadhya Sharma,aadhya.sharma238@rediff.com,2023-04-16,Lucknow
CRM005239,Diya Sinha,diya.sinha795@hotmail.com,2022-07-18,Kolkata
CRM001199,Vihaan Reddy,vihaan.reddy635@rediff.com,2023-05-30,Vadodara
CRM009719,Vihaan Sinha,vihaan.sinha56@outlook.com,2023-11-30,Kanpur
CRM007520,Suresh Kumar,suresh.kumar260@outlook.com,2022-05-10,Kanpur
CRM006813,Aadhya Mehta,aadhya.mehta629@hotmail.com,2022-09-04,Hyderabad
CRM008321,Sai Verma,sai.verma171@yahoo.com,2023-06-10,Hyderabad
CRM007176,Nisha Nair,nisha.nair340@rediff.com,2023-07-12,Ahmedabad
CRM004471,Vihaan Reddy,vihaan.reddy890@yahoo.com,2022-01-24,N/A
CRM000892,Arjun Joshi,arjun.joshi774@outlook.com,2023-02-27,Jaipur
CRM001970,Rahul Patel,rahul.patel131@gmail.com,2022-09-04,Delhi
CRM005758,Rohan Pillai,rohan.pillai960@rediff.com,2022-05-27,Bhopal
CRM006528,Raj Nair,raj.nair932@outlook.com,2024-01-26,Indore
CRM006295,Vivaan Kumar,vivaan.kumar112@yahoo.com,2022-03-17,Bhopal
CRM007596,Kavya Gupta,kavya.gupta479@gmail.com,2023-05-28,Coimbatore
CRM003250,Aarav Verma,aarav.verma96@hotmail.com,2023-09-28,Ahmedabad
CRM006571,Vihaan Sharma,vihaan.sharma624@yahoo.com,2024-03-30,Bangalore
CRM006639,Deepa Pillai,deepa.pillai952@gmail.com,2022-06-22,Kolkata
CRM007352,Nisha Iyer,nisha.iyer275@hotmail.com,2023-12-04,Mumbai
CRM009830,Ishaan Verma,ishaan.verma911@gmail.com,2023-09-17,Chennai
CRM007474,Priya Pillai,priya.pillai377@yahoo.com,2023-04-12,Hyderabad
CRM009867,Rohan Shah,rohan.shah480@yahoo.com,2024-02-18,Bangalore
CRM009294,Amit Patel,amit.patel816@hotmail.com,2023-08-02,Surat
CRM001240,Riya Rao,riya.rao849@rediff.com,2022-06-07,Bhopal
CRM002290,Ananya Shah,ananya.shah199@hotmail.com,2024-04-13,Kanpur
CRM002741,Rahul Tiwari,rahul.tiwari79@gmail.com,2023-04-01,Kanpur
CRM008468,Vijay Patel,vijay.patel818@rediff.com,2022-04-23,Bhopal
CRM004586,Ananya Iyer,ananya.iyer287@hotmail.com,2023-04-19,Bhopal
CRM001230,Reyan Rao,reyan.rao606@rediff.com,2022-04-30,Indore
CRM006981,Vihaan Joshi,vihaan.joshi800@hotmail.com,2023-09-18,Jaipur
CRM005179,Nisha Nair,nisha.nair625@hotmail.com,2023-04-04,Hyderabad
CRM004294,Vijay Sinha,vijay.sinha953@yahoo.com,2022-01-28,Delhi
CRM001059,Reyan Verma,reyan.verma368@hotmail.com,2022-05-19,Bhopal
CRM006263,Vivaan Gupta,vivaan.gupta85@outlook.com,2022-01-09,Patna
CRM000282,Pooja Mishra,pooja.mishra669@outlook.com,2022-04-30,Lucknow
CRM000969,Kavya Tiwari,kavya.tiwari571@yahoo.com,2023-01-12,Thane
CRM003954,Pooja Joshi,pooja.joshi113@rediff.com,2023-08-11,Surat
CRM001940,Riya Tiwari,riya.tiwari20@yahoo.com,2022-02-08,Lucknow
CRM009058,Ananya Chatterjee,ananya.chatterjee554@hotmail.com,2024-03-16,Surat
CRM001275,Suresh Singh,suresh.singh73@gmail.com,2023-12-09,Kanpur
CRM000620,Deepa Reddy,deepa.reddy383@gmail.com,2023-07-08,Mumbai
CRM009104,Kavya Rao,kavya.rao187@rediff.com,2022-12-11,Nagpur
CRM001743,Aadhya Sharma,aadhya.sharma252@yahoo.com,2023-05-01,Delhi
CRM001391,Amit Tiwari,amit.tiwari989@gmail.com,2023-12-04,--
CRM002204,Sai Verma,sai.verma317@gmail.com,2022-09-19,Coimbatore
CRM003569,Aditya Das,aditya.das471@hotmail.com,2022-02-17,Ahmedabad
CRM006117,Deepa Iyer,deepa.iyer778@hotmail.com,2023-01-07,Jaipur
CRM008835,Suresh Kumar,suresh.kumar241@yahoo.com,2022-05-18,Visakhapatnam
CRM006053,Amit Sharma,amit.sharma991@rediff.com,2023-02-15,Jaipur
CRM003179,Kabir Sharma,kabir.sharma447@outlook.com,2024-06-16,Hyderabad
CRM003193,Meera Tiwari,meera.tiwari396@yahoo.com,2022-08-30,Patna
CRM006100,Ishaan Sharma,ishaan.sharma862@hotmail.com,2022-02-15,Surat
CRM007030,Vijay Sharma,vijay.sharma522@yahoo.com,2022-08-24,Chennai
CRM000576,Rahul Kumar,rahul.kumar252@hotmail.com,2023-05-15,Chennai
CRM006657,Aarav Kumar,aarav.kumar80@gmail.com,2023-09-27,Pune
CRM007116,Nisha Nair,nisha.nair902@outlook.com,2024-02-15,Bhopal
CRM009438,Aditya Rao,aditya.rao55@gmail.com,2022-05-04,--
CRM006277,Vijay Rao,vijay.rao958@gmail.com,2023-10-22,Bangalore
CRM009630,Kabir Reddy,kabir.reddy88@outlook.com,2023-11-04,Mumbai
CRM005898,Diya Pillai,diya.pillai575@gmail.com,2023-05-15,Jaipur
CRM005725,Vivaan Kumar,vivaan.kumar563@rediff.com,2022-12-05,Ahmedabad
CRM000270,Aditya Reddy,aditya.reddy836@yahoo.com,2022-07-07,Ahmedabad
CRM000630,Raj Singh,raj.singh562@hotmail.com,2023-08-27,Mumbai
CRM003082,Kavya Singh,kavya.singh289@hotmail.com,2024-06-03,Bangalore
CRM003467,Rohan Iyer,rohan.iyer53@yahoo.com,2024-06-15,Mumbai
CRM006431,Sneha Sharma,sneha.sharma178@rediff.com,2024-01-04,Mumbai
CRM009978,Rahul Das,rahul.das204@outlook.com,2024-01-21,Delhi
CRM007063,Kabir Patel,kabir.patel98@outlook.com,2024-04-09,Bangalore
CRM010419,Amit Iyer,amit.iyer53@gmail.com,2022-05-15,Visakhapatnam
CRM005544,Saanvi Pillai,saanvi.pillai760@hotmail.com,2023-08-18,Surat
CRM004357,Kabir Bose,kabir.bose568@gmail.com,2022-11-18,Kanpur
CRM002114,Amit Shah,amit.shah832@rediff.com,2024-05-10,Mumbai
CRM008220,Rahul Singh,rahul.singh348@outlook.com,2022-02-22,Bhopal
CRM003217,Diya Chatterjee,diya.chatterjee878@yahoo.com,2024-04-27,Nagpur
CRM003815,Aadhya Patel,aadhya.patel893@hotmail.com,2022-06-15,Hyderabad
CRM008322,Pooja Joshi,pooja.joshi41@gmail.com,2023-10-03,Mumbai
CRM009200,Vivaan Shah,vivaan.shah319@gmail.com,2023-12-21,Coimbatore
CRM002279,Deepa Sinha,deepa.sinha937@outlook.com,2023-02-14,Coimbatore
CRM004600,Kabir Mishra,kabir.mishra971@yahoo.com,2023-09-28,Bangalore
CRM000014,Priya Mishra,priya.mishra766@gmail.com,2022-10-04,Kolkata
CRM009888,Ananya Reddy,ananya.reddy280@outlook.com,2023-05-11,Ahmedabad
CRM001526,Kritika Sinha,kritika.sinha757@hotmail.com,2023-02-28,Nagpur
CRM002366,Deepa Joshi,deepa.joshi77@outlook.com,2023-12-29,Bangalore
CRM004649,Ishaan Kumar,ishaan.kumar297@hotmail.com,2022-07-24,Indore
CRM000375,Vijay Sinha,vijay.sinha444@rediff.com,2022-09-19,Kanpur
CRM009123,Rahul Chatterjee,rahul.chatterjee94@hotmail.com,2022-05-12,Mumbai
CRM006478,Kavya Tiwari,kavya.tiwari843@outlook.com,2022-10-19,Hyderabad
CRM000526,Priya Patel,priya.patel620@yahoo.com,2023-12-25,Patna
CRM006896,Vijay Rao,vijay.rao350@rediff.com,2023-05-05,Hyderabad
CRM003592,Ananya Mishra,ananya.mishra271@rediff.com,2023-06-30,Delhi
CRM007905,Raj Gupta,raj.gupta392@rediff.com,2022-04-14,Coimbatore
CRM002959,Meera Iyer,,2024-05-03,Jaipur
CRM000530,Aarav Patel,aarav.patel752@hotmail.com,2022-11-03,Lucknow
CRM003715,Vihaan Rao,vihaan.rao43@hotmail.com,2023-12-30,Ahmedabad
CRM004733,Sneha Reddy,sneha.reddy788@outlook.com,2022-03-22,Coimbatore
CRM001395,Aditya Mishra,aditya.mishra288@gmail.com,2024-01-03,Hyderabad
CRM005632,Vivaan Chatterjee,vivaan.chatterjee11@yahoo.com,2022-07-26,Nagpur
CRM006564,Diya Tiwari,,2024-01-19,Mumbai
CRM004704,Deepa Gupta,deepa.gupta404@gmail.com,2024-04-02,Thane
CRM001713,Arjun Rao,arjun.rao490@gmail.com,2023-08-11,Kanpur
CRM010448,Vihaan Nair,vihaan.nair512@hotmail.com,2024-05-22,Bhopal
CRM000956,Reyan Reddy,reyan.reddy489@rediff.com,2023-05-18,Chennai
CRM006676,Aarav Nair,aarav.nair235@hotmail.com,2023-07-10,Jaipur
CRM003454,Amit Das,amit.das102@outlook.com,2024-03-19,Kanpur
CRM008596,Reyan Kumar,reyan.kumar114@outlook.com,2022-10-01,Vadodara
CRM002072,Nisha Mishra,nisha.mishra939@hotmail.com,2024-02-26,Jaipur
CRM010432,Aadhya Das,aadhya.das818@yahoo.com,2024-03-18,Indore
CRM000159,Amit Bose,amit.bose331@hotmail.com,2023-11-26,Bangalore
CRM007006,Pooja Rao,pooja.rao499@yahoo.com,2022-12-02,UNKNOWN
CRM000353,Sneha Tiwari,sneha.tiwari129@yahoo.com,2024-04-26,Bangalore
CRM006079,Aditya Joshi,aditya.joshi143@yahoo.com,2022-05-04,Surat
CRM006237,Amit Pillai,,2023-02-17,Indore
CRM008947,Vivaan Bose,vivaan.bose55@yahoo.com,2022-11-21,Bhopal
CRM002921,Sneha Iyer,sneha.iyer391@outlook.com,2023-04-22,Patna
CRM008504,Pooja Verma,pooja.verma987@gmail.com,2023-03-19,Patna
CRM004645,Priya Bose,priya.bose388@yahoo.com,2024-01-31,Delhi
CRM000662,Kabir Nair,kabir.nair654@gmail.com,2024-06-06,Coimbatore
CRM007058,Priya Kumar,priya.kumar307@gmail.com,2023-12-20,Bhopal
CRM003666,Vivaan Reddy,vivaan.reddy229@rediff.com,2022-11-16,Mumbai
CRM007980,Priya Iyer,priya.iyer611@yahoo.com,2022-10-01,Thane
CRM000307,Kritika Iyer,kritika.iyer662@hotmail.com,2022-06-19,Patna
CRM004791,Aarav Joshi,,2024-05-28,Chennai
CRM002357,Aadhya Mishra,aadhya.mishra964@rediff.com,2022-01-13,Nagpur
CRM001928,Raj Bose,raj.bose182@gmail.com,2022-12-16,Jaipur
CRM004897,Aditya Bose,aditya.bose197@rediff.com,2024-03-03,Ahmedabad
CRM003428,Ananya Rao,ananya.rao345@rediff.com,2022-01-07,Hyderabad
CRM008942,Rohan Rao,rohan.rao828@hotmail.com,2022-12-21,Delhi
CRM003639,Vihaan Joshi,vihaan.joshi219@rediff.com,2023-12-30,Jaipur
CRM001267,Nisha Shah,nisha.shah786@gmail.com,2023-12-14,Bangalore
CRM001561,Ishaan Rao,ishaan.rao41@yahoo.com,2022-11-06,Chennai
CRM007180,Priya Chatterjee,priya.chatterjee868@yahoo.com,2022-05-18,Bangalore
CRM004110,Vihaan Das,vihaan.das766@hotmail.com,2022-08-18,Patna
CRM007868,Suresh Gupta,suresh.gupta822@yahoo.com,2022-01-09,Nagpur
CRM004905,Meera Singh,meera.singh258@hotmail.com,2024-05-29,Ahmedabad
CRM007295,Riya Tiwari,riya.tiwari620@yahoo.com,2024-01-24,Vadodara
CRM000515,Rahul Kumar,rahul.kumar235@outlook.com,2023-09-21,Hyderabad
CRM000895,Raj Patel,raj.patel398@yahoo.com,2023-07-23,Mumbai
CRM008602,Kabir Tiwari,kabir.tiwari282@rediff.com,2023-03-31,Pune
CRM000022,Aadhya Singh,aadhya.singh428@gmail.com,2023-09-11,Ahmedabad
CRM000900,Rahul Tiwari,rahul.tiwari533@hotmail.com,2022-03-29,Coimbatore
CRM000208,Meera Bose,meera.bose538@yahoo.com,2023-01-24,Kanpur
CRM000459,Vijay Bose,vijay.bose155@rediff.com,2023-09-09,Delhi
CRM002431,Raj Das,raj.das808@hotmail.com,2022-08-07,Coimbatore
CRM008443,Deepa Rao,deepa.rao830@rediff.com,2022-06-04,--
CRM003390,Deepa Shah,deepa.shah634@hotmail.com,2023-01-06,Visakhapatnam
CRM003912,Arjun Das,arjun.das985@yahoo.com,2022-08-29,Kolkata
CRM005384,Nisha Kumar,nisha.kumar227@outlook.com,2024-03-30,Delhi
CRM008908,Aarav Das,aarav.das733@hotmail.com,2022-04-25,Coimbatore
CRM000553,Vihaan Iyer,vihaan.iyer90@rediff.com,2023-04-13,Coimbatore
CRM003145,Vihaan Joshi,vihaan.joshi574@yahoo.com,2023-01-03,Ahmedabad
CRM006918,Raj Bose,raj.bose562@outlook.com,2024-04-20,Nagpur
CRM002057,Diya Iyer,diya.iyer617@rediff.com,2024-04-28,Vadodara
CRM001926,Saanvi Rao,saanvi.rao708@hotmail.com,2024-04-27,Hyderabad
CRM000635,Kabir Rao,kabir.rao545@yahoo.com,2022-11-14,Indore
CRM006083,Aditya Joshi,aditya.joshi680@gmail.com,2022-09-03,Patna
CRM008509,Rohan Mehta,rohan.mehta576@gmail.com,2022-02-21,Surat
CRM009934,Kabir Gupta,kabir.gupta607@outlook.com,2024-05-20,Kanpur
CRM010369,Raj Verma,raj.verma509@hotmail.com,2023-09-15,Ahmedabad
CRM008620,Sai Iyer,sai.iyer848@outlook.com,2024-05-01,Jaipur
CRM010289,Vijay Sharma,vijay.sharma513@rediff.com,2023-04-21,Indore
CRM000106,Deepa Tiwari,deepa.tiwari828@yahoo.com,2023-08-02,Mumbai
CRM003042,Vihaan Patel,vihaan.patel551@hotmail.com,2023-02-02,Indore
CRM001710,Diya Iyer,diya.iyer112@hotmail.com,2024-03-10,Pune
CRM000090,Raj Gupta,raj.gupta229@gmail.com,2024-04-14,Coimbatore
CRM007015,Sai Kumar,sai.kumar416@yahoo.com,2023-11-07,Bangalore
CRM003175,Diya Nair,diya.nair175@hotmail.com,2024-04-06,Mumbai
CRM000918,Rahul Mehta,rahul.mehta600@rediff.com,2024-02-17,Bangalore
CRM007834,Amit Singh,amit.singh644@gmail.com,2023-01-05,Vadodara
CRM006733,Kavya Verma,kavya.verma860@gmail.com,2024-01-15,Thane
CRM001950,Vivaan Shah,vivaan.shah357@gmail.com,2023-05-15,Hyderabad
CRM006369,Rahul Nair,rahul.nair223@outlook.com,2024-04-01,Visakhapatnam
CRM000002,Aarav Joshi,aarav.joshi375@hotmail.com,2022-06-28,Surat
CRM008033,Rahul Iyer,rahul.iyer700@yahoo.com,2024-01-17,Lucknow
CRM006048,Ishaan Verma,ishaan.verma193@yahoo.com,2023-10-26,UNKNOWN
CRM010241,Sneha Joshi,sneha.joshi301@rediff.com,2024-05-28,Jaipur
CRM002721,Deepa Pillai,,2023-02-03,Mumbai
CRM008784,Raj Iyer,raj.iyer221@rediff.com,2023-10-31,Kanpur
CRM003880,Kritika Rao,kritika.rao329@hotmail.com,2022-07-06,Indore
CRM003118,Deepa Gupta,deepa.gupta309@rediff.com,2022-12-16,Kanpur
CRM010143,Pooja Joshi,pooja.joshi712@hotmail.com,2023-09-17,Kanpur
CRM003763,Vivaan Patel,vivaan.patel33@rediff.com,2022-07-10,Lucknow
CRM000214,Rahul Joshi,rahul.joshi154@hotmail.com,2024-02-25,Bangalore
CRM000779,Pooja Pillai,pooja.pillai109@yahoo.com,2024-04-15,Mumbai
CRM003497,Priya Sinha,priya.sinha280@yahoo.com,2022-04-22,Vadodara
CRM009453,Aarav Verma,,2022-08-10,Coimbatore
CRM002044,Ananya Pillai,ananya.pillai165@gmail.com,2023-02-20,Delhi
CRM008921,Pooja Rao,pooja.rao320@gmail.com,2022-12-18,Nagpur
CRM005421,Kritika Shah,kritika.shah63@yahoo.com,2022-09-19,Indore
CRM006155,Vijay Rao,vijay.rao167@outlook.com,2022-05-08,Indore
CRM008358,Ishaan Sinha,ishaan.sinha456@hotmail.com,2022-05-12,Nagpur
CRM009331,Saanvi Pillai,saanvi.pillai211@outlook.com,2022-07-11,Surat
CRM008466,Nisha Reddy,nisha.reddy340@gmail.com,2024-06-18,UNKNOWN
CRM004168,Kavya Chatterjee,kavya.chatterjee484@gmail.com,2022-12-15,Thane
CRM003789,Pooja Mishra,pooja.mishra265@hotmail.com,2023-04-20,N/A
CRM008587,Sneha Sharma,sneha.sharma606@gmail.com,2023-11-01,Mumbai
CRM000584,Meera Kumar,meera.kumar693@rediff.com,2022-11-23,Delhi
CRM003669,Aarav Mehta,aarav.mehta607@outlook.com,2022-08-07,Hyderabad
CRM001085,Kabir Chatterjee,kabir.chatterjee516@outlook.com,2024-01-11,Mumbai
CRM000117,Nisha Shah,nisha.shah55@hotmail.com,2022-02-03,Bhopal
CRM006645,Sai Mehta,sai.mehta684@hotmail.com,2024-04-28,Chennai
CRM009682,Kritika Shah,kritika.shah474@gmail.com,2022-06-19,Hyderabad
CRM000304,Priya Pillai,priya.pillai546@gmail.com,2023-09-03,Bhopal
CRM009604,Ananya Rao,ananya.rao880@yahoo.com,2023-11-21,Kanpur
CRM008713,Raj Nair,raj.nair781@yahoo.com,2022-05-20,Bangalore
CRM001764,Rohan Nair,rohan.nair509@outlook.com,2022-07-05,Pune
CRM001876,Kritika Patel,kritika.patel458@outlook.com,2022-10-23,Thane
CRM003225,Reyan Joshi,reyan.joshi67@gmail.com,2023-09-01,Indore
CRM000527,Pooja Verma,pooja.verma362@gmail.com,2022-05-14,Kanpur
CRM007726,Vivaan Bose,vivaan.bose782@gmail.com,2022-07-24,Indore
CRM002947,Sneha Sinha,sneha.sinha663@hotmail.com,2024-06-17,Ahmedabad
CRM004474,Arjun Bose,arjun.bose251@outlook.com,2023-11-16,Thane
CRM005656,Amit Joshi,amit.joshi930@hotmail.com,2023-10-07,Lucknow
CRM008885,Aarav Bose,aarav.bose568@yahoo.com,2023-08-22,Thane
CRM006060,Suresh Reddy,suresh.reddy768@gmail.com,2023-10-13,Jaipur
CRM000960,Aditya Nair,aditya.nair734@outlook.com,2023-04-17,Ahmedabad
CRM006343,Ishaan Kumar,ishaan.kumar426@rediff.com,2023-08-14,Pune
CRM003634,Aadhya Patel,aadhya.patel482@gmail.com,2023-11-02,Patna
CRM001051,Diya Sinha,diya.sinha153@outlook.com,2022-06-02,Bhopal
CRM008783,Kritika Gupta,kritika.gupta157@gmail.com,2023-03-27,Bhopal
CRM008712,Sai Bose,sai.bose849@gmail.com,2022-06-14,Surat
CRM003381,Kavya Mishra,kavya.mishra94@yahoo.com,2023-09-27,Chennai
CRM003677,Vijay Mishra,vijay.mishra333@gmail.com,2024-04-10,Delhi
CRM005777,Vijay Gupta,vijay.gupta937@rediff.com,2023-09-14,Ahmedabad
CRM009694,Vijay Tiwari,vijay.tiwari687@hotmail.com,2024-04-06,Jaipur
CRM006574,Kritika Singh,kritika.singh99@hotmail.com,2023-03-18,Bhopal
CRM005180,Riya Singh,riya.singh704@gmail.com,2023-06-16,Kolkata
CRM001608,Kritika Shah,kritika.shah993@rediff.com,2022-12-16,Visakhapatnam
CRM003611,Aarav Shah,aarav.shah162@rediff.com,2022-11-17,Jaipur
CRM010451,Saanvi Sharma,saanvi.sharma672@hotmail.com,2023-03-11,Delhi
CRM006636,Aditya Joshi,aditya.joshi977@outlook.com,2022-05-04,Coimbatore
CRM005850,Ishaan Pillai,ishaan.pillai528@yahoo.com,2022-04-05,Visakhapatnam
CRM000792,Aditya Patel,aditya.patel546@hotmail.com,2022-12-06,Hyderabad
CRM008985,Reyan Singh,reyan.singh819@hotmail.com,2022-03-11,Indore
CRM003057,Vivaan Das,vivaan.das129@hotmail.com,2023-02-02,Ahmedabad
CRM001981,Deepa Sharma,deepa.sharma988@yahoo.com,2022-11-06,Thane
CRM003599,Vihaan Kumar,vihaan.kumar24@outlook.com,2023-12-25,Coimbatore
CRM000934,Amit Tiwari,amit.tiwari218@outlook.com,2022-02-09,Visakhapatnam
CRM007425,Amit Rao,amit.rao271@yahoo.com,2023-11-04,Delhi
CRM005627,Aditya Singh,aditya.singh703@gmail.com,2023-02-12,Coimbatore
CRM001683,Rohan Joshi,rohan.joshi326@hotmail.com,2023-04-01,Ahmedabad
CRM004180,Meera Iyer,meera.iyer313@gmail.com,2022-03-06,Bangalore
CRM006447,Arjun Shah,arjun.shah258@outlook.com,2024-05-11,Thane
CRM004117,Sneha Kumar,sneha.kumar396@hotmail.com,2023-02-01,Thane
CRM000989,Vivaan Bose,vivaan.bose844@rediff.com,2023-12-06,Surat
CRM002897,Priya Tiwari,priya.tiwari456@yahoo.com,2024-02-24,Bangalore
CRM003779,Ishaan Rao,,2022-11-16,Mumbai
CRM005659,Reyan Verma,reyan.verma748@yahoo.com,2022-02-28,Hyderabad
CRM003094,Sneha Bose,sneha.bose597@rediff.com,2022-07-20,Jaipur
CRM003156,Deepa Bose,deepa.bose227@gmail.com,2024-03-22,Coimbatore
CRM001824,Ishaan Das,ishaan.das598@outlook.com,2023-02-24,Jaipur
CRM010311,Rahul Rao,rahul.rao838@gmail.com,2022-11-10,Kolkata
CRM001099,Aditya Shah,aditya.shah237@outlook.com,2024-03-02,Mumbai
CRM002845,Vihaan Das,vihaan.das940@yahoo.com,2022-02-15,Thane
CRM009079,Raj Verma,raj.verma38@yahoo.com,2024-03-31,Mumbai
CRM003343,Amit Gupta,amit.gupta763@rediff.com,2024-05-09,Patna
CRM000039,Priya Rao,priya.rao918@outlook.com,2024-03-09,Thane
CRM006541,Raj Iyer,raj.iyer479@outlook.com,2022-03-10,Indore
CRM010028,Reyan Das,reyan.das95@yahoo.com,2024-06-08,Mumbai
CRM008708,Ishaan Verma,ishaan.verma229@outlook.com,2023-08-09,Patna
CRM003357,Aarav Verma,aarav.verma62@yahoo.com,2022-07-31,Surat
CRM007814,Ananya Patel,ananya.patel307@outlook.com,2022-12-11,Mumbai
CRM009099,Arjun Verma,arjun.verma856@gmail.com,2022-07-07,Pune
CRM008221,Sneha Tiwari,sneha.tiwari837@rediff.com,2024-02-25,Bangalore
CRM009890,Meera Tiwari,meera.tiwari515@hotmail.com,2022-02-05,Surat
CRM002429,Vijay Rao,vijay.rao955@outlook.com,2023-06-23,Patna
CRM005044,Diya Shah,diya.shah503@rediff.com,2023-09-30,Visakhapatnam
CRM005347,Rohan Singh,rohan.singh627@outlook.com,2022-05-21,Bangalore
CRM008955,Rahul Mehta,rahul.mehta129@gmail.com,2023-05-29,Patna
CRM004812,Meera Reddy,meera.reddy487@rediff.com,2023-06-01,Nagpur
CRM008477,Raj Pillai,raj.pillai328@gmail.com,2022-05-31,Kolkata
CRM000687,Vijay Reddy,vijay.reddy745@yahoo.com,2023-07-13,Thane
CRM004800,Priya Kumar,priya.kumar459@yahoo.com,2024-02-23,Bangalore
CRM007438,Pooja Rao,pooja.rao672@outlook.com,2022-08-13,Ahmedabad
CRM002354,Reyan Chatterjee,reyan.chatterjee957@outlook.com,2023-05-14,Kanpur
CRM006354,Deepa Tiwari,deepa.tiwari966@hotmail.com,2023-06-18,Vadodara
CRM004570,Diya Verma,diya.verma964@rediff.com,2023-10-23,Hyderabad
CRM008214,Nisha Chatterjee,nisha.chatterjee836@rediff.com,2022-10-09,Vadodara
CRM002753,Arjun Iyer,arjun.iyer90@yahoo.com,2023-09-26,Bangalore
CRM009078,Vihaan Shah,vihaan.shah567@hotmail.com,2024-05-31,Kolkata
CRM008074,Rahul Verma,rahul.verma281@yahoo.com,2023-01-22,Jaipur
CRM009110,Ananya Reddy,ananya.reddy250@yahoo.com,2022-08-30,Surat
CRM001041,Aadhya Bose,aadhya.bose686@yahoo.com,2022-07-09,Visakhapatnam
CRM007492,Meera Kumar,meera.kumar637@gmail.com,2022-10-30,Indore
CRM001266,Ishaan Mishra,ishaan.mishra151@yahoo.com,2024-06-20,Bangalore
CRM009928,Aditya Das,aditya.das162@hotmail.com,2024-06-23,Delhi
CRM007060,Pooja Sinha,pooja.sinha715@yahoo.com,2024-05-13,Bangalore
CRM000278,Riya Kumar,riya.kumar256@rediff.com,2024-01-25,Bangalore
CRM005085,Meera Reddy,meera.reddy883@outlook.com,2024-01-05,Lucknow
CRM002383,Amit Rao,amit.rao190@gmail.com,2023-01-31,Patna
CRM000572,Aarav Sinha,aarav.sinha311@rediff.com,2023-07-12,Kolkata
CRM001436,Raj Sharma,raj.sharma603@outlook.com,2023-07-02,Mumbai
CRM005353,Pooja Chatterjee,pooja.chatterjee227@yahoo.com,2022-08-24,Bhopal
CRM005446,Vihaan Sharma,vihaan.sharma688@outlook.com,2022-03-31,Kolkata
CRM001008,Vihaan Reddy,vihaan.reddy600@hotmail.com,2022-08-18,Jaipur
CRM004544,Suresh Gupta,suresh.gupta429@hotmail.com,2023-08-16,Delhi
CRM009452,Vivaan Sinha,,2023-10-16,Delhi
CRM002065,Priya Singh,priya.singh478@outlook.com,2023-02-17,Lucknow
CRM001137,Riya Mishra,,2022-04-01,Bangalore
CRM005344,Saanvi Sharma,saanvi.sharma835@gmail.com,2023-01-28,Patna
CRM000295,Amit Tiwari,amit.tiwari747@rediff.com,2023-02-25,Kolkata
CRM008781,Rahul Iyer,rahul.iyer999@gmail.com,2022-11-14,Jaipur
CRM002404,Reyan Das,reyan.das447@gmail.com,2023-09-28,Mumbai
CRM003999,Rahul Bose,rahul.bose92@gmail.com,2023-07-23,XX_CITY
CRM003742,Reyan Nair,reyan.nair771@hotmail.com,2023-08-28,Surat
CRM009885,Raj Joshi,raj.joshi499@yahoo.com,2023-07-17,Jaipur
CRM002720,Reyan Mehta,reyan.mehta177@yahoo.com,2022-12-06,Mumbai
CRM010011,Kabir Rao,kabir.rao220@yahoo.com,2023-12-16,Bhopal
CRM005151,Arjun Mishra,arjun.mishra509@gmail.com,2023-02-20,N/A
CRM002809,Vijay Patel,vijay.patel58@gmail.com,2022-08-03,Delhi
CRM009018,Aditya Gupta,aditya.gupta81@gmail.com,2023-02-07,Patna
CRM000557,Priya Pillai,priya.pillai253@rediff.com,2023-03-05,Bangalore
CRM009568,Kavya Bose,kavya.bose591@rediff.com,2022-07-09,Chennai
CRM004796,Vivaan Mishra,vivaan.mishra399@rediff.com,2022-05-29,Jaipur
CRM002470,Ishaan Tiwari,ishaan.tiwari188@hotmail.com,2023-12-03,Jaipur
CRM003739,Raj Nair,raj.nair741@gmail.com,2022-04-29,Bhopal
CRM004287,Riya Gupta,riya.gupta285@hotmail.com,2024-06-18,Indore
CRM002605,Kritika Das,kritika.das636@hotmail.com,2022-07-29,Visakhapatnam
CRM000363,Aadhya Mishra,aadhya.mishra711@hotmail.com,2024-06-04,Bangalore
CRM006925,Suresh Patel,suresh.patel817@rediff.com,2022-07-11,Thane
CRM001705,Rohan Das,rohan.das735@gmail.com,2024-03-19,Mumbai
CRM002140,Arjun Mishra,arjun.mishra699@yahoo.com,2023-12-02,Bangalore
CRM003240,Ishaan Bose,ishaan.bose739@outlook.com,2023-09-15,Kolkata
CRM002384,Meera Nair,meera.nair625@yahoo.com,2022-10-30,Hyderabad
CRM007315,Deepa Shah,deepa.shah151@outlook.com,2023-09-22,Delhi
CRM004312,Rahul Mehta,rahul.mehta453@yahoo.com,2022-07-23,Surat
CRM001313,Kavya Sinha,kavya.sinha196@outlook.com,2023-05-02,Bangalore
CRM003931,Raj Iyer,raj.iyer320@rediff.com,2022-04-08,Kolkata
CRM006184,Kabir Rao,kabir.rao95@gmail.com,2022-07-13,Bhopal
CRM001592,Rohan Mishra,rohan.mishra295@outlook.com,2022-02-01,Hyderabad
CRM010057,Nisha Joshi,nisha.joshi797@outlook.com,2023-04-02,Kanpur
CRM002163,Aadhya Mishra,aadhya.mishra374@hotmail.com,2023-11-25,Delhi
CRM002397,Diya Joshi,diya.joshi188@gmail.com,2023-05-17,Vadodara
CRM000318,Sneha Chatterjee,sneha.chatterjee628@gmail.com,2022-02-23,Nagpur
CRM005234,Rahul Kumar,rahul.kumar156@outlook.com,2022-01-31,Lucknow
CRM005069,Arjun Iyer,arjun.iyer303@rediff.com,2023-07-28,Visakhapatnam
CRM004037,Kritika Patel,kritika.patel623@gmail.com,2022-11-12,Surat
CRM008988,Aditya Mehta,aditya.mehta225@outlook.com,2023-07-01,Mumbai
CRM003021,Sneha Reddy,sneha.reddy660@gmail.com,2023-11-13,Indore
CRM008229,Kritika Iyer,kritika.iyer328@rediff.com,2023-10-17,Delhi
CRM009106,Saanvi Pillai,saanvi.pillai495@rediff.com,2023-02-22,Kolkata
CRM005296,Rahul Nair,rahul.nair987@yahoo.com,2023-11-01,Delhi
CRM003973,Vivaan Sharma,vivaan.sharma275@gmail.com,2023-06-17,Kanpur
CRM005371,Sneha Tiwari,sneha.tiwari239@rediff.com,2023-06-18,Delhi
CRM004134,Ananya Pillai,ananya.pillai849@rediff.com,2023-03-31,Hyderabad
CRM000975,Kabir Chatterjee,kabir.chatterjee541@rediff.com,2022-12-28,Kolkata
CRM007292,Kabir Shah,kabir.shah34@outlook.com,2023-05-18,Vadodara
CRM009176,Nisha Rao,nisha.rao168@rediff.com,2023-09-15,Bangalore
CRM000955,Kabir Gupta,kabir.gupta262@rediff.com,2023-04-06,Bhopal
CRM009973,Meera Bose,meera.bose489@yahoo.com,2022-02-24,Visakhapatnam
CRM005017,Deepa Das,deepa.das633@gmail.com,2022-07-22,Kanpur
CRM010422,Nisha Sharma,nisha.sharma533@yahoo.com,2023-09-10,Kolkata
CRM009180,Kritika Mishra,kritika.mishra588@hotmail.com,2022-05-24,Lucknow
CRM007491,Saanvi Pillai,saanvi.pillai516@rediff.com,2022-06-27,Indore
CRM001641,Meera Gupta,meera.gupta521@gmail.com,2023-10-10,Indore
CRM001291,Diya Joshi,diya.joshi583@rediff.com,2022-01-31,Patna
CRM001381,Diya Tiwari,diya.tiwari436@hotmail.com,2022-12-20,Vadodara
CRM001934,Sneha Iyer,sneha.iyer10@gmail.com,2024-01-17,Mumbai
CRM004676,Sai Mehta,sai.mehta278@outlook.com,2022-02-08,Delhi
CRM000893,Reyan Gupta,reyan.gupta585@outlook.com,2022-01-25,Visakhapatnam
CRM007288,Vihaan Verma,vihaan.verma902@hotmail.com,2023-07-22,Indore
CRM004877,Arjun Rao,arjun.rao297@outlook.com,2022-09-19,Kolkata
CRM007907,Reyan Rao,reyan.rao873@gmail.com,2022-05-05,Bangalore
CRM008195,Nisha Pillai,nisha.pillai102@yahoo.com,2023-08-05,Kanpur
CRM010127,Amit Mishra,amit.mishra673@hotmail.com,2023-05-29,Delhi
CRM009042,Raj Verma,raj.verma418@rediff.com,2022-02-19,Delhi
CRM002467,Kabir Pillai,kabir.pillai341@yahoo.com,2024-03-09,Kanpur
CRM007658,Meera Mehta,meera.mehta501@gmail.com,2024-04-05,Bangalore
CRM001914,Reyan Das,reyan.das758@gmail.com,2022-02-19,Bangalore
CRM002737,Saanvi Reddy,saanvi.reddy245@gmail.com,2024-02-11,Lucknow
CRM000727,Vihaan Rao,vihaan.rao358@hotmail.com,2023-10-16,Hyderabad
CRM007215,Pooja Joshi,pooja.joshi114@yahoo.com,2023-05-23,Kolkata
CRM008246,Raj Singh,raj.singh870@rediff.com,2023-07-29,Indore
CRM001797,Vihaan Joshi,vihaan.joshi234@outlook.com,2023-03-01,Kolkata
CRM003846,Suresh Mishra,suresh.mishra106@rediff.com,2023-03-13,Indore
CRM006403,Vihaan Sinha,vihaan.sinha134@outlook.com,2023-09-22,Coimbatore
CRM000937,Vihaan Sinha,vihaan.sinha135@hotmail.com,2022-01-18,Mumbai
CRM002266,Deepa Joshi,deepa.joshi421@rediff.com,2022-08-02,Bhopal
CRM000825,Nisha Iyer,nisha.iyer942@gmail.com,2024-06-03,Patna
CRM007275,Raj Verma,raj.verma540@outlook.com,2024-03-10,Mumbai
CRM001390,Raj Shah,raj.shah569@rediff.com,2023-02-11,Ahmedabad
CRM003565,Pooja Verma,pooja.verma893@yahoo.com,2022-07-11,Nagpur
CRM009077,Raj Mishra,raj.mishra662@hotmail.com,2024-03-05,Indore
CRM005430,Diya Sharma,diya.sharma820@outlook.com,2023-01-12,Patna
CRM007828,Kavya Mehta,kavya.mehta290@gmail.com,2024-06-22,Vadodara
CRM005691,Aarav Iyer,aarav.iyer917@hotmail.com,2023-01-28,Coimbatore
CRM007879,Ananya Reddy,ananya.reddy700@rediff.com,2022-05-09,Nagpur
CRM001869,Diya Gupta,diya.gupta803@rediff.com,2023-08-03,Vadodara
CRM008203,Sneha Iyer,sneha.iyer800@outlook.com,2023-04-24,Lucknow
CRM007487,Pooja Joshi,pooja.joshi16@yahoo.com,2024-02-18,Bangalore
CRM000807,Meera Mehta,meera.mehta894@rediff.com,2023-04-15,Surat
CRM004806,Arjun Bose,arjun.bose944@rediff.com,2024-05-22,Bangalore
CRM009461,Raj Iyer,raj.iyer963@rediff.com,2023-10-27,Bangalore
CRM009808,Vijay Nair,vijay.nair395@outlook.com,2022-05-05,Nagpur
CRM009156,Kavya Chatterjee,kavya.chatterjee618@yahoo.com,2022-02-20,Nagpur
CRM007512,Nisha Tiwari,nisha.tiwari108@gmail.com,2023-05-11,Mumbai
CRM008057,Meera Tiwari,meera.tiwari999@outlook.com,2022-10-05,Ahmedabad
CRM004495,Vihaan Kumar,vihaan.kumar691@outlook.com,2022-03-03,Bhopal
CRM002633,Riya Bose,riya.bose750@hotmail.com,2024-02-05,Surat
CRM010250,Kabir Singh,kabir.singh472@hotmail.com,2023-11-05,Pune
CRM008897,Aditya Gupta,aditya.gupta232@outlook.com,2023-07-12,Pune
CRM008624,Reyan Mishra,reyan.mishra975@outlook.com,2022-09-11,Ahmedabad
CRM007833,Kritika Joshi,kritika.joshi645@rediff.com,2022-08-05,Ahmedabad
CRM004389,Meera Mehta,meera.mehta301@yahoo.com,2022-02-08,Kanpur
CRM000146,Vihaan Verma,vihaan.verma671@outlook.com,2024-06-06,Bangalore
CRM006468,Saanvi Shah,saanvi.shah485@rediff.com,2024-03-23,Jaipur
CRM002034,Ishaan Reddy,,2024-02-13,Mumbai
CRM009782,Ananya Patel,ananya.patel848@yahoo.com,2023-06-17,Delhi
CRM001166,Ishaan Kumar,ishaan.kumar170@hotmail.com,2022-07-26,Ahmedabad
CRM002051,Sneha Nair,sneha.nair352@rediff.com,2023-01-05,Patna
CRM003761,Kritika Verma,kritika.verma268@gmail.com,2022-06-14,Thane
CRM004436,Sneha Das,sneha.das885@outlook.com,2023-06-15,Bhopal
CRM003431,Sai Rao,sai.rao744@gmail.com,2024-06-23,Mumbai
CRM008191,Pooja Shah,pooja.shah433@outlook.com,2022-08-16,--
CRM009384,Rohan Sharma,rohan.sharma170@outlook.com,2023-03-29,Jaipur
CRM007070,Aarav Pillai,aarav.pillai853@yahoo.com,2024-04-25,Hyderabad
CRM004362,Kabir Bose,kabir.bose800@gmail.com,2024-06-19,Kanpur
CRM001772,Rahul Sinha,rahul.sinha422@yahoo.com,2023-03-15,Patna
CRM003512,Vijay Sharma,vijay.sharma421@outlook.com,2023-06-16,Delhi
CRM000272,Amit Singh,amit.singh102@gmail.com,2023-01-18,Kolkata
CRM008437,Riya Joshi,riya.joshi707@hotmail.com,2023-02-09,Vadodara
CRM002033,Rohan Nair,rohan.nair886@gmail.com,2022-06-17,Nagpur
CRM009006,Saanvi Sharma,saanvi.sharma649@hotmail.com,2022-09-28,Mumbai
CRM010355,Ananya Singh,ananya.singh264@gmail.com,2023-06-21,Indore
CRM003811,Pooja Chatterjee,pooja.chatterjee394@rediff.com,2023-04-06,Jaipur
CRM004347,Saanvi Gupta,saanvi.gupta776@rediff.com,2024-01-10,Coimbatore
CRM000546,Ananya Pillai,ananya.pillai217@outlook.com,2023-07-04,Bangalore
CRM003242,Reyan Rao,reyan.rao185@yahoo.com,2022-03-22,Vadodara
CRM008931,Diya Gupta,diya.gupta468@hotmail.com,2023-08-07,Hyderabad
CRM008503,Aarav Sinha,aarav.sinha456@gmail.com,2022-07-02,Vadodara
CRM009324,Ananya Mehta,ananya.mehta623@yahoo.com,2022-07-05,Vadodara
CRM003708,Suresh Verma,suresh.verma285@outlook.com,2022-10-29,Pune
CRM007565,Kabir Mishra,kabir.mishra92@gmail.com,2023-03-10,Lucknow
CRM000921,Arjun Verma,arjun.verma912@yahoo.com,2023-07-12,Bhopal
CRM009772,Priya Reddy,priya.reddy296@yahoo.com,2024-02-12,Visakhapatnam
CRM006641,Amit Joshi,amit.joshi520@hotmail.com,2022-11-26,Surat
CRM007695,Priya Mehta,priya.mehta862@outlook.com,2023-05-16,Ahmedabad
CRM008231,Ishaan Sinha,ishaan.sinha103@rediff.com,2023-12-15,Mumbai
CRM007127,Suresh Reddy,suresh.reddy643@rediff.com,2022-09-02,Kolkata
CRM004279,Ananya Mishra,ananya.mishra201@gmail.com,2022-10-07,Surat
CRM002984,Pooja Gupta,pooja.gupta31@yahoo.com,2024-02-09,Ahmedabad
CRM000131,Vihaan Pillai,vihaan.pillai808@gmail.com,2023-10-26,Indore
CRM007981,Sai Chatterjee,sai.chatterjee931@outlook.com,2022-06-08,Delhi
CRM002668,Reyan Mehta,reyan.mehta411@yahoo.com,2023-11-18,Kolkata
CRM007139,Sneha Bose,sneha.bose447@hotmail.com,2024-02-25,Kolkata
CRM003224,Kritika Gupta,kritika.gupta180@rediff.com,2023-03-19,Patna
CRM009375,Aditya Das,aditya.das65@rediff.com,2023-12-26,Ahmedabad
CRM007694,Kabir Joshi,kabir.joshi482@outlook.com,2022-01-12,Nagpur
CRM005393,Kabir Mishra,kabir.mishra716@outlook.com,2024-04-19,Vadodara
CRM000615,Aditya Bose,aditya.bose726@gmail.com,2022-03-19,Nagpur
CRM006197,Aadhya Rao,aadhya.rao638@hotmail.com,2023-07-25,Ahmedabad
CRM001467,Rahul Pillai,rahul.pillai39@hotmail.com,2023-07-09,Nagpur
CRM004498,Vihaan Gupta,vihaan.gupta914@rediff.com,2023-10-14,Ahmedabad
CRM003043,Amit Bose,amit.bose343@gmail.com,2023-02-14,Nagpur
CRM009127,Ananya Sinha,ananya.sinha292@rediff.com,2023-07-06,Bhopal
CRM002420,Raj Gupta,raj.gupta169@hotmail.com,2023-03-15,Kolkata
CRM005086,Raj Gupta,raj.gupta101@hotmail.com,2022-02-22,Indore
CRM003295,Reyan Das,reyan.das455@yahoo.com,2022-11-24,Kolkata
CRM006738,Aadhya Reddy,aadhya.reddy602@yahoo.com,2024-06-16,Bangalore
CRM001501,Vijay Bose,vijay.bose788@rediff.com,2022-07-31,Bangalore
CRM009019,Riya Reddy,,2024-03-31,Bangalore
CRM001522,Kabir Kumar,kabir.kumar244@hotmail.com,2023-03-26,Indore
CRM009771,Aadhya Joshi,aadhya.joshi443@hotmail.com,2022-01-20,Ahmedabad
CRM004233,Meera Singh,meera.singh449@outlook.com,2023-06-15,Patna
CRM007687,Vihaan Mishra,vihaan.mishra453@gmail.com,2023-08-30,Coimbatore
CRM008821,Kritika Chatterjee,kritika.chatterjee504@hotmail.com,2024-06-20,Delhi
CRM004431,Aditya Sharma,aditya.sharma729@yahoo.com,2023-09-03,Indore
CRM000391,Kabir Singh,kabir.singh639@gmail.com,2024-01-09,Thane
CRM001374,Vivaan Singh,vivaan.singh641@gmail.com,2022-03-03,Nagpur
CRM007125,Vihaan Nair,vihaan.nair962@yahoo.com,2024-05-11,Mumbai
CRM005914,Raj Patel,raj.patel216@gmail.com,2022-02-14,Coimbatore
CRM008593,Amit Singh,amit.singh237@hotmail.com,2023-03-21,Indore
CRM004807,Deepa Joshi,deepa.joshi770@outlook.com,2022-05-15,Indore
CRM009598,Nisha Sharma,nisha.sharma913@gmail.com,2023-09-14,Thane
CRM008239,Diya Iyer,diya.iyer846@yahoo.com,2022-01-01,Kolkata
CRM008045,Meera Rao,meera.rao917@hotmail.com,2023-09-07,Kanpur
CRM010477,Rohan Nair,rohan.nair824@rediff.com,2024-03-29,Nagpur
CRM003994,Ishaan Joshi,ishaan.joshi117@rediff.com,2023-08-22,Bhopal
CRM010233,Ishaan Iyer,ishaan.iyer569@outlook.com,2023-04-17,Coimbatore
CRM006610,Kavya Chatterjee,kavya.chatterjee395@yahoo.com,2023-10-29,Kanpur
CRM005320,Priya Sharma,priya.sharma136@rediff.com,2023-03-05,Indore
CRM001579,Rohan Mehta,rohan.mehta283@rediff.com,2023-12-30,Kanpur
CRM007120,Priya Das,priya.das707@rediff.com,2022-08-11,Surat
CRM002422,Kritika Patel,kritika.patel670@rediff.com,2023-06-27,Hyderabad
CRM005605,Priya Chatterjee,priya.chatterjee663@gmail.com,2022-04-23,Kanpur
CRM001751,Priya Singh,priya.singh319@gmail.com,2024-04-09,Jaipur
CRM010278,Raj Chatterjee,raj.chatterjee498@rediff.com,2024-02-11,Hyderabad
CRM010410,Vijay Joshi,vijay.joshi171@rediff.com,2023-07-25,Mumbai
CRM000339,Suresh Mehta,suresh.mehta104@outlook.com,2023-03-05,Lucknow
CRM008408,Riya Mehta,riya.mehta495@yahoo.com,2023-01-22,N/A
CRM001342,Kabir Mishra,kabir.mishra52@hotmail.com,2024-05-05,Visakhapatnam
CRM010226,Nisha Shah,nisha.shah702@outlook.com,2022-10-07,Mumbai
CRM007983,Reyan Gupta,reyan.gupta137@outlook.com,2023-07-25,Bangalore
CRM003641,Saanvi Das,saanvi.das589@gmail.com,2022-09-21,Thane
CRM000330,Kritika Shah,kritika.shah209@yahoo.com,2022-01-09,Bhopal
CRM009465,Amit Pillai,amit.pillai400@outlook.com,2023-02-28,Indore
CRM003005,Meera Nair,meera.nair795@rediff.com,2022-03-18,Vadodara
CRM006961,Aadhya Das,aadhya.das72@gmail.com,2022-07-22,Bangalore
CRM004091,Aditya Sharma,aditya.sharma407@gmail.com,2023-11-14,Thane
CRM002323,Kavya Chatterjee,kavya.chatterjee951@yahoo.com,2022-02-04,Lucknow
CRM006668,Saanvi Sinha,saanvi.sinha136@rediff.com,2023-02-05,Jaipur
CRM007010,Kritika Singh,kritika.singh817@rediff.com,2022-10-29,Thane
CRM004198,Rahul Chatterjee,rahul.chatterjee678@hotmail.com,2022-10-28,Bangalore
CRM003550,Pooja Sinha,pooja.sinha859@outlook.com,2022-10-30,Ahmedabad
CRM008364,Kritika Bose,kritika.bose235@rediff.com,2022-04-17,Mumbai
CRM004204,Raj Joshi,raj.joshi223@rediff.com,2023-02-25,Nagpur
CRM009977,Meera Chatterjee,meera.chatterjee231@yahoo.com,2023-11-04,Ahmedabad
CRM009580,Saanvi Rao,saanvi.rao473@outlook.com,2023-08-28,--
CRM006186,Diya Gupta,diya.gupta681@yahoo.com,2023-01-14,Coimbatore
CRM001640,Rohan Mishra,rohan.mishra671@rediff.com,2022-10-07,Jaipur
CRM009131,Aarav Mehta,aarav.mehta425@hotmail.com,2022-08-29,Bhopal
CRM000061,Riya Joshi,riya.joshi130@yahoo.com,2022-08-19,Vadodara
CRM001241,Raj Kumar,raj.kumar874@yahoo.com,2022-03-13,Surat
CRM005761,Kabir Mishra,kabir.mishra877@gmail.com,2022-11-08,Hyderabad
CRM005137,Priya Bose,priya.bose102@hotmail.com,2024-03-20,Bangalore
CRM002344,Deepa Sharma,deepa.sharma237@hotmail.com,2023-07-01,Coimbatore
CRM002121,Nisha Reddy,nisha.reddy176@gmail.com,2024-06-30,Bangalore
CRM001525,Nisha Shah,nisha.shah723@rediff.com,2022-11-15,--
CRM007618,Rohan Singh,rohan.singh312@rediff.com,2023-03-13,Pune
CRM000154,Aadhya Sharma,aadhya.sharma544@gmail.com,2022-06-21,Nagpur
CRM000482,Rahul Verma,rahul.verma162@yahoo.com,2022-10-21,Surat
CRM006123,Arjun Iyer,arjun.iyer493@yahoo.com,2022-04-26,Hyderabad
CRM007675,Rahul Shah,,2023-11-19,Coimbatore
CRM007102,Suresh Reddy,suresh.reddy437@hotmail.com,2024-02-07,Jaipur
CRM001763,Ananya Singh,ananya.singh697@yahoo.com,2024-04-10,Mumbai
CRM008943,Arjun Shah,arjun.shah702@yahoo.com,2023-04-11,Jaipur
CRM007716,Sneha Patel,sneha.patel366@yahoo.com,2024-06-04,Surat
CRM009731,Sneha Kumar,sneha.kumar963@outlook.com,2024-06-15,Bangalore
CRM007480,Priya Pillai,priya.pillai768@rediff.com,2022-10-11,Delhi
CRM006213,Kritika Joshi,kritika.joshi861@yahoo.com,2022-08-30,Kanpur
CRM004854,Ananya Verma,ananya.verma999@outlook.com,2024-03-29,Bangalore
CRM002712,Priya Bose,priya.bose75@hotmail.com,2024-03-16,Indore
CRM006767,Rahul Mishra,rahul.mishra303@outlook.com,2023-04-04,Patna
CRM004151,Ishaan Mehta,ishaan.mehta380@outlook.com,2024-05-03,Bangalore
CRM001334,Rohan Sinha,rohan.sinha291@rediff.com,2024-04-25,Mumbai
CRM010080,Saanvi Bose,saanvi.bose736@hotmail.com,2024-06-14,Delhi
CRM008379,Nisha Kumar,nisha.kumar579@hotmail.com,2023-11-10,Vadodara
CRM009329,Reyan Bose,reyan.bose978@rediff.com,2023-03-08,Surat
CRM010059,Aditya Gupta,aditya.gupta141@hotmail.com,2022-04-24,Jaipur
CRM010399,Kabir Rao,kabir.rao478@hotmail.com,2024-02-24,Kolkata
CRM009775,Kabir Bose,kabir.bose320@rediff.com,2024-03-26,Ahmedabad
CRM003851,Reyan Gupta,reyan.gupta970@gmail.com,2023-09-06,Mumbai
CRM008341,Kritika Nair,kritika.nair54@outlook.com,2024-02-11,N/A
CRM004125,Sneha Chatterjee,sneha.chatterjee573@gmail.com,2023-04-26,Lucknow
CRM009608,Diya Pillai,diya.pillai310@outlook.com,2023-02-08,Kolkata
CRM004789,Pooja Tiwari,pooja.tiwari990@outlook.com,2022-04-18,Coimbatore
CRM002867,Amit Shah,amit.shah518@outlook.com,2022-02-15,Delhi
CRM001387,Suresh Sinha,suresh.sinha618@rediff.com,2024-06-02,Surat
CRM005942,Kabir Verma,kabir.verma509@outlook.com,2022-09-25,Mumbai
CRM003068,Deepa Joshi,deepa.joshi728@hotmail.com,2022-04-23,Mumbai
CRM009707,Amit Rao,amit.rao412@rediff.com,2024-04-27,Jaipur
CRM003630,Vijay Mishra,vijay.mishra351@rediff.com,2023-02-10,Kanpur
CRM010133,Pooja Sharma,pooja.sharma518@hotmail.com,2023-05-17,Vadodara
CRM009593,Kavya Iyer,kavya.iyer764@gmail.com,2023-11-19,Delhi
CRM003029,Sai Bose,sai.bose10@gmail.com,2023-04-28,Coimbatore
CRM002970,Rohan Rao,rohan.rao102@hotmail.com,2022-03-20,Pune
CRM008647,Kabir Chatterjee,kabir.chatterjee169@rediff.com,2023-10-15,Mumbai
CRM006137,Deepa Patel,deepa.patel436@outlook.com,2023-09-21,Patna
CRM008802,Deepa Joshi,deepa.joshi930@gmail.com,2022-09-15,Nagpur
CRM004264,Priya Chatterjee,priya.chatterjee178@gmail.com,2023-10-16,Delhi
CRM000646,Priya Joshi,priya.joshi812@rediff.com,2024-06-23,Chennai
CRM010344,Vijay Nair,vijay.nair342@gmail.com,2022-06-02,N/A
CRM002075,Reyan Chatterjee,reyan.chatterjee872@yahoo.com,2024-04-29,Kanpur
CRM000342,Riya Chatterjee,riya.chatterjee143@rediff.com,2022-12-21,Ahmedabad
CRM008042,Kabir Pillai,kabir.pillai318@outlook.com,2022-01-25,Visakhapatnam
CRM001623,Priya Rao,priya.rao869@hotmail.com,2024-02-11,Delhi
CRM007142,Aarav Kumar,aarav.kumar500@hotmail.com,2023-08-19,Hyderabad
CRM005797,Sai Mehta,sai.mehta347@outlook.com,2023-12-18,Thane
CRM007185,Suresh Das,suresh.das950@outlook.com,2023-03-11,Coimbatore
CRM008233,Rahul Sinha,rahul.sinha759@gmail.com,2023-06-23,Nagpur
CRM005476,Raj Das,raj.das773@yahoo.com,2022-04-14,Lucknow
CRM000034,Vivaan Shah,vivaan.shah564@yahoo.com,2022-05-02,Surat
CRM000075,Riya Sharma,riya.sharma121@hotmail.com,2023-02-27,Mumbai
CRM010432,Aadhya Das,aadhya.das818@yahoo.com,2024-03-18,Indore
CRM008634,Raj Sinha,,2024-01-18,Hyderabad
CRM009892,Pooja Mehta,pooja.mehta653@hotmail.com,2022-04-26,Thane
CRM002052,Kavya Tiwari,kavya.tiwari579@rediff.com,2024-01-07,Pune
CRM002542,Amit Iyer,amit.iyer986@rediff.com,2023-09-03,Bangalore
CRM001302,Kabir Singh,kabir.singh373@hotmail.com,2022-10-06,Coimbatore
CRM005878,Sneha Singh,sneha.singh942@yahoo.com,2023-12-20,Lucknow
CRM007369,Sneha Mishra,sneha.mishra462@outlook.com,2024-06-16,Delhi
CRM001305,Kavya Rao,kavya.rao667@yahoo.com,2023-08-30,Bangalore
CRM008429,Ananya Pillai,ananya.pillai549@yahoo.com,2022-11-19,Patna
CRM009744,Kritika Das,kritika.das929@yahoo.com,2023-01-31,Surat
CRM002600,Meera Kumar,meera.kumar638@outlook.com,2023-12-23,Delhi
CRM002574,Deepa Chatterjee,deepa.chatterjee371@outlook.com,2022-06-03,Jaipur
CRM003187,Aadhya Shah,aadhya.shah290@outlook.com,2022-09-20,Bangalore
CRM002769,Sai Shah,sai.shah687@yahoo.com,2023-08-29,Mumbai
CRM004832,Deepa Nair,deepa.nair65@rediff.com,2022-02-12,Bangalore
CRM004224,Deepa Mehta,deepa.mehta365@gmail.com,2022-12-26,Jaipur
CRM010340,Ananya Pillai,ananya.pillai959@rediff.com,2022-11-27,Jaipur
CRM002107,Rohan Sharma,rohan.sharma793@rediff.com,2024-04-06,Lucknow
CRM002680,Priya Kumar,priya.kumar722@outlook.com,2023-01-10,Visakhapatnam
CRM001388,Kritika Sinha,kritika.sinha596@rediff.com,2024-05-07,Bangalore
CRM009574,Saanvi Gupta,saanvi.gupta719@yahoo.com,2022-03-21,Chennai
CRM010350,Meera Tiwari,meera.tiwari681@gmail.com,2023-10-22,Coimbatore
CRM007084,Saanvi Iyer,saanvi.iyer548@rediff.com,2024-03-22,Delhi
CRM001280,Saanvi Das,saanvi.das858@yahoo.com,2022-04-28,Thane
CRM000805,Kabir Rao,kabir.rao436@gmail.com,2024-03-25,Chennai
CRM001556,Sneha Gupta,sneha.gupta932@hotmail.com,2022-02-08,Indore
CRM010164,Vihaan Kumar,vihaan.kumar924@yahoo.com,2022-11-26,Nagpur
CRM004567,Aadhya Singh,aadhya.singh882@gmail.com,2024-02-19,Thane
CRM010360,Ishaan Nair,ishaan.nair62@yahoo.com,2022-08-30,Pune
CRM004842,Raj Bose,raj.bose421@yahoo.com,2024-04-30,Coimbatore
CRM003595,Sai Verma,sai.verma392@gmail.com,2023-07-14,Lucknow
CRM006036,Meera Mishra,meera.mishra656@rediff.com,2023-04-21,Delhi
CRM006853,Reyan Singh,reyan.singh713@yahoo.com,2023-11-19,Chennai
CRM008706,Priya Kumar,priya.kumar141@yahoo.com,2022-09-22,Kolkata
CRM004178,Kritika Das,kritika.das804@yahoo.com,2023-03-07,Hyderabad
CRM001309,Diya Chatterjee,diya.chatterjee351@hotmail.com,2023-05-20,Lucknow
CRM009107,Priya Chatterjee,priya.chatterjee411@outlook.com,2022-08-11,Pune
CRM003453,Aadhya Mishra,aadhya.mishra904@hotmail.com,2023-07-06,Bangalore
CRM003696,Nisha Reddy,nisha.reddy785@outlook.com,2023-04-24,Coimbatore
CRM004243,Vihaan Gupta,vihaan.gupta172@hotmail.com,2023-10-11,Patna
CRM002199,Ananya Tiwari,ananya.tiwari534@hotmail.com,2022-05-09,Chennai
CRM008967,Kritika Nair,kritika.nair176@hotmail.com,2024-06-16,Pune
CRM004426,Suresh Shah,suresh.shah360@rediff.com,2024-04-03,Pune
CRM006151,Pooja Mehta,pooja.mehta725@hotmail.com,2023-08-16,Surat
CRM000944,Diya Nair,diya.nair594@outlook.com,2022-10-14,Mumbai
CRM000823,Aarav Gupta,aarav.gupta524@yahoo.com,2023-10-15,Bangalore
CRM005006,Sai Das,sai.das314@yahoo.com,2022-05-07,Patna
CRM006613,Aadhya Pillai,aadhya.pillai726@hotmail.com,2023-08-08,Coimbatore
CRM008357,Rohan Reddy,rohan.reddy527@outlook.com,2023-02-07,Mumbai
CRM005620,Rohan Gupta,rohan.gupta372@hotmail.com,2024-03-30,Surat
CRM004548,Kritika Singh,kritika.singh995@rediff.com,2023-10-06,Thane
CRM002539,Vihaan Pillai,vihaan.pillai655@hotmail.com,2023-11-24,Jaipur
CRM009504,Aarav Mehta,aarav.mehta355@hotmail.com,2023-01-05,Hyderabad
CRM005208,Arjun Nair,,2022-05-19,Indore
CRM010194,Aditya Bose,aditya.bose195@gmail.com,2024-02-09,Patna
CRM009656,Vijay Reddy,vijay.reddy753@hotmail.com,2024-04-19,Delhi
CRM003055,Meera Pillai,meera.pillai488@rediff.com,2022-08-24,Visakhapatnam
CRM003676,Ananya Iyer,ananya.iyer440@outlook.com,2022-04-10,Coimbatore
CRM007777,Kabir Mehta,kabir.mehta57@rediff.com,2023-07-01,Patna
CRM007219,Pooja Sharma,pooja.sharma515@outlook.com,2022-07-29,Pune
CRM006723,Aarav Kumar,aarav.kumar698@hotmail.com,2024-02-25,Hyderabad
CRM003301,Vihaan Singh,vihaan.singh861@yahoo.com,2023-02-01,Coimbatore
CRM003311,Suresh Mishra,suresh.mishra295@hotmail.com,2023-02-01,Pune
CRM007222,Aadhya Kumar,aadhya.kumar421@rediff.com,2022-05-13,Jaipur
CRM008520,Priya Chatterjee,priya.chatterjee363@yahoo.com,2024-03-05,Bhopal
CRM005955,Kavya Shah,kavya.shah74@hotmail.com,2024-01-09,Indore
CRM000833,Vijay Reddy,vijay.reddy610@yahoo.com,2023-02-05,Chennai
CRM003463,Amit Rao,amit.rao365@gmail.com,2023-11-29,Visakhapatnam
CRM007644,Ananya Verma,ananya.verma808@rediff.com,2022-01-23,Pune
CRM000055,Nisha Reddy,nisha.reddy210@yahoo.com,2023-04-28,Delhi
CRM003452,Suresh Sharma,suresh.sharma567@outlook.com,2024-04-06,Mumbai
CRM006306,Ishaan Kumar,ishaan.kumar958@gmail.com,2023-05-30,Chennai
CRM001482,Riya Das,riya.das174@yahoo.com,2023-09-28,Vadodara
CRM004874,Kritika Pillai,kritika.pillai68@yahoo.com,2023-08-09,Kanpur
CRM008039,Aarav Bose,aarav.bose469@yahoo.com,2022-05-29,Kanpur
CRM003336,Raj Mishra,raj.mishra177@gmail.com,2023-10-29,Mumbai
CRM006017,Aditya Singh,aditya.singh833@outlook.com,2022-12-19,Kanpur
CRM004927,Saanvi Sinha,saanvi.sinha971@hotmail.com,2023-08-12,Thane
CRM009139,Ananya Chatterjee,ananya.chatterjee855@gmail.com,2024-02-14,Kolkata
CRM005798,Raj Pillai,raj.pillai657@gmail.com,2022-11-06,Kanpur
CRM003185,Reyan Pillai,reyan.pillai619@gmail.com,2023-05-27,Lucknow
CRM005084,Riya Nair,riya.nair950@rediff.com,2024-02-17,Indore
CRM006646,Diya Pillai,diya.pillai673@hotmail.com,2022-06-16,Vadodara
CRM005491,Kabir Pillai,kabir.pillai196@hotmail.com,2024-05-02,Coimbatore
CRM000769,Kritika Chatterjee,kritika.chatterjee324@gmail.com,2023-04-19,Ahmedabad
CRM002066,Sneha Kumar,sneha.kumar372@rediff.com,2024-02-16,Mumbai
CRM010179,Diya Patel,diya.patel238@gmail.com,2022-05-21,Visakhapatnam
CRM007312,Saanvi Sinha,saanvi.sinha257@rediff.com,2023-06-30,Jaipur
CRM008478,Kavya Joshi,kavya.joshi636@hotmail.com,2022-09-22,Coimbatore
CRM004525,Pooja Tiwari,pooja.tiwari371@hotmail.com,2023-06-18,Surat
CRM002718,Riya Sharma,riya.sharma822@outlook.com,2022-01-31,Mumbai
CRM002080,Sai Mishra,sai.mishra111@rediff.com,2023-04-29,Indore
CRM008915,Sai Mehta,sai.mehta726@gmail.com,2023-02-15,Bhopal
CRM000952,Aditya Pillai,aditya.pillai188@hotmail.com,2022-05-13,Patna
CRM008059,Saanvi Verma,saanvi.verma710@outlook.com,2022-02-01,Bangalore
CRM002483,Vivaan Sinha,vivaan.sinha828@yahoo.com,2023-02-19,Lucknow
CRM009182,Aditya Rao,aditya.rao861@outlook.com,2022-10-04,Patna
CRM001760,Kavya Nair,kavya.nair481@hotmail.com,2023-12-28,Kanpur
CRM004423,Aarav Singh,aarav.singh666@gmail.com,2023-03-23,Lucknow
CRM006705,Amit Nair,amit.nair951@rediff.com,2023-07-28,Mumbai
CRM005183,Pooja Sinha,pooja.sinha382@outlook.com,2022-03-06,Indore
CRM008534,Sneha Das,sneha.das623@yahoo.com,2023-07-20,Jaipur
CRM003702,Kavya Gupta,kavya.gupta820@rediff.com,2024-02-04,Coimbatore
CRM004244,Ishaan Singh,ishaan.singh880@gmail.com,2022-09-29,Indore
CRM000689,Priya Patel,priya.patel337@rediff.com,2022-05-20,Bangalore
CRM003433,Pooja Kumar,pooja.kumar345@gmail.com,2024-06-18,Bhopal
CRM004945,Reyan Bose,reyan.bose198@yahoo.com,2024-04-10,Jaipur
CRM000967,Aadhya Kumar,aadhya.kumar147@outlook.com,2023-11-07,Mumbai
CRM010162,Vivaan Patel,vivaan.patel856@yahoo.com,2023-06-07,Lucknow
CRM002714,Rahul Mehta,rahul.mehta48@outlook.com,2022-11-30,Nagpur
CRM004758,Saanvi Chatterjee,saanvi.chatterjee40@hotmail.com,2022-11-01,Kolkata
CRM010227,Ananya Mishra,ananya.mishra913@yahoo.com,2024-05-26,Mumbai
CRM006321,Reyan Mishra,reyan.mishra497@rediff.com,2023-09-26,Coimbatore
CRM005976,Aadhya Reddy,,2023-07-29,Jaipur
CRM003573,Arjun Iyer,arjun.iyer67@hotmail.com,2023-01-10,Ahmedabad
CRM005300,Ishaan Bose,ishaan.bose443@hotmail.com,2022-10-13,Patna
CRM001991,Nisha Rao,nisha.rao56@outlook.com,2024-05-28,Bangalore
CRM001206,Saanvi Shah,saanvi.shah551@hotmail.com,2024-05-29,Lucknow
CRM004972,Meera Sharma,meera.sharma270@rediff.com,2024-05-15,Kolkata
CRM010418,Vijay Patel,vijay.patel951@hotmail.com,2022-12-22,Nagpur
CRM006784,Sneha Gupta,sneha.gupta958@rediff.com,2023-05-21,Mumbai
CRM003601,Pooja Joshi,pooja.joshi186@hotmail.com,2024-04-27,Mumbai
CRM006491,Priya Sharma,priya.sharma716@outlook.com,2023-01-30,Vadodara
CRM008610,Raj Kumar,raj.kumar137@gmail.com,2023-05-26,Thane
CRM009138,Arjun Pillai,arjun.pillai292@yahoo.com,2023-09-02,Mumbai
CRM008071,Diya Pillai,diya.pillai486@hotmail.com,2022-03-24,Kolkata
CRM008578,Sai Gupta,sai.gupta644@rediff.com,2022-07-27,Lucknow
CRM007974,Raj Kumar,raj.kumar328@gmail.com,2023-11-22,Ahmedabad
CRM001626,Aditya Gupta,aditya.gupta248@gmail.com,2024-03-08,Jaipur
CRM000537,Rahul Chatterjee,rahul.chatterjee969@rediff.com,2023-11-23,Kanpur
CRM008767,Raj Gupta,raj.gupta472@outlook.com,2022-10-31,Indore
CRM007971,Sai Nair,sai.nair428@rediff.com,2023-08-22,Coimbatore
CRM004213,Aadhya Rao,aadhya.rao631@gmail.com,2022-06-03,Surat
CRM006457,Suresh Patel,suresh.patel573@gmail.com,2022-10-18,Indore
CRM003508,Aditya Sinha,aditya.sinha958@gmail.com,2022-06-16,Indore
CRM008394,Kavya Reddy,kavya.reddy983@rediff.com,2022-10-30,Vadodara
CRM009525,Reyan Mehta,reyan.mehta503@yahoo.com,2023-02-09,Nagpur
CRM007113,Nisha Das,nisha.das925@outlook.com,2023-08-19,Chennai
CRM002709,Aarav Das,aarav.das166@gmail.com,2022-02-28,Jaipur
CRM005032,Raj Das,raj.das112@rediff.com,2022-02-20,Thane
CRM006515,Kavya Iyer,kavya.iyer209@hotmail.com,2023-03-29,Indore
CRM004663,Nisha Das,nisha.das808@rediff.com,2022-06-08,Bangalore
CRM004022,Vihaan Mishra,vihaan.mishra346@outlook.com,2022-04-28,Nagpur
CRM001855,Nisha Bose,nisha.bose295@hotmail.com,2023-10-14,Mumbai
CRM010097,Sai Tiwari,sai.tiwari817@outlook.com,2023-12-04,Pune
CRM002873,Rahul Pillai,rahul.pillai434@yahoo.com,2022-11-18,Kanpur
CRM003031,Reyan Mishra,reyan.mishra689@rediff.com,2023-01-07,Patna
CRM009398,Kabir Shah,kabir.shah635@outlook.com,2023-04-02,Lucknow
CRM001646,Arjun Patel,arjun.patel956@gmail.com,2024-05-17,Bangalore
CRM003418,Reyan Sinha,reyan.sinha256@rediff.com,2022-10-23,Pune
CRM003477,Ananya Bose,ananya.bose312@yahoo.com,2022-02-16,Lucknow
CRM006662,Vijay Sharma,vijay.sharma654@hotmail.com,2022-11-11,Hyderabad
CRM001793,Sai Chatterjee,sai.chatterjee518@gmail.com,2023-05-28,Ahmedabad
CRM003798,Saanvi Shah,saanvi.shah720@outlook.com,2023-04-16,Indore
CRM003369,Priya Rao,priya.rao958@outlook.com,2024-04-27,Hyderabad
CRM007197,Nisha Das,nisha.das673@gmail.com,2022-03-07,Ahmedabad
CRM010331,Rohan Nair,rohan.nair85@yahoo.com,2022-11-09,Hyderabad
CRM005110,Vihaan Reddy,vihaan.reddy12@gmail.com,2023-01-28,Thane
CRM006025,Kritika Pillai,kritika.pillai104@gmail.com,2023-04-22,Bhopal
CRM008796,Riya Gupta,riya.gupta179@gmail.com,2023-05-01,Lucknow
CRM009958,Arjun Gupta,arjun.gupta871@outlook.com,2023-10-04,Mumbai
CRM000127,Nisha Bose,nisha.bose707@outlook.com,2024-03-20,Delhi
CRM005960,Pooja Reddy,pooja.reddy843@gmail.com,2023-11-09,Surat
CRM003877,Riya Mishra,riya.mishra763@hotmail.com,2022-12-27,Delhi
CRM004452,Raj Tiwari,raj.tiwari205@yahoo.com,2023-03-14,Jaipur
CRM007148,Priya Iyer,priya.iyer548@outlook.com,2022-01-28,Delhi
CRM003532,Kritika Bose,kritika.bose132@gmail.com,2023-03-04,Delhi
CRM000828,Aditya Das,aditya.das149@gmail.com,2024-06-09,Delhi
CRM007791,Raj Iyer,raj.iyer78@yahoo.com,2022-05-17,Lucknow
CRM000985,Saanvi Gupta,saanvi.gupta216@gmail.com,2022-12-17,Indore
CRM007784,Diya Sinha,diya.sinha629@yahoo.com,2024-05-22,Ahmedabad
CRM002444,Ananya Pillai,ananya.pillai583@rediff.com,2023-06-15,Jaipur
CRM008555,Vivaan Tiwari,vivaan.tiwari499@rediff.com,2023-01-25,Coimbatore
CRM000346,Suresh Sharma,suresh.sharma655@gmail.com,2022-05-18,Pune
CRM000815,Deepa Sinha,deepa.sinha532@outlook.com,2023-07-26,Surat
CRM006167,Sai Rao,sai.rao227@outlook.com,2023-01-25,Thane
CRM005780,Priya Nair,priya.nair632@hotmail.com,2022-10-19,Surat
CRM002117,Raj Shah,raj.shah897@gmail.com,2023-12-25,Mumbai
CRM000794,Aditya Pillai,aditya.pillai629@yahoo.com,2022-12-12,Kolkata
CRM006899,Ishaan Verma,ishaan.verma375@rediff.com,2022-02-10,Indore
CRM002675,Ishaan Sinha,ishaan.sinha634@yahoo.com,2022-10-27,Vadodara
CRM000095,Diya Nair,diya.nair905@rediff.com,2023-01-06,Visakhapatnam
CRM004226,Ananya Rao,ananya.rao976@rediff.com,2023-02-08,Kolkata
CRM003757,Kabir Tiwari,kabir.tiwari13@rediff.com,2022-02-16,Nagpur
CRM002892,Sneha Mishra,sneha.mishra233@gmail.com,2023-06-12,Kolkata
CRM002372,Amit Kumar,amit.kumar597@gmail.com,2023-11-25,Mumbai
CRM010058,Reyan Sharma,reyan.sharma737@yahoo.com,2023-06-02,Bangalore
CRM003229,Aadhya Chatterjee,aadhya.chatterjee979@gmail.com,2023-09-26,Vadodara
CRM007864,Sneha Singh,sneha.singh650@rediff.com,2024-04-06,Mumbai
CRM006360,Arjun Chatterjee,arjun.chatterjee629@outlook.com,2023-08-10,Chennai
CRM009857,Riya Mishra,riya.mishra646@yahoo.com,2023-01-08,Surat
CRM007327,Aditya Joshi,aditya.joshi620@outlook.com,2022-10-09,Bangalore
CRM006029,Suresh Sinha,suresh.sinha184@gmail.com,2023-05-23,Hyderabad
CRM001866,Sai Joshi,sai.joshi46@outlook.com,2022-10-05,Visakhapatnam
CRM004613,Saanvi Sinha,saanvi.sinha628@outlook.com,2024-06-08,Jaipur
CRM002646,Arjun Verma,,2023-07-26,Nagpur
CRM002244,Amit Bose,amit.bose979@hotmail.com,2023-12-27,Kanpur
CRM005374,Sneha Pillai,sneha.pillai57@yahoo.com,2023-05-29,Hyderabad
CRM002337,Sai Mishra,sai.mishra59@gmail.com,2023-10-10,Mumbai
CRM000951,Amit Das,amit.das201@rediff.com,2022-01-22,Vadodara
CRM001121,Arjun Patel,arjun.patel826@rediff.com,2023-11-07,Bhopal
CRM002205,Vihaan Reddy,vihaan.reddy461@hotmail.com,2022-12-20,Visakhapatnam
CRM000420,Deepa Shah,deepa.shah264@yahoo.com,2024-05-09,Kolkata
CRM000923,Sneha Reddy,sneha.reddy760@hotmail.com,2022-09-11,Visakhapatnam
CRM009447,Riya Patel,riya.patel580@gmail.com,2022-09-05,Coimbatore
CRM008670,Ishaan Verma,ishaan.verma391@hotmail.com,2023-01-19,Surat
CRM005409,Rahul Mehta,rahul.mehta514@hotmail.com,2022-03-10,Delhi
CRM005789,Kritika Iyer,kritika.iyer205@outlook.com,2024-02-22,Bhopal
CRM005743,Meera Reddy,meera.reddy430@yahoo.com,2023-02-10,Surat
CRM007668,Deepa Sharma,deepa.sharma756@rediff.com,2022-08-04,Delhi
CRM005568,Vihaan Reddy,vihaan.reddy342@gmail.com,2022-11-21,Mumbai
CRM008136,Arjun Chatterjee,arjun.chatterjee760@rediff.com,2023-03-05,Patna
CRM001203,Arjun Singh,arjun.singh851@hotmail.com,2022-04-05,Jaipur
CRM005766,Sai Bose,sai.bose407@rediff.com,2022-03-08,Delhi
CRM008390,Kritika Nair,kritika.nair887@rediff.com,2023-01-31,Pune
CRM001971,Kritika Chatterjee,kritika.chatterjee294@outlook.com,2022-03-03,Bhopal
CRM004019,Riya Shah,riya.shah605@outlook.com,2023-05-17,Indore
CRM003688,Ananya Chatterjee,ananya.chatterjee401@gmail.com,2024-03-15,Jaipur
CRM001998,Deepa Nair,deepa.nair448@rediff.com,2023-05-24,Visakhapatnam
CRM004034,Amit Mehta,amit.mehta545@gmail.com,2022-11-12,Hyderabad
CRM001249,Arjun Tiwari,arjun.tiwari250@outlook.com,2024-04-16,Nagpur
CRM002193,Ananya Joshi,ananya.joshi871@hotmail.com,2022-07-03,Coimbatore
CRM002713,Vivaan Nair,vivaan.nair279@yahoo.com,2023-12-30,N/A
CRM009185,Kabir Iyer,kabir.iyer609@outlook.com,2024-03-17,Mumbai
CRM002191,Aditya Verma,aditya.verma916@outlook.com,2022-07-10,Coimbatore
CRM004671,Ananya Mishra,ananya.mishra510@hotmail.com,2023-01-06,Patna
CRM005143,Diya Mishra,diya.mishra145@yahoo.com,2022-04-06,Vadodara
CRM005985,Raj Mishra,raj.mishra957@outlook.com,2023-09-13,Mumbai
CRM006566,Vivaan Iyer,vivaan.iyer936@rediff.com,2022-01-13,Kanpur
CRM007805,Sneha Tiwari,sneha.tiwari106@rediff.com,2024-01-25,Mumbai
CRM006944,Raj Iyer,raj.iyer956@hotmail.com,2023-05-23,Bangalore
CRM009511,Pooja Gupta,pooja.gupta850@hotmail.com,2022-02-12,Vadodara
CRM002137,Ananya Gupta,ananya.gupta601@rediff.com,2023-03-27,Lucknow
CRM001066,Kabir Rao,kabir.rao518@gmail.com,2022-09-26,Ahmedabad
CRM000601,Rohan Pillai,rohan.pillai897@yahoo.com,2024-05-03,Indore
CRM004228,Amit Pillai,amit.pillai495@yahoo.com,2024-06-11,Kanpur
CRM007578,Ananya Gupta,ananya.gupta474@hotmail.com,2022-03-03,Chennai
CRM000078,Raj Joshi,raj.joshi740@rediff.com,2022-02-24,Jaipur
CRM007547,Kabir Gupta,kabir.gupta198@gmail.com,2023-04-20,Mumbai
CRM002899,Rohan Iyer,rohan.iyer671@hotmail.com,2022-01-27,Nagpur
CRM004821,Ishaan Gupta,ishaan.gupta603@gmail.com,2023-03-05,Surat
CRM009507,Reyan Bose,reyan.bose321@outlook.com,2022-12-02,Jaipur
CRM009968,Sai Tiwari,sai.tiwari600@gmail.com,2023-06-30,Coimbatore
CRM006414,Vihaan Shah,vihaan.shah376@rediff.com,2023-10-05,Mumbai
CRM009445,Rahul Iyer,rahul.iyer507@rediff.com,2023-11-01,Hyderabad
CRM009065,Vivaan Singh,,2024-06-03,Nagpur
CRM008008,Aarav Shah,aarav.shah459@rediff.com,2023-10-01,Delhi
CRM005469,Deepa Das,deepa.das843@outlook.com,2023-11-05,Bhopal
CRM005952,Deepa Chatterjee,deepa.chatterjee641@yahoo.com,2023-03-12,Patna
CRM003392,Aarav Iyer,aarav.iyer91@outlook.com,2022-02-27,Ahmedabad
CRM005416,Nisha Reddy,nisha.reddy421@outlook.com,2023-05-06,Hyderabad
CRM002561,Vihaan Bose,vihaan.bose323@outlook.com,2024-03-08,Delhi
CRM005225,Ananya Chatterjee,ananya.chatterjee282@gmail.com,2023-05-08,Vadodara
CRM008163,Reyan Mehta,reyan.mehta78@outlook.com,2024-06-17,Lucknow
CRM002636,Amit Sinha,amit.sinha667@rediff.com,2024-05-29,Indore
CRM005257,Aadhya Singh,aadhya.singh54@outlook.com,2022-04-06,Jaipur
CRM003531,Sai Iyer,sai.iyer992@rediff.com,2022-05-11,Bhopal
CRM008568,Kavya Joshi,kavya.joshi504@outlook.com,2024-04-10,Pune
CRM001909,Rohan Sinha,rohan.sinha618@gmail.com,2023-08-11,Visakhapatnam
CRM000236,Sai Reddy,sai.reddy817@yahoo.com,2023-02-05,Kanpur
CRM001605,Raj Reddy,raj.reddy256@rediff.com,2022-01-23,Coimbatore
CRM007985,Aditya Gupta,aditya.gupta874@yahoo.com,2023-01-02,Kolkata
CRM009311,Arjun Iyer,arjun.iyer872@hotmail.com,2022-12-21,Bangalore
CRM003491,Meera Tiwari,meera.tiwari996@gmail.com,2024-06-05,Bangalore
CRM001995,Sneha Das,sneha.das593@rediff.com,2023-12-29,Bangalore
CRM002825,Diya Das,diya.das721@outlook.com,2023-02-17,Lucknow
CRM009949,Vijay Gupta,vijay.gupta86@outlook.com,2022-10-19,Bhopal
CRM001343,Pooja Singh,pooja.singh150@outlook.com,2022-07-20,Jaipur
CRM008513,Reyan Rao,reyan.rao393@rediff.com,2022-08-14,Delhi
CRM001620,Ananya Rao,ananya.rao602@yahoo.com,2022-09-10,Vadodara
CRM005288,Vihaan Chatterjee,vihaan.chatterjee785@hotmail.com,2022-04-05,Mumbai
CRM002061,Aarav Iyer,aarav.iyer246@yahoo.com,2023-04-16,Hyderabad
CRM000312,Rohan Gupta,rohan.gupta913@rediff.com,2023-08-14,Kanpur
CRM002220,Reyan Gupta,reyan.gupta231@hotmail.com,2022-09-22,Bangalore
CRM006039,Amit Singh,amit.singh348@hotmail.com,2023-01-30,Pune
CRM000261,Saanvi Tiwari,saanvi.tiwari713@gmail.com,2022-09-29,Visakhapatnam
CRM010035,Vivaan Das,vivaan.das146@gmail.com,2022-04-12,N/A
CRM009094,Rahul Gupta,rahul.gupta562@hotmail.com,2024-04-15,Patna
CRM003745,Amit Singh,amit.singh377@outlook.com,2023-09-14,Bangalore
CRM002027,Nisha Singh,,2024-01-15,Mumbai
CRM006989,Diya Nair,diya.nair26@gmail.com,2022-10-12,Lucknow
CRM004235,Amit Sinha,amit.sinha331@yahoo.com,2023-11-03,Vadodara
CRM001918,Sneha Shah,sneha.shah112@hotmail.com,2022-11-30,Visakhapatnam
CRM001829,Suresh Kumar,suresh.kumar332@yahoo.com,2024-04-23,Kolkata
CRM009766,Aarav Pillai,aarav.pillai184@gmail.com,2022-10-06,Surat
CRM006234,Ishaan Singh,ishaan.singh431@rediff.com,2022-07-10,Bangalore
CRM010000,Aadhya Shah,aadhya.shah410@hotmail.com,2023-11-29,Mumbai
CRM006284,Vihaan Kumar,vihaan.kumar987@yahoo.com,2023-11-08,Bhopal
CRM004209,Pooja Reddy,pooja.reddy138@yahoo.com,2022-02-22,Bangalore
CRM000225,Kabir Rao,kabir.rao116@outlook.com,2023-04-14,Vadodara
CRM008916,Rahul Tiwari,rahul.tiwari206@gmail.com,2022-12-29,UNKNOWN
CRM009334,Diya Singh,diya.singh419@rediff.com,2024-05-03,Nagpur
CRM006470,Vivaan Kumar,vivaan.kumar693@yahoo.com,2023-09-30,Vadodara
CRM010085,Kabir Joshi,kabir.joshi492@outlook.com,2023-03-30,Ahmedabad
CRM000847,Kabir Mishra,kabir.mishra547@rediff.com,2023-11-19,Chennai
CRM004290,Aadhya Bose,aadhya.bose569@gmail.com,2023-10-01,Indore
CRM005561,Rahul Tiwari,rahul.tiwari815@hotmail.com,2023-09-28,Patna
CRM002552,Vivaan Das,vivaan.das507@hotmail.com,2023-07-31,Bhopal
CRM000118,Aarav Patel,aarav.patel512@yahoo.com,2022-03-25,Bangalore
CRM008838,Nisha Kumar,nisha.kumar824@hotmail.com,2023-05-29,Patna
CRM005967,Vivaan Reddy,vivaan.reddy762@hotmail.com,2024-04-30,Thane
CRM008196,Aarav Reddy,aarav.reddy950@outlook.com,2023-01-06,Patna
CRM008660,Sneha Sinha,sneha.sinha270@hotmail.com,2023-05-05,Indore
CRM007490,Vihaan Patel,vihaan.patel259@rediff.com,2024-03-12,Jaipur
CRM000006,Aditya Mishra,aditya.mishra451@rediff.com,2022-05-17,Bhopal
CRM005343,Aarav Bose,aarav.bose260@gmail.com,2022-09-30,Ahmedabad
CRM009112,Arjun Das,arjun.das564@rediff.com,2022-08-06,Pune
CRM004325,Suresh Pillai,suresh.pillai240@yahoo.com,2023-09-08,Kolkata
CRM001064,Kritika Joshi,kritika.joshi620@outlook.com,2023-09-30,Kolkata
CRM002591,Reyan Singh,reyan.singh746@gmail.com,2022-06-21,Vadodara
CRM008435,Priya Shah,priya.shah447@rediff.com,2022-03-30,Kanpur
CRM009353,Kritika Patel,kritika.patel245@hotmail.com,2024-06-16,Pune
CRM003736,Vivaan Singh,vivaan.singh430@outlook.com,2024-04-08,Patna
CRM003518,Vihaan Kumar,vihaan.kumar971@rediff.com,2024-04-10,Mumbai
CRM006987,Kritika Mehta,kritika.mehta209@outlook.com,2024-01-28,Pune
CRM006768,Deepa Singh,deepa.singh514@rediff.com,2023-05-01,Mumbai
CRM005623,Suresh Mehta,suresh.mehta24@rediff.com,2023-02-28,Bhopal
CRM001606,Aarav Joshi,aarav.joshi136@yahoo.com,2024-03-12,Nagpur
CRM001734,Ananya Sinha,ananya.sinha84@outlook.com,2024-04-15,Bhopal
CRM010009,Rohan Kumar,rohan.kumar980@rediff.com,2022-07-02,Bhopal
CRM009505,Kavya Gupta,kavya.gupta924@gmail.com,2023-08-17,Kanpur
CRM003813,Vihaan Chatterjee,vihaan.chatterjee266@outlook.com,2024-01-05,Jaipur
CRM010313,Vivaan Chatterjee,vivaan.chatterjee471@yahoo.com,2022-03-18,Vadodara
CRM001762,Aditya Kumar,aditya.kumar733@gmail.com,2022-11-09,Surat
CRM005402,Meera Mishra,meera.mishra13@hotmail.com,2023-07-30,Bangalore
CRM002740,Riya Sharma,riya.sharma489@hotmail.com,2022-08-31,Delhi
CRM002473,Meera Tiwari,meera.tiwari689@hotmail.com,2022-05-11,Patna
CRM006739,Meera Gupta,meera.gupta591@hotmail.com,2024-01-23,Hyderabad
CRM006892,Arjun Singh,arjun.singh77@hotmail.com,2023-10-29,Bangalore
CRM007944,Amit Mishra,amit.mishra996@yahoo.com,2022-05-27,Pune
CRM009686,Vivaan Nair,vivaan.nair32@yahoo.com,2022-07-08,Lucknow
CRM004207,Sneha Mehta,sneha.mehta718@yahoo.com,2024-06-23,Bangalore
CRM006372,Kavya Iyer,kavya.iyer882@yahoo.com,2024-03-15,Bangalore
CRM009362,Nisha Reddy,nisha.reddy171@gmail.com,2024-02-06,Nagpur
CRM000233,Rohan Gupta,rohan.gupta785@outlook.com,2022-11-02,Mumbai
CRM008259,Suresh Chatterjee,suresh.chatterjee879@gmail.com,2022-10-13,Mumbai
CRM007562,Aarav Bose,aarav.bose194@yahoo.com,2024-05-10,Vadodara
CRM009796,Ishaan Joshi,ishaan.joshi251@gmail.com,2023-07-29,Delhi
CRM006169,Amit Shah,amit.shah346@rediff.com,2023-03-13,N/A
CRM003597,Kabir Chatterjee,kabir.chatterjee822@yahoo.com,2022-11-03,Hyderabad
CRM006289,Vihaan Patel,vihaan.patel71@yahoo.com,2024-05-15,Hyderabad
CRM004633,Saanvi Reddy,saanvi.reddy89@hotmail.com,2023-05-30,Vadodara
CRM000126,Arjun Mishra,arjun.mishra481@yahoo.com,2023-10-02,Nagpur
CRM007642,Ishaan Bose,ishaan.bose600@yahoo.com,2023-05-02,Visakhapatnam
CRM006230,Raj Pillai,raj.pillai590@hotmail.com,2023-05-07,Mumbai
CRM001297,Suresh Mehta,suresh.mehta612@outlook.com,2022-06-12,Surat
CRM001977,Raj Singh,raj.singh75@gmail.com,2022-11-07,Indore
CRM010158,Amit Reddy,amit.reddy492@gmail.com,2022-10-29,Thane
CRM010109,Aadhya Pillai,aadhya.pillai16@outlook.com,2022-07-22,Kanpur
CRM005751,Nisha Sinha,nisha.sinha707@gmail.com,2023-10-06,Mumbai
CRM008153,Diya Mishra,diya.mishra598@yahoo.com,2022-06-19,Chennai
CRM003087,Reyan Kumar,reyan.kumar603@rediff.com,2022-08-24,Indore
CRM009940,Kritika Pillai,kritika.pillai938@rediff.com,2024-03-13,Kanpur
CRM006883,Riya Reddy,riya.reddy444@rediff.com,2023-10-26,Patna
CRM009972,Kabir Chatterjee,kabir.chatterjee986@yahoo.com,2022-09-18,Kanpur
CRM007674,Aarav Shah,aarav.shah624@gmail.com,2023-10-27,Bangalore
CRM003346,Ananya Sinha,ananya.sinha779@rediff.com,2023-05-18,Vadodara
CRM008173,Rahul Singh,rahul.singh614@gmail.com,2023-05-24,Mumbai
CRM010093,Saanvi Iyer,saanvi.iyer280@rediff.com,2023-08-11,Bangalore
CRM005871,Ananya Rao,ananya.rao394@outlook.com,2022-08-31,Surat
CRM006507,Aadhya Tiwari,aadhya.tiwari105@yahoo.com,2024-03-26,Chennai
CRM002798,Arjun Reddy,arjun.reddy298@outlook.com,2023-02-03,Bhopal
CRM000919,Ananya Tiwari,ananya.tiwari941@rediff.com,2023-01-20,Lucknow
CRM001647,Sai Pillai,sai.pillai738@rediff.com,2023-08-04,Bangalore
CRM005123,Riya Das,riya.das612@hotmail.com,2023-06-21,Visakhapatnam
CRM005127,Rahul Pillai,rahul.pillai390@rediff.com,2023-06-03,Pune
CRM004622,Nisha Bose,nisha.bose30@gmail.com,2022-09-20,Lucknow
CRM006810,Rahul Nair,rahul.nair400@gmail.com,2023-12-06,Jaipur
CRM000365,Aditya Pillai,aditya.pillai972@yahoo.com,2024-01-06,Coimbatore
CRM002126,Arjun Mishra,arjun.mishra650@yahoo.com,2022-10-05,Chennai
CRM008151,Pooja Mishra,pooja.mishra718@yahoo.com,2023-03-28,Pune
CRM008718,Rohan Bose,rohan.bose942@outlook.com,2024-06-09,Lucknow
CRM000056,Reyan Bose,reyan.bose212@yahoo.com,2024-04-26,Pune
CRM000639,Nisha Gupta,nisha.gupta477@rediff.com,2024-06-30,Coimbatore
CRM000303,Deepa Patel,deepa.patel140@rediff.com,2022-11-26,Patna
CRM005812,Pooja Mishra,pooja.mishra88@outlook.com,2022-09-27,Kanpur
CRM001277,Priya Reddy,priya.reddy57@hotmail.com,2023-07-31,Vadodara
CRM004433,Raj Pillai,raj.pillai391@yahoo.com,2022-04-28,Hyderabad
CRM003645,Vijay Das,vijay.das517@yahoo.com,2022-01-04,Mumbai
CRM004144,Vivaan Pillai,vivaan.pillai939@hotmail.com,2022-04-29,Jaipur
CRM002879,Vivaan Mishra,,2023-01-17,Bhopal
CRM006494,Rahul Verma,rahul.verma830@rediff.com,2024-03-31,Indore
CRM005241,Riya Pillai,riya.pillai592@hotmail.com,2023-12-02,Pune
CRM010079,Rohan Sharma,rohan.sharma124@hotmail.com,2023-02-11,Patna
CRM006938,Deepa Das,deepa.das446@gmail.com,2022-01-08,Ahmedabad
CRM007241,Amit Das,amit.das254@hotmail.com,2022-07-24,Thane
CRM002594,Kavya Mehta,kavya.mehta175@rediff.com,2023-02-04,Nagpur
CRM002394,Rohan Rao,rohan.rao242@rediff.com,2022-05-28,Delhi
CRM000524,Ishaan Das,ishaan.das791@hotmail.com,2022-02-05,Visakhapatnam
CRM006377,Priya Iyer,priya.iyer424@outlook.com,2022-05-30,Visakhapatnam
CRM006982,Rohan Tiwari,rohan.tiwari422@hotmail.com,2024-03-10,Bangalore
CRM006678,Kavya Singh,kavya.singh302@yahoo.com,2023-04-20,Kolkata
CRM003901,Vivaan Tiwari,vivaan.tiwari972@outlook.com,2023-03-20,Thane
CRM010323,Riya Singh,riya.singh609@yahoo.com,2023-11-13,Bangalore
CRM005586,Aadhya Gupta,aadhya.gupta473@gmail.com,2023-03-15,Chennai
CRM010030,Priya Iyer,priya.iyer245@hotmail.com,2024-06-24,Mumbai
CRM007957,Priya Mishra,priya.mishra403@hotmail.com,2023-02-08,Vadodara
CRM007571,Priya Pillai,priya.pillai967@outlook.com,2023-05-10,Patna
CRM006778,Kritika Sharma,kritika.sharma473@rediff.com,2023-10-12,Patna
CRM000672,Amit Kumar,amit.kumar421@hotmail.com,2022-06-13,Indore
CRM004189,Aarav Bose,aarav.bose711@rediff.com,2022-12-22,Hyderabad
CRM000667,Kavya Nair,kavya.nair995@gmail.com,2024-02-12,Chennai
CRM003267,Vijay Mehta,vijay.mehta604@outlook.com,2023-02-20,Mumbai
CRM001888,Vihaan Reddy,vihaan.reddy963@rediff.com,2024-03-03,Bhopal
CRM008473,Deepa Patel,deepa.patel426@outlook.com,2023-11-24,Patna
CRM009912,Saanvi Joshi,saanvi.joshi632@yahoo.com,2022-01-08,Thane
CRM009092,Diya Shah,diya.shah804@rediff.com,2024-04-26,Thane
CRM007688,Sneha Iyer,sneha.iyer514@yahoo.com,2024-05-06,Hyderabad
CRM006032,Aadhya Sinha,aadhya.sinha89@rediff.com,2022-03-28,Bhopal
CRM006091,Pooja Shah,,2024-03-27,Nagpur
CRM006239,Suresh Singh,suresh.singh988@hotmail.com,2024-05-25,Vadodara
CRM007351,Ishaan Joshi,ishaan.joshi360@gmail.com,2023-07-23,XX_CITY
CRM007831,Kavya Pillai,kavya.pillai326@hotmail.com,2023-04-07,Hyderabad
CRM000761,Meera Shah,meera.shah623@hotmail.com,2023-01-01,Vadodara
CRM006255,Saanvi Bose,saanvi.bose298@gmail.com,2022-08-15,Surat
CRM001907,Rohan Joshi,rohan.joshi588@yahoo.com,2023-11-06,Kolkata
CRM003819,Ananya Bose,ananya.bose573@yahoo.com,2022-06-08,UNKNOWN
CRM006270,Ishaan Bose,ishaan.bose800@gmail.com,2024-01-09,Vadodara
CRM004301,Vijay Chatterjee,vijay.chatterjee308@rediff.com,2023-07-22,Indore
CRM005570,Rahul Nair,rahul.nair923@outlook.com,2024-04-21,Coimbatore
CRM007942,Ananya Rao,ananya.rao939@gmail.com,2023-03-27,Bhopal
CRM004165,Deepa Das,deepa.das114@gmail.com,2023-08-24,UNKNOWN
CRM005972,Deepa Bose,deepa.bose664@yahoo.com,2024-01-28,Thane
CRM003580,Suresh Gupta,suresh.gupta870@rediff.com,2023-04-29,Nagpur
CRM002833,Amit Kumar,amit.kumar265@yahoo.com,2022-05-06,Ahmedabad
CRM005450,Kabir Chatterjee,kabir.chatterjee756@gmail.com,2023-03-30,Nagpur
CRM003473,Meera Chatterjee,meera.chatterjee567@rediff.com,2022-06-04,Surat
CRM006328,Kabir Joshi,kabir.joshi48@hotmail.com,2023-01-25,Jaipur
CRM000138,Sneha Singh,sneha.singh502@gmail.com,2022-12-08,Vadodara
CRM007044,Amit Rao,amit.rao841@yahoo.com,2022-02-01,Lucknow
CRM004893,Kritika Das,kritika.das971@yahoo.com,2022-12-27,Visakhapatnam
CRM002181,Vivaan Iyer,vivaan.iyer78@rediff.com,2024-04-05,Thane
CRM007731,Suresh Mishra,suresh.mishra625@outlook.com,2022-11-20,Coimbatore
CRM003178,Raj Bose,raj.bose656@yahoo.com,2022-02-13,Surat
CRM004855,Rahul Tiwari,rahul.tiwari984@rediff.com,2022-12-13,Hyderabad
CRM004638,Rahul Gupta,rahul.gupta523@hotmail.com,2024-06-29,Mumbai
CRM005116,Aditya Patel,aditya.patel130@rediff.com,2022-09-06,Bhopal
CRM009967,Suresh Shah,suresh.shah954@outlook.com,2022-05-25,Kanpur
CRM007649,Raj Singh,raj.singh296@gmail.com,2023-04-17,Thane
CRM004262,Amit Das,amit.das133@hotmail.com,2022-02-06,Indore
CRM001332,Raj Patel,raj.patel603@yahoo.com,2022-08-20,Bangalore
CRM007003,Aarav Gupta,aarav.gupta730@gmail.com,2023-12-26,Kolkata
CRM009551,Raj Joshi,raj.joshi532@hotmail.com,2022-07-22,Mumbai
CRM006942,Deepa Tiwari,deepa.tiwari973@gmail.com,2023-11-03,Jaipur
CRM008018,Reyan Verma,reyan.verma546@hotmail.com,2024-01-13,Jaipur
CRM006242,Reyan Mishra,reyan.mishra38@gmail.com,2022-07-21,Indore
CRM009522,Aadhya Mishra,aadhya.mishra786@yahoo.com,2022-07-06,Jaipur
CRM007689,Reyan Tiwari,reyan.tiwari657@outlook.com,2022-01-28,Bangalore
CRM006882,Aadhya Patel,aadhya.patel538@hotmail.com,2023-01-26,Bangalore
CRM004531,Amit Bose,amit.bose911@yahoo.com,2022-08-01,Ahmedabad
CRM004674,Saanvi Mehta,saanvi.mehta476@rediff.com,2024-05-03,Patna
CRM006997,Amit Patel,amit.patel649@yahoo.com,2022-04-14,Bangalore
CRM001253,Aadhya Tiwari,aadhya.tiwari916@rediff.com,2023-03-29,Delhi
CRM003375,Aditya Mishra,,2023-06-18,Indore
CRM002815,Reyan Verma,reyan.verma435@rediff.com,2022-10-25,Visakhapatnam
CRM004720,Priya Sharma,priya.sharma571@yahoo.com,2024-06-06,Bangalore
CRM006545,Vijay Das,vijay.das864@hotmail.com,2023-09-14,Bhopal
CRM004859,Deepa Verma,deepa.verma439@rediff.com,2024-02-20,Patna
CRM007902,Vijay Patel,vijay.patel177@rediff.com,2023-01-24,Jaipur
CRM008581,Aditya Pillai,aditya.pillai539@outlook.com,2024-04-20,Patna
CRM008428,Vijay Patel,vijay.patel788@gmail.com,2023-06-30,Coimbatore
CRM001078,Vijay Pillai,,2024-04-22,Bangalore
CRM004364,Saanvi Gupta,saanvi.gupta805@outlook.com,2023-02-22,Delhi
CRM000771,Ananya Tiwari,ananya.tiwari474@gmail.com,2024-02-03,Patna
CRM008866,Kabir Sinha,kabir.sinha189@gmail.com,2023-11-27,Bangalore
CRM000250,Ishaan Patel,ishaan.patel800@yahoo.com,2022-12-12,Kolkata
CRM009767,Aditya Sinha,aditya.sinha284@outlook.com,2022-09-14,Coimbatore
CRM007240,Ananya Gupta,ananya.gupta472@outlook.com,2022-04-24,Thane
CRM003420,Rohan Shah,rohan.shah264@rediff.com,2022-06-02,Vadodara
CRM004977,Kritika Singh,kritika.singh107@outlook.com,2022-07-22,Visakhapatnam
CRM004545,Kritika Pillai,kritika.pillai10@outlook.com,2022-03-09,Hyderabad
CRM005566,Riya Iyer,riya.iyer434@hotmail.com,2022-10-24,Coimbatore
CRM007940,Kritika Kumar,kritika.kumar97@outlook.com,2023-04-25,Indore
CRM000717,Saanvi Mishra,saanvi.mishra663@yahoo.com,2024-02-01,Chennai
CRM010343,Kritika Nair,kritika.nair872@hotmail.com,2024-01-17,Kolkata
CRM002049,Deepa Singh,deepa.singh298@outlook.com,2023-07-09,Chennai
CRM005998,Amit Gupta,amit.gupta392@hotmail.com,2023-08-09,Visakhapatnam
CRM006601,Deepa Singh,deepa.singh643@yahoo.com,2022-06-24,Kanpur
CRM007246,Diya Tiwari,diya.tiwari322@hotmail.com,2022-12-08,Nagpur
CRM004179,Vivaan Pillai,vivaan.pillai919@hotmail.com,2024-02-12,Lucknow
CRM004810,Ishaan Tiwari,ishaan.tiwari724@yahoo.com,2024-06-07,Bangalore
CRM010160,Priya Kumar,priya.kumar452@gmail.com,2022-02-11,Delhi
CRM007141,Vihaan Patel,vihaan.patel531@hotmail.com,2024-03-11,Lucknow
CRM007191,Suresh Kumar,suresh.kumar81@yahoo.com,2023-10-19,Delhi
CRM001461,Rohan Nair,rohan.nair594@hotmail.com,2022-07-10,Kolkata
CRM005990,Priya Bose,priya.bose244@rediff.com,2024-05-08,Delhi
CRM009861,Pooja Sharma,pooja.sharma812@gmail.com,2022-07-19,Nagpur
CRM002001,Riya Chatterjee,riya.chatterjee744@hotmail.com,2023-05-10,Kanpur
CRM008176,Riya Iyer,riya.iyer357@yahoo.com,2023-01-01,Thane
CRM000405,Aditya Das,aditya.das422@rediff.com,2023-05-27,Thane
CRM000385,Nisha Mehta,nisha.mehta253@hotmail.com,2022-06-28,Bangalore
CRM010123,Kritika Gupta,kritika.gupta967@gmail.com,2022-11-24,Nagpur
CRM010165,Vihaan Chatterjee,vihaan.chatterjee386@outlook.com,2022-12-02,Visakhapatnam
CRM001634,Sneha Reddy,sneha.reddy674@yahoo.com,2022-01-28,Delhi
CRM010237,Kavya Chatterjee,kavya.chatterjee62@rediff.com,2022-10-06,Lucknow
CRM004785,Vihaan Sinha,vihaan.sinha221@rediff.com,2022-12-02,Bangalore
CRM010134,Kavya Mehta,kavya.mehta188@outlook.com,2023-04-03,Mumbai
CRM006971,Ishaan Das,ishaan.das879@hotmail.com,2024-02-27,Bangalore
CRM003926,Ananya Patel,ananya.patel664@yahoo.com,2024-03-19,Delhi
CRM004159,Rohan Nair,rohan.nair455@outlook.com,2024-01-18,Kolkata
CRM007450,Sneha Mishra,sneha.mishra709@rediff.com,2023-08-31,Mumbai
CRM008416,Kritika Verma,kritika.verma787@rediff.com,2023-11-20,Bhopal
CRM002194,Vihaan Patel,vihaan.patel481@gmail.com,2023-02-11,Patna
CRM010017,Kavya Das,kavya.das726@yahoo.com,2024-01-24,Patna
CRM001016,Aarav Joshi,aarav.joshi128@yahoo.com,2024-05-23,Coimbatore
CRM005125,Deepa Joshi,deepa.joshi795@gmail.com,2024-06-23,UNKNOWN
CRM007419,Deepa Chatterjee,deepa.chatterjee420@outlook.com,2022-03-18,Coimbatore
CRM007410,Ishaan Joshi,ishaan.joshi951@rediff.com,2024-05-17,Kolkata
CRM008990,Nisha Tiwari,nisha.tiwari284@gmail.com,2022-12-01,Patna
CRM002872,Nisha Gupta,nisha.gupta768@outlook.com,2022-05-06,Delhi
CRM000010,Meera Tiwari,meera.tiwari246@hotmail.com,2022-09-01,Surat
CRM001839,Aadhya Das,aadhya.das617@outlook.com,2023-12-05,Visakhapatnam
CRM004805,Ananya Verma,,2022-10-09,Mumbai
CRM000256,Sai Mishra,sai.mishra349@yahoo.com,2022-02-16,Vadodara
CRM007027,Meera Tiwari,meera.tiwari950@yahoo.com,2022-12-17,Visakhapatnam
CRM005714,Nisha Chatterjee,nisha.chatterjee652@hotmail.com,2022-10-07,Vadodara
CRM003325,Vivaan Patel,vivaan.patel63@rediff.com,2022-10-04,Bhopal
CRM007715,Ananya Kumar,ananya.kumar446@hotmail.com,2023-10-25,Delhi
CRM001582,Vivaan Patel,vivaan.patel912@outlook.com,2023-01-24,Mumbai
CRM000925,Meera Gupta,meera.gupta683@rediff.com,2023-03-11,Kanpur
CRM002780,Kritika Reddy,kritika.reddy433@gmail.com,2022-08-16,Mumbai
CRM007892,Saanvi Gupta,saanvi.gupta265@rediff.com,2024-03-15,Patna
CRM006133,Meera Shah,meera.shah388@yahoo.com,2023-09-14,Chennai
CRM005321,Saanvi Verma,saanvi.verma965@gmail.com,2023-11-15,Hyderabad
CRM007313,Nisha Verma,nisha.verma957@gmail.com,2023-08-11,Bhopal
CRM007103,Meera Rao,meera.rao100@yahoo.com,2022-11-24,Indore
CRM006043,Priya Reddy,priya.reddy156@hotmail.com,2022-04-13,Thane
CRM003776,Kritika Shah,kritika.shah19@rediff.com,2022-07-31,Hyderabad
CRM004836,Nisha Mishra,nisha.mishra910@gmail.com,2022-05-07,Patna
CRM004965,Pooja Sinha,pooja.sinha579@rediff.com,2023-08-06,Kolkata
CRM000540,Rahul Bose,rahul.bose209@yahoo.com,2024-06-25,Kolkata
CRM007484,Raj Pillai,raj.pillai290@outlook.com,2023-09-26,Delhi
CRM002746,Sneha Nair,sneha.nair155@hotmail.com,2022-12-30,Chennai
CRM003720,Sneha Bose,,2023-07-19,Delhi
CRM006820,Vijay Bose,vijay.bose922@hotmail.com,2023-01-15,Pune
CRM009338,Arjun Shah,arjun.shah895@yahoo.com,2023-11-01,Ahmedabad
CRM004469,Reyan Das,reyan.das629@yahoo.com,2024-05-25,Bangalore
CRM000668,Raj Shah,raj.shah721@hotmail.com,2024-06-04,Surat
CRM007576,Vijay Shah,vijay.shah408@gmail.com,2024-04-10,Chennai
CRM008550,Sai Mishra,sai.mishra101@yahoo.com,2022-11-09,Nagpur
CRM005064,Deepa Nair,deepa.nair204@outlook.com,2024-02-22,Visakhapatnam
CRM001354,Aarav Reddy,aarav.reddy376@rediff.com,2024-02-02,Pune
CRM007115,Pooja Sinha,pooja.sinha877@gmail.com,2022-09-08,Lucknow
CRM010468,Vihaan Joshi,vihaan.joshi804@gmail.com,2024-06-22,Vadodara
CRM008663,Sai Rao,sai.rao307@gmail.com,2024-03-30,Mumbai
CRM002704,Pooja Shah,pooja.shah820@outlook.com,2023-07-07,Delhi
CRM003331,Reyan Mehta,reyan.mehta577@outlook.com,2023-10-09,Chennai
CRM008054,Arjun Sharma,arjun.sharma946@rediff.com,2023-04-18,Indore
CRM009589,Pooja Reddy,pooja.reddy472@gmail.com,2023-10-16,Vadodara
CRM003585,Aditya Das,aditya.das987@yahoo.com,2023-02-11,Patna
CRM010115,Nisha Iyer,nisha.iyer111@yahoo.com,2022-03-18,Vadodara
CRM005646,Arjun Bose,arjun.bose242@gmail.com,2022-12-06,Bangalore
CRM003377,Reyan Patel,reyan.patel445@hotmail.com,2024-02-03,Visakhapatnam
CRM001257,Riya Bose,riya.bose995@gmail.com,2023-03-18,Hyderabad
CRM006191,Meera Das,meera.das495@yahoo.com,2023-10-05,Thane
CRM009443,Riya Verma,riya.verma760@yahoo.com,2022-11-13,Ahmedabad
CRM005349,Ananya Verma,,2022-02-23,Jaipur
CRM004176,Aarav Pillai,aarav.pillai324@yahoo.com,2023-12-05,Mumbai
CRM004911,Nisha Patel,nisha.patel271@rediff.com,2023-11-11,Lucknow
CRM001853,Ananya Sinha,ananya.sinha362@yahoo.com,2023-09-30,Bangalore
CRM006317,Aadhya Tiwari,aadhya.tiwari940@hotmail.com,2022-05-25,Surat
CRM009199,Ananya Gupta,ananya.gupta352@hotmail.com,2022-12-03,Ahmedabad
CRM002106,Ananya Tiwari,ananya.tiwari500@rediff.com,2024-02-09,Delhi
CRM000134,Deepa Verma,,2023-12-11,Pune
CRM005030,Vijay Nair,vijay.nair469@rediff.com,2023-10-15,Mumbai
CRM000929,Meera Tiwari,meera.tiwari252@yahoo.com,2022-11-25,Vadodara
CRM000824,Deepa Kumar,deepa.kumar321@rediff.com,2024-03-14,Thane
CRM007577,Vijay Patel,vijay.patel624@yahoo.com,2023-11-27,Delhi
CRM001532,Sai Kumar,sai.kumar980@rediff.com,2024-01-26,Kolkata
CRM001215,Aadhya Das,aadhya.das114@hotmail.com,2023-07-24,Pune
CRM000505,Priya Tiwari,priya.tiwari654@rediff.com,2023-12-20,Delhi
CRM006531,Rohan Joshi,rohan.joshi14@gmail.com,2022-07-01,Vadodara
CRM003073,Diya Gupta,diya.gupta636@outlook.com,2024-05-01,Jaipur
CRM009577,Diya Nair,diya.nair827@hotmail.com,2023-05-14,Pune
CRM009087,Amit Bose,amit.bose646@outlook.com,2022-12-27,Visakhapatnam
CRM008648,Saanvi Sinha,saanvi.sinha801@outlook.com,2024-04-25,Kanpur
CRM006620,Priya Verma,priya.verma841@yahoo.com,2022-04-23,Hyderabad
CRM009274,Sai Iyer,sai.iyer274@hotmail.com,2023-04-29,Delhi
CRM003710,Aditya Bose,,2023-09-07,Bangalore
CRM010268,Raj Nair,raj.nair730@rediff.com,2022-03-24,Jaipur
CRM004850,Aditya Chatterjee,aditya.chatterjee686@gmail.com,2023-04-10,Kanpur
CRM004749,Reyan Joshi,reyan.joshi874@outlook.com,2024-06-14,Bangalore
CRM004269,Diya Nair,diya.nair305@outlook.com,2023-01-09,Pune
CRM010480,Deepa Tiwari,deepa.tiwari925@hotmail.com,2023-07-24,Pune
CRM008906,Vivaan Rao,vivaan.rao348@outlook.com,2022-03-22,Coimbatore
CRM004187,Diya Nair,diya.nair186@outlook.com,2023-05-01,Delhi
CRM005302,Reyan Sharma,reyan.sharma333@hotmail.com,2022-06-06,Bangalore
CRM002924,Vihaan Pillai,vihaan.pillai561@yahoo.com,2022-04-05,Chennai
CRM006589,Deepa Tiwari,deepa.tiwari610@yahoo.com,2023-07-16,Mumbai
CRM001811,Suresh Rao,suresh.rao715@outlook.com,2023-11-10,Vadodara
CRM003487,Rohan Kumar,rohan.kumar352@rediff.com,2022-08-11,Nagpur
CRM007420,Nisha Reddy,nisha.reddy385@gmail.com,2024-02-26,Lucknow
CRM003142,Vivaan Sharma,vivaan.sharma204@gmail.com,2023-07-15,Pune
CRM010020,Aditya Rao,aditya.rao662@rediff.com,2022-07-11,Delhi
CRM009348,Arjun Das,arjun.das966@hotmail.com,2024-05-04,Delhi
CRM001325,Aarav Sinha,aarav.sinha533@outlook.com,2022-06-07,Pune
CRM004313,Nisha Das,nisha.das947@rediff.com,2024-01-17,Pune
CRM007495,Sai Chatterjee,sai.chatterjee663@outlook.com,2023-12-06,Bangalore
CRM008703,Amit Chatterjee,amit.chatterjee618@hotmail.com,2023-03-05,Bangalore
CRM009873,Saanvi Mishra,saanvi.mishra980@gmail.com,2024-02-26,Lucknow
CRM008692,Aadhya Singh,aadhya.singh122@outlook.com,2023-10-05,Kolkata
CRM010182,Aadhya Gupta,aadhya.gupta488@hotmail.com,2023-08-02,Patna
CRM010049,Aadhya Shah,aadhya.shah758@outlook.com,2023-05-21,Kolkata
CRM009581,Saanvi Patel,saanvi.patel657@hotmail.com,2023-07-27,Thane
CRM005542,Ananya Patel,ananya.patel340@outlook.com,2024-05-03,Kanpur
CRM006173,Kritika Nair,kritika.nair813@gmail.com,2022-06-02,Chennai
CRM001541,Kavya Shah,kavya.shah702@hotmail.com,2022-04-01,Chennai
CRM009410,Raj Reddy,raj.reddy294@hotmail.com,2023-01-17,Chennai
CRM002682,Ananya Tiwari,ananya.tiwari236@gmail.com,2023-07-27,XX_CITY
CRM003149,Rohan Nair,rohan.nair576@outlook.com,2022-04-02,Chennai
CRM006314,Priya Das,priya.das870@rediff.com,2022-02-02,Jaipur
CRM001192,Ananya Tiwari,ananya.tiwari79@rediff.com,2022-06-19,Coimbatore
CRM005294,Reyan Patel,reyan.patel383@gmail.com,2023-02-18,Nagpur
CRM001543,Aarav Mehta,aarav.mehta678@outlook.com,2022-02-09,Jaipur
CRM007057,Amit Kumar,amit.kumar695@yahoo.com,2024-06-05,Bangalore
CRM002540,Amit Shah,amit.shah346@outlook.com,2023-03-01,Vadodara
CRM000954,Aarav Rao,aarav.rao66@outlook.com,2023-11-03,Thane
CRM007242,Kritika Mehta,kritika.mehta977@outlook.com,2022-05-05,Jaipur
CRM006732,Rahul Iyer,rahul.iyer304@outlook.com,2022-01-13,Mumbai
CRM004847,Nisha Singh,nisha.singh862@outlook.com,2022-09-26,Delhi
CRM006802,Vihaan Mehta,vihaan.mehta950@outlook.com,2022-02-10,Nagpur
CRM008011,Diya Rao,diya.rao96@rediff.com,2023-04-13,Mumbai
CRM004331,Aditya Mehta,aditya.mehta130@hotmail.com,2023-12-15,Bhopal
CRM008925,Kavya Chatterjee,kavya.chatterjee105@hotmail.com,2023-01-16,Kolkata
CRM005335,Aditya Mishra,aditya.mishra481@hotmail.com,2022-09-06,Mumbai
CRM007331,Priya Nair,priya.nair645@outlook.com,2022-09-16,Vadodara
CRM009349,Kabir Reddy,kabir.reddy248@outlook.com,2022-09-15,Vadodara
CRM004730,Meera Kumar,meera.kumar672@rediff.com,2022-10-27,Thane
CRM006542,Vijay Rao,vijay.rao876@rediff.com,2023-01-28,Pune
CRM005306,Kritika Gupta,kritika.gupta392@yahoo.com,2024-03-23,Bangalore
CRM005162,Ananya Iyer,ananya.iyer214@yahoo.com,2023-12-26,Bangalore
CRM007861,Pooja Chatterjee,pooja.chatterjee105@rediff.com,2022-11-10,Delhi
CRM002157,Kavya Gupta,kavya.gupta426@outlook.com,2023-03-29,Bangalore
CRM001063,Aadhya Sinha,aadhya.sinha742@rediff.com,2024-02-23,Bangalore
CRM001168,Pooja Sinha,pooja.sinha868@hotmail.com,2023-09-08,Delhi
CRM003637,Aditya Nair,aditya.nair185@yahoo.com,2024-05-11,Visakhapatnam
CRM007652,Pooja Sinha,pooja.sinha770@yahoo.com,2024-01-17,Ahmedabad
CRM005589,Kritika Patel,kritika.patel56@rediff.com,2023-09-02,Nagpur
CRM007193,Aadhya Patel,aadhya.patel898@hotmail.com,2023-10-10,Jaipur
CRM004492,Amit Singh,amit.singh975@gmail.com,2023-03-20,Pune
CRM007267,Kabir Iyer,kabir.iyer687@outlook.com,2023-12-11,Lucknow
CRM004981,Aarav Gupta,aarav.gupta96@yahoo.com,2024-03-18,Delhi
CRM008336,Vihaan Chatterjee,vihaan.chatterjee915@gmail.com,2022-12-13,Nagpur
CRM002961,Sneha Sinha,sneha.sinha716@gmail.com,2023-02-26,Ahmedabad
CRM004947,Rahul Shah,rahul.shah587@rediff.com,2023-05-10,Ahmedabad
CRM002783,Vihaan Nair,vihaan.nair957@outlook.com,2024-06-14,Kanpur
CRM000718,Vijay Kumar,vijay.kumar659@yahoo.com,2022-01-08,Hyderabad
CRM010012,Vivaan Rao,vivaan.rao41@gmail.com,2022-03-19,Lucknow
CRM002503,Vihaan Verma,vihaan.verma172@gmail.com,2023-06-29,Chennai
CRM004361,Arjun Joshi,arjun.joshi179@yahoo.com,2024-01-26,Nagpur
CRM004172,Rohan Reddy,rohan.reddy554@yahoo.com,2023-12-06,Bangalore
CRM008083,Saanvi Joshi,,2023-12-26,Mumbai
CRM010454,Priya Rao,priya.rao721@outlook.com,2022-10-04,Nagpur
CRM000396,Aditya Mishra,aditya.mishra529@outlook.com,2024-03-24,Bangalore
CRM007187,Aditya Gupta,aditya.gupta121@hotmail.com,2023-07-18,Ahmedabad
CRM003530,Kritika Rao,kritika.rao835@rediff.com,2024-06-06,Mumbai
CRM004493,Aadhya Chatterjee,aadhya.chatterjee179@outlook.com,2024-02-14,Kolkata
CRM001366,Ishaan Iyer,ishaan.iyer533@gmail.com,2024-02-17,Mumbai
CRM010206,Diya Reddy,diya.reddy919@rediff.com,2022-02-01,Indore
CRM008788,Sneha Chatterjee,sneha.chatterjee867@hotmail.com,2024-04-18,Indore
CRM005918,Aadhya Joshi,aadhya.joshi598@rediff.com,2024-01-05,Pune
CRM004969,Nisha Tiwari,nisha.tiwari948@hotmail.com,2023-04-18,Bhopal
CRM002915,Raj Pillai,raj.pillai882@yahoo.com,2022-07-08,Thane
CRM005645,Suresh Chatterjee,suresh.chatterjee167@gmail.com,2022-11-30,Delhi
CRM003767,Pooja Rao,pooja.rao850@yahoo.com,2022-11-26,Bhopal
CRM003441,Aarav Reddy,aarav.reddy398@hotmail.com,2022-04-22,Hyderabad
CRM007358,Aadhya Chatterjee,aadhya.chatterjee691@outlook.com,2024-03-08,Nagpur
CRM006807,Kritika Mehta,kritika.mehta780@yahoo.com,2024-03-23,Kolkata
CRM009880,Priya Kumar,priya.kumar691@hotmail.com,2023-05-12,Lucknow
CRM002144,Deepa Rao,deepa.rao61@outlook.com,2022-12-22,Visakhapatnam
CRM005105,Kabir Nair,kabir.nair264@rediff.com,2023-08-21,Delhi
CRM005074,Suresh Rao,suresh.rao777@rediff.com,2024-02-16,Pune
CRM001572,Vivaan Sharma,vivaan.sharma856@gmail.com,2023-01-14,Mumbai
CRM004080,Ananya Patel,ananya.patel708@outlook.com,2023-05-08,Jaipur
CRM001123,Suresh Chatterjee,suresh.chatterjee222@gmail.com,2022-12-29,Coimbatore
CRM002787,Ananya Tiwari,ananya.tiwari903@hotmail.com,2023-06-26,Patna
CRM002968,Saanvi Patel,saanvi.patel949@rediff.com,2023-11-08,Kanpur
CRM002505,Amit Gupta,amit.gupta897@hotmail.com,2022-09-10,Visakhapatnam
CRM005989,Nisha Kumar,nisha.kumar556@rediff.com,2023-03-23,Nagpur
CRM008868,Ananya Shah,ananya.shah954@yahoo.com,2023-10-23,Hyderabad
CRM007165,Kabir Singh,kabir.singh702@rediff.com,2022-02-08,Bhopal
CRM000729,Vivaan Iyer,vivaan.iyer91@outlook.com,2022-12-22,Nagpur
CRM007588,Amit Verma,,2022-04-14,Coimbatore
CRM007544,Ishaan Mishra,ishaan.mishra616@outlook.com,2022-09-06,Vadodara
CRM000413,Vijay Das,vijay.das787@rediff.com,2022-05-28,Bangalore
CRM009709,Meera Shah,meera.shah200@hotmail.com,2023-02-27,Kanpur
CRM005746,Aditya Bose,aditya.bose992@gmail.com,2023-02-27,Delhi
CRM007669,Raj Das,raj.das681@outlook.com,2023-01-25,Indore
CRM000826,Aditya Kumar,aditya.kumar94@hotmail.com,2022-10-20,Patna
CRM003268,Aarav Iyer,aarav.iyer729@rediff.com,2024-02-10,Visakhapatnam
CRM003975,Vivaan Tiwari,vivaan.tiwari846@gmail.com,2023-05-03,Mumbai
CRM008809,Aditya Reddy,aditya.reddy503@hotmail.com,2022-01-09,Visakhapatnam
CRM008307,Diya Verma,diya.verma592@hotmail.com,2022-10-17,Chennai
CRM000418,Kavya Mishra,kavya.mishra603@hotmail.com,2023-04-02,Indore
CRM009818,Arjun Joshi,arjun.joshi215@gmail.com,2024-04-03,Bangalore
CRM006749,Aditya Sharma,aditya.sharma193@rediff.com,2024-03-10,Mumbai
CRM008968,Raj Verma,raj.verma62@hotmail.com,2022-09-11,Coimbatore
CRM002083,Aadhya Pillai,aadhya.pillai938@rediff.com,2024-02-15,Visakhapatnam
CRM008946,Vivaan Rao,vivaan.rao788@yahoo.com,2022-08-05,Delhi
CRM003374,Sneha Nair,sneha.nair840@gmail.com,2022-01-01,Pune
CRM005727,Kabir Mehta,kabir.mehta873@hotmail.com,2024-04-17,Patna
CRM004108,Aarav Sinha,aarav.sinha20@outlook.com,2023-03-19,Delhi
CRM004381,Suresh Kumar,suresh.kumar126@rediff.com,2023-03-14,Thane
CRM007724,Meera Mishra,meera.mishra347@outlook.com,2023-01-10,Surat
CRM001067,Deepa Verma,deepa.verma804@gmail.com,2023-04-20,Surat
CRM003914,Ishaan Kumar,ishaan.kumar292@gmail.com,2023-07-25,Pune
CRM005537,Kritika Shah,kritika.shah911@yahoo.com,2022-12-24,Bangalore
CRM008003,Kabir Pillai,kabir.pillai534@outlook.com,2023-09-12,Ahmedabad
CRM005388,Vijay Tiwari,vijay.tiwari920@rediff.com,2024-03-05,Mumbai
CRM005733,Ananya Verma,ananya.verma626@gmail.com,2022-05-29,Delhi
CRM002739,Amit Singh,amit.singh269@hotmail.com,2023-05-30,Pune
CRM005053,Suresh Das,suresh.das98@rediff.com,2023-03-11,Indore
CRM004001,Riya Pillai,riya.pillai43@gmail.com,2023-07-15,N/A
CRM009761,Saanvi Gupta,saanvi.gupta462@gmail.com,2023-12-14,Mumbai
CRM002428,Riya Mehta,riya.mehta692@hotmail.com,2022-05-16,Kanpur
CRM006834,Pooja Das,pooja.das854@gmail.com,2022-10-18,Thane
CRM010124,Vivaan Kumar,vivaan.kumar342@rediff.com,2022-01-03,Visakhapatnam
CRM001688,Pooja Bose,pooja.bose478@hotmail.com,2023-02-04,Mumbai
CRM000852,Vivaan Sharma,vivaan.sharma996@yahoo.com,2022-08-01,XX_CITY
CRM006304,Sneha Sharma,sneha.sharma811@gmail.com,2022-12-25,Jaipur
CRM009088,Pooja Joshi,pooja.joshi583@hotmail.com,2024-01-19,N/A
CRM005879,Aarav Chatterjee,aarav.chatterjee317@outlook.com,2022-03-12,Chennai
CRM008528,Raj Mehta,raj.mehta517@yahoo.com,2022-03-16,Chennai
CRM002840,Amit Mehta,amit.mehta190@hotmail.com,2022-07-10,Bangalore
CRM004612,Meera Nair,meera.nair819@outlook.com,2023-07-22,Coimbatore
CRM009541,Kritika Patel,kritika.patel34@gmail.com,2024-01-20,Ahmedabad
CRM009208,Vivaan Kumar,vivaan.kumar143@outlook.com,2023-10-07,Mumbai
CRM009824,Sneha Joshi,sneha.joshi384@outlook.com,2023-05-21,Nagpur
CRM002490,Amit Bose,amit.bose288@gmail.com,2023-04-14,Chennai
CRM006906,Arjun Mishra,arjun.mishra984@yahoo.com,2023-04-13,Hyderabad
CRM007391,Ishaan Rao,ishaan.rao819@yahoo.com,2024-04-27,Delhi
CRM002850,Aadhya Iyer,aadhya.iyer311@outlook.com,2024-04-15,Bhopal
CRM006666,Vihaan Verma,vihaan.verma164@yahoo.com,2023-06-10,Jaipur
CRM005882,Aarav Tiwari,aarav.tiwari736@outlook.com,2022-12-22,Bangalore
CRM004453,Rohan Das,rohan.das732@gmail.com,2022-03-31,Kolkata
CRM009950,Arjun Sinha,arjun.sinha811@yahoo.com,2024-01-07,Patna
CRM007422,Suresh Shah,suresh.shah576@yahoo.com,2022-07-21,Pune
CRM009828,Meera Mishra,meera.mishra483@rediff.com,2022-09-11,Vadodara
CRM006485,Arjun Gupta,arjun.gupta567@outlook.com,2023-04-01,Vadodara
CRM002480,Reyan Rao,reyan.rao56@outlook.com,2024-01-25,Indore
CRM006618,Reyan Bose,reyan.bose754@hotmail.com,2022-04-26,Mumbai
CRM002142,Raj Singh,raj.singh140@gmail.com,2023-09-23,Kanpur
CRM005189,Sai Sharma,sai.sharma91@hotmail.com,2022-11-01,Chennai
CRM010396,Saanvi Mehta,saanvi.mehta608@yahoo.com,2024-03-30,Chennai
CRM002745,Vihaan Nair,vihaan.nair458@hotmail.com,2022-09-28,Bhopal
CRM007254,Kabir Singh,kabir.singh380@outlook.com,2023-04-29,Chennai
CRM003507,Sai Reddy,sai.reddy334@yahoo.com,2022-11-15,XX_CITY
CRM001680,Kavya Pillai,kavya.pillai811@rediff.com,2024-05-27,Bangalore
CRM004250,Amit Sinha,amit.sinha890@hotmail.com,2024-05-12,Coimbatore
CRM003148,Kabir Shah,kabir.shah278@gmail.com,2022-06-17,Bangalore
CRM008131,Aadhya Bose,aadhya.bose445@gmail.com,2024-01-03,Pune
CRM007005,Sai Sharma,sai.sharma380@outlook.com,2024-01-31,Jaipur
CRM000581,Priya Sinha,priya.sinha959@yahoo.com,2023-02-09,Bangalore
CRM009663,Aarav Kumar,aarav.kumar212@gmail.com,2023-06-15,Thane
CRM004071,Sneha Mehta,sneha.mehta410@rediff.com,2022-11-16,Kolkata
CRM003344,Riya Tiwari,riya.tiwari805@rediff.com,2023-05-25,Kolkata
CRM007405,Vivaan Mishra,vivaan.mishra702@gmail.com,2022-02-01,Ahmedabad
CRM003673,Meera Sinha,meera.sinha394@rediff.com,2023-09-20,Bangalore
CRM000560,Pooja Bose,pooja.bose517@rediff.com,2022-03-06,Patna
CRM005238,Reyan Kumar,reyan.kumar715@yahoo.com,2023-07-27,Thane
CRM007806,Amit Bose,amit.bose547@yahoo.com,2023-10-06,Kolkata
CRM000513,Saanvi Singh,saanvi.singh652@yahoo.com,2023-03-05,Hyderabad
CRM001082,Ananya Singh,ananya.singh380@rediff.com,2024-05-28,Visakhapatnam
CRM001665,Kritika Reddy,kritika.reddy134@gmail.com,2023-05-24,Jaipur
CRM009205,Vijay Chatterjee,vijay.chatterjee856@yahoo.com,2024-06-09,Pune
CRM001932,Ishaan Mehta,ishaan.mehta725@gmail.com,2024-06-23,Mumbai
CRM010357,Reyan Mishra,reyan.mishra389@outlook.com,2023-07-23,Nagpur
CRM001151,Diya Kumar,diya.kumar730@yahoo.com,2024-03-11,Mumbai
CRM002839,Rohan Verma,rohan.verma125@hotmail.com,2022-03-25,Indore
CRM005950,Vihaan Iyer,vihaan.iyer133@outlook.com,2023-10-26,Bangalore
CRM008309,Ananya Das,ananya.das41@rediff.com,2023-04-22,Bangalore
CRM008933,Sai Singh,sai.singh128@rediff.com,2022-04-17,Lucknow
CRM010483,Meera Sharma,meera.sharma273@gmail.com,2024-06-27,Coimbatore
CRM005178,Suresh Sharma,suresh.sharma331@yahoo.com,2023-10-14,Surat
CRM000831,Ananya Gupta,ananya.gupta830@outlook.com,2022-08-27,Hyderabad
CRM008312,Deepa Sinha,deepa.sinha828@gmail.com,2022-06-23,Mumbai
CRM004753,Pooja Joshi,pooja.joshi70@outlook.com,2022-02-03,Coimbatore
CRM010452,Kritika Das,kritika.das917@outlook.com,2022-07-19,Lucknow
CRM010413,Kavya Mishra,kavya.mishra160@gmail.com,2024-01-11,Indore
CRM000636,Diya Pillai,diya.pillai84@rediff.com,2022-06-29,Indore
CRM004466,Amit Singh,amit.singh506@rediff.com,2023-06-25,Bhopal
CRM006800,Raj Kumar,,2022-05-18,Delhi
CRM007988,Vijay Shah,vijay.shah561@outlook.com,2022-09-06,Kolkata
CRM007080,Aditya Nair,aditya.nair841@gmail.com,2022-03-24,Patna
CRM006967,Vijay Pillai,vijay.pillai312@outlook.com,2023-03-03,Patna
CRM004143,Nisha Bose,nisha.bose937@hotmail.com,2022-05-02,Bangalore
CRM007028,Kritika Singh,kritika.singh235@outlook.com,2022-04-20,Delhi
CRM009184,Arjun Tiwari,arjun.tiwari782@hotmail.com,2022-11-06,Bangalore
CRM000877,Aditya Pillai,aditya.pillai916@gmail.com,2023-11-25,Jaipur
CRM004870,Sai Iyer,sai.iyer553@yahoo.com,2022-11-30,XX_CITY
CRM005316,Reyan Sharma,reyan.sharma706@outlook.com,2024-02-24,Bhopal
CRM005223,Aadhya Singh,aadhya.singh918@gmail.com,2023-03-22,Kolkata
CRM000005,Amit Sinha,amit.sinha514@yahoo.com,2022-09-26,Hyderabad
CRM003052,Ishaan Iyer,ishaan.iyer886@outlook.com,2024-01-09,Bangalore
CRM005692,Rahul Reddy,rahul.reddy853@outlook.com,2023-04-10,Mumbai
CRM003125,Ananya Reddy,ananya.reddy906@gmail.com,2023-12-19,Kolkata
CRM002492,Raj Das,raj.das600@hotmail.com,2022-11-01,Mumbai
CRM003855,Kavya Pillai,kavya.pillai28@outlook.com,2022-01-12,Vadodara
CRM004778,Deepa Reddy,deepa.reddy478@gmail.com,2022-06-03,Ahmedabad
CRM009908,Aadhya Sharma,aadhya.sharma169@yahoo.com,2023-08-13,Lucknow
CRM007510,Vihaan Reddy,vihaan.reddy255@hotmail.com,2023-03-14,Mumbai
CRM006458,Rohan Rao,rohan.rao189@gmail.com,2023-03-03,Pune
CRM006294,Riya Kumar,riya.kumar507@rediff.com,2022-07-28,Delhi
CRM001149,Priya Chatterjee,priya.chatterjee214@hotmail.com,2023-09-01,Bangalore
CRM000575,Priya Singh,priya.singh301@gmail.com,2023-07-25,Coimbatore
CRM003770,Suresh Sinha,suresh.sinha769@rediff.com,2022-02-11,Kolkata
CRM004147,Sai Iyer,sai.iyer616@outlook.com,2022-11-12,Hyderabad
CRM000854,Reyan Kumar,reyan.kumar930@hotmail.com,2023-12-30,Bangalore
CRM010175,Kabir Mehta,kabir.mehta883@gmail.com,2023-09-02,Mumbai
CRM005920,Amit Bose,amit.bose129@rediff.com,2023-10-07,Delhi
CRM009359,Rahul Bose,rahul.bose32@rediff.com,2022-08-04,Indore
CRM006615,Ananya Patel,ananya.patel767@outlook.com,2023-09-15,Kanpur
CRM006003,Rahul Reddy,rahul.reddy276@rediff.com,2023-11-01,Jaipur
CRM009164,Pooja Pillai,pooja.pillai17@gmail.com,2022-08-06,Jaipur
CRM004496,Aadhya Iyer,aadhya.iyer993@hotmail.com,2023-05-08,Chennai
CRM008174,Amit Reddy,amit.reddy269@hotmail.com,2022-03-11,Indore
CRM006656,Ananya Reddy,ananya.reddy145@yahoo.com,2022-02-22,Coimbatore
CRM002369,Meera Shah,meera.shah132@hotmail.com,2023-01-16,Thane
CRM004781,Suresh Iyer,suresh.iyer635@outlook.com,2024-01-04,Mumbai
CRM007993,Vihaan Bose,vihaan.bose536@gmail.com,2023-05-27,Nagpur
CRM002951,Ishaan Nair,ishaan.nair620@hotmail.com,2023-08-13,Nagpur
CRM005626,Vihaan Rao,vihaan.rao596@outlook.com,2022-12-26,Coimbatore
CRM006972,Pooja Bose,pooja.bose490@gmail.com,2022-03-14,Mumbai
CRM008717,Pooja Rao,pooja.rao628@hotmail.com,2023-08-14,Bangalore
CRM001842,Priya Bose,priya.bose272@gmail.com,2022-02-17,Bhopal
CRM005987,Deepa Nair,deepa.nair418@hotmail.com,2024-03-17,Hyderabad
CRM000538,Ishaan Gupta,ishaan.gupta700@rediff.com,2022-06-30,Surat
CRM002807,Riya Mehta,riya.mehta112@yahoo.com,2023-07-14,Ahmedabad
CRM005802,Suresh Verma,suresh.verma669@gmail.com,2024-06-10,Coimbatore
CRM005597,Meera Chatterjee,meera.chatterjee763@rediff.com,2023-08-25,Bangalore
CRM007207,Amit Singh,amit.singh545@hotmail.com,2023-11-12,Bangalore
CRM007344,Reyan Singh,reyan.singh835@outlook.com,2023-04-13,Vadodara
CRM007561,Riya Mehta,riya.mehta338@gmail.com,2022-11-12,Hyderabad
CRM008097,Vijay Joshi,vijay.joshi361@yahoo.com,2023-10-14,Thane
CRM000785,Ananya Chatterjee,ananya.chatterjee723@gmail.com,2022-06-17,Indore
CRM001410,Priya Mishra,priya.mishra572@hotmail.com,2024-04-18,Visakhapatnam
CRM000155,Aadhya Joshi,aadhya.joshi164@yahoo.com,2022-12-21,Thane
CRM007807,Reyan Gupta,reyan.gupta840@gmail.com,2022-12-08,Patna
CRM003010,Ishaan Chatterjee,ishaan.chatterjee784@hotmail.com,2022-12-28,Kanpur
CRM001687,Aditya Chatterjee,aditya.chatterjee213@gmail.com,2022-08-01,Lucknow
CRM004015,Aarav Das,aarav.das710@rediff.com,2023-09-14,Coimbatore
CRM007456,Aditya Shah,aditya.shah228@yahoo.com,2023-05-31,Pune
CRM003864,Deepa Chatterjee,deepa.chatterjee140@rediff.com,2023-08-07,Chennai
CRM002734,Ishaan Pillai,ishaan.pillai597@gmail.com,2022-04-03,Indore
CRM001896,Priya Rao,priya.rao348@outlook.com,2022-08-07,Indore
CRM005443,Rohan Gupta,rohan.gupta24@gmail.com,2022-03-04,Mumbai
CRM000570,Suresh Gupta,suresh.gupta340@gmail.com,2022-01-15,Thane
CRM006710,Vihaan Mehta,,2022-07-15,Patna
CRM005855,Vihaan Joshi,vihaan.joshi733@yahoo.com,2023-07-07,Surat
CRM001817,Sneha Verma,sneha.verma956@outlook.com,2023-08-23,Delhi
CRM010258,Rahul Shah,rahul.shah591@gmail.com,2023-04-04,Nagpur
CRM008320,Rohan Chatterjee,rohan.chatterjee60@yahoo.com,2023-03-31,Surat
CRM003395,Ananya Sinha,ananya.sinha918@gmail.com,2022-06-03,Mumbai
CRM003328,Meera Singh,meera.singh716@gmail.com,2024-06-16,Hyderabad
CRM007411,Ishaan Bose,ishaan.bose553@gmail.com,2023-03-07,Kolkata
CRM006103,Vihaan Singh,,2023-01-01,Lucknow
CRM002976,Vivaan Gupta,vivaan.gupta294@rediff.com,2022-11-15,Kolkata
CRM000981,Priya Chatterjee,priya.chatterjee375@yahoo.com,2023-08-07,Bangalore
CRM000191,Meera Joshi,meera.joshi642@outlook.com,2023-09-20,Surat
CRM009332,Deepa Gupta,deepa.gupta988@yahoo.com,2022-07-01,Jaipur
CRM005089,Nisha Joshi,nisha.joshi894@rediff.com,2022-03-23,Ahmedabad
CRM000700,Kavya Rao,kavya.rao689@outlook.com,2023-04-19,Kolkata
CRM010453,Aditya Mishra,aditya.mishra460@yahoo.com,2022-09-09,Visakhapatnam
CRM000607,Arjun Das,,2023-10-06,Patna
CRM000302,Kritika Tiwari,kritika.tiwari124@rediff.com,2024-01-15,Mumbai
CRM003421,Aditya Joshi,aditya.joshi138@rediff.com,2022-09-06,Surat
CRM010500,Rohan Reddy,rohan.reddy205@gmail.com,2022-11-10,Kolkata
CRM001061,Vivaan Reddy,vivaan.reddy839@gmail.com,2023-10-08,Ahmedabad
CRM003445,Ananya Mehta,ananya.mehta531@rediff.com,2023-12-17,Mumbai
CRM001070,Sneha Rao,sneha.rao292@yahoo.com,2023-06-10,Ahmedabad
CRM002206,Reyan Mehta,reyan.mehta410@yahoo.com,2022-06-25,Indore
CRM009436,Meera Gupta,meera.gupta53@rediff.com,2023-07-19,Kanpur
CRM007340,Aditya Mehta,aditya.mehta846@outlook.com,2022-03-28,Visakhapatnam
CRM008209,Sai Bose,sai.bose383@yahoo.com,2022-05-14,Visakhapatnam
CRM007680,Arjun Joshi,arjun.joshi884@hotmail.com,2024-04-21,Indore
CRM004643,Aarav Shah,aarav.shah905@outlook.com,2023-08-10,Vadodara
CRM007684,Aarav Sharma,aarav.sharma576@rediff.com,2023-10-15,Thane
CRM009008,Aadhya Joshi,aadhya.joshi921@hotmail.com,2023-03-11,Nagpur
CRM007997,Kavya Chatterjee,kavya.chatterjee596@yahoo.com,2023-03-01,UNKNOWN
CRM005601,Kavya Iyer,kavya.iyer227@outlook.com,2024-04-02,Mumbai
CRM009152,Reyan Nair,reyan.nair446@gmail.com,2022-11-01,Kolkata
CRM007023,Ishaan Rao,ishaan.rao874@hotmail.com,2023-09-03,Delhi
CRM004894,Rahul Das,rahul.das989@yahoo.com,2023-09-08,Chennai
CRM000226,Sneha Verma,sneha.verma993@outlook.com,2022-11-05,Kanpur
CRM003355,Diya Chatterjee,diya.chatterjee769@gmail.com,2023-05-25,Visakhapatnam
CRM005896,Vijay Tiwari,vijay.tiwari690@gmail.com,2023-10-29,Thane
CRM008755,Sai Sharma,sai.sharma87@outlook.com,2024-04-29,Coimbatore
CRM003437,Arjun Patel,arjun.patel221@hotmail.com,2024-06-29,Bangalore
CRM001694,Suresh Sinha,suresh.sinha398@hotmail.com,2023-11-05,Vadodara
CRM006894,Rohan Gupta,rohan.gupta746@outlook.com,2023-06-13,Surat
CRM001046,Diya Shah,diya.shah190@gmail.com,2023-05-19,Bangalore
CRM003447,Reyan Mehta,reyan.mehta261@yahoo.com,2024-03-28,Lucknow
CRM008051,Saanvi Sinha,saanvi.sinha330@gmail.com,2023-05-03,Nagpur
CRM009147,Aditya Sharma,aditya.sharma529@hotmail.com,2022-03-04,Delhi
CRM001685,Suresh Pillai,suresh.pillai333@gmail.com,2024-06-12,Surat
CRM004736,Ishaan Gupta,ishaan.gupta406@hotmail.com,2022-05-24,Mumbai
CRM004497,Suresh Mishra,suresh.mishra291@gmail.com,2022-03-29,Ahmedabad
CRM001219,Vivaan Nair,vivaan.nair506@outlook.com,2023-12-30,Indore
CRM006016,Vihaan Singh,vihaan.singh63@rediff.com,2022-01-25,Kolkata
CRM009720,Vivaan Shah,vivaan.shah510@hotmail.com,2022-10-04,Thane
CRM003988,Suresh Reddy,suresh.reddy518@yahoo.com,2022-11-13,Pune
CRM004912,Raj Das,raj.das781@gmail.com,2022-06-06,Jaipur
CRM009493,Aadhya Singh,aadhya.singh632@rediff.com,2024-01-17,Coimbatore
CRM004494,Meera Patel,meera.patel488@rediff.com,2023-04-27,Kanpur
CRM006945,Reyan Patel,reyan.patel138@gmail.com,2023-05-06,Thane
CRM005700,Saanvi Nair,saanvi.nair251@yahoo.com,2023-01-09,Coimbatore
CRM008353,Ananya Das,ananya.das33@outlook.com,2023-02-27,Lucknow
CRM000957,Raj Bose,raj.bose942@hotmail.com,2022-06-19,Mumbai
CRM002870,Kritika Bose,kritika.bose659@yahoo.com,2024-04-28,Delhi
CRM004434,Vivaan Mehta,vivaan.mehta749@hotmail.com,2023-02-06,Indore
CRM004974,Ananya Sinha,ananya.sinha545@outlook.com,2023-03-23,Delhi
CRM002962,Pooja Verma,pooja.verma56@outlook.com,2023-06-30,Kanpur
CRM002201,Suresh Sharma,suresh.sharma71@outlook.com,2024-02-01,Bangalore
CRM000099,Vijay Bose,vijay.bose982@gmail.com,2022-01-13,Nagpur
CRM000711,Kabir Bose,kabir.bose196@rediff.com,2023-07-29,Delhi
CRM002558,Priya Patel,priya.patel11@yahoo.com,2023-03-01,Chennai
CRM008446,Sai Reddy,sai.reddy598@outlook.com,2022-04-04,Ahmedabad
CRM004200,Deepa Patel,deepa.patel157@hotmail.com,2022-08-06,Mumbai
CRM009638,Vivaan Bose,vivaan.bose841@gmail.com,2022-01-25,Kanpur
CRM005540,Raj Chatterjee,raj.chatterjee145@gmail.com,2023-11-02,N/A
CRM001649,Kabir Bose,kabir.bose181@yahoo.com,2023-11-22,Hyderabad
CRM009889,Aarav Bose,aarav.bose551@gmail.com,2022-07-11,Chennai
CRM006198,Kabir Rao,kabir.rao844@hotmail.com,2022-08-10,--
CRM006296,Reyan Pillai,reyan.pillai952@rediff.com,2022-05-09,Delhi
CRM004500,Reyan Reddy,reyan.reddy814@outlook.com,2023-12-18,Chennai
CRM001155,Saanvi Das,saanvi.das554@rediff.com,2022-11-06,Ahmedabad
CRM002256,Arjun Verma,arjun.verma878@rediff.com,2023-01-02,Lucknow
CRM009875,Deepa Iyer,deepa.iyer11@gmail.com,2023-08-31,Ahmedabad
CRM003171,Ishaan Kumar,ishaan.kumar524@hotmail.com,2022-09-17,Thane
CRM007401,Aarav Chatterjee,aarav.chatterjee562@yahoo.com,2023-11-22,Coimbatore
CRM010249,Amit Sinha,amit.sinha880@gmail.com,2023-10-08,Lucknow
CRM007159,Sai Kumar,sai.kumar726@yahoo.com,2022-11-01,Kanpur
CRM003109,Reyan Mishra,reyan.mishra877@outlook.com,2023-03-16,Surat
CRM004549,Nisha Bose,nisha.bose379@hotmail.com,2024-04-01,Thane
CRM005424,Priya Tiwari,priya.tiwari330@yahoo.com,2022-08-08,Patna
CRM002050,Aditya Gupta,aditya.gupta990@hotmail.com,2023-03-17,Nagpur
CRM009209,Deepa Tiwari,deepa.tiwari625@gmail.com,2023-10-21,Kolkata
CRM008816,Rohan Shah,rohan.shah566@yahoo.com,2022-05-24,Hyderabad
CRM010493,Nisha Mehta,nisha.mehta86@hotmail.com,2023-01-07,Ahmedabad
CRM000263,Aadhya Mishra,aadhya.mishra254@yahoo.com,2022-01-28,Delhi
CRM004062,Aarav Gupta,aarav.gupta385@outlook.com,2024-03-06,Coimbatore
CRM005535,Rohan Shah,rohan.shah61@rediff.com,2023-06-26,Indore
CRM006617,Pooja Bose,pooja.bose326@gmail.com,2023-05-31,Delhi
CRM008121,Vihaan Shah,vihaan.shah92@gmail.com,2024-02-10,Patna
CRM008156,Raj Nair,raj.nair885@gmail.com,2022-07-18,Bhopal
CRM001803,Saanvi Singh,saanvi.singh191@rediff.com,2022-03-10,Pune
CRM004737,Amit Mishra,amit.mishra779@yahoo.com,2023-12-18,Vadodara
CRM002386,Kavya Sinha,,2024-05-14,Chennai
CRM006695,Deepa Singh,deepa.singh223@yahoo.com,2023-12-12,Mumbai
CRM005760,Rohan Nair,rohan.nair545@hotmail.com,2022-02-05,Kanpur
CRM001960,Diya Das,diya.das700@outlook.com,2022-09-21,Jaipur
CRM002977,Rahul Bose,rahul.bose717@rediff.com,2023-09-17,Surat
CRM008681,Vivaan Pillai,vivaan.pillai458@gmail.com,2024-01-12,Kolkata
CRM001844,Aarav Patel,aarav.patel597@outlook.com,2022-04-03,Bangalore
CRM001735,Saanvi Chatterjee,saanvi.chatterjee41@outlook.com,2023-06-25,Thane
CRM002912,Amit Kumar,amit.kumar788@gmail.com,2024-06-24,Nagpur
CRM008339,Riya Mishra,riya.mishra419@gmail.com,2022-12-13,Kolkata
CRM001987,Rohan Reddy,rohan.reddy788@yahoo.com,2024-02-28,Indore
CRM009562,Riya Bose,riya.bose330@yahoo.com,2022-10-19,Mumbai
CRM006547,Sneha Kumar,sneha.kumar25@yahoo.com,2023-03-23,Surat
CRM007099,Aadhya Pillai,aadhya.pillai60@outlook.com,2024-01-30,Jaipur
CRM002812,Kavya Mishra,kavya.mishra52@yahoo.com,2022-11-14,Pune
CRM000660,Aadhya Mishra,aadhya.mishra355@rediff.com,2023-07-08,Delhi
CRM009987,Pooja Rao,pooja.rao489@yahoo.com,2022-10-17,Visakhapatnam
CRM002512,Priya Joshi,priya.joshi937@rediff.com,2022-04-02,Surat
CRM004283,Riya Verma,riya.verma823@rediff.com,2023-06-21,Hyderabad
CRM009340,Sneha Mehta,sneha.mehta188@rediff.com,2023-11-21,Bangalore
CRM008801,Amit Iyer,amit.iyer283@gmail.com,2024-05-31,Delhi
CRM006288,Reyan Chatterjee,reyan.chatterjee277@yahoo.com,2024-03-10,Thane
CRM001931,Aditya Sharma,,2022-05-14,Visakhapatnam
CRM007126,Nisha Bose,nisha.bose629@hotmail.com,2022-07-30,Coimbatore
CRM000198,Pooja Das,pooja.das960@gmail.com,2024-03-26,Pune
CRM007778,Reyan Singh,reyan.singh448@outlook.com,2022-04-20,Hyderabad
CRM002932,Nisha Das,nisha.das344@outlook.com,2022-04-03,Patna
CRM008005,Riya Patel,riya.patel747@gmail.com,2024-02-06,Coimbatore
CRM002328,Kritika Tiwari,,2022-10-01,Vadodara
CRM004390,Raj Gupta,raj.gupta648@yahoo.com,2022-09-11,Jaipur
CRM008959,Kabir Pillai,kabir.pillai610@outlook.com,2023-11-04,Delhi
CRM004219,Riya Mehta,riya.mehta190@gmail.com,2023-03-11,Chennai
CRM000203,Vijay Sinha,vijay.sinha766@gmail.com,2024-02-29,Kolkata
CRM003511,Kavya Kumar,kavya.kumar438@hotmail.com,2023-04-20,Thane
CRM004932,Priya Iyer,priya.iyer422@hotmail.com,2024-06-19,Hyderabad
CRM005536,Vijay Mehta,vijay.mehta70@rediff.com,2022-10-01,Coimbatore
CRM009926,Suresh Sinha,suresh.sinha361@yahoo.com,2022-12-17,Vadodara
CRM005792,Aadhya Bose,aadhya.bose462@yahoo.com,2022-11-20,Kanpur
CRM001708,Suresh Mishra,suresh.mishra837@hotmail.com,2022-09-22,Surat
CRM005173,Ananya Sinha,ananya.sinha124@rediff.com,2023-11-17,Mumbai
CRM005250,Kavya Iyer,kavya.iyer146@hotmail.com,2022-09-03,Delhi
CRM006529,Reyan Sinha,reyan.sinha188@yahoo.com,2022-03-29,Ahmedabad
CRM001079,Aditya Pillai,aditya.pillai36@yahoo.com,2024-01-17,Delhi
CRM005856,Aditya Reddy,aditya.reddy625@yahoo.com,2023-01-19,Delhi
CRM008165,Kabir Gupta,kabir.gupta78@yahoo.com,2023-11-14,Nagpur
CRM000855,Raj Joshi,raj.joshi746@outlook.com,2022-07-02,Surat
CRM004738,Kavya Reddy,kavya.reddy596@hotmail.com,2022-02-09,--
CRM010353,Vihaan Joshi,vihaan.joshi439@rediff.com,2023-06-29,Delhi
CRM000699,Nisha Iyer,nisha.iyer914@gmail.com,2023-06-26,Visakhapatnam
CRM003697,Sneha Rao,sneha.rao760@rediff.com,2022-01-30,Vadodara
CRM001637,Saanvi Iyer,saanvi.iyer251@yahoo.com,2024-06-17,Pune
CRM007281,Pooja Verma,pooja.verma932@rediff.com,2023-09-07,Delhi
CRM007555,Arjun Singh,,2024-03-15,Ahmedabad
CRM003582,Aditya Singh,,2022-01-08,Kolkata
CRM001292,Pooja Bose,pooja.bose164@hotmail.com,2022-04-25,Lucknow
CRM006586,Kritika Verma,,2023-01-18,Bhopal
CRM001854,Nisha Kumar,nisha.kumar619@outlook.com,2022-10-18,Nagpur
CRM005233,Rohan Sinha,rohan.sinha664@gmail.com,2024-05-18,Lucknow
CRM003764,Saanvi Iyer,saanvi.iyer987@gmail.com,2022-08-23,Ahmedabad
CRM003305,Reyan Singh,reyan.singh61@gmail.com,2023-04-02,Vadodara
CRM001496,Reyan Bose,reyan.bose942@rediff.com,2022-08-29,Chennai
CRM007995,Suresh Mehta,suresh.mehta788@yahoo.com,2022-09-28,Coimbatore
CRM001999,Raj Nair,raj.nair70@gmail.com,2024-01-09,Patna
CRM000664,Ishaan Sharma,ishaan.sharma300@outlook.com,2022-04-04,Vadodara
CRM003749,Pooja Sinha,pooja.sinha31@gmail.com,2023-03-24,Bangalore
CRM004414,Aditya Singh,aditya.singh258@hotmail.com,2024-04-15,Delhi
CRM005531,Raj Sharma,raj.sharma886@rediff.com,2022-06-04,Bangalore
CRM005576,Sai Mehta,sai.mehta15@yahoo.com,2023-10-05,Hyderabad
CRM008902,Raj Singh,raj.singh939@gmail.com,2022-09-02,Pune
CRM007527,Amit Chatterjee,amit.chatterjee183@outlook.com,2023-12-14,Chennai
CRM009475,Aadhya Mehta,aadhya.mehta124@outlook.com,2024-02-06,Vadodara
CRM005865,Meera Sharma,meera.sharma349@rediff.com,2022-02-07,Kanpur
CRM006777,Aadhya Singh,aadhya.singh105@outlook.com,2023-10-30,Delhi
CRM001307,Kabir Verma,kabir.verma300@rediff.com,2023-03-17,Chennai
CRM007393,Sneha Tiwari,sneha.tiwari622@outlook.com,2023-09-08,Delhi
CRM010430,Deepa Rao,deepa.rao762@rediff.com,2023-02-19,Hyderabad
CRM005593,Kavya Bose,kavya.bose72@yahoo.com,2022-05-24,Ahmedabad
CRM010231,Kavya Shah,kavya.shah534@hotmail.com,2024-01-07,Visakhapatnam
CRM009722,Kabir Kumar,kabir.kumar711@gmail.com,2022-07-01,Lucknow
CRM001664,Suresh Mehta,suresh.mehta742@hotmail.com,2022-06-05,Kanpur
CRM005451,Rohan Rao,rohan.rao299@rediff.com,2022-09-14,Visakhapatnam
CRM005799,Ishaan Rao,ishaan.rao707@outlook.com,2022-07-18,Bangalore
CRM003465,Aarav Nair,aarav.nair307@yahoo.com,2023-10-13,Delhi
CRM003628,Nisha Sinha,nisha.sinha108@hotmail.com,2023-12-28,Indore
CRM002694,Diya Shah,diya.shah426@yahoo.com,2023-03-22,Mumbai
CRM009790,Rohan Reddy,rohan.reddy403@hotmail.com,2022-08-24,Bangalore
CRM005916,Suresh Sharma,suresh.sharma444@outlook.com,2022-12-25,Thane
CRM003158,Ishaan Sinha,ishaan.sinha747@hotmail.com,2022-01-07,Thane
CRM009915,Ishaan Bose,ishaan.bose944@rediff.com,2023-12-08,Thane
CRM006669,Raj Gupta,raj.gupta374@rediff.com,2023-02-17,Hyderabad
CRM001060,Sneha Mehta,sneha.mehta869@gmail.com,2023-04-30,Pune
CRM004637,Ishaan Nair,ishaan.nair825@yahoo.com,2022-10-01,Bhopal
CRM003243,Vivaan Mehta,,2022-11-09,Ahmedabad
CRM001679,Kavya Patel,,2023-10-30,Chennai
CRM006893,Ananya Pillai,ananya.pillai900@gmail.com,2023-03-13,Nagpur
CRM006375,Arjun Patel,arjun.patel409@hotmail.com,2022-01-17,Ahmedabad
CRM007575,Diya Patel,diya.patel362@outlook.com,2024-04-10,Mumbai
CRM001758,Deepa Chatterjee,deepa.chatterjee532@outlook.com,2022-12-10,Chennai
CRM006020,Nisha Mishra,nisha.mishra750@rediff.com,2023-11-16,Hyderabad
CRM005117,Vivaan Pillai,vivaan.pillai292@gmail.com,2024-06-10,Kanpur
CRM008756,Rahul Reddy,rahul.reddy651@yahoo.com,2024-04-27,Kanpur
CRM007409,Priya Gupta,priya.gupta857@rediff.com,2022-11-18,Bangalore
CRM002791,Nisha Rao,nisha.rao903@gmail.com,2022-07-01,Indore
CRM000864,Aditya Iyer,aditya.iyer548@yahoo.com,2022-12-05,Vadodara
CRM007859,Nisha Sharma,nisha.sharma249@yahoo.com,2022-09-09,Ahmedabad
CRM001485,Reyan Reddy,reyan.reddy195@hotmail.com,2023-08-13,Delhi
CRM007036,Nisha Pillai,nisha.pillai493@rediff.com,2024-02-14,Visakhapatnam
CRM007722,Aadhya Tiwari,,2024-02-06,Bhopal
CRM005978,Diya Iyer,diya.iyer231@rediff.com,2023-06-09,Bangalore
CRM005135,Deepa Das,deepa.das171@rediff.com,2023-01-13,Thane
CRM000207,Reyan Joshi,reyan.joshi520@yahoo.com,2023-04-04,Delhi
CRM004489,Amit Rao,amit.rao581@hotmail.com,2023-06-25,Surat
CRM006939,Vihaan Kumar,vihaan.kumar254@gmail.com,2024-04-14,Lucknow
CRM009063,Sai Kumar,sai.kumar812@gmail.com,2024-01-29,Patna
CRM006911,Deepa Pillai,deepa.pillai173@hotmail.com,2023-06-18,Coimbatore
CRM000503,Aditya Gupta,aditya.gupta673@outlook.com,2023-12-24,Coimbatore
CRM007386,Aditya Shah,aditya.shah646@gmail.com,2024-01-08,Ahmedabad
CRM001029,Nisha Shah,nisha.shah467@yahoo.com,2024-03-04,Delhi
CRM003841,Aarav Sinha,aarav.sinha173@yahoo.com,2024-03-20,Delhi
CRM008111,Amit Verma,amit.verma81@gmail.com,2024-03-24,Patna
CRM005057,Saanvi Verma,saanvi.verma863@rediff.com,2022-07-28,Kolkata
CRM009763,Meera Nair,meera.nair862@gmail.com,2023-04-28,Patna
CRM008155,Raj Sharma,raj.sharma940@outlook.com,2022-09-21,Coimbatore
CRM002732,Riya Patel,riya.patel26@yahoo.com,2023-04-06,Visakhapatnam
CRM008997,Kavya Shah,kavya.shah21@hotmail.com,2023-09-22,Delhi
CRM002455,Aadhya Joshi,aadhya.joshi78@gmail.com,2022-04-07,Mumbai
CRM007216,Vihaan Verma,vihaan.verma358@gmail.com,2022-09-19,Chennai
CRM003105,Riya Joshi,riya.joshi292@gmail.com,2023-08-18,Surat
CRM008393,Vijay Rao,vijay.rao583@yahoo.com,2022-07-18,Surat
CRM006279,Meera Tiwari,meera.tiwari43@gmail.com,2022-02-26,Visakhapatnam
CRM003100,Kavya Joshi,kavya.joshi712@hotmail.com,2024-06-14,Thane
CRM006185,Vihaan Sharma,vihaan.sharma413@rediff.com,2022-08-04,Ahmedabad
CRM010471,Suresh Singh,suresh.singh536@rediff.com,2022-07-01,Indore
CRM003562,Kabir Nair,kabir.nair816@yahoo.com,2023-11-27,Hyderabad
CRM005893,Amit Chatterjee,amit.chatterjee23@yahoo.com,2022-07-13,Bangalore
CRM000392,Nisha Sharma,nisha.sharma64@gmail.com,2023-07-15,Indore
CRM006737,Vijay Gupta,vijay.gupta991@hotmail.com,2024-01-14,Hyderabad
CRM005619,Suresh Verma,suresh.verma485@yahoo.com,2022-09-12,Kanpur
CRM005259,Vijay Sinha,vijay.sinha995@rediff.com,2023-12-11,Kanpur
CRM009688,Ananya Mishra,ananya.mishra838@outlook.com,2023-01-25,Surat
CRM002696,Ananya Rao,ananya.rao29@outlook.com,2024-05-05,Mumbai
CRM002028,Meera Kumar,meera.kumar72@yahoo.com,2024-02-29,Kolkata
CRM005464,Deepa Sinha,deepa.sinha273@rediff.com,2022-04-05,Hyderabad
CRM002569,Meera Sinha,meera.sinha404@outlook.com,2023-06-10,Patna
CRM008007,Amit Mishra,amit.mishra880@yahoo.com,2023-12-30,Surat
CRM000065,Rohan Kumar,rohan.kumar863@yahoo.com,2023-01-17,Visakhapatnam
CRM002063,Riya Sinha,riya.sinha826@gmail.com,2023-02-24,Indore
CRM005277,Suresh Bose,suresh.bose516@gmail.com,2022-09-21,Vadodara
CRM007209,Ananya Shah,ananya.shah367@hotmail.com,2022-01-22,Lucknow
CRM008685,Aadhya Gupta,aadhya.gupta598@gmail.com,2022-10-08,Patna
CRM008572,Kritika Verma,kritika.verma316@gmail.com,2023-11-01,Mumbai
CRM006332,Rohan Nair,rohan.nair303@yahoo.com,2023-01-18,Vadodara
CRM004860,Sneha Nair,sneha.nair12@hotmail.com,2022-10-29,Bangalore
CRM004888,Saanvi Pillai,saanvi.pillai315@yahoo.com,2023-02-27,Hyderabad
CRM009269,Suresh Singh,suresh.singh976@gmail.com,2022-09-13,Nagpur
CRM000879,Rohan Pillai,rohan.pillai435@outlook.com,2022-09-26,Bangalore
CRM008530,Vijay Tiwari,vijay.tiwari777@yahoo.com,2024-05-23,Bangalore
CRM007917,Rohan Mehta,rohan.mehta478@gmail.com,2022-09-17,Hyderabad
CRM006864,Vihaan Singh,vihaan.singh664@gmail.com,2024-01-01,Mumbai
CRM007893,Rahul Sharma,rahul.sharma190@hotmail.com,2024-06-26,Lucknow
CRM006440,Arjun Patel,arjun.patel546@yahoo.com,2022-02-24,Jaipur
CRM007870,Aditya Pillai,aditya.pillai139@outlook.com,2023-08-05,Kanpur
CRM001017,Reyan Kumar,reyan.kumar171@gmail.com,2023-11-10,Lucknow
CRM009468,Nisha Verma,nisha.verma399@hotmail.com,2023-06-26,Hyderabad
CRM007630,Pooja Pillai,pooja.pillai959@gmail.com,2024-04-15,Coimbatore
CRM000996,Ishaan Chatterjee,ishaan.chatterjee930@gmail.com,2022-03-26,Pune
CRM010174,Vijay Mishra,vijay.mishra623@rediff.com,2023-10-19,Bangalore
CRM004298,Raj Mishra,raj.mishra919@outlook.com,2024-04-14,Patna
CRM000162,Vivaan Mishra,vivaan.mishra488@gmail.com,2024-02-21,Mumbai
CRM005676,Amit Patel,amit.patel179@hotmail.com,2022-02-12,Chennai
CRM006874,Vivaan Sinha,vivaan.sinha919@hotmail.com,2022-04-16,Pune
CRM009693,Arjun Kumar,arjun.kumar478@outlook.com,2022-08-04,Delhi
CRM007990,Deepa Rao,deepa.rao448@yahoo.com,2022-04-03,Bangalore
CRM003844,Deepa Sharma,deepa.sharma311@gmail.com,2023-03-27,Coimbatore
CRM001022,Vihaan Verma,vihaan.verma630@gmail.com,2023-04-10,Kanpur
CRM003074,Kritika Pillai,kritika.pillai598@gmail.com,2023-10-21,Lucknow
CRM007556,Reyan Sinha,reyan.sinha454@yahoo.com,2024-02-12,Visakhapatnam
CRM003944,Kritika Joshi,kritika.joshi873@outlook.com,2023-10-03,Patna
CRM001586,Sai Reddy,sai.reddy742@hotmail.com,2023-07-06,--
CRM010148,Vivaan Iyer,vivaan.iyer191@hotmail.com,2023-07-27,Mumbai
CRM003153,Aarav Verma,aarav.verma817@outlook.com,2022-02-20,Bhopal
CRM008227,Amit Pillai,amit.pillai975@gmail.com,2023-01-18,Nagpur
CRM000776,Aadhya Tiwari,aadhya.tiwari917@yahoo.com,2022-06-24,XX_CITY
CRM009671,Ishaan Mishra,ishaan.mishra170@outlook.com,2024-01-17,Delhi
CRM007100,Vihaan Kumar,vihaan.kumar733@yahoo.com,2023-11-30,Bhopal
CRM005487,Reyan Shah,reyan.shah965@outlook.com,2023-10-03,Bangalore
CRM006236,Suresh Shah,,2022-06-11,Indore
CRM009556,Deepa Mehta,deepa.mehta827@outlook.com,2023-05-12,Vadodara
CRM007042,Priya Das,priya.das883@outlook.com,2022-12-10,Patna
CRM002613,Saanvi Tiwari,saanvi.tiwari814@gmail.com,2022-03-08,Patna
CRM007514,Vijay Verma,vijay.verma860@rediff.com,2023-06-19,Surat
CRM010234,Ishaan Sharma,ishaan.sharma804@yahoo.com,2022-02-20,Kolkata
CRM008434,Riya Patel,riya.patel536@outlook.com,2024-02-09,Visakhapatnam
CRM010254,Sai Sinha,sai.sinha665@outlook.com,2024-03-23,Coimbatore
CRM006640,Meera Mehta,meera.mehta696@hotmail.com,2023-02-27,Patna
CRM008793,Kabir Das,kabir.das971@gmail.com,2023-02-14,Jaipur
CRM002590,Pooja Mehta,pooja.mehta617@hotmail.com,2024-01-31,Hyderabad
CRM005394,Saanvi Das,saanvi.das139@hotmail.com,2023-11-14,Surat
CRM008839,Vihaan Das,vihaan.das272@rediff.com,2023-05-15,Coimbatore
CRM003891,Sneha Mishra,sneha.mishra384@hotmail.com,2023-08-16,Thane
CRM003557,Vijay Verma,vijay.verma855@hotmail.com,2022-12-01,Coimbatore
CRM001529,Vijay Bose,vijay.bose577@outlook.com,2022-10-08,Visakhapatnam
CRM001268,Vijay Verma,vijay.verma472@outlook.com,2022-03-12,Indore
CRM007735,Raj Sinha,raj.sinha525@yahoo.com,2022-05-07,Lucknow
CRM001900,Amit Chatterjee,amit.chatterjee731@gmail.com,2023-07-02,Delhi
CRM004659,Saanvi Rao,saanvi.rao503@outlook.com,2024-05-15,Mumbai
CRM003006,Ananya Singh,ananya.singh73@gmail.com,2024-02-20,Bangalore
CRM002735,Aadhya Chatterjee,aadhya.chatterjee230@yahoo.com,2023-08-31,Hyderabad
CRM000190,Riya Mehta,riya.mehta581@hotmail.com,2024-03-10,Nagpur
CRM009999,Rahul Nair,rahul.nair500@yahoo.com,2023-11-14,Nagpur
CRM009168,Suresh Shah,suresh.shah518@rediff.com,2022-07-08,Coimbatore
CRM002748,Kabir Chatterjee,kabir.chatterjee365@outlook.com,2023-09-13,Mumbai
CRM002048,Priya Joshi,priya.joshi641@gmail.com,2022-06-01,Hyderabad
CRM007850,Ananya Singh,ananya.singh617@yahoo.com,2022-09-17,Kolkata
CRM002559,Deepa Bose,deepa.bose440@rediff.com,2023-01-06,Chennai
CRM009275,Rahul Mishra,rahul.mishra993@outlook.com,2023-09-26,Lucknow
CRM008667,Rohan Kumar,rohan.kumar52@rediff.com,2024-01-27,Delhi
CRM006397,Kritika Kumar,kritika.kumar507@yahoo.com,2024-03-29,XX_CITY
CRM003386,Raj Verma,raj.verma780@hotmail.com,2022-03-06,Patna
CRM004556,Aadhya Joshi,aadhya.joshi61@gmail.com,2024-06-26,Delhi
CRM001185,Kritika Shah,kritika.shah612@hotmail.com,2022-05-12,Bhopal
CRM006421,Sai Pillai,sai.pillai629@gmail.com,2023-06-26,Indore
CRM005052,Arjun Sharma,arjun.sharma241@hotmail.com,2022-05-06,Nagpur
CRM005312,Arjun Patel,arjun.patel590@outlook.com,2023-08-02,Mumbai
CRM002434,Rahul Shah,rahul.shah781@outlook.com,2023-08-09,Mumbai
CRM006950,Arjun Chatterjee,arjun.chatterjee822@hotmail.com,2023-07-19,Mumbai
CRM006396,Kabir Reddy,kabir.reddy833@gmail.com,2023-06-22,Vadodara
CRM000770,Aditya Patel,aditya.patel343@outlook.com,2022-08-14,Lucknow
CRM001686,Sneha Iyer,sneha.iyer45@gmail.com,2024-04-02,Mumbai
CRM008323,Riya Joshi,riya.joshi993@hotmail.com,2023-07-14,Chennai
CRM005579,Rohan Nair,rohan.nair426@rediff.com,2024-01-20,Ahmedabad
CRM004427,Kabir Kumar,kabir.kumar825@gmail.com,2023-07-01,Hyderabad
CRM000467,Suresh Sinha,suresh.sinha105@rediff.com,2023-12-17,Pune
CRM006266,Reyan Nair,reyan.nair420@gmail.com,2023-08-05,Vadodara
CRM005735,Rahul Nair,rahul.nair319@outlook.com,2022-04-21,Visakhapatnam
CRM005192,Priya Patel,priya.patel773@gmail.com,2023-06-17,Thane
CRM005391,Sneha Verma,sneha.verma892@gmail.com,2023-02-13,Nagpur
CRM000861,Suresh Shah,suresh.shah951@outlook.com,2022-10-18,Kanpur
CRM007271,Ishaan Sharma,ishaan.sharma885@hotmail.com,2022-03-29,Lucknow
